subj,subj_type,subj_span,obj,obj_type,obj_span,relation
I was not put on the ballot by either of the 2 parties,Premise,"((1551, 1605),)",I think the principal that separates me is that 5 and a half million people came together on their own and put me on the ballot,Claim,"((1422, 1549),)",Support
Mr Bush sent two people in secret to toast the Chinese leaders and basically tell them not to worry about it,Premise,"((46809, 46917),)",I think it is a mistake for us to do what this Administration did when all those kids went out there carrying the Statue of Liberty in Tiananmen Square,Claim,"((46656, 46807),)",Support
I learned something from Vietnam,Premise,"((50997, 51029),)","I am not going to commit US forces until I know what the mission is, till the military tell me that it can be completed, and till I know how they can come out",Claim,"((51031, 51189),)",Support
"whether they're people on welfare you're trying to move from welfare to work, the working poor whom I think deserve a tax break to lift them above poverty if they've got a child in the house and working 40 hours a week, working families who deserve a fair tax system and the opportunity for constant retraining",Premise,"((56054, 56364),)",I think the president owes it to family values to show that he values America's families,Claim,"((55964, 56052),)",Support
I don't believe legalizing narcotics is the answer,Claim,"((60039, 60089),)",I don't think that's the right answer,Claim,"((60000, 60037),)",Equivalent
united teams win and divided teams lose,Premise,"((64889, 64928),)",We ought to love one another,Claim,"((64852, 64880),)",Support
My request for this year was $4.9 billion for AIDS - ten times as much per AIDS victim as per cancer victim,Premise,"((69086, 69193),)",I think that we're showing the proper compassion and concern,Claim,"((69195, 69255),)",Support
"the people, not the special interests, put me there",Premise,"((73692, 73743),)","I get there, it will be a very unusual and historical event",Claim,"((73622, 73681),)",Support
you cannot control health care costs simply by cutting Medicare,Claim,"((78765, 78828),)","If you don't control the health care costs of the entire system, you cannot get control of it",Claim,"((79083, 79176),)",Equivalent
We just have a bad system,Premise,"((83585, 83610),)",We've got to change the system,Claim,"((83612, 83642),)",Support
I think character is a very important question,Claim,"((8681, 8727),)",I think the American people should be the judge of that,Claim,"((8624, 8679),)",Support
Those are the people who in the 1980s had their incomes go up while their taxes went down,Premise,"((13459, 13548),)","The tax increase I have proposed triggers in at family incomes of $200,000 and above",Premise,"((13373, 13457),)",Support
for 40-some years we kept the peace,Premise,"((17923, 17958),)","If you look at the cost of not keeping the peace in Europe, it would be exorbitant",Claim,"((17960, 18042),)",Support
It's 10 cents a year cumulative,Premise,"((22804, 22835),)","I think ""punish"" is the wrong word",Claim,"((22893, 22927),)",Support
I think it's a good decision,Claim,"((27810, 27838),)",I think it was the correct decision to do,Claim,"((27869, 27910),)",Equivalent
There are great plans lying all over Washington nobody ever executes,Premise,"((32612, 32680),)",we will start putting together teams to put togetherto take all the plans that exist and do something with them,Claim,"((32480, 32591),)",Support
We have low interest rates today,Premise,"((37642, 37674),)",I don't think that's the problem today,Claim,"((37602, 37640),)",Support
if you're not rich,Premise,"((41522, 41540),)",you're not a superpower,Claim,"((41542, 41565),)",Support
"I was not put on the ballot by any PAC money, by any foreign lobbyist money, by any special interest money",Premise,"((1607, 1713),)",I think the principal that separates me is that 5 and a half million people came together on their own and put me on the ballot,Claim,"((1422, 1549),)",Support
They rewarded him by opening negotiations with Iran to transfer nuclear technology,Premise,"((46919, 47001),)",I think it is a mistake for us to do what this Administration did when all those kids went out there carrying the Statue of Liberty in Tiananmen Square,Claim,"((46656, 46807),)",Support
both of them are very complicated situations,Premise,"((50921, 50965),)","I am not going to commit US forces until I know what the mission is, till the military tell me that it can be completed, and till I know how they can come out",Claim,"((51031, 51189),)",Support
I've seen the family values of all these people in America who are out there killing themselves working harder for less in a country that's had the worst economic years in 50 years and the first decline in industrial production ever,Premise,"((55730, 55962),)",I think the president owes it to family values to show that he values America's families,Claim,"((55964, 56052),)",Support
I just don't believe that's the answer,Claim,"((60091, 60129),)",I don't believe legalizing narcotics is the answer,Claim,"((60039, 60089),)",Equivalent
"if you can't get there, just recognize we're all stuck with one another because nobody's going anywhere,",Premise,"((65008, 65112),)","if we can't love one another, we ought to get along with one another",Claim,"((64934, 65002),)",Support
We've doubled it on research and on every other aspect of it,Premise,"((69024, 69084),)",I think that we're showing the proper compassion and concern,Claim,"((69195, 69255),)",Support
"all these fellows with thousand-dollar suits and alligator shoes running up and down the halls of Congress that make policy now - the lobbyists, the PAC guys, the foreign lobbyists, and what-have-you, they'll be over there in the Smithsonian, you know - - because we're going to get rid of them",Claim,"((74051, 74345),)",the Congress will be listening to the people,Claim,"((74351, 74395),)",Support
The federal government has cut Medicare and Medicaid in the last few years,Premise,"((78852, 78926),)","If you don't control the health care costs of the entire system, you cannot get control of it",Claim,"((79083, 79176),)",Support
It's time to do it because we have run up so much debt that time is no longer our friend,Premise,"((83644, 83732),)",We've got to change the system,Claim,"((83612, 83642),)",Support
I just think it's wrong,Claim,"((8977, 9000),)",I think it's wrong to demonstrate against your own country or organize demonstrations against your own country in foreign soil,Claim,"((8849, 8975),)",Equivalent
"The tax increase I have proposed triggers in at family incomes of $200,000 and above",Premise,"((13373, 13457),)",that is where my income limit would trigger,Claim,"((13748, 13791),)",Support
because of our fantastic success in winning the Cold War,Premise,"((18189, 18245),)",we could do that,Claim,"((18169, 18185),)",Support
It finally gets to 50 cents at the end of the 5th year,Premise,"((22837, 22891),)","I think ""punish"" is the wrong word",Claim,"((22893, 22927),)",Support
we're moving forward all around the world in a much more peaceful way,Premise,"((27945, 28014),)",I think it was the correct decision to do,Claim,"((27869, 27910),)",Support
It's like having a blueprint for a house you never built,Premise,"((32682, 32738),)",There are great plans lying all over Washington nobody ever executes,Premise,"((32612, 32680),)",Support
we have low interest rates that the Fed can control,Premise,"((37685, 37736),)",We have low interest rates today,Premise,"((37642, 37674),)",Support
you can't ship it all overseas,Claim,"((41760, 41790),)",you've got to make it here,Claim,"((41792, 41818),)",Support
where the people are more or less treated as objects to be programmed during the campaign with commercials and media events and fear messages and personal attacks and things of that nature,Premise,"((1978, 2166),)","Over time we have developed a government that comes at the people, that comes from the top down",Claim,"((1881, 1976),)",Support
That was their response to that sort of action,Premise,"((47003, 47049),)",I think it is a mistake for us to do what this Administration did when all those kids went out there carrying the Statue of Liberty in Tiananmen Square,Claim,"((46656, 46807),)",Support
American airplanes are helping today on humanitarian relief for Sarajevo,Premise,"((51207, 51279),)",We are helping,Claim,"((51191, 51205),)",Support
they deserve a strong economy,Premise,"((56366, 56395),)",I think the president owes it to family values to show that he values America's families,Claim,"((55964, 56052),)",Support
"Many of the countries below that used to say, well, this is the US' problem - if you'd get the demand down, then we wouldn't have the problem - are working cooperatively with the DEA and the military",Premise,"((60361, 60560),)",We're doing a little better in interdiction,Claim,"((60316, 60359),)",Support
Our diversity is a strength,Claim,"((65207, 65234),)",We've turned it into a weakness,Premise,"((65236, 65267),)",Attack
We have increased funding for AIDS,Premise,"((68988, 69022),)",I think that we're showing the proper compassion and concern,Claim,"((69195, 69255),)",Support
They will want to do what's good for our country,Premise,"((73996, 74044),)",we're going to inform the people in detail on the issues through an electronic town hall so that they really know what's going on,Claim,"((73865, 73994),)",Support
states have cut Medicaid - we've done it in Arkansas under budget pressures,Premise,"((78928, 79003),)","If you don't control the health care costs of the entire system, you cannot get control of it",Claim,"((79083, 79176),)",Support
They didn't tell you that that same year they increased spending $1.83 for every dollar we increased taxes,Premise,"((84283, 84389),)","They told you at the tax and budget summit that if you agreed to a tax increase, we could balance the budget",Claim,"((84173, 84281),)",Attack
It's a question of character and judgment,Claim,"((9249, 9290),)",demonstrating - it's not a question of patriotism,Claim,"((9198, 9247),)",Attack
"we want to give modest middle-class tax relief to restore some fairness, especially to middle- class people with families with incomes of under $60,000",Premise,"((14004, 14155),)","my plan triggers in at gross incomes, family incomes of $200,000 and above",Premise,"((13923, 13997),)",Support
we could do that,Claim,"((18169, 18185),)",We never would have got there,Claim,"((18247, 18276),)",Support
I didn't create this problem,Premise,"((22941, 22969),)",We're trying to solve it,Claim,"((22971, 22995),)",Support
"When you cut back on defense spending, some people are going to be thrown out of work",Premise,"((28187, 28272),)",that one we came away with in creating jobs for the American people,Claim,"((28019, 28086),)",Support
You don't have anywhere to sleep,Premise,"((32740, 32772),)",It's like having a blueprint for a house you never built,Premise,"((32682, 32738),)",Support
because of our deficit,Premise,"((37789, 37811),)",Our long-term interest rates are still pretty high,Claim,"((37738, 37788),)",Support
we've got to manufacture here,Claim,"((41704, 41733),)",you've got to make it here,Claim,"((41792, 41818),)",Equivalent
"I go into this race as their servant, and I belong to them",Premise,"((2371, 2429),)",this comes from the people,Claim,"((2434, 2460),)",Support
"Now that the voices in the Congress and throughout the country have insisted that we do something about China, look at what has happened",Premise,"((47051, 47187),)",China has finally agreed to stop sending us products made with prison labor,Premise,"((47189, 47264),)",Support
It is America that's in the lead in helping with humanitarian relief for Somalia,Premise,"((51281, 51361),)",We are helping,Claim,"((51191, 51205),)",Support
I think they deserve a family and medical leave act,Claim,"((56401, 56452),)",I think the president owes it to family values to show that he values America's families,Claim,"((55964, 56052),)",Support
We're using the military more now in terms of interdiction,Premise,"((60562, 60620),)",We're doing a little better in interdiction,Claim,"((60316, 60359),)",Support
the White House is a bully pulpit,Claim,"((65280, 65313),)",I think whoever is in the White House should just make it absolutely unconscionable and inexcusab,Claim,"((65315, 65412),)",Support
I think that we're showing the proper compassion and concern,Claim,"((69195, 69255),)",I can't tell you where it's coming from,Claim,"((69260, 69299),)",Support
"This is a town where the White House says, Congress did it; Congress says, the White House did it. And I'm sitting there and saying, well, who else could be around, you know? Then when they get off by themselves, they say nobody did it. And yet the cash register's empty",Premise,"((74888, 75158),)",They've never seen anything happen in that town,Claim,"((74839, 74886),)",Support
More and more people get on the rolls as poverty increases,Premise,"((79023, 79081),)","If you don't control the health care costs of the entire system, you cannot get control of it",Claim,"((79083, 79176),)",Support
"in the process, as a result of that will and that decision and that toughness, we now have ancient enemies talking peace in the Middle East",Premise,"((88303, 88442),)",I think the biggest dividend of making these tough calls is the fact that we are less afraid of nuclear war,Claim,"((88487, 88594),)",Support
I just find it impossible to understand how an American can demonstrate against his own country in a foreign land,Premise,"((9434, 9547),)",I think it's wrong to demonstrate against your own country or organize demonstrations against your own country in foreign soil,Claim,"((8849, 8975),)",Support
"my plan triggers in at gross incomes, family incomes of $200,000 and above",Premise,"((13923, 13997),)","The tax increase I have proposed triggers in at family incomes of $200,000 and above",Premise,"((13373, 13457),)",Equivalent
if we had gone for the nuclear freeze crowd,Premise,"((18277, 18320),)",We never would have got there,Claim,"((18247, 18276),)",Support
"if you study our international competitors, some of our international competitors collect up to $3.50 a gallon in taxes, and they use that money to build infrastructure and to create jobs",Premise,"((23002, 23189),)",We're trying to solve it,Claim,"((22971, 22995),)",Support
that one we came away with in creating jobs for the American people,Claim,"((28019, 28086),)",I think it was the correct decision to do,Claim,"((27869, 27910),)",Support
Have a 3rd task force on new industries of the future,Claim,"((33084, 33137),)",we have an adversarial relationship between government and business,Claim,"((33275, 33342),)",Support
because of our economic performance,Premise,"((37816, 37851),)",Our long-term interest rates are still pretty high,Claim,"((37738, 37788),)",Support
Willow Run could be converted from cars to airplanes in World War II because it was here,Premise,"((41895, 41983),)",you can't convert from potato chips to airplanes in an emergency,Claim,"((41824, 41888),)",Support
The thing that separates my candidacy and makes it unique is that this came from millions of people in 50 states all over this country who wanted a candidate that worked and belonged to nobody but them,Premise,"((2168, 2369),)",this comes from the people,Claim,"((2434, 2460),)",Support
China has finally agreed to stop sending us products made with prison labor,Premise,"((47189, 47264),)","Not because we coddled them, but because the Administration was pushed into doing something about it",Claim,"((47266, 47366),)",Support
when you go to put somebody else's son or daughter into war,Premise,"((51367, 51426),)",I think you got to be a little bit careful and you have to be sure that there's a military plan that can do this,Claim,"((51428, 51540),)",Support
Seventy-two other nations have been able to do it,Premise,"((56454, 56503),)",I think they deserve a family and medical leave act,Claim,"((56401, 56452),)",Support
"Our funding for recovery is up, recovering the addicts",Premise,"((60622, 60676),)",We're doing a little better in interdiction,Claim,"((60316, 60359),)",Support
Our diversity is a strength,Claim,"((65207, 65234),)",I think whoever is in the White House should just make it absolutely unconscionable and inexcusab,Claim,"((65315, 65412),)",Support
I believe that we've got the best researchers in the world out there at NIH working the problem,Claim,"((69345, 69440),)",I think that we're showing the proper compassion and concern,Claim,"((69195, 69255),)",Support
"it used to have our money, the taxpayers' money, in it, and we didn't get the results",Premise,"((75163, 75248),)",They've never seen anything happen in that town,Claim,"((74839, 74886),)",Support
"Now, just a few days ago a bipartisan commission of Republicans and Democrats - more Republicans than Democrats - said my plan will save the average family $1200 a year more than the Bush plan will by the year 2000, $2.2 trillion in the next 12 years, $400 billion a year by the end of this decade",Premise,"((79471, 79768),)",I've got a plan to control health care costs,Claim,"((79770, 79814),)",Support
we kicked this man out of Kuwait,Premise,"((88265, 88297),)",I think the biggest dividend of making these tough calls is the fact that we are less afraid of nuclear war,Claim,"((88487, 88594),)",Support
organizing demonstrations against it when young men are held prisoner in Hanoi or kids out of the ghetto were drafted,Premise,"((9550, 9667),)",I just find it impossible to understand how an American can demonstrate against his own country in a foreign land,Premise,"((9434, 9547),)",Support
"my plan triggers in at gross incomes, family incomes of $200,000 and above",Premise,"((13923, 13997),)",the money that I raise from upper-income people and from asking foreign corporations just to pay the same income on their income earned in America that American corporations do will be used to give incentives back to upper-income people,Claim,"((14178, 14414),)",Support
if we had listened to those that wanted to cut defense spending,Premise,"((18352, 18415),)",we never would have got there,Claim,"((18322, 18351),)",Support
We collect 35 cents,Premise,"((23191, 23210),)",we don't have it to spend,Premise,"((23216, 23241),)",Support
"If you throw another 50,000 kids on the street because of cutting recklessly in troop levels, you're going to put a lot more out of work",Premise,"((28274, 28410),)","When you cut back on defense spending, some people are going to be thrown out of work",Premise,"((28187, 28272),)",Support
have one task force at work on that,Claim,"((32925, 32960),)",clean up the small business problem,Claim,"((32888, 32923),)",Support
"there was a terrible reaction internationally to Mr. Bush saying he was going to give us 4 more years of trickle-down economicsanother across-the- board tax cut and most of it going to the wealthy, with no real guarantee of investment",Premise,"((37857, 38091),)",I don't think that's the problem today,Claim,"((37602, 37640),)",Support
you can't convert from potato chips to airplanes in an emergency,Claim,"((41824, 41888),)",you've got to make it here,Claim,"((41792, 41818),)",Support
This is a movement that came from the people,Claim,"((1715, 1759),)",this comes from the people,Claim,"((2434, 2460),)",Equivalent
"Not because we coddled them, but because the Administration was pushed into doing something about it",Claim,"((47266, 47366),)",I would be firm,Claim,"((47620, 47635),)",Support
You have ancient ethnic rivalries that have cropped up as Yugoslavia's dissolved or getting dissolved,Premise,"((51542, 51643),)",it isn't going to be solved by sending in the 82nd Airborne,Claim,"((51649, 51708),)",Support
Seventy-two other nations have been able to do it,Premise,"((56454, 56503),)","Mr. Bush vetoed it twice because he says we can't do something seventy-two other countries do, even though there was a small business exemption",Premise,"((56505, 56648),)",Attack
"Where we're not making the progress, Sander, is in - we're making it in teenager",Claim,"((60678, 60758),)",I do believe that there's some fairly good news out there,Claim,"((60131, 60188),)",Attack
our differences are our strengths,Claim,"((65635, 65668),)",Our diversity is a strength,Claim,"((65207, 65234),)",Equivalent
We're funding them,Premise,"((69442, 69460),)",I think that we're showing the proper compassion and concern,Claim,"((69195, 69255),)",Support
if you don't have the guts to control costs by changing the insurance system and taking on the bureaucracies and the regulation of health care in the private and public secto,Premise,"((75721, 75895),)",you can't fix this problem,Claim,"((75898, 75924),)",Support
"We provide for managed competition, not government models, in every states. And we control private and public health care cost",Premise,"((79342, 79468),)",I've got a plan to control health care costs,Claim,"((79770, 79814),)",Support
"The US came together as we haven't in many, many years",Premise,"((88205, 88259),)",I think the biggest dividend of making these tough calls is the fact that we are less afraid of nuclear war,Claim,"((88487, 88594),)",Support
I just don't think that's right,Claim,"((9734, 9765),)","Some say, ""well, you're a little old fashioned."" Maybe I am",Premise,"((9669, 9728),)",Attack
I want to give people permanent incentives on investment tax credit,Claim,"((14416, 14483),)",the money that I raise from upper-income people and from asking foreign corporations just to pay the same income on their income earned in America that American corporations do will be used to give incentives back to upper-income people,Claim,"((14178, 14414),)",Support
we never would have got there,Claim,"((18322, 18351),)",We never would have got there,Claim,"((18247, 18276),)",Equivalent
we have so mismanaged our country over the years,Premise,"((23470, 23518),)",it is now time to pay the fiddler,Claim,"((23524, 23557),)",Support
look at the job retraining programs that we're proposing,Premise,"((28433, 28489),)","When you cut back on defense spending, some people are going to be thrown out of work",Premise,"((28187, 28272),)",Support
"Our international competitors that are cleaning our plate have an intelligent relationship between government and business, and a supportive relationship",Claim,"((33344, 33497),)",we have an adversarial relationship between government and business,Claim,"((33275, 33342),)",Support
if we have the discipline to increase investment and reduce the debt at the same time,Premise,"((38291, 38376),)","I think the important thing the important thing is to use the powers the president does have on the assumption that, given the condition of this economy, we're going to keep interest rates down",Claim,"((38097, 38290),)",Support
you've got to make it here,Claim,"((41792, 41818),)",We've got to make things here,Claim,"((41985, 42014),)",Equivalent
I think the principal that separates me is that 5 and a half million people came together on their own and put me on the ballot,Claim,"((1422, 1549),)",This is a movement that came from the people,Claim,"((1715, 1759),)",Support
"And recently the Chinese have announced they are going to lower some barriers to our products, which they ought to do since they have a 15 billion dollar trade surplus with the United States under Mr. Bush",Premise,"((47368, 47573),)",I would be firm,Claim,"((47620, 47635),)",Support
it isn't going to be solved by sending in the 82nd Airborne,Claim,"((51649, 51708),)",I'm not going to do that as commander-in-chief,Claim,"((51714, 51760),)",Support
"I would say that one meeting that made a profound impression on me was when the mayors of the big cities, including the mayor of Los Angeles, a Democrat, came to see me, and they unanimously said the decline in urban America stems from the decline in the American family",Premise,"((57012, 57282),)",I do think we need to strengthen family,Claim,"((57287, 57326),)",Support
where we're not making it is with the confirmed addicts,Claim,"((60875, 60930),)",I do believe that there's some fairly good news out there,Claim,"((60131, 60188),)",Attack
"See, divided teams lose; united teams win",Premise,"((65726, 65767),)","In athletics, we know it",Premise,"((65700, 65724),)",Support
I am very much concerned about AIDS,Claim,"((69305, 69340),)",I think that we're showing the proper compassion and concern,Claim,"((69195, 69255),)",Support
Costs will continue to spiral,Claim,"((75926, 75955),)",you can't fix this problem,Claim,"((75898, 75924),)",Support
"We set up a national ceiling on health care costs tied to inflation and population growth set by health care providers, not by the government",Premise,"((79199, 79340),)",I've got a plan to control health care costs,Claim,"((79770, 79814),)",Support
We had to stand up against a tyrant,Premise,"((88168, 88203),)","The US came together as we haven't in many, many years",Premise,"((88205, 88259),)",Support
I just don't think that's right,Claim,"((9734, 9765),)",I think it's wrong to demonstrate against your own country or organize demonstrations against your own country in foreign soil,Claim,"((8849, 8975),)",Support
like President Kennedy and the Congress inaugurated in the early '60s to get industry moving again,Premise,"((14485, 14583),)",I want to give people permanent incentives on investment tax credit,Claim,"((14416, 14483),)",Support
We never would have got there,Claim,"((18247, 18276),)",I think it is important that the US stay in Europe and continue to guarantee the peace,Claim,"((18417, 18503),)",Support
"if we don't, we will be spending our children's money",Claim,"((23563, 23616),)",it is now time to pay the fiddler,Claim,"((23524, 23557),)",Support
we are not coming apart at the seams,Claim,"((28625, 28661),)",we're ready for a recovery,Claim,"((28663, 28689),)",Support
clean up the small business problem,Claim,"((32888, 32923),)",we want to put America back to work,Claim,"((32851, 32886),)",Support
I think Congress is hungry for someone who will work with them instead of manipulate them,Claim,"((38451, 38540),)","Someone who will not veto a bill that has an investment tax credit, middle class tax relief, research and development tax credits as Mr. Bush has done",Premise,"((38542, 38692),)",Attack
You can't ship them overseas anymore,Claim,"((42016, 42052),)",you can't ship it all overseas,Claim,"((41760, 41790),)",Equivalent
for 12 years you've had it your way,Premise,"((2852, 2887),)",You've had your chance and it didn't work,Claim,"((2889, 2930),)",Support
"I would say if you want to continue as Most Favored Nation status for your government owned industries as well as your private ones, observe human rights in the future",Claim,"((47637, 47804),)",I would be firm,Claim,"((47620, 47635),)",Support
"I am not going to commit US forces until I know what the mission is, till the military tell me that it can be completed, and till I know how they can come out",Claim,"((51031, 51189),)",I'm not going to do that as commander-in-chief,Claim,"((51714, 51760),)",Support
I'm appalled at the highest outrageous numbers of divorces,Premise,"((57604, 57662),)","I believe that discipline and respect for the law - all of these things should be taught to children, not in our schools, but families have to do tha",Claim,"((57452, 57601),)",Support
"I'll tell you one place that's working well, and that is the private sector - Jim Burke and this task force that he ha",Claim,"((60936, 61054),)",I do believe that there's some fairly good news out there,Claim,"((60131, 60188),)",Support
"In athletics, we know it",Premise,"((65700, 65724),)",We have got to pull together,Claim,"((65670, 65698),)",Support
I think that we're showing the proper compassion and concern,Claim,"((69195, 69255),)","I think the appeal is yes, we care.",Claim,"((70058, 70093),)",Equivalent
they cannot even buy medicine,Premise,"((76269, 76298),)","When we talk about cutting health care costs, let's start with the insurance companies and the people that are making a killing instead of making our people healthy",Claim,"((76321, 76485),)",Support
I've got a plan to control health care costs,Claim,"((79770, 79814),)",you can't just do it by cutting Medicare,Claim,"((79820, 79860),)",Attack
Take a look at the Middle East,Premise,"((88136, 88166),)",We had to stand up against a tyrant,Premise,"((88168, 88203),)",Support
"How could you be Commander-in-Chief of the armed forces and have some kid say - when you have to make a tough decision, as I did in Panama or Kuwait and then have some kid jump up and say, ""Well, I'm not going to go",Premise,"((10104, 10319),)",I just don't think that's right,Claim,"((9734, 9765),)",Support
a research and development tax credit,Premise,"((14585, 14622),)",I want to give people permanent incentives on investment tax credit,Claim,"((14416, 14483),)",Support
We simply cannot pull back,Claim,"((18505, 18531),)",I think it is important that the US stay in Europe and continue to guarantee the peace,Claim,"((18417, 18503),)",Support
We have spent $4 trillion worth,Premise,"((23618, 23649),)",it is now time to pay the fiddler,Claim,"((23524, 23557),)",Support
we've got big economic problems,Premise,"((28588, 28619),)",we're ready for a recovery,Claim,"((28663, 28689),)",Support
make sure we nail those for our country and they don't wind up in Europe and Asia,Premise,"((33141, 33222),)",Have a 3rd task force on new industries of the future,Claim,"((33084, 33137),)",Support
I am going to protect the American taxpayer against the spend and tax Congress,Claim,"((39593, 39671),)",I'm going to keep on vetoing them,Claim,"((39677, 39710),)",Support
We've got to help them,Claim,"((42269, 42291),)",We've got to help Russia succeed in its revolution and all of its republics,Claim,"((42119, 42194),)",Equivalent
You've had your chance and it didn't work,Claim,"((2889, 2930),)",It's time to change,Claim,"((2932, 2951),)",Support
Open your society,Claim,"((47806, 47823),)",I would be firm,Claim,"((47620, 47635),)",Support
We're working through the international organizations,Premise,"((52085, 52138),)",We are helping,Claim,"((51191, 51205),)",Support
"I believe that discipline and respect for the law - all of these things should be taught to children, not in our schools, but families have to do tha",Claim,"((57452, 57601),)",I do think we need to strengthen family,Claim,"((57287, 57326),)",Support
"tell the American people, but this man said I'll get you a million dollars a day in pro bono advertising, something that's very hard for the government to do. And he went out and he did it. And people are beginning to educate through this program, teaching these kids you shouldn't use drugs",Premise,"((61085, 61376),)","I'll tell you one place that's working well, and that is the private sector - Jim Burke and this task force that he ha",Claim,"((60936, 61054),)",Support
We have got to pull together,Claim,"((65670, 65698),)",We have got to unite and pull together,Claim,"((65769, 65807),)",Equivalent
"he came to me and I said, ""Now if you see something we're not doing, get ahold of me. Call me, let me know."" He went to one meeting, and then we heard that he was stepping down.",Premise,"((69655, 69832),)",I don't know. I was a little disappointed in Magic,Claim,"((69596, 69646),)",Support
"I've met them, people like Mary Annie and Edward Davis in Nashua, New Hampshire. All over this country, t",Premise,"((76165, 76270),)",not poor enough for Medicare-Medicaid,Premise,"((76084, 76121),)",Support
"we are spending 30 percent more on health care than any country in the world, any country",Premise,"((79984, 80073),)","you have to take on the insurance companies, the bureaucracies. And you have to have cost controls, yes. B",Claim,"((79862, 79968),)",Attack
Every parent out there has much less worry that their kids are going to be faced with nuclear holocaust,Premise,"((88596, 88699),)",I think the biggest dividend of making these tough calls is the fact that we are less afraid of nuclear war,Claim,"((88487, 88594),)",Support
whether it's character or judgment - whatever it is - I have a big difference here on this issue,Premise,"((9772, 9868),)",we'll just have to see how it plays out,Premise,"((9876, 9915),)",Support
a low-income housing tax credit,Premise,"((14624, 14655),)",I want to give people permanent incentives on investment tax credit,Claim,"((14416, 14483),)",Support
"I will accept and have accepted the recommendations of 2 proven leaders, General Colin Powell and Secretary Dick Cheney",Premise,"((18668, 18787),)",They feel that the levels we're operating at and the reductions that I have proposed are proper,Claim,"((18789, 18884),)",Support
they are deeply concerned that we have taken the American dream from them,Premise,"((23731, 23804),)",An incredible number of young people are active in supporting my effort,Claim,"((23651, 23722),)",Support
if you go with the programs I've talked about,Premise,"((28825, 28870),)",that will change,Claim,"((28808, 28824),)",Support
Convert from 19th to 21st century capitalism,Premise,"((33224, 33268),)",Have a 3rd task force on new industries of the future,Claim,"((33084, 33137),)",Support
"Their policies so far, it seems to me, are pretty sound",Premise,"((38789, 38844),)",I don't have to worry in the near term about the Federal Reserve,Claim,"((38723, 38787),)",Support
That's pennies on the dollar compared to renewing the cold war,Premise,"((42293, 42355),)",We've got to help them,Claim,"((42269, 42291),)",Support
I think we've dramatically changed the world,Claim,"((3220, 3264),)",You've had your chance and it didn't work,Claim,"((2889, 2930),)",Attack
Recognize the legitimacy of those kids that were carrying the Statue of Liberty,Claim,"((47825, 47904),)",I would be firm,Claim,"((47620, 47635),)",Support
"right now, as you know, the US took the lead in a no-fly operation up there in no- fly order up in the United Nations",Premise,"((51966, 52083),)",We are helping,Claim,"((51191, 51205),)",Support
"it happens in families, i",Premise,"((57665, 57690),)",I'm appalled at the highest outrageous numbers of divorces,Premise,"((57604, 57662),)",Support
"I think legalization of narcotics, or something of that nature, in the face of the medical evidence, would be totally counterproductiv",Claim,"((61428, 61562),)","I oppose it, and I'm going to stand up and continue to oppose it",Claim,"((61569, 61633),)",Support
"If the American people cannot be brought together, we can't turn this country around",Claim,"((67051, 67135),)",I have devoted a major portion of this campaign to going across this country and looking for opportunities to go to white groups and African American groups and Latino groups and Asian American groups and say the same thing,Claim,"((66826, 67049),)",Support
he's replaced by Mary Fisher who electrified the Republican Convention by talking about the compassion and the concern that we feel,Premise,"((69836, 69967),)",I think she'll do a first-class job on that commission,Claim,"((69999, 70053),)",Support
not poor enough for Medicare-Medicaid,Premise,"((76084, 76121),)","When we talk about cutting health care costs, let's start with the insurance companies and the people that are making a killing instead of making our people healthy",Claim,"((76321, 76485),)",Support
yet we have 35 million people uninsured,Premise,"((80079, 80118),)","we are spending 30 percent more on health care than any country in the world, any country",Premise,"((79984, 80073),)",Attack
I don't think most Americans could do that,Claim,"((9949, 9991),)",I couldn't do that,Claim,"((9925, 9943),)",Support
I don't want to have 4 years where we have no growth in the private sector,Claim,"((15027, 15101),)",I'd like to create more millionaires than were created under Mr. Bush and Mr. Reagan,Claim,"((14937, 15021),)",Attack
I simply do not think we should go back to the isolation days and starting blaming foreigners,Claim,"((18893, 18986),)","when anybody has a spending program they want to spend money on at home, they say, well, let's cut money out of the Defense Dept",Premise,"((18538, 18666),)",Attack
An incredible number of young people are active in supporting my effort,Claim,"((23651, 23722),)",I think it's fitting that we're on the campus of a university tonight,Claim,"((23806, 23875),)",Support
if you help with job retraining and education,Premise,"((28875, 28920),)",that will change,Claim,"((28808, 28824),)",Support
"next to jobs, our people are concerned about their safety",Premise,"((33546, 33603),)",have another task force on crime,Claim,"((33504, 33536),)",Support
I don't have to worry in the near term about the Federal Reserve,Claim,"((38723, 38787),)",I don't think that's the problem today,Claim,"((37602, 37640),)",Support
some that are being executed on getting rid of nuclear warheads,Premise,"((42412, 42475),)",we've got all kinds of agreements on paper,Premise,"((42364, 42406),)",Support
Kids go to bed at night without the same fear of nuclear war,Premise,"((3358, 3418),)",I think we've dramatically changed the world,Claim,"((3220, 3264),)",Support
If we can stand up for our economics,Premise,"((47906, 47942),)",we ought to be able to preserve the democratic interests of the people of China,Claim,"((47944, 48023),)",Support
"I must stop short of using American force until I know how those young men and women are going to get out of there as well as get in, know what the mission is, and define it",Claim,"((52444, 52617),)",I'm not going to do that as commander-in-chief,Claim,"((51714, 51760),)",Support
it's happened in ours,Premise,"((57689, 57710),)",I'm appalled at the highest outrageous numbers of divorces,Premise,"((57604, 57662),)",Support
"The use of cocaine, for example, by teenagers is dramatically down",Premise,"((60190, 60256),)",I do believe that there's some fairly good news out there,Claim,"((60131, 60188),)",Support
"If we can come together, nothing can stop us",Claim,"((67137, 67181),)",I have devoted a major portion of this campaign to going across this country and looking for opportunities to go to white groups and African American groups and Latino groups and Asian American groups and say the same thing,Claim,"((66826, 67049),)",Support
It was a beautiful moment,Premise,"((69969, 69994),)",I think she'll do a first-class job on that commission,Claim,"((69999, 70053),)",Support
not wealthy enough to buy their medicine,Premise,"((76123, 76163),)","When we talk about cutting health care costs, let's start with the insurance companies and the people that are making a killing instead of making our people healthy",Claim,"((76321, 76485),)",Support
we have no preventing and primary care. T,Premise,"((80120, 80161),)",The Oregon plan is a good start if the federal government is going to continue to abandon its responsibilities,Claim,"((80160, 80270),)",Support
I couldn't do that,Claim,"((9925, 9943),)",I just don't think that's right,Claim,"((9734, 9765),)",Support
We don't need across-the-board tax cuts for the wealthy for nothing,Claim,"((14774, 14841),)",We've got to have no more trickle down,Claim,"((14734, 14772),)",Support
we have a certain disproportionate responsibility,Claim,"((19053, 19102),)",We are the sole remaining superpower,Claim,"((18988, 19024),)",Support
I think it's fitting that we're on the campus of a university tonight,Claim,"((23806, 23875),)","These young people, when they get out of this wonderful university, will have difficulty finding a job",Claim,"((23877, 23979),)",Support
"With interest rates down and inflation down, the cruelest tax of all, caught up in a global slowdown right now",Premise,"((28691, 28801),)",that will change,Claim,"((28808, 28824),)",Support
"in that 90- day period before the inauguration, put together the framework for the town hall and give the American people a Christmas present",Premise,"((33667, 33808),)",Show them by Christmas the first cut at these plans,Premise,"((33810, 33861),)",Support
There is a separation there,Premise,"((38962, 38989),)",I don't think the Fed ought to be put under the Executive Branch,Claim,"((38896, 38960),)",Support
Russia and its republics are out of control or at best in weak control right now,Premise,"((42477, 42557),)",It's a very unstable situation,Claim,"((42559, 42589),)",Support
change for change sake isn't enough,Claim,"((3424, 3459),)",It's time to change,Claim,"((2932, 2951),)",Attack
we ought to be able to preserve the democratic interests of the people of China,Claim,"((47944, 48023),)",I would be firm,Claim,"((47620, 47635),)",Support
I am very concerned about it,Premise,"((52307, 52335),)",both of them are very complicated situations,Premise,"((50921, 50965),)",Support
it's gotten too much,Premise,"((57716, 57736),)",I just think that we ought to do everything we can to respect the American family,Claim,"((57742, 57823),)",Support
We're doing a little better in interdiction,Claim,"((60316, 60359),)",I do believe that there's some fairly good news out there,Claim,"((60131, 60188),)",Support
"we are too divided by race, by income, by region",Premise,"((66772, 66820),)",I have devoted a major portion of this campaign to going across this country and looking for opportunities to go to white groups and African American groups and Latino groups and Asian American groups and say the same thing,Claim,"((66826, 67049),)",Support
I think she'll do a first-class job on that commission,Claim,"((69999, 70053),)","I think the appeal is yes, we care.",Claim,"((70058, 70093),)",Support
A lot of folks on Medicare are out there every day making the choice between food and medicine,Premise,"((75988, 76082),)","When we talk about cutting health care costs, let's start with the insurance companies and the people that are making a killing instead of making our people healthy",Claim,"((76321, 76485),)",Support
"if Rochester, New York, can do it with two-thirds of the cost of the rest of it, A",Premise,"((80436, 80518),)","America can do it, too",Claim,"((80517, 80539),)",Support
The Commander-in-Chief was organizing demonstrations halfway around the world during another era,Premise,"((10321, 10417),)","How could you be Commander-in-Chief of the armed forces and have some kid say - when you have to make a tough decision, as I did in Panama or Kuwait and then have some kid jump up and say, ""Well, I'm not going to go",Premise,"((10104, 10319),)",Support
"We need to say here's your tax incentive: if you create American jobs, the old-fashioned way",Claim,"((14843, 14935),)",We don't need across-the-board tax cuts for the wealthy for nothing,Claim,"((14774, 14841),)",Support
we should be that,Claim,"((19030, 19047),)",We are the sole remaining superpower,Claim,"((18988, 19024),)",Support
it will increase unemployment,Claim,"((25092, 25121),)",I think we shouldn't do it that quickly,Claim,"((25165, 25204),)",Support
it's going to take awhile to educate,Premise,"((29017, 29053),)",I am a firm believer that our America 2000 education problem is the answer,Claim,"((28922, 28996),)",Support
"By the time Congress comes into session to go to work, have those plans ready to go in front of Congress",Premise,"((33863, 33967),)",get off to a flying start in '93 to execute these plans,Claim,"((33974, 34029),)",Support
I don't think the Fed ought to be put under the Executive Branch,Claim,"((38896, 38960),)",I think that's fine,Claim,"((38991, 39010),)",Support
we've got all kinds of agreements on paper,Premise,"((42364, 42406),)",It's a very unstable situation,Claim,"((42559, 42589),)",Support
"We saw that message in the late 70s when heard a lot about change, and what happened, that misery index went right through the roof",Premise,"((3461, 3592),)",change for change sake isn't enough,Claim,"((3424, 3459),)",Support
We are the one that worked out the prison labor deal,Premise,"((48228, 48280),)","Not because we coddled them, but because the Administration was pushed into doing something about it",Claim,"((47266, 47366),)",Attack
I am concerned about ethnic cleansing,Premise,"((52337, 52374),)",I am very concerned about it,Premise,"((52307, 52335),)",Support
I just think that we ought to do everything we can to respect the American family,Claim,"((57742, 57823),)",I do think we need to strengthen family,Claim,"((57287, 57326),)",Support
"Again and again and again, the mother disappears in 3 days, and the child becomes a ward of the state because he's permanently and genetically damaged",Premise,"((61950, 62100),)","if anybody can even think about legalizing drugs, they've lost me",Claim,"((62142, 62207),)",Support
we have too much violence,Premise,"((66745, 66770),)",I have devoted a major portion of this campaign to going across this country and looking for opportunities to go to white groups and African American groups and Latino groups and Asian American groups and say the same thing,Claim,"((66826, 67049),)",Support
"I once called on somebody, ""Well, change your behavior. Is the behavior you're using prone to cause AIDS? Change the behavior."" Next thing I know, one of these ACT UP groups is out saying, ""Bush ought to change his behavior."" You can't talk about it rationally",Premise,"((70189, 70449),)",The extremes are hurting the AIDS cause,Claim,"((70451, 70490),)",Support
"I'm the president that stood up and said, don't mess with Social Security",Premise,"((76717, 76790),)","every 4 years, the Democrats go around and say, Republicans are going to cut Social Security and Medicare",Premise,"((76587, 76692),)",Attack
if Hawaii can cover 98 percent of their people at lower health care costs than the rest of us,Premise,"((80341, 80434),)","America can do it, too",Claim,"((80517, 80539),)",Support
I think the press can play a huge roll in making sure that the backgrounds are clearly presented in an objective way,Claim,"((10835, 10951),)",I think they need to clearly understand the backgrounds of each person,Claim,"((10763, 10833),)",Support
that's what's happened in the last 4 years,Premise,"((15107, 15149),)",I don't want to have 4 years where we have no growth in the private sector,Claim,"((15027, 15101),)",Support
if we go too far,Premise,"((19186, 19202),)",we risk the peace,Claim,"((19204, 19221),)",Support
it will slow down the economy,Claim,"((25123, 25152),)",I think we shouldn't do it that quickly,Claim,"((25165, 25204),)",Support
it is a good program,Claim,"((29059, 29079),)",I am a firm believer that our America 2000 education problem is the answer,Claim,"((28922, 28996),)",Support
Show them by Christmas the first cut at these plans,Premise,"((33810, 33861),)",get off to a flying start in '93 to execute these plans,Claim,"((33974, 34029),)",Support
"I've had some arguments with him about the speed in which we might have lowered interest rates, but Governor Clinton, he talks about the reaction to the markets",Premise,"((39041, 39201),)",Alan Greenspan is respected,Premise,"((39012, 39039),)",Support
You've got every rich Middle Eastern country over there trying to buy nuclear weapons,Premise,"((42591, 42676),)",It's a very unstable situation,Claim,"((42559, 42589),)",Support
A lot of them are thrown out because of all the scandals,Premise,"((3733, 3789),)",the way we're going to get it done is we're going to have a brand new Congress,Claim,"((3653, 3731),)",Support
We are the one that worked out the prison labor deal,Premise,"((48228, 48280),)",the Administration was the first major country to stand up to the abuse in Tiananmen Square,Claim,"((48135, 48226),)",Support
"I am concerned about a tax on Muslims, for example, over there",Premise,"((52376, 52438),)",both of them are very complicated situations,Premise,"((50921, 50965),)",Support
one way to do it is to get these deadbeat fathers to pay their obligations to these mothers,Premise,"((57888, 57979),)",that will help strengthen the American family,Claim,"((57982, 58027),)",Support
"babies in the hospital 42 days. Typical cost to you and me is $125,00",Premise,"((61878, 61947),)","if anybody can even think about legalizing drugs, they've lost me",Claim,"((62142, 62207),)",Support
we have too many drug addicts as kids,Premise,"((66706, 66743),)",I have devoted a major portion of this campaign to going across this country and looking for opportunities to go to white groups and African American groups and Latino groups and Asian American groups and say the same thing,Claim,"((66826, 67049),)",Support
"To go into a Catholic mass in a beautiful cathedral in New York under the cause of helping in AIDS and start throwing condoms around in the mass, I'm sorry, I think it sets back the cause",Premise,"((70492, 70679),)",The extremes are hurting the AIDS cause,Claim,"((70451, 70490),)",Support
"I'm the president that stood up and said, don't mess with Social Security",Premise,"((76717, 76790),)",I'm not going to and we haven't,Claim,"((76796, 76827),)",Support
I say if Germany can cover everybody and keep costs under inflation,Premise,"((80272, 80339),)","America can do it, too",Claim,"((80517, 80539),)",Support
I think they need to clearly understand the backgrounds of each person,Claim,"((10763, 10833),)",I think the American people will make their own decisions on character,Claim,"((10635, 10705),)",Support
"We're down 35,000 jobs in the private sector",Premise,"((15151, 15195),)",that's what's happened in the last 4 years,Premise,"((15107, 15149),)",Support
if we make imprudent cuts,Premise,"((19159, 19184),)",we risk the peace,Claim,"((19204, 19221),)",Support
We have a disciplined reduction in the deficit of 50  percent over the next 4 years,Premise,"((25206, 25289),)",We've got to invest and grow,Claim,"((25381, 25409),)",Support
best help for short term is job retraining,Claim,"((29088, 29130),)","When you cut back on defense spending, some people are going to be thrown out of work",Premise,"((28187, 28272),)",Support
put together your plans by Christmas,Premise,"((34270, 34306),)",my orientation is let's go do it,Claim,"((34231, 34263),)",Support
It's been very strong since I've been president,Premise,"((39365, 39412),)","I don't think we can judge on, the stock market has been strong",Claim,"((39300, 39363),)",Support
You've got every rich Middle Eastern country over there trying to buy nuclear weapons,Premise,"((42591, 42676),)",that will lead to another five star migraine headache down the road,Claim,"((42700, 42767),)",Support
I think it's experience at this level,Claim,"((3965, 4002),)",I think one thing that distinguishes is experience,Claim,"((3168, 3218),)",Equivalent
the Administration was the first major country to stand up to the abuse in Tiananmen Square,Claim,"((48135, 48226),)",I think it is a mistake for us to do what this Administration did when all those kids went out there carrying the Statue of Liberty in Tiananmen Square,Claim,"((46656, 46807),)",Attack
I'm not going to do that as commander-in-chief,Claim,"((51714, 51760),)",I think I'm on the right track,Claim,"((52623, 52653),)",Support
"I was born to a widowed mother who gave me family values, and grandparents",Premise,"((55600, 55674),)",I know a lot about that,Claim,"((55575, 55598),)",Support
"Anytime you think you want to legalize drugs, go to a neonatal unit - if you can get in. They're between 100 and 200 percent capacity up and down the East Coast. And the reason is crack babies being born",Premise,"((61673, 61876),)","if anybody can even think about legalizing drugs, they've lost me",Claim,"((62142, 62207),)",Support
we have too many low birthweight babies,Premise,"((66665, 66704),)",I have devoted a major portion of this campaign to going across this country and looking for opportunities to go to white groups and African American groups and Latino groups and Asian American groups and say the same thing,Claim,"((66826, 67049),)",Support
We cannot move to the extreme,Claim,"((70681, 70710),)",Do not go to the extreme,Claim,"((70938, 70962),)",Equivalent
I don't think we need to touch Social Security,Premise,"((76945, 76991),)",I have one difference with Mr. Perot on that,Claim,"((76892, 76936),)",Support
"America can do it, too",Claim,"((80517, 80539),)","We can do better, and we must",Claim,"((80589, 80618),)",Equivalent
when Joe McCarthy went around this country attacking people's patriotism he was wrong,Claim,"((12551, 12636),)","You even brought some right-wing congressman into the White House to plot how to attack me for going to Russia in 1969-70, when over 50,000 other Americans did",Premise,"((12156, 12315),)",Attack
don't have much to show for it,Premise,"((17183, 17213),)",we have got to fix it,Claim,"((17218, 17239),)",Support
we risk the peace,Claim,"((19204, 19221),)",I don't want to do that,Claim,"((19227, 19250),)",Support
"first get incentives to invest in this economy, put the American people back to work",Premise,"((25295, 25379),)",We've got to invest and grow,Claim,"((25381, 25409),)",Support
if she was thrown out of work at a defense plant,Premise,"((29132, 29180),)",best help for short term is job retraining,Claim,"((29088, 29130),)",Support
be ready to go when Congress goes,Premise,"((34308, 34341),)",my orientation is let's go do it,Claim,"((34231, 34263),)",Support
I don't think we're taxed too little,Premise,"((39720, 39756),)",I'm going to keep on vetoing them,Claim,"((39677, 39710),)",Support
we've focused on the tactical,Premise,"((42884, 42913),)","We really need to nail down the big intercontinental ballistic missiles, the ones that can hit us from Russia",Claim,"((42769, 42878),)",Support
it's not everything,Claim,"((4237, 4256),)",I believe experience counts,Claim,"((4204, 4231),)",Attack
We are the ones that lowered the barrier to products with Carla Hill's negotiation,Premise,"((48282, 48364),)",the Administration was the first major country to stand up to the abuse in Tiananmen Square,Claim,"((48135, 48226),)",Support
if we learned anything in Vietnam is you first commit this nation before you commit the troops to the battlefield,Premise,"((52804, 52917),)",We cannot send our people all over the world to solve every problem that comes up,Claim,"((52919, 53000),)",Support
I've seen the family values of my people in Arkansas,Premise,"((55676, 55728),)",I know a lot about that,Claim,"((55575, 55598),)",Support
"We've got chemical warfare being conducted against our children on the streets in this country all day every day, and we don't have the will to stamp it out.",Premise,"((62392, 62549),)","if I get up there, if you send me, we're going to have some blunt talks about this",Claim,"((62562, 62644),)",Support
"We are being murdered economically because we have too many drop-outs,",Premise,"((66594, 66664),)",I have devoted a major portion of this campaign to going across this country and looking for opportunities to go to white groups and African American groups and Latino groups and Asian American groups and say the same thing,Claim,"((66826, 67049),)",Support
The extremes are hurting the AIDS cause,Claim,"((70451, 70490),)",We cannot move to the extreme,Claim,"((70681, 70710),)",Support
what we've got to do is control it,Claim,"((77195, 77229),)","Governor Clinton refuses to touch that, simply refuses",Premise,"((77136, 77190),)",Attack
it's easy to dismiss the concerns of the disabled,Claim,"((80811, 80860),)",The Oregon plan made some good sense,Claim,"((80769, 80805),)",Attack
"If you make it as a young man, time passes",Premise,"((11464, 11506),)",I think it's very important to measure when and where things occurred,Claim,"((11056, 11125),)",Support
that's what I want to do,Claim,"((15229, 15253),)",We need to invest and grow,Claim,"((15197, 15223),)",Support
"I've seen what it is like to see a war, to see the burdens of a war",Premise,"((19252, 19319),)",I don't want to see us make reckless cuts,Claim,"((19325, 19366),)",Support
"I don't believe it is fair to slap a 50-cent-a-gallon tax over whatever many years on the people that have to drive for a living, people that go long distances",Claim,"((25771, 25930),)",I just disagree with Mr. Perot,Claim,"((25739, 25769),)",Support
we're the US,Premise,"((29221, 29233),)",it's not all that gloomy,Claim,"((29195, 29219),)",Support
nail these things,Premise,"((34343, 34360),)",my orientation is let's go do it,Claim,"((34231, 34263),)",Support
I think the government's spending too much,Premise,"((39758, 39800),)",I'm going to keep on vetoing them,Claim,"((39677, 39710),)",Support
We've made real progress there,Premise,"((42915, 42945),)",we've focused on the tactical,Premise,"((42884, 42913),)",Support
I know that the only way he can win is to make everybody believe the economy's worse than it is,Claim,"((6486, 6581),)","He thinks, I think he said, that the country is coming apart at the seams",Premise,"((6406, 6479),)",Attack
I am the one that said let's keep the M.F.N. because you see China moving towards a free market economy,Premise,"((48366, 48469),)",the Administration was the first major country to stand up to the abuse in Tiananmen Square,Claim,"((48135, 48226),)",Support
We cannot send our people all over the world to solve every problem that comes up,Claim,"((52919, 53000),)",I'm not going to do that as commander-in-chief,Claim,"((51714, 51760),)",Support
I know a lot about that,Claim,"((55575, 55598),)",America has a lot of families that are in trouble today,Claim,"((55453, 55508),)",Support
we went on the Libyan raid - do you remember that one? - because we were worried to death that Gaddafi might be building up chemical weapons,Premise,"((62250, 62390),)","if I get up there, if you send me, we're going to have some blunt talks about this",Claim,"((62562, 62644),)",Support
We don't have a person to waste in this country,Premise,"((66545, 66592),)",I have devoted a major portion of this campaign to going across this country and looking for opportunities to go to white groups and African American groups and Latino groups and Asian American groups and say the same thing,Claim,"((66826, 67049),)",Support
I think Mary Fisher was a great choice,Claim,"((71009, 71047),)",We're lucky to have her heading the commission,Claim,"((71049, 71095),)",Support
what we've got to do is control it,Claim,"((77195, 77229),)","What we do need to do, though, is control the growth of these mandatory programs",Claim,"((76993, 77073),)",Equivalent
"Americans with Disabilities Act, speaking about sound and sensible civil rights legislation, was the most foremost piece of legislation passed in modern times",Premise,"((81016, 81174),)",we do have something more than a technical problem,Claim,"((81183, 81233),)",Support
"When you're a senior official in the federal government spending billions of dollars in taxpayer's money and you're a mature individual and you make a mistake, then that was on our ticket",Premise,"((11275, 11462),)",I think it's very important to measure when and where things occurred,Claim,"((11056, 11125),)",Support
I questioned his judgment and his character,Claim,"((15393, 15436),)",I didn't question the man's patriotism,Claim,"((15353, 15391),)",Support
Because of our programs,Premise,"((19368, 19391),)",we have been able to significantly cut defense spending,Claim,"((19392, 19447),)",Support
I agree with what he's talking about in trying to get this spending down and the discipline,Premise,"((26006, 26097),)",I think we ought to totally exempt Social Security,Claim,"((26108, 26158),)",Support
we faced tough problems before,Premise,"((29235, 29265),)",we're the US,Premise,"((29221, 29233),)",Support
put together your plans by Christmas,Premise,"((34270, 34306),)",Show them by Christmas the first cut at these plans,Premise,"((33810, 33861),)",Equivalent
I'm going to protect the working man by continuing to veto,Claim,"((39874, 39932),)",I'm going to keep on vetoing them,Claim,"((39677, 39710),)",Support
The sooner the better,Premise,"((43033, 43054),)","We've got some agreement on the nuclear, but we don't have those things put away yet",Premise,"((42947, 43031),)",Support
"this country is not coming apart at the seams, for heaven's sakes",Claim,"((6587, 6652),)","He thinks, I think he said, that the country is coming apart at the seams",Premise,"((6406, 6479),)",Attack
Governor Clinton's philosophy is isolate them,Claim,"((48702, 48747),)","To do what the Congress and Governor Clinton is suggesting, you'd isolate and ruin Hong Kong",Claim,"((48471, 48563),)",Equivalent
"it is inappropriate for us, just because there's a problem somewhere around the world, to take the sons and daughters of working people",Claim,"((53178, 53313),)","Certainly we care about the people, we care about the children, we care about the tragedy",Premise,"((53083, 53172),)",Attack
there's a whole bunch of other things that I can't click off in this short period of time,Premise,"((58033, 58122),)",that will help strengthen the American family,Claim,"((57982, 58027),)",Support
There are guys that couldn't get a job third shift in a Dairy Queen driving BMWs and Mercedes selling drugs. A,Premise,"((62782, 62892),)",these old boys are not going to quit easy,Claim,"((62895, 62936),)",Support
"I saw the winds of hatred divide people and keep the people of my state poorer than they would have been, spiritually and economically",Premise,"((66328, 66462),)",I have devoted a major portion of this campaign to going across this country and looking for opportunities to go to white groups and African American groups and Latino groups and Asian American groups and say the same thing,Claim,"((66826, 67049),)",Support
We're lucky to have her heading the commission,Claim,"((71049, 71095),)",I think she'll do a first-class job on that commission,Claim,"((69999, 70053),)",Support
I believe that is the way you get the deficit down,Claim,"((77346, 77396),)","not by the tax-and-spend program that we hear every 4 years, whether it's Mondale, Dukakis, whoever else it is",Premise,"((77398, 77508),)",Attack
"As president I have to be sure that those waivers, which we're approving all over the place, are covered under the law",Premise,"((80862, 80980),)",we do have something more than a technical problem,Claim,"((81183, 81233),)",Support
"I would say just, you know, look at all three of us",Premise,"((11511, 11562),)",Decide who you think will do the job,Premise,"((11564, 11600),)",Support
What I don't accept is demonstrating and organizing demonstrations in a foreign country when your country's at war,Claim,"((15517, 15631),)",I cannot accept that,Claim,"((15644, 15664),)",Equivalent
we never would have got there,Claim,"((18322, 18351),)",I think it is important that the US stay in Europe and continue to guarantee the peace,Claim,"((18417, 18503),)",Support
If people don't have the stomach to fix these problems,Premise,"((24234, 24288),)","I think it's a good time to face it, November",Claim,"((24290, 24335),)",Support
Look at the misery index when the Democrats had both the White House and the Congress,Premise,"((29267, 29352),)",It was just right through the roof,Premise,"((29354, 29388),)",Support
be ready to go when Congress goes,Premise,"((34308, 34341),)","By the time Congress comes into session to go to work, have those plans ready to go in front of Congress",Premise,"((33863, 33967),)",Equivalent
to threaten to veto until we get this new Congress,Claim,"((39938, 39988),)",I'm going to keep on vetoing them,Claim,"((39677, 39710),)",Support
you're not a superpower,Claim,"((41542, 41565),)",we've got to be financially strong,Claim,"((43084, 43118),)",Support
It's time to change,Claim,"((2932, 2951),)",I want to bring that change to the American people,Claim,"((2953, 3003),)",Support
We were the first ones to put sanctions on,Premise,"((48615, 48657),)","We still have them on, on some things",Premise,"((48659, 48696),)",Support
This is basically a problem that is a primary concern to the European Community,Premise,"((53002, 53081),)",We cannot send our people all over the world to solve every problem that comes up,Claim,"((52919, 53000),)",Support
It can be a single-parent family. Those mothers need help,Premise,"((57825, 57882),)",that will help strengthen the American family,Claim,"((57982, 58027),)",Support
"If drugs were legal, I don't think he'd be alive today",Premise,"((63206, 63260),)",I am adamantly opposed to legalizing drugs,Claim,"((63262, 63304),)",Support
"I grew up in the segregated South, thankfully raised by a grandfather with almost no formal education but with a heart of gold who taught me early that all people were equal in the eyes of God",Premise,"((66134, 66326),)",I have devoted a major portion of this campaign to going across this country and looking for opportunities to go to white groups and African American groups and Latino groups and Asian American groups and say the same thing,Claim,"((66826, 67049),)",Support
we could be moving out to the human population a whole lot faster than we are on some of these new drugs,Premise,"((71457, 71561),)",d think we can expedite the problem there,Claim,"((71572, 71613),)",Support
what we've got to do is control it,Claim,"((77195, 77229),)",hold the line on Social Security and put a cap on the growth of the mandatory program,Claim,"((77555, 77640),)",Equivalent
"He failed to take on somebody else - the malpractice suit people, those that bring these lawsuits against - these frivolous trial lawyers' lawsuits that are running the costs of medical care up 25 to 50 billion",Premise,"((81338, 81548),)",Governor Clinton clicked off the things - he's going to take on insurance companies and bureaucracies,Claim,"((81235, 81336),)",Attack
anyone in the White House should have the character to be there,Premise,"((10986, 11049),)",Decide who you think will do the job,Premise,"((11564, 11600),)",Support
What I don't accept is demonstrating and organizing demonstrations in a foreign country when your country's at war,Claim,"((15517, 15631),)",I questioned his judgment and his character,Claim,"((15393, 15436),)",Support
let's not cut into the muscle,Premise,"((19453, 19482),)","let's not cut down our insurance policy, which is participation of American forces in NATO, the greatest peace- keeping organization ever made",Premise,"((19488, 19630),)",Support
If they do,Premise,"((24337, 24347),)",they will have heard the harsh reality of what we have to do,Claim,"((24354, 24414),)",Support
It was just right through the roof,Premise,"((29354, 29388),)",we can do better,Claim,"((29395, 29411),)",Support
you've got to credit,Claim,"((34405, 34425),)",Small business you've got to have capital,Claim,"((34362, 34403),)",Support
"We live in a global economy, not a national economy",Premise,"((40180, 40231),)",let's live in a world of reality,Claim,"((40146, 40178),)",Support
"We really need to nail down the big intercontinental ballistic missiles, the ones that can hit us from Russia",Claim,"((42769, 42878),)",we've got to take care of this missile situation and try to get the nuclear war behind us and give this thing very high priority,Claim,"((43132, 43260),)",Support
the changes are mind-boggling for world peace,Premise,"((3311, 3356),)",I think we've dramatically changed the world,Claim,"((3220, 3264),)",Support
the policies he's expounding of putting conditions on M.F.N. and kind of humiliating them is not the way you make the kind of progress we are getting,Claim,"((48774, 48923),)",Governor Clinton's philosophy is isolate them,Claim,"((48702, 48747),)",Support
"I think you can use the White House as a bully pulpit to stress the importance of these little children, particularly in their young and formative years, to mold these little precious pieces of clay so that they, too, can live rich full lives when they're grown.
L",Premise,"((59031, 59293),)",We will not be a great country unless we have a strong family unit in every home,Claim,"((58945, 59025),)",Support
"we're really going to get down in the trenches and say, is this one you want to talk about or fix, because talk won't do it, folk",Premise,"((62650, 62779),)",these old boys are not going to quit easy,Claim,"((62895, 62936),)",Support
I do think it's fair to note - he can rebut it - but Arkansas is one of the few states that doesn't have any civil rights legislation.,Premise,"((67269, 67404),)",I think Governor Clinton is committed,Claim,"((67230, 67267),)",Attack
"Believe me, people with AIDS are more than willing to take that risk",Claim,"((71383, 71451),)",d think we can expedite the problem there,Claim,"((71572, 71613),)",Support
"he refuses to put anything, controls, on these crazy lawsuits",Premise,"((81554, 81615),)","He failed to take on somebody else - the malpractice suit people, those that bring these lawsuits against - these frivolous trial lawyers' lawsuits that are running the costs of medical care up 25 to 50 billion",Premise,"((81338, 81548),)",Support
The party's over and it's time for the clean-up crew,Claim,"((11673, 11725),)",we do have to have change,Claim,"((11732, 11757),)",Support
He did,Premise,"((15494, 15500),)",I accept that,Premise,"((15502, 15515),)",Support
"let's not cut down our insurance policy, which is participation of American forces in NATO, the greatest peace- keeping organization ever made",Premise,"((19488, 19630),)",I think this insurance policy is necessary,Claim,"((19757, 19799),)",Support
I'm not playing Lawrence Welk music tonight,Premise,"((24416, 24459),)",they will have heard the harsh reality of what we have to do,Claim,"((24354, 24414),)",Support
"the way to do better is not to tax and spend but to retrain, get that control of the mandatory spending programs.",Claim,"((29417, 29530),)",we can do better,Claim,"((29395, 29411),)",Support
many of them need mentors or coaches,Claim,"((34431, 34467),)",Small business you've got to have capital,Claim,"((34362, 34403),)",Support
So seventy percent of our debt is five years or less,Premise,"((40405, 40457),)",only in America would you finance seventy percent of it five years or less,Premise,"((40329, 40403),)",Equivalent
We've got to help them,Claim,"((42269, 42291),)",we need to help and support Russia and the republics in every possible way to become democratic capitalistic societies,Claim,"((43280, 43398),)",Equivalent
it's not everything,Claim,"((4237, 4256),)",I think it's experience at this level,Claim,"((3965, 4002),)",Attack
I've stood up with these people,Premise,"((48929, 48960),)",I understand what you have to do to be strong in this situation,Claim,"((48966, 49029),)",Support
all- volunteer armed force is not made up of the sons and daughters of the beautiful people,Premise,"((53347, 53438),)","it is inappropriate for us, just because there's a problem somewhere around the world, to take the sons and daughters of working people",Claim,"((53178, 53313),)",Support
He is alive today because of the criminal justice system,Premise,"((63306, 63362),)",I am adamantly opposed to legalizing drugs,Claim,"((63262, 63304),)",Support
We passed two very forward-looking civil rights bills,Premise,"((67494, 67547),)","I've tried to use the White House as a bully pulpit, speaking out against discrimination",Claim,"((67404, 67492),)",Support
"f you're going to die, you don't have to go through this ten-year cycle that FDA goes through on new drugs",Premise,"((71275, 71381),)","Believe me, people with AIDS are more than willing to take that risk",Claim,"((71383, 71451),)",Support
"If you want to help somebody, don't run the costs up by making doctors have to have 5 or 6 tests where one would do for fear of being sued, or have somebody along the highway not stop to pick up a guy and help him because he's afraid a trial lawyer will come along and sue him",Premise,"((81617, 81893),)","He failed to take on somebody else - the malpractice suit people, those that bring these lawsuits against - these frivolous trial lawyers' lawsuits that are running the costs of medical care up 25 to 50 billion",Premise,"((81338, 81548),)",Support
Decide who you think will do the job,Premise,"((11564, 11600),)",we do have to have change,Claim,"((11732, 11757),)",Support
"Governor Clinton says $200,000 but he also says he wants to raise $150 billion",Premise,"((15846, 15924),)","Taxing people over $200,000 will not get you $150 billion",Claim,"((15926, 15983),)",Support
I think it goes with world leadership,Claim,"((19801, 19838),)",I think this insurance policy is necessary,Claim,"((19757, 19799),)",Support
We have a budget deficit in the federal government,Premise,"((24676, 24726),)","we really have 2 deficits in America, not one",Claim,"((24629, 24674),)",Support
anybody that thinks about it cares a great deal,Claim,"((30065, 30112),)",it's very important that we not continue to let our industrial base deteriorate,Claim,"((29841, 29920),)",Support
we can create more jobs there in a hurry than any other place,Claim,"((34473, 34534),)",Small business you've got to have capital,Claim,"((34362, 34403),)",Support
So seventy percent of our debt is five years or less,Premise,"((40405, 40457),)",These interest rates we have now don't make any sense,Claim,"((40233, 40286),)",Support
It's a very unstable situation,Claim,"((42559, 42589),)",not just sit back and let those countries continue in turmoil,Claim,"((43404, 43465),)",Support
"Values, judgment, and the record that I have amassed in my state also should count for something",Premise,"((4258, 4354),)",it's not everything,Claim,"((4237, 4256),)",Support
"it's moving, not as fast as we'd like",Premise,"((49035, 49072),)",I understand what you have to do to be strong in this situation,Claim,"((48966, 49029),)",Support
"it's the working folks who send their sons and daughters to war, with a few exceptions",Premise,"((53440, 53526),)","it is inappropriate for us, just because there's a problem somewhere around the world, to take the sons and daughters of working people",Claim,"((53178, 53313),)",Support
"Thirty years ago, there were three policemen for every crime. Now there are three crimes for every policema",Premise,"((63456, 63563),)",We need a hundred thousand more police on the street,Claim,"((63566, 63618),)",Support
It's not going to be all done by legislation,Premise,"((67549, 67593),)","I've tried to use the White House as a bully pulpit, speaking out against discrimination",Claim,"((67404, 67492),)",Support
The reason Magic Johnson resigned from the AIDS Commission is because the statement you heard tonight from Mr. Bush is the longest and best statement he's made about it in public,Premise,"((72774, 72952),)",I don't know. I was a little disappointed in Magic,Claim,"((69596, 69646),)",Attack
We're suing each other too much and caring for each other too little,Premise,"((81895, 81963),)","He failed to take on somebody else - the malpractice suit people, those that bring these lawsuits against - these frivolous trial lawyers' lawsuits that are running the costs of medical care up 25 to 50 billion",Premise,"((81338, 81548),)",Support
when Joe McCarthy went around this country attacking people's patriotism he was wrong,Claim,"((12551, 12636),)",He was wrong,Claim,"((12638, 12650),)",Equivalent
"Taxing people over $200,000 will not get you $150 billion",Claim,"((15926, 15983),)",the money that I raise from upper-income people and from asking foreign corporations just to pay the same income on their income earned in America that American corporations do will be used to give incentives back to upper-income people,Claim,"((14178, 14414),)",Attack
I think the levels we've come up with are just about right,Claim,"((19844, 19902),)",I think this insurance policy is necessary,Claim,"((19757, 19799),)",Support
"we also have an investment, a jobs, an income deficit",Premise,"((24732, 24785),)","we really have 2 deficits in America, not one",Claim,"((24629, 24674),)",Support
we practice 19th century capitalism,Premise,"((30605, 30640),)","In the rest of the world, the countries and the businesses would be working together to make this transition in an intelligent way",Premise,"((30774, 30904),)",Support
This country desperately needs a jobs program,Claim,"((34583, 34628),)",my first priority would be to pass a jobs program,Claim,"((34634, 34683),)",Support
We have a four trillion dollar debt,Premise,"((40288, 40323),)",These interest rates we have now don't make any sense,Claim,"((40233, 40286),)",Support
they could go back worse than things used to be,Premise,"((43475, 43522),)",not just sit back and let those countries continue in turmoil,Claim,"((43404, 43465),)",Support
I've worked hard to create good jobs and to educate people,Premise,"((4356, 4414),)","Values, judgment, and the record that I have amassed in my state also should count for something",Premise,"((4258, 4354),)",Support
"you isolate China and turn them inward, and then we've made a tremendous mistake",Claim,"((49078, 49158),)",I'm not going to do it,Claim,"((49164, 49186),)",Support
Everybody went,Premise,"((53590, 53604),)","It's very unlike World War II, when FDR's sons flew missions",Premise,"((53528, 53588),)",Support
I have a plan for that,Claim,"((63620, 63642),)","First, we ought to prevent more of this on the street",Claim,"((63401, 63454),)",Support
I'll keep on doing that and pointing to some legislative accomplishment to back it up,Premise,"((67715, 67800),)",I do think that you need to make an appeal every time you can to eliminate racial divisions and discrimination,Claim,"((67599, 67709),)",Support
Well over a million and a quarter Americans are HIV-positive,Premise,"((72122, 72182),)",We need to put one person in charge of the battle against AIDS to cut across all the agencies that deal with it,Claim,"((72184, 72295),)",Support
"it ranks behind 15 other nations when we come to life expectancy, and 22 other nations when we come to infant mortality",Premise,"((82062, 82181),)",we don't have the best,Claim,"((82186, 82208),)",Support
a senator from Connecticut stood up to him named Prescott Bush,Premise,"((12656, 12718),)",Your father was right to stand up to Joe McCarthy,Premise,"((12720, 12769),)",Support
That old adage they use we're going to soak the rich - we're going to soak the richit always ends up being the poor cab driver or the working man that ends up paying the bill,Premise,"((16094, 16268),)","when you add in his other spending proposals, regrettably you end up socking it to the working man",Claim,"((15994, 16092),)",Support
if you only have to pick up a $30-billion tab to defend your country,Premise,"((20350, 20418),)",It's kind of easy to do,Claim,"((20326, 20349),)",Support
a $1600 drop in average income in just the last 2 years,Premise,"((24885, 24940),)","People are working harder for less money than they were making 10 years ago, 2- 3rds of our people",Premise,"((24787, 24885),)",Support
anybody that thinks about it cares a great deal,Claim,"((30065, 30112),)",We had someone who I'm sure regrets said it in the president's staff said he didn't care whether we made potato chips or computer chips,Premise,"((29922, 30057),)",Attack
to introduce it on the first day I was inaugurated,Claim,"((34685, 34735),)",my first priority would be to pass a jobs program,Claim,"((34634, 34683),)",Support
These interest rates we have now don't make any sense,Claim,"((40233, 40286),)",It's very interest sensitive,Claim,"((40459, 40487),)",Support
there are a lot of old boys in the K.G.B. and the military that liked it better the way it used to be,Premise,"((43539, 43640),)",they could go back worse than things used to be,Premise,"((43475, 43522),)",Support
"My state now ranks first in the country in job growth this year, fourth in income growth, fourth in reduction of poverty, third in overall economic performance, according to a major news magazine",Premise,"((4416, 4611),)",I've worked hard to create good jobs and to educate people,Premise,"((4356, 4414),)",Support
the policies he's expounding of putting conditions on M.F.N. and kind of humiliating them is not the way you make the kind of progress we are getting,Claim,"((48774, 48923),)",I'm not going to do it,Claim,"((49164, 49186),)",Support
"It's very unlike World War II, when FDR's sons flew missions",Premise,"((53528, 53588),)",It's a different world now,Claim,"((53606, 53632),)",Support
We need a hundred thousand more police on the street,Claim,"((63566, 63618),)","First, we ought to prevent more of this on the street",Claim,"((63401, 63454),)",Support
"Over 150,000 Americans have died of AIDS",Premise,"((72080, 72120),)",We need to put one person in charge of the battle against AIDS to cut across all the agencies that deal with it,Claim,"((72184, 72295),)",Support
We got the most expensive health care system in the world,Premise,"((82003, 82060),)",we don't have the best,Claim,"((82186, 82208),)",Support
"we need a president who will bring this country together, not divide it",Claim,"((12863, 12934),)",you were wrong to attack my patriotism,Claim,"((12771, 12809),)",Support
I just have a different approach,Claim,"((16277, 16309),)","I believe the way to get the deficit down is to control the growth of mandatory spending programs, and not raise taxes on the American people",Claim,"((16311, 16452),)",Support
It's kind of easy to do,Claim,"((20326, 20349),)",Germany will spend a trillion dollars building infrastructure over the next 10 years,Premise,"((20240, 20324),)",Support
"People are working harder for less money than they were making 10 years ago, 2- 3rds of our people",Premise,"((24787, 24885),)","we also have an investment, a jobs, an income deficit",Premise,"((24732, 24785),)",Support
you make more making computer chips than potato chips,Premise,"((30126, 30179),)",anybody that thinks about it cares a great deal,Claim,"((30065, 30112),)",Support
"I would meet with the leaders of the Congress, with all the newly elected members of the Congress and as many others with whom I could meet between the time of the election and the inauguration, and we would present a jobs program",Premise,"((34737, 34967),)",my first priority would be to pass a jobs program,Claim,"((34634, 34683),)",Support
"We have a four percent gap between what we pay for treasuries, and what Germany pays for one to five year treasuries",Premise,"((40489, 40605),)",That gap is going to close,Claim,"((40607, 40633),)",Support
the world is still a dangerous and uncertain place,Premise,"((43844, 43894),)",We need a new military and a new national security policy equal to the challenges of a post cold war era,Claim,"((43896, 44000),)",Support
"My state now ranks first in the country in job growth this year, fourth in income growth, fourth in reduction of poverty, third in overall economic performance, according to a major news magazine",Premise,"((4416, 4611),)",That's because we believe in investing in education and in jobs,Claim,"((4613, 4676),)",Support
Governor Clinton's philosophy is isolate them,Claim,"((48702, 48747),)",I'm not going to do it,Claim,"((49164, 49186),)",Support
"It's very important that we not just, without thinking it through, just rush to every problem in the world and have our people torn to pieces",Claim,"((53634, 53775),)",We cannot send our people all over the world to solve every problem that comes up,Claim,"((52919, 53000),)",Support
That crime bill is going to be one of my highest priorities next January if I become president,Premise,"((64122, 64216),)","Thirdly, we ought to have boot camps for first-time nonviolent offenders",Claim,"((63692, 63764),)",Support
This is a matter of life and death,Premise,"((72640, 72674),)","the president should lead a national effort to change behavior, to keep our children alive in the schools, responsible behavior to keep people aliv",Claim,"((72490, 72637),)",Support
"if you're paying more and you don't have the best, if all else fails",Premise,"((82233, 82301),)",go copy the people who have the best who spend less,Claim,"((82302, 82353),)",Support
I was opposed to the war but I loved my country,Premise,"((12811, 12858),)",you were wrong to attack my patriotism,Claim,"((12771, 12809),)",Support
"where it appears to be growing, it's minimum-wage jobs",Premise,"((16671, 16725),)",Right now we have a flat to deteriorating job base,Premise,"((16616, 16666),)",Support
if you only have to pick up a $30-billion tab to defend your country,Premise,"((20350, 20418),)",the Germans spend around 30 billion in Europe,Premise,"((20180, 20225),)",Equivalent
almost all economists who've looked at it say that if you cut the deficit this much this quick,Premise,"((24997, 25091),)",it will increase unemployment,Claim,"((25092, 25121),)",Support
19 out of 20 computer chips that we have in this country now come from Japan,Premise,"((30196, 30272),)",We've given away whole industries,Premise,"((30274, 30307),)",Support
"What I'm going to do is say to Jim Baker when this campaign is over, all right, let's sit down now, you do in domestic affairs what you've done in foreign affairs, be kind of the economic coordinator of all the domestic side of the House, and that includes all the economic side, all the training side, and bring this program together",Claim,"((36006, 36340),)",I've already put forward things that'll get this country working fast,Claim,"((35768, 35837),)",Support
they can get more money,Premise,"((40745, 40768),)","the Arabs, the Japanese and folks in this country are going to start buying German treasuries",Claim,"((40643, 40736),)",Support
"a smaller permanent military force, but one that is more mobile, well trained with high technology equipment",Claim,"((44002, 44110),)",We need a new military and a new national security policy equal to the challenges of a post cold war era,Claim,"((43896, 44000),)",Support
"my wife, Hillary, gave me a book about a year ago in which the author defined insanity as just doing the same old thing over and over again and expecting a different result",Premise,"((4727, 4899),)",We have got to have the courage to change,Claim,"((4901, 4942),)",Support
I understand what you have to do to be strong in this situation,Claim,"((48966, 49029),)",I'm not going to do it,Claim,"((49164, 49186),)",Support
we cannot commit ground forces to become involved in the quagmire of Bosnia or in the tribal wars of Somalia,Claim,"((53837, 53945),)",We cannot send our people all over the world to solve every problem that comes up,Claim,"((52919, 53000),)",Support
"There is a crime bill that, lamentably, was blocked from passage once again, mostly by Republicans in the US Senate, which would have addressed some of these problems",Premise,"((63954, 64120),)","Thirdly, we ought to have boot camps for first-time nonviolent offenders",Claim,"((63692, 63764),)",Support
ave worked in my state to reduce teen pregnancy and illness among children,Premise,"((72679, 72753),)",I know it's tough,Claim,"((72755, 72772),)",Support
we don't have the best,Claim,"((82186, 82208),)",go copy the people who have the best who spend less,Claim,"((82302, 82353),)",Support
I want to lead a unified country,Premise,"((12963, 12995),)","we need a president who will bring this country together, not divide it",Claim,"((12863, 12934),)",Support
Right now we have a flat to deteriorating job base,Premise,"((16616, 16666),)",we've got to really rebuild our job base,Claim,"((16730, 16770),)",Support
The European Community is in a position to pay a lot more than they have in the past,Claim,"((20420, 20504),)","when the tables get turned, I ought to do my share",Claim,"((20025, 20075),)",Support
almost all economists who've looked at it say that if you cut the deficit this much this quick,Premise,"((24997, 25091),)",it will slow down the economy,Claim,"((25123, 25152),)",Support
We've given away whole industries,Premise,"((30274, 30307),)",anybody that thinks about it cares a great deal,Claim,"((30065, 30112),)",Support
Then we would present a plan to control health care costs and phase in health care coverage for all Americans,Premise,"((34969, 35078),)","Until we control health care costs, we're not going to control the deficit",Claim,"((35080, 35154),)",Support
Whichever place you put it,Premise,"((40879, 40905),)",We are sitting on a ticking time bomb,Claim,"((40907, 40944),)",Support
We need a new military and a new national security policy equal to the challenges of a post cold war era,Claim,"((43896, 44000),)",There are three fundamental challenges,Claim,"((43790, 43828),)",Support
"I've touched more people's lives and seen more heartbreak and hope, more pain and more promise, than anybody else who's run for president this year",Premise,"((5073, 5220),)",I think the American people deserve better than they're getting,Claim,"((5222, 5285),)",Support
He went over to say we must make the very changes they're making now,Claim,"((49403, 49471),)",They didn't go over to coddle,Claim,"((49372, 49401),)",Support
"There are, after all, 2 million refugees now because of the problems in what was Yugoslavia, the largest number since World War II",Premise,"((54083, 54213),)",we do have interests there,Claim,"((54055, 54081),)",Support
"they can get discipline and treatment and education and get reconnected to the community before they're severed and sent to prison, where they can learn how to be first class criminals.",Premise,"((63768, 63954),)","Thirdly, we ought to have boot camps for first-time nonviolent offenders",Claim,"((63692, 63764),)",Support
"n, putting 2 HIV-positive people on the platform",Premise,"((73007, 73055),)",am proud of what we did at the Democratic Convention,Claim,"((72956, 73008),)",Support
We've had enough division,Premise,"((12936, 12961),)","we need a president who will bring this country together, not divide it",Claim,"((12863, 12934),)",Support
"We've got to have a growing, expanding job base to give us a growing, expanding tax base",Claim,"((16526, 16614),)",we've got to really rebuild our job base,Claim,"((16730, 16770),)",Support
It's kind of easy to do,Claim,"((20326, 20349),)",The European Community is in a position to pay a lot more than they have in the past,Claim,"((20420, 20504),)",Support
"I don't think we need to tax more and spend more, and then say that's going to make the problem better",Claim,"((26273, 26375),)",I disagree with the tax-and-spend philosophy,Claim,"((26218, 26262),)",Support
A lot of these people in industries can be converted to the industries of tomorrow,Premise,"((30407, 30489),)",that's where the high-paying jobs are,Claim,"((30495, 30532),)",Support
"Until we control health care costs, we're not going to control the deficit",Claim,"((35080, 35154),)",It is the number one culprit,Claim,"((35156, 35184),)",Support
we have totally mismanaged our country,Premise,"((40960, 40998),)",We are sitting on a ticking time bomb,Claim,"((40907, 40944),)",Support
"We need to continue the negotiations to reduce the nuclear arsenals in the Soviet Union, the former Soviet Union, and the United States",Claim,"((44112, 44247),)",There are three fundamental challenges,Claim,"((43790, 43828),)",Support
"We have gone from first to thirteenth in wages in the world in the last twelve years, since Mr. Bush and Mr. Reagan have been in",Premise,"((5287, 5415),)",I think the American people deserve better than they're getting,Claim,"((5222, 5285),)",Support
"China, is a huge country, broken into many provinces",Premise,"((49533, 49585),)",it's huge,Premise,"((49522, 49531),)",Equivalent
there may be hundreds of thousands of people who will starve or freeze to death in this winter,Premise,"((54219, 54313),)",we do have interests there,Claim,"((54055, 54081),)",Support
we've got to really rebuild our job base,Claim,"((16730, 16770),)",That's going to take money for infrastructure and investment to do that,Claim,"((16772, 16843),)",Support
"when the tables get turned, I ought to do my share",Claim,"((20025, 20075),)","If I'm poor and you're rich, and I can get you to defend me, that's good",Claim,"((19947, 20019),)",Attack
I disagree with the tax-and-spend philosophy,Claim,"((26218, 26262),)",that's what I think I'm hearing from Governor Clinton,Claim,"((26392, 26445),)",Attack
"as we phase these industries over, there's a whole of intellectual talent in these industries",Premise,"((30312, 30405),)",A lot of these people in industries can be converted to the industries of tomorrow,Premise,"((30407, 30489),)",Support
first we must have an aggressive jobs program,Claim,"((35190, 35235),)",my first priority would be to pass a jobs program,Claim,"((34634, 34683),)",Equivalent
"think in your own business, if you had all of your long term problems financed short term",Premise,"((41050, 41139),)",You'd go broke in a hurry,Premise,"((41141, 41166),)",Support
We need to stop this proliferation of weapons of mass destruction,Claim,"((44249, 44314),)","We need to continue the negotiations to reduce the nuclear arsenals in the Soviet Union, the former Soviet Union, and the United States",Claim,"((44112, 44247),)",Support
I've gotten a lot of good experience in dealing with ordinary people over the last year and month,Premise,"((4974, 5071),)","I've touched more people's lives and seen more heartbreak and hope, more pain and more promise, than anybody else who's run for president this year",Premise,"((5073, 5220),)",Support
It has some very elderly leaders that will not be around too much longer,Premise,"((49587, 49659),)",Asia will be our largest trading partner in the future,Claim,"((49726, 49780),)",Support
we do have interests there,Claim,"((54055, 54081),)",The US should try to work with its allies and stop it,Claim,"((54315, 54368),)",Support
"We cannot pay off the $4 trillion debt, balance the budget and have the industries of the future and the high- paying jobs in this country without having the revenue",Claim,"((16894, 17059),)",We're going to go through a period of shared sacrifice,Claim,"((17061, 17115),)",Support
"now that they can, they should",Claim,"((20570, 20600),)","when the tables get turned, I ought to do my share",Claim,"((20025, 20075),)",Support
I think we shouldn't do it that quickly,Claim,"((25165, 25204),)",We've got to invest and grow,Claim,"((25381, 25409),)",Support
that's where the high-paying jobs are,Claim,"((30495, 30532),)",anybody that thinks about it cares a great deal,Claim,"((30065, 30112),)",Support
"Nobody wants gridlock anymore, and so let's get the program through",Premise,"((36457, 36524),)",We're going to have a new Congress,Claim,"((36342, 36376),)",Support
You'd go broke in a hurry,Premise,"((41141, 41166),)",we have totally mismanaged our country,Premise,"((40960, 40998),)",Support
"we have to face that in this world, economic security is a whole lot of national security",Claim,"((44324, 44413),)",There are three fundamental challenges,Claim,"((43790, 43828),)",Support
Personal income has dropped while people have worked harder,Premise,"((5417, 5476),)",I think the American people deserve better than they're getting,Claim,"((5222, 5285),)",Support
Capitalism is growing and thriving across big portions of China,Premise,"((49661, 49724),)",Asia will be our largest trading partner in the future,Claim,"((49726, 49780),)",Support
"I urged the president to support this air cover, and he did and I applaud that",Premise,"((54370, 54448),)",The US should try to work with its allies and stop it,Claim,"((54315, 54368),)",Support
We've created a mess,Premise,"((17161, 17181),)",we have got to fix it,Claim,"((17218, 17239),)",Support
There are certainly dangers there,Premise,"((21259, 21292),)",We certainly must maintain an engagement there,Claim,"((21211, 21257),)",Support
it offers the best hope to put America back to work and get our incomes rising instead of falling,Premise,"((25562, 25659),)","9 Nobel Prize-winning economists and 500 others, including numerous Republican and Democratic business executives, have endorsed this approach",Premise,"((25411, 25553),)",Support
The rest of the world practices 21st century capitalism,Premise,"((30642, 30697),)","In the rest of the world, the countries and the businesses would be working together to make this transition in an intelligent way",Premise,"((30774, 30904),)",Support
where we have created more private sector jobs since Mr. Bush has been president than have been created in the entire rest of the country,Premise,"((35337, 35474),)",I live in a state where manufacturing job growth has far outpaced the nation in the last few years,Premise,"((35237, 35335),)",Support
Our long-term interest rates are still pretty high,Claim,"((37738, 37788),)",I don't think that's the problem today,Claim,"((37602, 37640),)",Support
Our dollar's at an all time low against some foreign currencies,Premise,"((44415, 44478),)",We're weak in the world,Claim,"((44480, 44503),)",Support
"In the last four years, there have been twice as many bankruptcies as new jobs created",Premise,"((5478, 5564),)",I think the American people deserve better than they're getting,Claim,"((5222, 5285),)",Support
it's huge,Premise,"((49522, 49531),)",Asia will be our largest trading partner in the future,Claim,"((49726, 49780),)",Support
"I applaud the no-fly zone, and I know that he's going back to the United Nations to try to get authority to enforce it",Premise,"((54450, 54568),)",The US should try to work with its allies and stop it,Claim,"((54315, 54368),)",Support
don't have much to show for it,Premise,"((17183, 17213),)",We've created a mess,Premise,"((17161, 17181),)",Support
we can only be a superpower if we are an economic superpower,Premise,"((20893, 20953),)",I think is very important for us to let them assume more and more of the burden and for us to bring that money back here and rebuild our infrastructure,Claim,"((20732, 20883),)",Support
"9 Nobel Prize-winning economists and 500 others, including numerous Republican and Democratic business executives, have endorsed this approach",Premise,"((25411, 25553),)",We've got to invest and grow,Claim,"((25381, 25409),)",Support
"In the rest of the world, the countries and the businesses would be working together to make this transition in an intelligent way",Premise,"((30774, 30904),)",We need to have a very carefully thought through phase-over,Claim,"((30534, 30593),)",Support
where Mr. Bush's labor secretary said job growth has been enormous,Premise,"((35476, 35542),)",I live in a state where manufacturing job growth has far outpaced the nation in the last few years,Premise,"((35237, 35335),)",Support
We're weak in the world,Claim,"((44480, 44503),)","we have to face that in this world, economic security is a whole lot of national security",Claim,"((44324, 44413),)",Support
I think the American people deserve better than they're getting,Claim,"((5222, 5285),)",We need a new approach,Claim,"((5566, 5588),)",Support
Asia will be our largest trading partner in the future,Claim,"((49726, 49780),)",It will be a growing and a closer relationship,Claim,"((49782, 49828),)",Support
they are in no way in a fair fight with a heavily armed opponent bent on ethnic cleansing,Premise,"((54742, 54831),)",I think we have to consider whether or not we should lift the arms embargo now on the Bosnians,Claim,"((54640, 54734),)",Support
We're going to go through a period of shared sacrifice,Claim,"((17061, 17115),)",we have got to fix it,Claim,"((17218, 17239),)",Support
"we can only be an economic superpower if we have a growing, expanding job base",Premise,"((20959, 21037),)",I think is very important for us to let them assume more and more of the burden and for us to bring that money back here and rebuild our infrastructure,Claim,"((20732, 20883),)",Support
I think we shouldn't do it that quickly,Claim,"((25165, 25204),)",We've got to collect the taxes to do it,Claim,"((24088, 24127),)",Attack
We need to have a very carefully thought through phase-over,Claim,"((30534, 30593),)",Defense industries are going to have to convert to civilian industries,Claim,"((29649, 29719),)",Support
I live in a state where manufacturing job growth has far outpaced the nation in the last few years,Premise,"((35237, 35335),)",We've done it in Arkansas,Premise,"((35544, 35569),)",Support
We're weak in the world,Claim,"((44480, 44503),)",We must rebuild America's strength at home,Claim,"((44505, 44547),)",Support
The same old experience is not relevant,Claim,"((5590, 5629),)",We need a new approach,Claim,"((5566, 5588),)",Support
to make sure that they don't get the impression that they can suppress their people,Premise,"((49958, 50041),)","We have a delicate, tight-wire walk that we must go through at the present time",Claim,"((49830, 49909),)",Support
I think we have to consider whether or not we should lift the arms embargo now on the Bosnians,Claim,"((54640, 54734),)",The US should try to work with its allies and stop it,Claim,"((54315, 54368),)",Support
"Middle-class people, defined as people with incomes of $52,000 and down, had their incomes go down while their taxes went up in the Reagan-Bush years because of 6 increases in the payroll taxes",Premise,"((13550, 13743),)",that is where my income limit would trigger,Claim,"((13748, 13791),)",Support
They don't want us to control it,Claim,"((20677, 20709),)",I think is very important for us to let them assume more and more of the burden and for us to bring that money back here and rebuild our infrastructure,Claim,"((20732, 20883),)",Support
I don't think we need to do it,Claim,"((25932, 25962),)","I don't believe it is fair to slap a 50-cent-a-gallon tax over whatever many years on the people that have to drive for a living, people that go long distances",Claim,"((25771, 25930),)",Support
it's very important that we not continue to let our industrial base deteriorate,Claim,"((29841, 29920),)",Defense industries are going to have to convert to civilian industries,Claim,"((29649, 29719),)",Support
We've done it in Arkansas,Premise,"((35544, 35569),)",We can do it,Claim,"((35629, 35641),)",Support
Democracies are our partners,Premise,"((44629, 44657),)",we ought to be promoting the democratic impulses around the world,Claim,"((44562, 44627),)",Support
"We're living in a new world after the Cold War, and what works in this new world is not trickle down, not government for the benefit of the privileged few, not tax and spend, but a commitment to invest in American jobs and American education, controlling American health care costs, and bringing the American people together",Premise,"((5631, 5955),)",The same old experience is not relevant,Claim,"((5590, 5629),)",Support
to make sure that we do not cozy up to tyrants,Premise,"((49910, 49956),)","We have a delicate, tight-wire walk that we must go through at the present time",Claim,"((49830, 49909),)",Support
I think we should stiffen the embargo on the Belgrade government,Claim,"((54570, 54634),)",The US should try to work with its allies and stop it,Claim,"((54315, 54368),)",Support
"I disagree that we need 150,000 troops to fulfill our role in Europe",Claim,"((21141, 21209),)",I don't want to see us make reckless cuts,Claim,"((19325, 19366),)",Attack
"I don't believe it is fair to slap a 50-cent-a-gallon tax over whatever many years on the people that have to drive for a living, people that go long distances",Claim,"((25771, 25930),)",We've got to collect the taxes to do it,Claim,"((24088, 24127),)",Attack
we have cut defense without planning to retrain them and to reinvest in the technologies of the future here at home,Premise,"((31199, 31314),)","There are 200,000 people unemployed in California alone",Claim,"((31135, 31190),)",Support
we ought to be promoting the democratic impulses around the world,Claim,"((44562, 44627),)",There are three fundamental challenges,Claim,"((43790, 43828),)",Support
We need a new approach,Claim,"((5566, 5588),)",That is what works,Claim,"((5957, 5975),)",Support
their leaders will change in not too many years,Premise,"((50081, 50128),)",time is our friend there,Claim,"((50047, 50071),)",Support
we must do what we can,Claim,"((54876, 54898),)",The US should try to work with its allies and stop it,Claim,"((54315, 54368),)",Support
I agree with the general statement Mr. Bush made,Claim,"((21091, 21139),)",I think it is important that the US stay in Europe and continue to guarantee the peace,Claim,"((18417, 18503),)",Support
he's talking tough medicine,Premise,"((26164, 26191),)",I think that's good,Claim,"((26197, 26216),)",Support
"I want to take very dollar by which we reduce defense and reinvest it in technologies for the 21st centuryin new transportation, in communication, in environmental clean-up technologies",Premise,"((31502, 31687),)",That is what I want to do,Claim,"((31316, 31341),)",Support
my first priority would be to pass a jobs program,Claim,"((34634, 34683),)",We can do it,Claim,"((35629, 35641),)",Support
They don't go to war with each other,Premise,"((44659, 44695),)",we ought to be promoting the democratic impulses around the world,Claim,"((44562, 44627),)",Support
Mine is rooted in the real lives of real people,Premise,"((6057, 6104),)",it will bring real results if we have the courage to change,Claim,"((6110, 6169),)",Support
their country is making great progress,Premise,"((50146, 50184),)",time is our friend there,Claim,"((50047, 50071),)",Support
I think you got to be a little bit careful and you have to be sure that there's a military plan that can do this,Claim,"((51428, 51540),)",We are helping,Claim,"((51191, 51205),)",Attack
We certainly must maintain an engagement there,Claim,"((21211, 21257),)",I agree with the general statement Mr. Bush made,Claim,"((21091, 21139),)",Support
"This administration may say they have a plan, but the truth is they have not even released all the money, the paltry sum of money, that Congress appropriated",Premise,"((31343, 31500),)","There are 200,000 people unemployed in California alone",Claim,"((31135, 31190),)",Support
some of which have been echoed here tonight,Premise,"((35839, 35882),)",I've already put forward things that'll get this country working fast,Claim,"((35768, 35837),)",Support
They're reliable friends in the future,Premise,"((44697, 44735),)",we ought to be promoting the democratic impulses around the world,Claim,"((44562, 44627),)",Support
We're the United States of America,Premise,"((6654, 6688),)","this country is not coming apart at the seams, for heaven's sakes",Claim,"((6587, 6652),)",Support
"Till they're destroyed, some crazy person can either sell them or use them",Premise,"((50496, 50570),)",The fact that you have an agreement is one thing,Claim,"((50446, 50494),)",Attack
Many of the military experts whom I consulted on this agreed,Premise,"((21579, 21639),)","2 former defense secretaries recently issued a report saying that 100,000 or slightly fewer troops would be enough, including President Reagan's former defense secretary, Mr. Carlucci",Premise,"((21394, 21577),)",Support
We've got to clean this mess up,Premise,"((23981, 24012),)",We've got to collect the taxes to do it,Claim,"((24088, 24127),)",Support
No other nation would have cut defense as much as we already have without that,Premise,"((31055, 31133),)","There are 200,000 people unemployed in California alone",Claim,"((31135, 31190),)",Support
"investment tax allowance, capital gains reduction, more on research and development, tax credit for first-time home buyers",Premise,"((35882, 36004),)",some of which have been echoed here tonight,Premise,"((35839, 35882),)",Support
Our exports are dramatically up,Premise,"((45051, 45082),)",We're the envy of the world in terms of our economy,Claim,"((44927, 44978),)",Support
"In spite of the economic problems, we're the most respected economy around the world",Premise,"((6690, 6774),)","this country is not coming apart at the seams, for heaven's sakes",Claim,"((6587, 6652),)",Support
We have written agreements and we have some missiles that have been destroyed,Premise,"((50267, 50344),)",The fact that you have an agreement is one thing,Claim,"((50446, 50494),)",Support
"We're going to have to spend more money in the future on military technology and on greater mobility, greater airlift, greater sealift, the B-22 airplane",Claim,"((21641, 21794),)",We're going to have to do some things that are quite costly,Claim,"((21796, 21855),)",Support
we have cut defense without planning to retrain them and to reinvest in the technologies of the future here at home,Premise,"((31199, 31314),)",it is a good program,Claim,"((29059, 29079),)",Attack
"we're going to say to them, you've listened to the voters the way we have",Claim,"((36382, 36455),)",We're going to have a new Congress,Claim,"((36342, 36376),)",Support
there's so much fascination with trivia,Premise,"((45165, 45204),)",you might have missed it,Claim,"((45131, 45155),)",Support
Many would trade for it,Premise,"((6776, 6799),)","this country is not coming apart at the seams, for heaven's sakes",Claim,"((6587, 6652),)",Support
we have a huge number of intercontinental ballistic missiles that are still in place in Russia,Premise,"((50350, 50444),)","Till they're destroyed, some crazy person can either sell them or use them",Premise,"((50496, 50570),)",Support
"2 former defense secretaries recently issued a report saying that 100,000 or slightly fewer troops would be enough, including President Reagan's former defense secretary, Mr. Carlucci",Premise,"((21394, 21577),)","I simply don't believe we can afford nor do we need to keep 150,000 troops in Europe",Claim,"((21861, 21945),)",Support
He's mentioned some ways to do it and I agree with those,Premise,"((26577, 26633),)",I believe what you need to do is some of what Ross is talking about: control the growth of mandatory spending and get taxes down,Claim,"((26447, 26575),)",Support
take a look at what the president has proposed on job retraining,Premise,"((28121, 28185),)",that one we came away with in creating jobs for the American people,Claim,"((28019, 28086),)",Support
"Nobody wants gridlock anymore, and so let's get the program through",Premise,"((36457, 36524),)",I believe it'll work,Claim,"((36530, 36550),)",Support
we got it,Claim,"((45668, 45677),)",we've got a good military,Claim,"((45569, 45594),)",Equivalent
"Yes, there are big problems, and yes, people are hurting",Claim,"((7123, 7179),)",we ought not try to convince the American people that America is a country that's coming apart at the seams,Claim,"((6877, 6984),)",Attack
over the long run they will be more reliable partners,Claim,"((48029, 48082),)",we ought to be able to preserve the democratic interests of the people of China,Claim,"((47944, 48023),)",Support
"given how much the Red Army, now under the control of Russia, has been cut, the arms control agreement concluded between Mr. Bush and Mr. Yeltsin",Premise,"((21946, 22091),)","I simply don't believe we can afford nor do we need to keep 150,000 troops in Europe",Claim,"((21861, 21945),)",Support
I've been talking about getting a capital gains cut forever,Premise,"((26635, 26694),)",He's mentioned some ways to do it and I agree with those,Premise,"((26577, 26633),)",Support
stimulate investment and savings,Claim,"((28546, 28578),)",I think it was the correct decision to do,Claim,"((27869, 27910),)",Support
we got the plans,Premise,"((36574, 36590),)",I believe it'll work,Claim,"((36530, 36550),)",Support
they're keeping the peace,Premise,"((45683, 45708),)",we got it,Claim,"((45668, 45677),)",Support
you're going to have a whole brand new bunch of people in the Congress that are going to have to listen to the same American people I'm listening to,Premise,"((7341, 7489),)","I believe we can get it done now, whereas we didn't in the past",Claim,"((7268, 7331),)",Support
the policies he's expounding of putting conditions on M.F.N. and kind of humiliating them is not the way you make the kind of progress we are getting,Claim,"((48774, 48923),)","I would say if you want to continue as Most Favored Nation status for your government owned industries as well as your private ones, observe human rights in the future",Claim,"((47637, 47804),)",Attack
"I don't think we need 150,000 troops",Claim,"((22121, 22157),)","I simply don't believe we can afford nor do we need to keep 150,000 troops in Europe",Claim,"((21861, 21945),)",Support
his friends in Congress have been telling me that's a tax break for the rich,Premise,"((26700, 26776),)",He's mentioned some ways to do it and I agree with those,Premise,"((26577, 26633),)",Support
The plans are all over Washington,Premise,"((36592, 36625),)",we got the plans,Premise,"((36574, 36590),)",Support
they're respected around the world,Premise,"((45714, 45748),)",we got it,Claim,"((45668, 45677),)",Support
if we're at a point in history where we want to stop talking about it and do it,Premise,"((7994, 8073),)","I've got a lot of experience in figuring out how to solve problems, making the solutions work, and then moving on to the next one",Claim,"((8075, 8204),)",Support
They didn't go over to coddle,Claim,"((49372, 49401),)","Not because we coddled them, but because the Administration was pushed into doing something about it",Claim,"((47266, 47366),)",Attack
"I don't think we need 150,000 troops",Claim,"((22121, 22157),)","I disagree that we need 150,000 troops to fulfill our role in Europe",Claim,"((21141, 21209),)",Equivalent
It would stimulate investment,Claim,"((26778, 26807),)",I believe what you need to do is some of what Ross is talking about: control the growth of mandatory spending and get taxes down,Claim,"((26447, 26575),)",Support
I've put ours together in something called the Agenda for American Renewal,Premise,"((36631, 36705),)",we got the plans,Premise,"((36574, 36590),)",Support
because of the way we have conducted ourselves,Premise,"((45775, 45821),)",we're more respected,Claim,"((45754, 45774),)",Support
if it's time for action,Premise,"((8292, 8315),)",I think I have experience that counts,Claim,"((8317, 8354),)",Support
it would be paid for by raising taxes on the wealthy,Premise,"((22282, 22334),)",he vetoed a middle class tax cut,Claim,"((22241, 22273),)",Support
it makes sense,Claim,"((36711, 36725),)",I've put ours together in something called the Agenda for American Renewal,Premise,"((36631, 36705),)",Support
We didn't listen to the nuclear freeze crowd,Premise,"((45823, 45867),)",we're more respected,Claim,"((45754, 45774),)",Support
"If there's more time for gridlock and talk and finger pointing, I'm the wrong man",Premise,"((8356, 8437),)",I think I have experience that counts,Claim,"((8317, 8354),)",Support
paid for by raising taxes on the wealthy,Premise,"((22294, 22334),)",vetoed an investment tax credit,Claim,"((22339, 22370),)",Support
it's sensible,Claim,"((36727, 36740),)",I've put ours together in something called the Agenda for American Renewal,Premise,"((36631, 36705),)",Support
"We said, ""Peace through strength,""",Premise,"((45869, 45903),)",it worked,Premise,"((45908, 45917),)",Support
"I've got a lot of experience in figuring out how to solve problems, making the solutions work, and then moving on to the next one",Claim,"((8075, 8204),)",I do have a lot of experience in getting things done,Claim,"((7936, 7988),)",Support
We are the sole remaining superpower,Claim,"((18988, 19024),)",I simply do not think we should go back to the isolation days and starting blaming foreigners,Claim,"((18893, 18986),)",Support
it gets to the base of the kind of jobs we need,Claim,"((36759, 36806),)",I've put ours together in something called the Agenda for American Renewal,Premise,"((36631, 36705),)",Support
it worked,Premise,"((45908, 45917),)",the cold war is over,Premise,"((45922, 45942),)",Support
"I don't have any experience in creating the worst public school system in the industrialized world, the most violent crime-ridden society in the industrialized world",Premise,"((7765, 7930),)",I do have a lot of experience in getting things done,Claim,"((7936, 7988),)",Support
we are there,Premise,"((19739, 19751),)",I think this insurance policy is necessary,Claim,"((19757, 19799),)",Support
I don't think we need to do it,Claim,"((25932, 25962),)",I do not want to go the tax-and-spend route,Claim,"((27016, 27059),)",Support
I've put ours together in something called the Agenda for American Renewal,Premise,"((36631, 36705),)",I'll just be asking for support to get that put into effect,Premise,"((36815, 36874),)",Support
the cold war is over,Premise,"((45922, 45942),)",we're more respected,Claim,"((45754, 45774),)",Support
I don't have any experience in gridlock government where nobody takes responsibility for anything and everybody blames everybody else,Premise,"((7630, 7763),)",I do have a lot of experience in getting things done,Claim,"((7936, 7988),)",Support
"Today you've got problems in Europe, still bubbling along even though Europe's gone democracy's route",Premise,"((19632, 19733),)",I think this insurance policy is necessary,Claim,"((19757, 19799),)",Support
I do not want to go the tax-and-spend route,Claim,"((27016, 27059),)",We've got to collect the taxes to do it,Claim,"((24088, 24127),)",Attack
we are helping democracy,Claim,"((46049, 46073),)","we're so, turned so inward we don't understand the global picture",Claim,"((45978, 46043),)",Support
I don't have any experience in running up a $4 trillion debt,Premise,"((7568, 7628),)",I do have a lot of experience in getting things done,Claim,"((7936, 7988),)",Support
"now that they can, they should",Claim,"((20570, 20600),)","when they couldn't, we should have",Claim,"((20534, 20568),)",Attack
the people who will be helped the most by it are the working people who will get the jobs created because of this tax,Claim,"((23318, 23435),)","I know it's not popular,",Claim,"((23243, 23267),)",Attack
The Freedom Support Act is something I got through the Congress,Premise,"((46081, 46144),)",it's a very good thing,Claim,"((46150, 46172),)",Support
I've got a lot of experience in not taking 10 years to solve a 10-minute problem,Claim,"((8206, 8286),)",I think I have experience that counts,Claim,"((8317, 8354),)",Support
there are certainly other trouble spots in the world which are closer to Europe than to the US,Premise,"((21294, 21388),)",We certainly must maintain an engagement there,Claim,"((21211, 21257),)",Support
leave this country in good shape,Premise,"((24014, 24046),)",We've got to collect the taxes to do it,Claim,"((24088, 24127),)",Support
it's a very good thing,Claim,"((46150, 46172),)",we're going to keep on doing that,Claim,"((46276, 46309),)",Support
the Germans spend around 30 billion in Europe,Premise,"((20180, 20225),)","when the tables get turned, I ought to do my share",Claim,"((20025, 20075),)",Support
pass on the American dream to them,Premise,"((24052, 24086),)",We've got to collect the taxes to do it,Claim,"((24088, 24127),)",Support
we're going to keep on doing that,Claim,"((46276, 46309),)",we are helping democracy,Claim,"((46049, 46073),)",Support
Germany will spend a trillion dollars building infrastructure over the next 10 years,Premise,"((20240, 20324),)",the Germans spend around 30 billion in Europe,Premise,"((20180, 20225),)",Support
"These young people, when they get out of this wonderful university, will have difficulty finding a job",Claim,"((23877, 23979),)",We've got to collect the taxes to do it,Claim,"((24088, 24127),)",Support
"I worked out a deal with Boris Yeltsin to eliminate, get rid of entirely, the most destabilizing weapons of all, the SS-18, the intercontinental ballistic missile",Premise,"((45210, 45372),)",We made dramatic progress,Claim,"((45534, 45559),)",Support
We're going to have to do some things that are quite costly,Claim,"((21796, 21855),)","I simply don't believe we can afford nor do we need to keep 150,000 troops in Europe",Claim,"((21861, 21945),)",Support
"it does exactly what you say, and I think you agree with that, to help Russian democracy",Premise,"((46182, 46270),)",it's a very good thing,Claim,"((46150, 46172),)",Support
