source_unique_id,target_unique_id,source_id,target_id,source_text,target_text,relation_class,year
1984_ffe18d75039679331c8b24a4a5be0745,1984_341df83e181e629075d5a33ba4d6ebc5,T630,T441,"The question, I think, should be enlarged","Is America better off than it was 4 years ago? And I believe the answer to that has to also be ""yes.'",Support,1984
1984_4a038b66c4f3df1e21e7e206d3363aa4,1984_341df83e181e629075d5a33ba4d6ebc5,T443,T441,I promised a new beginning,"Is America better off than it was 4 years ago? And I believe the answer to that has to also be ""yes.'",Support,1984
1984_6d015732203a0042f75751d4abfee35f,1984_ffe18d75039679331c8b24a4a5be0745,T440,T630,"I think that most of the people in this country would say, yes, they are better off than they were 4 years ago","The question, I think, should be enlarged",Support,1984
1984_4a038b66c4f3df1e21e7e206d3363aa4,1984_a3ef01f8fa5c333508bd6d6ae77c5992,T443,T631,I promised a new beginning,"So far, it is only a beginning",Support,1984
1984_97b5a7085bce77f4708ff7fa2363f063,1984_119cf67049868b6a45ec5104b0989434,T639,T636,Productivity in the first half of 1980 was down a minus 2 percent,Today it is up a plus 4 percent,Support,1984
1984_52dd534e19e42c0b61d1bc3acfff4349,1984_4fdffd86d58eff4f490f6d8817802ca9,T637,T638,"In the first half of 1980, gross national product was down a minus 3.7 percent",The first half of '84 it's up 8\1/2\ percent,Support,1984
1984_5bbadbeb9865bd8f262fc2bad855f645,1984_813789de8baec9d1087d3692810967d8,T633,T634,"In 1980 -- or 1979, a person with a fixed income of $8,000 was $500 above the poverty line",this maybe explains why there are the numbers still in poverty,Support,1984
1984_92f8ff0dcfd6393d50b48717de3d4630,1984_813789de8baec9d1087d3692810967d8,T632,T634,By 1980 that same person was $500 below the poverty line,this maybe explains why there are the numbers still in poverty,Support,1984
1984_574565139c6a353692fa4538e0b34791,1984_52e2285cacda90095188ab68f21bc563,T640,T442,"With regard to business investment, it is higher than it has been since 1949",We have restored much of our economy,Support,1984
1984_6ed9d57c33f5e3b0f1628d47f06d35b1,1984_52e2285cacda90095188ab68f21bc563,T641,T442,there seems to be no shortage of investment capital,We have restored much of our economy,Support,1984
1984_f641b8674bced7d72ccf835d715deef4,1984_52e2285cacda90095188ab68f21bc563,T635,T442,"Personal earnings after taxes per capita have gone up almost $3,000 in these 4 years",We have restored much of our economy,Support,1984
1984_119cf67049868b6a45ec5104b0989434,1984_52e2285cacda90095188ab68f21bc563,T636,T442,Today it is up a plus 4 percent,We have restored much of our economy,Support,1984
1984_4fdffd86d58eff4f490f6d8817802ca9,1984_52e2285cacda90095188ab68f21bc563,T638,T442,The first half of '84 it's up 8\1/2\ percent,We have restored much of our economy,Support,1984
1984_b15a66259375fb4a8ce82bc634adda24,1984_52e2285cacda90095188ab68f21bc563,T445,T442,"we have reduced inflation, and for 2 years now it has stayed down there, not at double digit, but in the range of 4 or below",We have restored much of our economy,Support,1984
1984_a88024f5068250bbba7c91eff136fe90,1984_52e2285cacda90095188ab68f21bc563,T444,T442,"We have, as I said, cut the taxes",We have restored much of our economy,Support,1984
1984_7ff4184b37056b43edbfd29c4a19dd64,1984_33e6c32224e892a4c96cf202b1a51cd0,T447,T446,"Yes, we have an increase in the defense budget.",We believe that we had also promised that we would make our country more secure.,Support,1984
1984_3be2375604ca2e4cde5bb3b1e666bc3a,1984_33e6c32224e892a4c96cf202b1a51cd0,T643,T446,back then we had planes that couldn't fly for lack of spare parts or pilots,We believe that we had also promised that we would make our country more secure.,Support,1984
1984_980e87f6ad6c1981a38279ba92eb5c99,1984_33e6c32224e892a4c96cf202b1a51cd0,T644,T446,"We had navy vessels that couldn't leave harbor because of lack of crew or, again, lack of spare parts",We believe that we had also promised that we would make our country more secure.,Support,1984
1984_e3f4f2757baaed821a30f34a31ea7fce,1984_33e6c32224e892a4c96cf202b1a51cd0,T642,T446,Today we're well on our way to a 600-ship navy,We believe that we had also promised that we would make our country more secure.,Support,1984
1984_0cd7d1fe2b2e7ed2353fecfe73a4bf50,1984_e3f4f2757baaed821a30f34a31ea7fce,T645,T642,We have 543 at present,Today we're well on our way to a 600-ship navy,Support,1984
1984_8037ac5567d46a623ab81304c2f5bbb3,1984_50a54dbcad7fb6915c0beda3e61c7b79,T454,T455,"then you add to that food and wardrobe, and all the other things",you only have a small portion going for weapons.,Support,1984
1984_ce0b889a134f45c72589f6b274b03f7b,1984_50a54dbcad7fb6915c0beda3e61c7b79,T448,T455,"I think the people should understand that two-thirds of the defense budget pays for pay and salary, or pay and pension",you only have a small portion going for weapons.,Support,1984
1984_e925a2ddafca4728d64f5f58ea5e0cd3,1984_126179de0bfcbce60ccc431855fc4862,T457,T453,"There has been reference to expensive spare parts, hammers costing $500.","I am determined that if ever our men are called on, they should have the best that we can provide in the manner of tools and weapons.",Support,1984
1984_f386a1063bb8b465df4cbff397ce3768,1984_e925a2ddafca4728d64f5f58ea5e0cd3,T456,T457,we are the ones who found those,"There has been reference to expensive spare parts, hammers costing $500.",Support,1984
1984_8bb87386c1085c9ccb9a6138e0ea4c46,1984_83a77e8765bbd4bc5bb5cb5672a49b3c,T450,T449,I think there's an optimism in the land and a patriotism,I think we've given the American people back their spirit,Support,1984
1984_651a30d00b80bb2abdf1a8a2bde21bf2,1984_83a77e8765bbd4bc5bb5cb5672a49b3c,T451,T449,"I think that we're in a position once again to heed the words of Thomas Paine, who said: ""We have it in our power to begin the world over again.''",I think we've given the American people back their spirit,Support,1984
1984_b10cc01a6306592b29b0e81c67772d1d,1984_9e02f1ac14cbba15ee1f57d2e553bbda,T647,T452,"if you're modest income, you're worse off",That's what the economists tell us,Support,1984
1984_cdeb994d73ba7a66fd57d6837d789cc4,1984_9e02f1ac14cbba15ee1f57d2e553bbda,T649,T452,"If you're middle income, you're about where you were",That's what the economists tell us,Support,1984
1984_d7b50294b3860eb0802e0c56a24f9fb5,1984_9e02f1ac14cbba15ee1f57d2e553bbda,T648,T452,"if you're wealthy, you're better off",That's what the economists tell us,Support,1984
1984_75f2777d66285c01287e3302086ba7bd,1984_ea19f48590a651c26e30827f7d797d38,T460,T458,I would rather lose a campaign about decency than win a campaign about self-interest.,I don't think this nation is composed of people who care only for themselves,Support,1984
1984_ca30aa03b02adf1d734865d59078c8a6,1984_7b0d1ffb40a8cec6b0b34baa394d10d7,T650,T651,"when we sought to assault Social Security and Medicare, as the record shows we did",I think that was mean-spirited,Support,1984
1984_57d27db53eaf3549907aa8af69a04daf,1984_b04ec1a6ffb06838830a3a55c9961164,T463,T464,"When we terminated 400,000 desperate, hopeless, defenseless Americans who were on disability -- confused and unable to defend themselves, and just laid them out on the street, as we did for 4 years",I don't think that's what America is all about.,Support,1984
1984_c2c497377f0839473c79775e3e713025,1984_a68dcc5cfb4c1faeb0b29c091091664c,T465,T652,America is a fair society,it is not right that Vice President Bush pays less in taxes than the janitor who helps him,Support,1984
1984_a0eb39547ea42c64d914c871ef13d63c,1984_f89cc61755f033e70505cfeffe08a627,T466,T462,I think their record on the environment is inexcusable and often shameful,I believe that we will be better off if we protect this environment,Support,1984
1984_a0eb39547ea42c64d914c871ef13d63c,1984_1be234cf33e53536ae150a050068b1fd,T466,T471,I think their record on the environment is inexcusable and often shameful,"I think our future requires a President to lead us in an all-out search to advance our education, our learning, and our science and training",Support,1984
1984_226a687cc04c692aaae5e59de9e4830b,1984_1be234cf33e53536ae150a050068b1fd,T461,T471,I believe there's fundamental fairness crying out that needs to be achieved in our tax system,"I think our future requires a President to lead us in an all-out search to advance our education, our learning, and our science and training",Support,1984
1984_7b0d1ffb40a8cec6b0b34baa394d10d7,1984_1be234cf33e53536ae150a050068b1fd,T651,T471,I think that was mean-spirited,"I think our future requires a President to lead us in an all-out search to advance our education, our learning, and our science and training",Support,1984
1984_b04ec1a6ffb06838830a3a55c9961164,1984_1be234cf33e53536ae150a050068b1fd,T464,T471,I don't think that's what America is all about.,"I think our future requires a President to lead us in an all-out search to advance our education, our learning, and our science and training",Support,1984
1984_995a477e43b9ed27a3fb17a3c9b7b7ba,1984_1be234cf33e53536ae150a050068b1fd,T467,T471,this world is more complex and we're being pressed harder all the time,"I think our future requires a President to lead us in an all-out search to advance our education, our learning, and our science and training",Support,1984
1984_5b10ca8321033c24ee086e8706bfa633,1984_a27f97f9669c9c10a7a556542094d85a,T472,T653,we've had civil rights laws and the laws that prohibit discrimination against women,We won the Olympics,Support,1984
1984_157d7c82d68ac1f4a82104747e3b389d,1984_fc56966852353704d7476c79de65eb13,T657,T654,"President Kennedy once said in response to similar arguments, ""We are great, but we can be greater.''",The question is our future,Support,1984
1984_157d7c82d68ac1f4a82104747e3b389d,1984_d1aa505f50f435df6d777d4da76b9d18,T657,T656,"President Kennedy once said in response to similar arguments, ""We are great, but we can be greater.''","We can be better if we face our future, rejoice in our strengths, face our problems, and by solving them, build a better society for our children",Support,1984
1984_226a687cc04c692aaae5e59de9e4830b,1984_52e2285cacda90095188ab68f21bc563,T461,T442,I believe there's fundamental fairness crying out that needs to be achieved in our tax system,We have restored much of our economy,Attack,1984
1984_2aeb50630546f827f5a8024a942d214f,1984_d0b8bd91159a508aa2326ebb0fa0740a,T354,T353,reaching an agreement with the Soviets is the most important thing in the world to you,with respect to the Soviet Union you want to negotiate a mutual nuclear freeze,Support,1984
1984_c4e245e43ba96bed76a60b4ae38e6ac1,1984_9b1d4fd2ff4ba657df4f2ce92e4fd373,T356,T355,"I support the air launch cruise missile, the ground launch cruise missile, the Pershing missile, the Trident submarine, the D - 5 submarine, Stealth technology, the Midgetman -- we have a whole range of technology",we have a vast range of technology and weaponry right now that provides all the bargaining chips that we need,Support,1984
1984_e262dbe8471bf1b6ecb7a19f60ecd0bf,1984_a408e11a0de3fbafd90ae480eb616d75,T357,T358,it's a sitting duck,It'll draw an attack,Support,1984
1984_64671bb88f66ab11b17da9fe53b8a325,1984_a408e11a0de3fbafd90ae480eb616d75,T359,T358,"It puts a hair-trigger, and it is a dangerous, destabilizing weapon",It'll draw an attack,Support,1984
1984_ab90d2e5b2702d7a5f9098c91b7da37d,1984_deabb287bc9d7692b01213f2870aac05,T361,T360,for 15 years the Soviet Union has been preparing to meet the B - 1,the B - 1 is similarly to be opposed,Support,1984
1984_ab90d2e5b2702d7a5f9098c91b7da37d,1984_4db04d1b6ecc56bf37df15c517c7dc52,T361,T362,for 15 years the Soviet Union has been preparing to meet the B - 1,The Secretary of Defense himself said it would be a suicide mission if it were built,Support,1984
1984_4db04d1b6ecc56bf37df15c517c7dc52,1984_deabb287bc9d7692b01213f2870aac05,T362,T360,The Secretary of Defense himself said it would be a suicide mission if it were built,the B - 1 is similarly to be opposed,Support,1984
1984_5f4afef8d97a09858342ece2d65afa49,1984_39e94e21b72f5efba21c7aefa89919fc,T582,T363,which is mobile and thus less vulnerable,I want to build the Midgetman,Support,1984
1984_33a5a903563352812edbfadd3c13c96d,1984_39e94e21b72f5efba21c7aefa89919fc,T583,T363,contributing to stability,I want to build the Midgetman,Support,1984
1984_5f4afef8d97a09858342ece2d65afa49,1984_33a5a903563352812edbfadd3c13c96d,T582,T583,which is mobile and thus less vulnerable,contributing to stability,Support,1984
1984_5f4afef8d97a09858342ece2d65afa49,1984_43273670098a75e624d37e67f9011f1e,T582,T584,which is mobile and thus less vulnerable,a weapon that will give us security and contribute to an incentive for arms control,Support,1984
1984_43273670098a75e624d37e67f9011f1e,1984_39e94e21b72f5efba21c7aefa89919fc,T584,T363,a weapon that will give us security and contribute to an incentive for arms control,I want to build the Midgetman,Support,1984
1984_f8cb04a7c686dddd752ac7333dc61ddd,1984_b5f4fa4a963aad15efbabc09fabbf4a7,T585,T364,which I've supported for years,"I'm for Stealth technology, to build a Stealth bomber",Support,1984
1984_f2ca8fc19af163a3e915c5c75a3ab379,1984_f8cb04a7c686dddd752ac7333dc61ddd,T586,T585,that can penetrate the Soviet air defense system without any hope that they can perceive where it is because their radar system is frustrated,which I've supported for years,Support,1984
1984_bb21d11f7b9fb199d155a022cb29fa36,1984_da81fb6c98599a5c52ea9391e7cc848d,T367,T368,Our conventional strength in Europe is under strength,We need to strengthen that,Support,1984
1984_f80cf05f18197b6d58c20cb84cbfe0f3,1984_da81fb6c98599a5c52ea9391e7cc848d,T587,T368,"to assure our Western allies of our presence there, a strong defense",We need to strengthen that,Support,1984
1984_7b02a3e50a1e33c0e5150126ef6a8d18,1984_da81fb6c98599a5c52ea9391e7cc848d,T588,T368,to diminish and reduce the likelihood of a commencement of a war and the use of nuclear weapons,We need to strengthen that,Support,1984
1984_518b69aa02c49d69081f31852df5bd2c,1984_c4e245e43ba96bed76a60b4ae38e6ac1,T365,T356,This makes us stronger,"I support the air launch cruise missile, the ground launch cruise missile, the Pershing missile, the Trident submarine, the D - 5 submarine, Stealth technology, the Midgetman -- we have a whole range of technology",Support,1984
1984_434d133a1ee31b749d3096a95fa12287,1984_518b69aa02c49d69081f31852df5bd2c,T366,T365,we can use this money that we save on these weapons to spend on things that we really need,This makes us stronger,Support,1984
1984_c1cd7a2e040db8feebae3a9f589191e5,1984_518b69aa02c49d69081f31852df5bd2c,T369,T365,"in this way, by making wise choices, that we're stronger",This makes us stronger,Support,1984
1984_4d66f7d3b288bc90bb7731b4609202f2,1984_508b3e1cb58431151496df5b51e243c6,T370,T1,Every President until this one has been able to do it,"In other words, a President has to make choices",Support,1984
1984_cb3fe0cf7ad1b520d81ec82dac9a0e82,1984_b8c39738b0d2ede7b34c06b6a9fa2aa8,T376,T373,the Soviets encode their telemetry,testing would be very difficult to verify,Support,1984
1984_cb3fe0cf7ad1b520d81ec82dac9a0e82,1984_7bb0092cf19606995f726fadc6a1232d,T376,T374,the Soviets encode their telemetry,Research would be impossible to verify,Support,1984
1984_b8c39738b0d2ede7b34c06b6a9fa2aa8,1984_d829630b3f20dafa537b70709084d85b,T373,T372,testing would be very difficult to verify,you do have some problems with the extent of the freeze,Support,1984
1984_7bb0092cf19606995f726fadc6a1232d,1984_d829630b3f20dafa537b70709084d85b,T374,T372,Research would be impossible to verify,you do have some problems with the extent of the freeze,Support,1984
1984_ffb819d693cd3c9462530947384ec880,1984_d829630b3f20dafa537b70709084d85b,T375,T372,"Numbers of warheads would be impossible to verify by satellite, except for with onsite inspection",you do have some problems with the extent of the freeze,Support,1984
1984_e10f0c39a7d8d0cce2d4dad234884bd5,1984_d829630b3f20dafa537b70709084d85b,T589,T372,production of any weapon would be impossible to verify,you do have some problems with the extent of the freeze,Support,1984
1984_1038cf4cf2e3f720bd8cd56e13bd9f2d,1984_3facc19ca9445ae351fd33a3fa0a2816,T379,T378,"Whenever a weapon is tested we count the number of warheads on it, and whenever that warhead is used we count that number of warheads, whether they have that number or less on it, or not",The warhead principle -- there have been counting rules for years,Support,1984
1984_3facc19ca9445ae351fd33a3fa0a2816,1984_e15b72a70304c7ba6ea560d910e22768,T378,T2,The warhead principle -- there have been counting rules for years,These are standard rules,Support,1984
1984_65b376a436e5b79cc09544cf648c1992,1984_16f4e8ddc757c84cdc890e0da066e7fb,T381,T380,I don't trust the Russians,"I will not agree to any production restrictions -- or agreements, unless we have the ability to verify those agreements",Support,1984
1984_cacaaef3a84877218abb7c41e02de43e,1984_16f4e8ddc757c84cdc890e0da066e7fb,T382,T380,I believe that every agreement we reach must be verifiable,"I will not agree to any production restrictions -- or agreements, unless we have the ability to verify those agreements",Support,1984
1984_ae8217196321b9d365ee82c827f9221f,1984_16f4e8ddc757c84cdc890e0da066e7fb,T440,T380,I will not agree to anything that we cannot tell every day,"I will not agree to any production restrictions -- or agreements, unless we have the ability to verify those agreements",Support,1984
1984_16f4e8ddc757c84cdc890e0da066e7fb,1984_f749a31ae7b6b190e35f361c6c7b1f4c,T380,T383,"I will not agree to any production restrictions -- or agreements, unless we have the ability to verify those agreements",we've got to be tough,Support,1984
1984_e15b72a70304c7ba6ea560d910e22768,1984_16f4e8ddc757c84cdc890e0da066e7fb,T2,T380,These are standard rules,"I will not agree to any production restrictions -- or agreements, unless we have the ability to verify those agreements",Support,1984
1984_2558b7d785b9801a1030def03e7f23d1,1984_a5e07a316ea03df530a1e15075df7fc2,T590,T384,so that we know the Soviets are agreeing and living up to their agreement,"in order to stop this arms madness, we've got to push ahead with tough negotiations that are verifiable",Support,1984
1984_65b376a436e5b79cc09544cf648c1992,1984_a5e07a316ea03df530a1e15075df7fc2,T381,T384,I don't trust the Russians,"in order to stop this arms madness, we've got to push ahead with tough negotiations that are verifiable",Support,1984
1984_73ffc149b33b5e3e083a6d8047001667,1984_4d71e1886764002664219986f4b1fb6e,T386,T385,because of our undercutting of what was a stalwart ally -- the Shah of Iran,I did criticize the President,Support,1984
1984_b5f86bc918b1eb4643efd4cab761667a,1984_73ffc149b33b5e3e083a6d8047001667,T387,T386,I am not at all convinced that he was that far out of line with his people or that they wanted that to happen,because of our undercutting of what was a stalwart ally -- the Shah of Iran,Support,1984
1984_efbe778407412e5824ad9b56866ec2e3,1984_73ffc149b33b5e3e083a6d8047001667,T388,T386,The Shah had done our bidding and carried our load in the Middle East for quite some time,because of our undercutting of what was a stalwart ally -- the Shah of Iran,Support,1984
1984_efbe778407412e5824ad9b56866ec2e3,1984_840bb61c10bb910faf794089164242d1,T388,T591,The Shah had done our bidding and carried our load in the Middle East for quite some time,I did think that it was a blot on our record that we let him down,Support,1984
1984_840bb61c10bb910faf794089164242d1,1984_4d71e1886764002664219986f4b1fb6e,T591,T385,I did think that it was a blot on our record that we let him down,I did criticize the President,Support,1984
1984_ef4122742cf72be1cee6c9e841c86811,1984_b5f86bc918b1eb4643efd4cab761667a,T389,T387,"The Shah, whatever he might have done, was building low-cost housing, had taken land away from the Mullahs and was distributing it to the peasants so they could be landowners -- things of that kind",I am not at all convinced that he was that far out of line with his people or that they wanted that to happen,Support,1984
1984_ef4122742cf72be1cee6c9e841c86811,1984_840bb61c10bb910faf794089164242d1,T389,T591,"The Shah, whatever he might have done, was building low-cost housing, had taken land away from the Mullahs and was distributing it to the peasants so they could be landowners -- things of that kind",I did think that it was a blot on our record that we let him down,Support,1984
1984_fcce0e5fa765d43570f1fbdd72bc9d68,1984_73ffc149b33b5e3e083a6d8047001667,T390,T386,"we turned it over to a maniacal fanatic who has slaughtered thousands and thousands of people, calling it executions",because of our undercutting of what was a stalwart ally -- the Shah of Iran,Support,1984
1984_905b143e5f8069becd5c3d9849f35aa9,1984_625d027b3c29681d0ef691173238a86f,T394,T395,"the promise of the revolution was democracy, human rights, free labor unions, free press","just as Castro had done in Cuba, the Sandinistas ousted the other parties to the revolution",Support,1984
1984_905b143e5f8069becd5c3d9849f35aa9,1984_dfad8d3a2eff41c53dc208802df6c0bb,T394,T393,"the promise of the revolution was democracy, human rights, free labor unions, free press",the previous administration stood by and so did I -- not that I could have done anything in my position at that time -- but for this revolution to take place,Support,1984
1984_625d027b3c29681d0ef691173238a86f,1984_e4665061e61891d4a17c7c3663deb938,T395,T402,"just as Castro had done in Cuba, the Sandinistas ousted the other parties to the revolution","I think that we've had enough of a record of letting -- under the guise of revolution -- someone that we thought was a little more right than we would be, letting that person go, and then winding up with totalitarianism, pure and simple, as the alternative",Support,1984
1984_0ed3b4efe1bce328bf8c4f28a9d50cef,1984_e4665061e61891d4a17c7c3663deb938,T396,T402,Many of them are now the contras,"I think that we've had enough of a record of letting -- under the guise of revolution -- someone that we thought was a little more right than we would be, letting that person go, and then winding up with totalitarianism, pure and simple, as the alternative",Support,1984
1984_93d3b3aaf91ce46b50033f0706286c6d,1984_e4665061e61891d4a17c7c3663deb938,T397,T402,"They exiled some, they jailed some, they murdered some","I think that we've had enough of a record of letting -- under the guise of revolution -- someone that we thought was a little more right than we would be, letting that person go, and then winding up with totalitarianism, pure and simple, as the alternative",Support,1984
1984_d1d221f408c98825b3f6bb9c45ad738b,1984_e4665061e61891d4a17c7c3663deb938,T398,T402,they installed a Marxist-Leninist totalitarian government,"I think that we've had enough of a record of letting -- under the guise of revolution -- someone that we thought was a little more right than we would be, letting that person go, and then winding up with totalitarianism, pure and simple, as the alternative",Support,1984
1984_d1d221f408c98825b3f6bb9c45ad738b,1984_cf8004a1806544e10e4fca1dd8dd0546,T398,T391,they installed a Marxist-Leninist totalitarian government,I never defended Somoza,Support,1984
1984_93d3b3aaf91ce46b50033f0706286c6d,1984_cf8004a1806544e10e4fca1dd8dd0546,T397,T391,"They exiled some, they jailed some, they murdered some",I never defended Somoza,Support,1984
1984_e4665061e61891d4a17c7c3663deb938,1984_cc1762d6a1cb793c4e330057749196cd,T402,T403,"I think that we've had enough of a record of letting -- under the guise of revolution -- someone that we thought was a little more right than we would be, letting that person go, and then winding up with totalitarianism, pure and simple, as the alternative","I think that we're better off, for example with the Philippines, of trying to retain our friendship and help them right the wrongs we see, rather than throwing them to the wolves and then facing a Communist power in the Pacific",Support,1984
1984_3a2657a9e83de93a78c8074ee55970c5,1984_cc1762d6a1cb793c4e330057749196cd,T401,T403,They have been our friend since their inception as a nation,"I think that we're better off, for example with the Philippines, of trying to retain our friendship and help them right the wrongs we see, rather than throwing them to the wolves and then facing a Communist power in the Pacific",Support,1984
1984_09c713f23e9535385079e0fb3ab1e56e,1984_cc1762d6a1cb793c4e330057749196cd,T400,T403,It is a large Communist movement to take over the Philippines,"I think that we're better off, for example with the Philippines, of trying to retain our friendship and help them right the wrongs we see, rather than throwing them to the wolves and then facing a Communist power in the Pacific",Support,1984
1984_c8e7ba1638514e96b5e086a4d2d1cb6a,1984_905bd68e8772195442d84198d83f70b0,T406,T405,that would be a severe blow to our abilities there in the Pacific,"there is every evidence, every indication that that government would be hostile to the United States",Support,1984
1984_b93e23c19622248045ab2c5880a2390b,1984_052b2acf756c1de9db775198906faed0,T410,T392,That hurts this nation,this nation was embarrassed by this current administration's adoption of their policies,Support,1984
1984_3d9ceefd59804a4c648b8f1a98eccf8b,1984_052b2acf756c1de9db775198906faed0,T409,T392,"What happens in South Africa, where, for example, the Nobel Prize winner, 2 days ago, said this administration is seen as working with the oppressive government of South Africa",this nation was embarrassed by this current administration's adoption of their policies,Support,1984
1984_b93e23c19622248045ab2c5880a2390b,1984_d15bef6087d8d8d65a26bd0be9ab356b,T410,T412,That hurts this nation,We need to stand for human rights,Support,1984
1984_b6cdb0d499167665ac30a513b3057015,1984_d15bef6087d8d8d65a26bd0be9ab356b,T413,T412,We need to make it clear we're for human liberty,We need to stand for human rights,Support,1984
1984_b93e23c19622248045ab2c5880a2390b,1984_ec2d0cb720d2b1469df8648bcb4389a8,T410,T414,That hurts this nation,National security and human rights must go together,Support,1984
1984_052b2acf756c1de9db775198906faed0,1984_efe2c1dc334992e70bcf9e0d637d449c,T392,T415,this nation was embarrassed by this current administration's adoption of their policies,this administration time and time again has lost its way in this field,Support,1984
1984_ca02adfd91403ab23c26eaeee064219c,1984_efe2c1dc334992e70bcf9e0d637d449c,T594,T415,made progress that had been stalled on both the Subic and the Clark airfield bases,this administration time and time again has lost its way in this field,Support,1984
1984_6e334450d17c70e0ffffeb35f2c2b135,1984_f37d5d3bdd7738001eca8d186246a85d,T408,T407,I went to the Philippines as Vice President,in no area do we disagree more than this administration's policies on human rights,Support,1984
1984_3f9de358e6da286baa95a72e7f0a47e4,1984_f37d5d3bdd7738001eca8d186246a85d,T592,T407,pressed for human rights,in no area do we disagree more than this administration's policies on human rights,Support,1984
1984_451df6000a329729112d65701b80229e,1984_f37d5d3bdd7738001eca8d186246a85d,T593,T407,called for the release of Aquino,in no area do we disagree more than this administration's policies on human rights,Support,1984
1984_ca02adfd91403ab23c26eaeee064219c,1984_f37d5d3bdd7738001eca8d186246a85d,T594,T407,made progress that had been stalled on both the Subic and the Clark airfield bases,in no area do we disagree more than this administration's policies on human rights,Support,1984
1984_e89c4a361258ed79461ca7cf114f51b6,1984_f37d5d3bdd7738001eca8d186246a85d,T3,T407,What explains this administration cozying up to the Argentine dictators after they took over,in no area do we disagree more than this administration's policies on human rights,Support,1984
1984_a20963c5108eca72aab1b3d91eb2c3da,1984_93c969c33605c735aa5e02e17b104726,T416,T418,the invasion of Afghanistan didn't take place on our watch,I don't think that our record of human rights can be assailed,Support,1984
1984_50a2b00f00e0bee71b896a48ab4ece89,1984_93c969c33605c735aa5e02e17b104726,T417,T418,"I have described what has happened in Iran, and we weren't here then either",I don't think that our record of human rights can be assailed,Support,1984
1984_93c969c33605c735aa5e02e17b104726,1984_efe2c1dc334992e70bcf9e0d637d449c,T418,T415,I don't think that our record of human rights can be assailed,this administration time and time again has lost its way in this field,Attack,1984
1984_dc13f33a32b1f5e7e367a4a8c495944c,1984_93c969c33605c735aa5e02e17b104726,T419,T418,"I think that we have observed, ourselves, and have done our best to see that human rights are extended throughout the world",I don't think that our record of human rights can be assailed,Support,1984
1984_3ad935a830710fe12b46bcdb4b505e08,1984_db4012f6acad4a9b87e8a8fef5b29a54,T596,T595,that's what we've been doing ever since I announced to the British Parliament that I thought we should do this,I was glad to hear him say that,Support,1984
1984_3c476e9a22d356407a722a5276e384c3,1984_97398da7d761575fd0ba37b05ab59c83,T291,T290,Your Pentagon and your Secretary of Defense have plans for the United States to fight and prevail in a nuclear war,"you do believe, deep down, that we are heading for some kind of biblical Armageddon",Support,1984
1984_106c30ebe8684c4a6e5e70c3b4fef754,1984_d3e7cdc5fe33dd1c4f498cc63524c7bb,T293,T292,"that is the prophecies down through the years, the biblical prophecies of what would portend the coming of Armageddon, and so forth","I think what has been hailed as something I'm supposedly, as President, discussing as principle is the recall of just some philosophical discussions with people who are interested in the same things",Support,1984
1984_98a91eb894a3a8bf4349f7860d7b7bf3,1984_d3e7cdc5fe33dd1c4f498cc63524c7bb,T294,T292,"the fact that a number of theologians for the last decade or more have believed that this was true, that the prophecies are coming together that portend that","I think what has been hailed as something I'm supposedly, as President, discussing as principle is the recall of just some philosophical discussions with people who are interested in the same things",Support,1984
1984_0acf90198531ddf9b6b5ac214db14d63,1984_2ea5b084cfb9115650740e0d4933a818,T295,T296,"no one knows whether Armageddon, those prophecies mean that Armageddon is a thousand years away or day after tomorrow",I have never seriously warned and said we must plan according to Armageddon,Support,1984
1984_2ea5b084cfb9115650740e0d4933a818,1984_97398da7d761575fd0ba37b05ab59c83,T296,T290,I have never seriously warned and said we must plan according to Armageddon,"you do believe, deep down, that we are heading for some kind of biblical Armageddon",Attack,1984
1984_8d6072c3935aa737a2e3d87fa27ff0e3,1984_7b082a3325a56db18667985417491c7f,T300,T299,the deterrent -- and that's what it is for -- is also what led me to propose what is now being called the Star Wars concept,that is why we are maintaining a deterrent and trying to achieve a deterrent capacity to where no one would believe that they could start such a war and escape with limited damage,Support,1984
1984_62a940101c0a20bd689d17419689da00,1984_8d6072c3935aa737a2e3d87fa27ff0e3,T573,T300,propose that we research to see if there isn't a defensive weapon that could defend against incoming missiles,the deterrent -- and that's what it is for -- is also what led me to propose what is now being called the Star Wars concept,Support,1984
1984_7b082a3325a56db18667985417491c7f,1984_3bb155b50ae88feb4bf9e0bc9eef019d,T299,T297,that is why we are maintaining a deterrent and trying to achieve a deterrent capacity to where no one would believe that they could start such a war and escape with limited damage,of course we would,Support,1984
1984_b1905d7f49c265fcd66ba6c246104717,1984_62a940101c0a20bd689d17419689da00,T1,T573,"if such a defense could be found, wouldn't it be far more humanitarian to say that now we can defend against a nuclear war by destroying missiles instead of slaughtering millions of people",propose that we research to see if there isn't a defensive weapon that could defend against incoming missiles,Support,1984
1984_dc32872816b97d6de10ea7f25f36cf8c,1984_22eed97dfdd00a039001a1d50ec4446f,T574,T303,they would think that we could launch a first strike,that would make war imminent,Support,1984
1984_0bac625cd1caa9959b59e41e4232051c,1984_22eed97dfdd00a039001a1d50ec4446f,T575,T303,we could defend against the enemy,that would make war imminent,Support,1984
1984_5dff5399714d8081e7e23c41f1fb1cc2,1984_226daf7753ea3b73940312782b970ee3,T2,T301,What if we did -- and I hope we can; we're still researching -- what if we come up with a weapon that renders those missiles obsolete,you would share this very super-sophisticated technology with the Soviet Union,Support,1984
1984_2332cc767deba2591bead53e666a1952,1984_5b2d3e02eebc35fcda7fa36219b9a74c,T304,T305,"why not do what I have offered to do and asked the Soviet Union to do? Say, ""Look, here's what we can do. We'll even give it to you. Now, will you sit down with us and once and for all get rid, all of us, of these nuclear weapons and free mankind from that threat?''",I think that would be the greatest use of a defensive weapon,Support,1984
1984_5dff5399714d8081e7e23c41f1fb1cc2,1984_5b2d3e02eebc35fcda7fa36219b9a74c,T2,T305,What if we did -- and I hope we can; we're still researching -- what if we come up with a weapon that renders those missiles obsolete,I think that would be the greatest use of a defensive weapon,Support,1984
1984_7257e65926ad73abdcbcf96acdd134e4,1984_9ab53bbfb91e8b9090ea594126889435,T312,T311,"If we could develop a principle that would say both sides could fire all their missiles and no one would get hurt, I suppose it's a good idea",There's nothing wrong with the theory of it,Support,1984
1984_db707c47bb474f1feb9ddf0f2ab33655,1984_76b188a60098c1ea3d1c985ec0a04568,T309,T306,"any research or development along the Star Wars schemes would inevitably involve our most advanced computers, our most advanced engineering","let me sharply disagree with the President on sharing the most advanced, the most dangerous, the most important technology in America with the Soviet Union",Support,1984
1984_76b188a60098c1ea3d1c985ec0a04568,1984_376248d07f3264f2fa1f2ae0d02dab72,T306,T3,"let me sharply disagree with the President on sharing the most advanced, the most dangerous, the most important technology in America with the Soviet Union","the thought that we would share this with the Soviet Union is, in my opinion, a total non-STARTer",Support,1984
1984_376248d07f3264f2fa1f2ae0d02dab72,1984_2332cc767deba2591bead53e666a1952,T3,T304,"the thought that we would share this with the Soviet Union is, in my opinion, a total non-STARTer","why not do what I have offered to do and asked the Soviet Union to do? Say, ""Look, here's what we can do. We'll even give it to you. Now, will you sit down with us and once and for all get rid, all of us, of these nuclear weapons and free mankind from that threat?''",Attack,1984
1984_157384c61d1cff71055daedac124b5c8,1984_376248d07f3264f2fa1f2ae0d02dab72,T310,T3,I would not let the Soviet Union get their hands on it at all,"the thought that we would share this with the Soviet Union is, in my opinion, a total non-STARTer",Support,1984
1984_37474a897cb9e90c2a0abb5cf3cec996,1984_3a11a958faa1aa40a2f5f3f7801407f6,T5,T4,"the Director of Engineering Research at the Defense Department said to get there we would have to solve eight problems, each of which are more difficult than the atomic bomb and the Manhattan project",the fact of it is we're so far away from research that even comes close to that,Support,1984
1984_5d69e4bd070e42c4ce17e17720e937a2,1984_3a11a958faa1aa40a2f5f3f7801407f6,T314,T4,It would cost something like a trillion dollars to test and deploy weapons,the fact of it is we're so far away from research that even comes close to that,Support,1984
1984_89c525666aaeeb96b8c51de3d7868208,1984_414b224b9f87f60e05e59c1e5af4fc26,T316,T315,they always do,The second thing is this all assumes that the Soviets wouldn't respond in kind,Attack,1984
1984_89c525666aaeeb96b8c51de3d7868208,1984_e6fbdd0b7a4465dee830f8f1d0b2ae11,T316,T318,they always do,They won't get behind,Support,1984
1984_20effb294ce21a286958a60711108bfe,1984_0aee4e74af1024c9daf299cc66581670,T323,T322,That's dead wrong,"The most dangerous aspect of this proposal is, for the first time, we would delegate to computers the decision as to whether to start a war",Support,1984
1984_01fd775c67cfc3f7fb83e9d154281a9f,1984_20effb294ce21a286958a60711108bfe,T324,T323,There wouldn't be time for a President to decide,That's dead wrong,Support,1984
1984_7046c3c7a9dc19e8dbc6d04614e1761e,1984_20effb294ce21a286958a60711108bfe,T325,T323,it would be decided by these remote computers,That's dead wrong,Support,1984
1984_fe4343a1b8505d381ce3e122ce2819ee,1984_20effb294ce21a286958a60711108bfe,T326,T323,"It might be an oil fire, it might be a jet exhaust, the computer might decide it's a missile -- and off we go",That's dead wrong,Support,1984
1984_abfe65c510e56b0914e8e5eefa324069,1984_10e0988f14c9c851fc26c5f76bf9fe52,T329,T328,I would not agree to any negotiations or any agreement that involved conduct on the part of the Soviet Union that we couldn't verify every day,Every system that is verifiable should be placed on the table for negotiations for an agreement,Support,1984
1984_3b9fc7ac988c50f416987f57cb38aa01,1984_abfe65c510e56b0914e8e5eefa324069,T330,T329,I would not agree to any agreement in which the United States security interest was not fully recognized and supported,I would not agree to any negotiations or any agreement that involved conduct on the part of the Soviet Union that we couldn't verify every day,Support,1984
1984_96cfb474a2eca449f4666ae55ce595dc,1984_f7f73e6541705954ce356240d3850e4d,T332,T331,It's more difficult to defend this nation,this ever-rising arms race madness makes both nations less secure,Support,1984
1984_3519cf157ff90fc7dc0c2922075471a4,1984_96cfb474a2eca449f4666ae55ce595dc,T333,T332,It's putting a hair-trigger on nuclear war,It's more difficult to defend this nation,Support,1984
1984_3a11a958faa1aa40a2f5f3f7801407f6,1984_807060717ebcf170a8471a3dfd8cc2f8,T4,T321,the fact of it is we're so far away from research that even comes close to that,"to commit this nation to a buildup of antisatellite and space weapons at this time, in their crude state, would bring about an arms race that's very dangerous indeed",Support,1984
1984_fb9af029d2e038aa5ab8e63ddf3e4791,1984_253e63ebbce277455906ce9be45cbb39,T576,T320,"maybe someday, somebody will think of something","If we could stop, right now, the testing and the deployment of these space weapons -- and the President's proposals go clear beyond research; if it was just research we wouldn't have any argument",Support,1984
1984_253e63ebbce277455906ce9be45cbb39,1984_9ab53bbfb91e8b9090ea594126889435,T320,T311,"If we could stop, right now, the testing and the deployment of these space weapons -- and the President's proposals go clear beyond research; if it was just research we wouldn't have any argument",There's nothing wrong with the theory of it,Support,1984
1984_f7f73e6541705954ce356240d3850e4d,1984_10e0988f14c9c851fc26c5f76bf9fe52,T331,T328,this ever-rising arms race madness makes both nations less secure,Every system that is verifiable should be placed on the table for negotiations for an agreement,Support,1984
1984_bcfb9369915b1d47dbdb6719967d0f93,1984_10e0988f14c9c851fc26c5f76bf9fe52,T334,T328,"This administration, by going into the Star Wars system, is going to add a dangerous new escalation",Every system that is verifiable should be placed on the table for negotiations for an agreement,Support,1984
1984_43d46cd8239c40280c78014c80aed89f,1984_2332cc767deba2591bead53e666a1952,T336,T304,"this invention that has just been created here of how I would go about rolling over for the Soviet Union -- no, Mr. Mondale, my idea would be with that defensive weapon that we would sit down with them and then say, ""Now, are you willing to join us? Here's what we'' -- give them a demonstration and then say -- ""Here's what we can do. Now, if you're willing to join us in getting rid of all the nuclear weapons in the world, then we'll give you this one, so that we would both know that no one can cheat; that we're both got something that if anyone tries to cheat . . . .''","why not do what I have offered to do and asked the Soviet Union to do? Say, ""Look, here's what we can do. We'll even give it to you. Now, will you sit down with us and once and for all get rid, all of us, of these nuclear weapons and free mankind from that threat?''",Support,1984
1984_9cff0bcf2d39c6f3f86693ad6d46a4d9,1984_09c97338bac9635545fe0e15755d956f,T338,T337,I'm not a scientist,I never suggested where the weapons should be or what kind,Support,1984
1984_07839181168b7e355c7fcc441f7b7909,1984_09c97338bac9635545fe0e15755d956f,T339,T337,"I said, and the Joint Chiefs of Staff agreed with me, that it was time for us to turn our research ability to seeing if we could not find this kind of defensive weapon",I never suggested where the weapons should be or what kind,Support,1984
1984_200f3ff4ae411897ae8ac503b2a9b829,1984_09c97338bac9635545fe0e15755d956f,T340,T337,"And suddenly somebody says, ""Oh, it's got to be up there, and it's Star Wars,'' and so forth",I never suggested where the weapons should be or what kind,Support,1984
1984_44614288a1c60e278f91459c9094fb16,1984_43d46cd8239c40280c78014c80aed89f,T341,T336,"I don't know what it would be, but if we can come up with one, I think the world will be better off","this invention that has just been created here of how I would go about rolling over for the Soviet Union -- no, Mr. Mondale, my idea would be with that defensive weapon that we would sit down with them and then say, ""Now, are you willing to join us? Here's what we'' -- give them a demonstration and then say -- ""Here's what we can do. Now, if you're willing to join us in getting rid of all the nuclear weapons in the world, then we'll give you this one, so that we would both know that no one can cheat; that we're both got something that if anyone tries to cheat . . . .''",Support,1984
1984_44614288a1c60e278f91459c9094fb16,1984_09c97338bac9635545fe0e15755d956f,T341,T337,"I don't know what it would be, but if we can come up with one, I think the world will be better off",I never suggested where the weapons should be or what kind,Support,1984
1984_1463f4c1197d5c9a36c327d49a58050b,1984_9cff0bcf2d39c6f3f86693ad6d46a4d9,T342,T338,that's what a President's supposed to know -- where those weapons are going to be,I'm not a scientist,Attack,1984
1984_9821964f75ff4cc03cd5fbcc9837926c,1984_da6327a8ed18f1b7ed31ca5bff9bc1ec,T343,T345,this is the most dangerous technology that we possess,"And to give them technology of this kind, I disagree with",Support,1984
1984_2d3649cbca40515926cc53103bd22bde,1984_966842119d888524a0521a2cbe8d818b,T577,T346,"You've set up a Strategic Defense Initiative, an agency","You haven't just accepted research, Mr. President",Support,1984
1984_658caabfbcadb7df2b3f4906f5d0083c,1984_966842119d888524a0521a2cbe8d818b,T578,T346,you're beginning to test,"You haven't just accepted research, Mr. President",Support,1984
1984_f435ebaf68e7737330f8ea3fef200266,1984_966842119d888524a0521a2cbe8d818b,T579,T346,you're talking about deploying,"You haven't just accepted research, Mr. President",Support,1984
1984_b36675cfe5e35dcbe0ef54093be1d624,1984_966842119d888524a0521a2cbe8d818b,T580,T346,you're asking for a budget of some $30 billion for this purpose,"You haven't just accepted research, Mr. President",Support,1984
1984_966842119d888524a0521a2cbe8d818b,1984_07839181168b7e355c7fcc441f7b7909,T346,T339,"You haven't just accepted research, Mr. President","I said, and the Joint Chiefs of Staff agreed with me, that it was time for us to turn our research ability to seeing if we could not find this kind of defensive weapon",Attack,1984
1984_06737a090f049efc72cb6a1e7c9dc35b,1984_966842119d888524a0521a2cbe8d818b,T347,T346,This is an arms escalation,"You haven't just accepted research, Mr. President",Support,1984
1984_0e7b6ad9b39f0bd73dbff815dc883230,1984_3f1dfbd396c10359e8c9be7231329252,T349,T348,we have more to lose in space then they do,"we will be better off, far better off, if we stop right now",Support,1984
1984_a14b972dc49b34104a68f3996b19c29c,1984_0e7b6ad9b39f0bd73dbff815dc883230,T319,T349,We have more at stake in space satellites than they do,we have more to lose in space then they do,Support,1984
1984_2189475b125a0ec522c969b96d3b87d7,1984_3a11a958faa1aa40a2f5f3f7801407f6,T351,T4,that there would be an answer in our lifetime is unimaginable,the fact of it is we're so far away from research that even comes close to that,Support,1984
1984_06737a090f049efc72cb6a1e7c9dc35b,1984_3f1dfbd396c10359e8c9be7231329252,T347,T348,This is an arms escalation,"we will be better off, far better off, if we stop right now",Support,1984
1984_176c46cefaec631da1f87cb6347f9f3b,1984_f4d749e6a0d7cdd11f2870cbbd78b68c,T399,T616,"I think the President has done some things to raise the sense of spirit, morale, good feeling in this country",he's entitled to credit for that,Support,1984
1984_ca3f72d6289ee0a4ff186c73b413ef4f,1984_a1c8be9f0ed19f6208e6ef0b442a6416,T401,T400,"What I think we need, however, is not just that but to move forward, not just congratulating ourselves",challenging ourselves to get on with the business of dealing with America's problems,Support,1984
1984_53e75c3edfb14d202097a67091e300db,1984_5b34397e1c98d143bac7b4ba22a82169,T402,T403,"I think in education, when he lectured the country about the importance of discipline",I think it helped a little bit,Support,1984
1984_5b34397e1c98d143bac7b4ba22a82169,1984_f4d749e6a0d7cdd11f2870cbbd78b68c,T403,T616,I think it helped a little bit,he's entitled to credit for that,Support,1984
1984_3f8a65acf5072a775b0b8e7e11db493c,1984_a1c8be9f0ed19f6208e6ef0b442a6416,T404,T400,now we need both that kind of discipline and the resources and the consistent leadership that allows this country to catch up in education and science and training,challenging ourselves to get on with the business of dealing with America's problems,Support,1984
1984_37645c1529bea24af3c55d49aa9c266a,1984_00e1c5992bbec53a1d138ad265b68407,T406,T405,I told you before the election what I'd do,I've done what no candidate for President has ever done,Support,1984
1984_33fbccb06643eddb01cec29c1dd766f5,1984_37645c1529bea24af3c55d49aa9c266a,T407,T406,I have stood up and told the American people that that $263 billion deficit must come down,I told you before the election what I'd do,Support,1984
1984_0e0a4d6dee7c9b16ed7ffe2762de4a26,1984_3ebecb698594f73a2afaefd48dcffe06,T618,T617,"even though we need growth, that's not helping",Don't talk about growth,Support,1984
1984_01e05575b1e9d4a437129f90f0830efb,1984_724c13a4228db153040a0867ea706c4e,T410,T409,It was once called voodoo economics,This is how I'm going to get it done,Support,1984
1984_20b204cb3d38484ee1472f4f98786866,1984_724c13a4228db153040a0867ea706c4e,T408,T409,"Yes, we have a $263 billion deficit.",This is how I'm going to get it done,Support,1984
1984_115e49be80cccb14593e480d1bf494a1,1984_4fef77dbbb466629142f4354d080fdf9,T411,T412,"I'll tell you what I think has been the most outrageous thing in political dialog, both in this campaign and the one in '82.",that is the continued discussion and claim that somehow I am the villain who is going to pull the Social Security checks out from those people who are dependent on them,Support,1984
1984_4fef77dbbb466629142f4354d080fdf9,1984_038cc80e47d1a6a2998454395bab7b77,T412,T413,that is the continued discussion and claim that somehow I am the villain who is going to pull the Social Security checks out from those people who are dependent on them,I think it is outrageous,Support,1984
1984_956d39dcae88f9179dbb4311f7f0efd0,1984_505af7c759234fa14fa32655b9b554d6,T622,T619,have no place else to turn,they scare millions of senior citizens who are totally dependent on Social Security,Support,1984
1984_505af7c759234fa14fa32655b9b554d6,1984_49c626667b1e0bf7679ac1ca7fd9ef95,T619,T414,they scare millions of senior citizens who are totally dependent on Social Security,"for political advantage, every time they do that",Support,1984
1984_75eaf228e44ccc8afcafecb44bbd66ed,1984_505af7c759234fa14fa32655b9b554d6,T621,T619,"they have to live and go to bed at night thinking, ""Is this true? Is someone going to take our check away from us and leave us destitute?''",they scare millions of senior citizens who are totally dependent on Social Security,Support,1984
1984_49c626667b1e0bf7679ac1ca7fd9ef95,1984_123672f2a24e98339bfbcd9c4933c27d,T414,T620,"for political advantage, every time they do that",I don't think that that should be a part of political dialog,Support,1984
1984_1bd7c964e102d83a3803c739eaa78e9c,1984_ea77e1b16a73a3db245afd893121c684,T423,T422,Social Security is totally funded by the payroll tax levied on employer and employee.,Social Security has nothing to do with the deficit,Support,1984
1984_63fb4b36ff13e7eadca17cdf15c6b9ea,1984_431f2bf5b41c0aeb2a32a323862ff82d,T623,T424,If you reduce the out-go of Social Security,that money would not go into the general fund to reduce a deficit,Support,1984
1984_431f2bf5b41c0aeb2a32a323862ff82d,1984_ea77e1b16a73a3db245afd893121c684,T424,T422,that money would not go into the general fund to reduce a deficit,Social Security has nothing to do with the deficit,Support,1984
1984_0ad8a6bb055cf0f231bbd07f146ee316,1984_724c13a4228db153040a0867ea706c4e,T419,T409,I think I have talked in straight economic terms about a program of recovery that I was told wouldn't work.,This is how I'm going to get it done,Attack,1984
1984_c9a5bdd1c82587f45fb5c6580fce406e,1984_986b54064bd72787e18bcaeb503c4d7b,T420,T425,"after it worked, I was told that lowering taxes would increase inflation",none of these things happened,Support,1984
1984_986b54064bd72787e18bcaeb503c4d7b,1984_d3de805c8694dcb4d8c9bc0875d5adbb,T425,T624,none of these things happened,It is working,Support,1984
1984_d3de805c8694dcb4d8c9bc0875d5adbb,1984_2cd4f8b7687db8b7578a3dc2c8da74ff,T624,T625,It is working,we're going to continue on that same line,Support,1984
1984_4fef77dbbb466629142f4354d080fdf9,1984_e6956075fcf7502af79e91e71fc34662,T412,T421,that is the continued discussion and claim that somehow I am the villain who is going to pull the Social Security checks out from those people who are dependent on them,"As to what we might do, and find in further savings cuts, no, we're not going to starve the hungry",Support,1984
1984_101214d74db27e060fcee813f9f3f24d,1984_e6956075fcf7502af79e91e71fc34662,T416,T421,we've already implemented 17 percent of them,"As to what we might do, and find in further savings cuts, no, we're not going to starve the hungry",Support,1984
1984_74c93373b5c8d4eb84be673f1c93867c,1984_c7110f41f12ea5e3666cdffa002ba612,T427,T426,"Remember, there was a trillion dollars in debt before we got here.","That's got to be paid by our children and grandchildren, too, if we don't do it",Support,1984
1984_494f9d672dab66fe91560c6ef5be98df,1984_2cd4f8b7687db8b7578a3dc2c8da74ff,T436,T625,the American people don't have the slightest clue about what President Reagan will do about these deficits.,we're going to continue on that same line,Attack,1984
1984_494f9d672dab66fe91560c6ef5be98df,1984_f11553d24cc291550aad9d0f629a3236,T436,T437,the American people don't have the slightest clue about what President Reagan will do about these deficits.,that's the most important single issue of our time,Support,1984
1984_18a3be73c614f2fb454bf6efd88a9c7c,1984_4fcbef7d8da75fbed564551bbcf1dfa7,T428,T430,we were in a deep recession and we needed some stimulation,I did support the '76 measure that he told about,Support,1984
1984_4fcbef7d8da75fbed564551bbcf1dfa7,1984_96dab29c6ff5f4ea3245812b89db3d6f,T430,T432,I did support the '76 measure that he told about,"I will say as a Democrat, I was a real piker, Mr. President",Support,1984
1984_65695c80ac7985cdf5be05f2566218fd,1984_7d2e6715891ac70f7131b3c94aca89c3,T433,T435,In 1979 we ran a $29 billion deficit all year.,This administration seems to run that every morning.,Support,1984
1984_4f6691890acc896348361edeade8ab8d,1984_16dea1537f58b6481674637100c3819a,T429,T417,This economy is starting to run downhill.,the result is exactly what we see,Support,1984
1984_9b87e225de887367b706b4d7fb4e05fa,1984_16dea1537f58b6481674637100c3819a,T431,T417,Housing is off.,the result is exactly what we see,Support,1984
1984_79d18e9f3975d192d51b3c2832857040,1984_16dea1537f58b6481674637100c3819a,T629,T417,"Last report on new purchases, it's the lowest since 1982",the result is exactly what we see,Support,1984
1984_c26303345b626ff1c3d62141b915535f,1984_16dea1537f58b6481674637100c3819a,T628,T417,Growth is a little over 3 percent now,the result is exactly what we see,Support,1984
1984_1372ddc50f1b6a4e074a004b0d6bd389,1984_16dea1537f58b6481674637100c3819a,T627,T417,Many people are predicting a recession,the result is exactly what we see,Support,1984
1984_71d354db0cd9719cb12e3a1ff2550883,1984_16dea1537f58b6481674637100c3819a,T626,T417,the flow of imports into this country is swamping the American people,the result is exactly what we see,Support,1984
1984_16dea1537f58b6481674637100c3819a,1984_f4d694769e7f373bf79c067c4f3896fa,T417,T434,the result is exactly what we see,We've got to deal with this problem,Support,1984
1984_928b1167e3b47739fa7162a9dfe53622,1984_f4d694769e7f373bf79c067c4f3896fa,T438,T434,those of us who want to be your President should tell you now what we're going to do,We've got to deal with this problem,Support,1984
1984_a9a0f42bca384107ce9581fb6f32d64a,1984_928b1167e3b47739fa7162a9dfe53622,T439,T438,you can make a judgment,those of us who want to be your President should tell you now what we're going to do,Support,1984
1984_85dcb66d99fe3195e62fde0c07295916,1984_df100172d92167e8e939478498330c9a,T181,T180,I will not make age an issue of this campaign,Not at all,Support,1984
1984_d707e1052d444abc0e241d917e971642,1984_85dcb66d99fe3195e62fde0c07295916,T182,T181,"I am not going to exploit, for political purposes, my opponent's youth and inexperience",I will not make age an issue of this campaign,Support,1984
1984_1663df2295a8d87adf5b3f3f79e78014,1984_92f25e26df33b3e1e7071d6e7a0bdc15,T435,T434,You put your thumb on a button and somebody blows up 20 minutes later,"the whole controversy about land missiles came up because we thought that the strategic nuclear weapons, the most destabilizing are the land-based",Support,1984
1984_92f25e26df33b3e1e7071d6e7a0bdc15,1984_621ca104b3430d560389b10f01e58a58,T434,T436,"the whole controversy about land missiles came up because we thought that the strategic nuclear weapons, the most destabilizing are the land-based",we thought that it would be simpler to negotiate first with those,Support,1984
1984_cb3bbeb6ca1e72992f709211cf161136,1984_621ca104b3430d560389b10f01e58a58,T437,T436,"then we made it plain, a second phase, take up the submarine-launched or the airborne missiles",we thought that it would be simpler to negotiate first with those,Support,1984
1984_22a1c348a0872202bd14346785313932,1984_3045fdc3c54a4a0ea6371b9eb375b0bc,T551,T550,they outnumbered us 64 to 36 in submarines and 20 percent more bombers capable of carrying nuclear missiles than we had,it was a surprise to us,Support,1984
1984_c7dd65bbb5b73e18fe0810b5e62d324a,1984_3045fdc3c54a4a0ea6371b9eb375b0bc,T438,T550,"The Soviet Union, to our surprise -- and not just mine -- made it plain when we brought this up that they placed, they thought, a greater reliance on the land-based missiles and, therefore, they wanted to take up all three",it was a surprise to us,Support,1984
1984_7bf2e71c286d0e6e9b0adc05e3f3aa4f,1984_02a7048383c930b96b8a87e8c5605604,T184,T1,"I have not made it an issue, nor should it be",No,Support,1984
1984_03afd0a9317dba996de024a59c9f8a46,1984_7bf2e71c286d0e6e9b0adc05e3f3aa4f,T185,T184,What's at issue here is the President's application of his authority to understand what a President must know to lead this nation,"I have not made it an issue, nor should it be",Support,1984
1984_041ffb3253ecdd9c0c674b71e4c4c117,1984_7bf2e71c286d0e6e9b0adc05e3f3aa4f,T552,T184,secure our defense,"I have not made it an issue, nor should it be",Support,1984
1984_a94f006a59bad528768ae7b50aa95399,1984_7bf2e71c286d0e6e9b0adc05e3f3aa4f,T553,T184,make the decisions and the judgments that are necessary,"I have not made it an issue, nor should it be",Support,1984
1984_b160ded7019b6a9545c42a9f5e62e1fc,1984_03afd0a9317dba996de024a59c9f8a46,T188,T185,"We just heard the President's answer for the problems at the barracks in Lebanon, where 241 marines were killed",What's at issue here is the President's application of his authority to understand what a President must know to lead this nation,Support,1984
1984_83163d3fa2b3cfc99eec2a3aa4d11549,1984_915bb3e68a634f9909570b532d72ad54,T554,T189,They did it,"the Joint Chiefs of Staff went to the President, said, ""Don't put those troops there.''",Support,1984
1984_915bb3e68a634f9909570b532d72ad54,1984_b160ded7019b6a9545c42a9f5e62e1fc,T189,T188,"the Joint Chiefs of Staff went to the President, said, ""Don't put those troops there.''","We just heard the President's answer for the problems at the barracks in Lebanon, where 241 marines were killed",Support,1984
1984_05eb13f6189da9738bea782ca2fe951e,1984_3e11f46d2b4759a0eba6c343a44f13eb,T555,T190,They didn't do it,"then 5 days before the troops were killed, they went back to the President, through the Secretary of Defense, and said, ""Please, Mr. President, take those troops out of there because we can't defend them.''",Support,1984
1984_3e11f46d2b4759a0eba6c343a44f13eb,1984_b160ded7019b6a9545c42a9f5e62e1fc,T190,T188,"then 5 days before the troops were killed, they went back to the President, through the Secretary of Defense, and said, ""Please, Mr. President, take those troops out of there because we can't defend them.''","We just heard the President's answer for the problems at the barracks in Lebanon, where 241 marines were killed",Support,1984
1984_90ae08b7dac2e47b4f7830630a43e2ce,1984_b160ded7019b6a9545c42a9f5e62e1fc,T191,T188,"After that, once again, our Embassy was exploded","We just heard the President's answer for the problems at the barracks in Lebanon, where 241 marines were killed",Support,1984
1984_1b4eecc47a54a2b08b173ff708e6222f,1984_90ae08b7dac2e47b4f7830630a43e2ce,T192,T191,"This is the fourth time this has happened -- an identical attack, in the same region, despite warnings -- even public warnings -- from the terrorists","After that, once again, our Embassy was exploded",Support,1984
1984_e9309ac31d424e9f80a9cbcafdda283c,1984_b8a417b56c3e7d2d29f9b085843b1fb8,T187,T186,We have an arms race underway instead,This is the first administration since the bomb went off that made no progress,Support,1984
1984_47a13150c4c64be55b7b09d7c80eab82,1984_0e52fad982637b1bb465d3ca2b2f3d60,T194,T193,resisted tabling arms control proposals that had any hope of agreeing,"For 3\1/2\ years, this administration avoided arms control",Support,1984
1984_4530f77096860fcf41ca4c6acd41e762,1984_0e52fad982637b1bb465d3ca2b2f3d60,T195,T193,"rebuked their negotiator in 1981 when he came close to an agreement, at least in principle, on medium-range weapons","For 3\1/2\ years, this administration avoided arms control",Support,1984
1984_0e52fad982637b1bb465d3ca2b2f3d60,1984_e27f149b3eede9e9dcaadeb018e62e03,T193,T196,"For 3\1/2\ years, this administration avoided arms control",And we have this arms race underway,Support,1984
1984_e27f149b3eede9e9dcaadeb018e62e03,1984_e9309ac31d424e9f80a9cbcafdda283c,T196,T187,And we have this arms race underway,We have an arms race underway instead,Equivalent,1984
1984_d828fb6abf55f4dcd61723756f90f32b,1984_647b787ae75ef041e632f50c5f568340,T199,T198,You must be tough and smart,it takes more than that,Support,1984
1984_e27f149b3eede9e9dcaadeb018e62e03,1984_d02fa5c87554179407fbda7356dbee3a,T196,T197,And we have this arms race underway,"And a recent book that just came out by perhaps the Nation's most respected author in this field, Strobe Talbott, called ""Deadly Gambits,'' concludes that this President has failed to master the essential details needed to command and lead us, both in terms of security and terms of arms control",Support,1984
1984_b8a417b56c3e7d2d29f9b085843b1fb8,1984_d02fa5c87554179407fbda7356dbee3a,T186,T197,This is the first administration since the bomb went off that made no progress,"And a recent book that just came out by perhaps the Nation's most respected author in this field, Strobe Talbott, called ""Deadly Gambits,'' concludes that this President has failed to master the essential details needed to command and lead us, both in terms of security and terms of arms control",Support,1984
1984_b160ded7019b6a9545c42a9f5e62e1fc,1984_d02fa5c87554179407fbda7356dbee3a,T188,T197,"We just heard the President's answer for the problems at the barracks in Lebanon, where 241 marines were killed","And a recent book that just came out by perhaps the Nation's most respected author in this field, Strobe Talbott, called ""Deadly Gambits,'' concludes that this President has failed to master the essential details needed to command and lead us, both in terms of security and terms of arms control",Support,1984
1984_b53ae9cd4eab64dc596aba5e843cefaf,1984_8dc7236edaa7179a6838b8a5f98ca57b,T3,T2,And I've said that,I don't admire Fidel Castro at all,Support,1984
1984_a5de759d67a43a5b9d61eefd6a120d0b,1984_53f3b6c4e2c208eeed379f998d26dec7,T556,T202,all my life I've worked in a way that demonstrates that,I know the Cuban state as a police state,Support,1984
1984_bea7d3d6840cbbf6fb539ca03c74da08,1984_ea8b23f4397fc56550d89f690c84dc2b,T205,T204,I don't control him,Jesse Jackson is an independent person,Support,1984
1984_42e17e6babafd5b2ca8a5b0c2133346d,1984_6e5cf84069544f9564d0d1ea3c7dfff0,T6,T5,"I had, instead, honored these young men, grieved for their families, and think they were wonderful Americans that honored us all",I demanded an apology from Vice President Bush,Support,1984
1984_f624fc9e27cd57b5bc4937cb2aadabc9,1984_ce574a05471bec90bc50db4cbea16ea7,T208,T207,"Very early in my administration I proposed -- and I think something that had never been proposed by any previous administration -- I proposed a total elimination of intermediate-range missiles, where the Soviets had better than a 10 -- and still have -- better than a 10-to-1 advantage over the allies in Europe",we haven't avoided arms control talks with the Soviet Union,Support,1984
1984_3ce48e244748ed0e75dfa11639b169e9,1984_ce574a05471bec90bc50db4cbea16ea7,T209,T207,"When they protested that and suggested a smaller number, perhaps, I went along with that",we haven't avoided arms control talks with the Soviet Union,Support,1984
1984_f118102fe2a539e3709ffe4b76cc0277,1984_aec0ef963aec1d16c7c2a2624f1d4a5c,T557,T210,"it wasn't me that turned it down, the Soviet Union disavowed it",The so-called negotiation that you said I walked out on was the so-called walk in the woods between one of our representatives and one of the Soviet Union,Support,1984
1984_f118102fe2a539e3709ffe4b76cc0277,1984_ce574a05471bec90bc50db4cbea16ea7,T557,T207,"it wasn't me that turned it down, the Soviet Union disavowed it",we haven't avoided arms control talks with the Soviet Union,Support,1984
1984_4bb7d57b69567676784302694ff05de2,1984_2314185d04a74bbee56a941d8300379c,T212,T211,"One is Strobe Talbott in his classic book, ""Deadly Gambits.''",There are two distinguished authors on arms control in this country,Support,1984
1984_aa7328a0e2db44ea66534bc58b13703e,1984_2314185d04a74bbee56a941d8300379c,T213,T211,"The other is John Neuhaus, who's one of the most distinguished arms control specialists in our country",There are two distinguished authors on arms control in this country,Support,1984
1984_38c92f62fa2f7842dc8f82cacea9f5c7,1984_4b8e5dd00ced359212c128c333cbc907,T558,T214,that would have been a perfect agreement from the standpoint of the United States in Europe and our security,"this administration turned down the ""walk in the woods'' agreement first",Support,1984
1984_4b8e5dd00ced359212c128c333cbc907,1984_f8b623d60cd16ed961bc8808fa55416c,T214,T216,"this administration turned down the ""walk in the woods'' agreement first",This is the kind of leadership that we've had in this administration on the most deadly issue of our times,Support,1984
1984_6c5b993adaed63d03973246d7e50e127,1984_f8b623d60cd16ed961bc8808fa55416c,T215,T216,"When Mr. Nitze, a good negotiator, returned, he was rebuked, and his boss was fired",This is the kind of leadership that we've had in this administration on the most deadly issue of our times,Support,1984
1984_f8b623d60cd16ed961bc8808fa55416c,1984_b0a71ff5444d0791724e79e7b71f9fd1,T216,T7,This is the kind of leadership that we've had in this administration on the most deadly issue of our times,Now we have a runaway arms race,Support,1984
1984_84fe176279168e7aee129f45a5c62f79,1984_f8b623d60cd16ed961bc8808fa55416c,T217,T216,"All they've got to show for 4 years in U.S.-Soviet relations is one meeting in the last weeks of an administration, and nothing before",This is the kind of leadership that we've had in this administration on the most deadly issue of our times,Support,1984
1984_777fd3e3c794cd086d44408940d34491,1984_f8b623d60cd16ed961bc8808fa55416c,T8,T216,"They're tough negotiators, but all previous Presidents have made progress. This one has not",This is the kind of leadership that we've had in this administration on the most deadly issue of our times,Support,1984
1984_84fe176279168e7aee129f45a5c62f79,1984_777fd3e3c794cd086d44408940d34491,T217,T8,"All they've got to show for 4 years in U.S.-Soviet relations is one meeting in the last weeks of an administration, and nothing before","They're tough negotiators, but all previous Presidents have made progress. This one has not",Support,1984
1984_2a1360cf834d3fce49f3d8fed3ced975,1984_33c173ba7462f331fc6cfb3e8053baf3,T221,T220,it is the only real territorial threat to the American nation-state,our number one foreign policy problem today is one that remains almost totally unrecognized: massive illegal immigration from economically collapsing countries,Support,1984
1984_b56ee2c4fd61c141c01e2382e2205e1c,1984_d4d725cab146d3136702552ba22d62cb,T224,T223,"I'm convinced that the result of this would be that people who are Hispanic, people who have different languages or speak with an accent, would find it difficult to be employed",I object to that part of the Simpson-Mazzoli bill which I think is very unfair and would prove to be so. That is the part that requires employers to determine the citizenship of an employee before they're hired,Support,1984
1984_df7a7a293d7d3719338635e685a68934,1984_1057c82fec5b4cd43096d0811d5907a0,T226,T225,We've never had citizenship tests in our country before,I think that's wrong,Support,1984
1984_88115f536e3e4c4908550cb3b53ec454,1984_593f9f7bb34fe373dac582acbcda4fd4,T227,T500,That is counterproductive,I don't think we should have a citizenship card today,Support,1984
1984_593f9f7bb34fe373dac582acbcda4fd4,1984_1057c82fec5b4cd43096d0811d5907a0,T500,T225,I don't think we should have a citizenship card today,I think that's wrong,Support,1984
1984_958d2f6466a17f99105aff6ba2d29d92,1984_2a1360cf834d3fce49f3d8fed3ced975,T490,T221,"You, yourself, said in the 1970's that we had a ""hemorrhage on our borders.''",it is the only real territorial threat to the American nation-state,Support,1984
1984_5c30e1aee7d3c373f3ff5cd3275a7408,1984_e45402578ad11b19db6ebd883482e448,T559,T222,This is a very serious problem in our country,it has to be dealt with,Support,1984
1984_d4d725cab146d3136702552ba22d62cb,1984_1057c82fec5b4cd43096d0811d5907a0,T223,T225,I object to that part of the Simpson-Mazzoli bill which I think is very unfair and would prove to be so. That is the part that requires employers to determine the citizenship of an employee before they're hired,I think that's wrong,Support,1984
1984_5d3b9c226e975f1ef48f15d220f04106,1984_ca001178af804a0de57a81b957a60f5f,T560,T228,strengthen other ways of dealing with undocumented workers in this difficult area,I do support the other aspects of the Simpson-Mazzoli bill that strengthen enforcement at the border,Support,1984
1984_740dacb518a6b8f465c9a87ff5f9d512,1984_ca001178af804a0de57a81b957a60f5f,T561,T228,"dealing with the problem of settling people who have lived here for many, many years and do not have an established status",I do support the other aspects of the Simpson-Mazzoli bill that strengthen enforcement at the border,Support,1984
1984_3b14ae98cb5633d760dcdd00979f3a2c,1984_85aae5b674f36b17722ad1646b6440f3,T1,T229,strengthen enforcement at the borde,I have further strongly recommended that this administration do something it has not done,Support,1984
1984_f99ea119037d387d6949783c7c402beb,1984_85aae5b674f36b17722ad1646b6440f3,T231,T229,strengthen the officials in this government that deal with undocumented workers,I have further strongly recommended that this administration do something it has not done,Support,1984
1984_04b56af7e19116d1b11686dd65cfd480,1984_85aae5b674f36b17722ad1646b6440f3,T232,T229,do so in a way that's responsible and within the Constitution of the United States,I have further strongly recommended that this administration do something it has not done,Support,1984
1984_ef8fd94508434810fe7f0b3ec63b94d9,1984_d0485ae3fa31566ab29b1cdca2c22fad,T562,T233,it must be an American answer that is consistent with justice and due process,We need an answer to this problem,Support,1984
1984_4047611779eb6af76dfcf31e44a1e661,1984_ef8fd94508434810fe7f0b3ec63b94d9,T234,T562,"Everyone in this room, practically, here tonight, is an immigrant",it must be an American answer that is consistent with justice and due process,Support,1984
1984_ddc403167d11844715663ba49e5a5495,1984_ef8fd94508434810fe7f0b3ec63b94d9,T235,T562,"We came here loving this nation, serving it, and it has served all of our most bountiful dreams",it must be an American answer that is consistent with justice and due process,Support,1984
1984_3513c72d038ba9527f284e683d3028b6,1984_ddc403167d11844715663ba49e5a5495,T236,T235,And one of those dreams is justice,"We came here loving this nation, serving it, and it has served all of our most bountiful dreams",Support,1984
1984_0f798bd60e1313bb231ef054cac1ccbe,1984_d0485ae3fa31566ab29b1cdca2c22fad,T200,T233,we need a measure -- and I will support a measure -- that brings about those objectives but avoids that one aspect that I think is very serious,We need an answer to this problem,Support,1984
1984_e4c306747329aadf392310d9917f3099,1984_057b1e26bcb4232868bd75a852c2f139,T239,T238,We cannot solve this problem all on our own,maintain and improve relations with our friends to the south,Support,1984
1984_1ee546af9cb196f9e342a43eca5d8137,1984_e4c306747329aadf392310d9917f3099,T237,T239,"that's why the failure of this administration to deal in an effective and a good-faith way with Mexico, with Costa Rica, with the other nations in trying to find a peaceful settlement to the dispute in Central America has undermined our capacity to effectively deal diplomatically in this area as well",We cannot solve this problem all on our own,Support,1984
1984_9c86fc5aee5004302c3325cc2b7fb9a0,1984_75236549620b0b4311cccc7893db0b2b,T242,T241,it would be an unbalanced bill,there will be no immigration reform without employer sanctions,Support,1984
1984_e78bd9e61b41e424abedad4a32011e06,1984_75236549620b0b4311cccc7893db0b2b,T243,T241,there would be simply no way to enforce it,there will be no immigration reform without employer sanctions,Support,1984
1984_54803c787101a151a3bf96db2f2b4502,1984_b578ce21e55b844f68093b1703102503,T565,T564,polls show that they overwhelmingly want some kind of immigration reform,who actually do not represent what the Hispanic-Americans want,Support,1984
1984_c286502bc10ac47658337fe2199887e2,1984_31c29d196e26b96c9a7ad2f158bf69ba,T246,T245,the polls show that the majority of Hispanics want that bill,I'm not doing it for political reasons,Support,1984
1984_e5e49a48285290e3b019040e73cfcb96,1984_e0ed778ba9d796bc26e219a5ace88ed4,T566,T247,all my life I've fought for a system of justice in this country,I'm doing it,Support,1984
1984_8222bbb7b66ac421186e3b88b5e78e27,1984_e5e49a48285290e3b019040e73cfcb96,T567,T566,a system in which every American has a chance to achieve the fullness in life without discrimination,all my life I've fought for a system of justice in this country,Support,1984
1984_c32b727b429723f924f333c1e2c909cb,1984_c57e447de61b08170f060714052c1e1e,T568,T251,for tough enforcement at the border,I am for reform in this area,Support,1984
1984_4f5fd969f7d012a6d11362a187517351,1984_c57e447de61b08170f060714052c1e1e,T569,T251,for many other aspects of the Simpson-Mazzoli bill,I am for reform in this area,Support,1984
1984_3c6e0ae0ff97e1b98ea8196969bb2a3e,1984_adcbe99f9870083a8e236ede8391dff8,T253,T252,I think I'm right,"despite the politics of it, I stand where I stand",Support,1984
1984_b56ee2c4fd61c141c01e2382e2205e1c,1984_84ab1945718b6fa7a4f780b371f1e049,T224,T248,"I'm convinced that the result of this would be that people who are Hispanic, people who have different languages or speak with an accent, would find it difficult to be employed",This bill imposes upon employers the responsibility of determining whether somebody who applies for a job is an American or not,Support,1984
1984_f1258a09333aa583a9a7bbaadbb3b00c,1984_84ab1945718b6fa7a4f780b371f1e049,T249,T248,"And just inevitably, they're going to be reluctant to hire Hispanics or people with a different accent",This bill imposes upon employers the responsibility of determining whether somebody who applies for a job is an American or not,Support,1984
1984_f2da9e155c91fcc5c91c234811358ebc,1984_31c29d196e26b96c9a7ad2f158bf69ba,T250,T245,"If I were dealing with politics here, the polls show the American people want this",I'm not doing it for political reasons,Support,1984
1984_c57e447de61b08170f060714052c1e1e,1984_e0ed778ba9d796bc26e219a5ace88ed4,T251,T247,I am for reform in this area,I'm doing it,Support,1984
1984_013a3e048bd02c6d2985f18d4c646c6a,1984_e5e49a48285290e3b019040e73cfcb96,T570,T566,all my life I've fought for a fair nation,all my life I've fought for a system of justice in this country,Equivalent,1984
1984_c57e447de61b08170f060714052c1e1e,1984_8d2c92bb1721458e29a4b7fe5a0e676f,T251,T254,I am for reform in this area,"before this fight is over we're going to come up with a better bill, a more effective bill that does not undermine the liberties of our people",Support,1984
1984_f1258a09333aa583a9a7bbaadbb3b00c,1984_8d2c92bb1721458e29a4b7fe5a0e676f,T249,T254,"And just inevitably, they're going to be reluctant to hire Hispanics or people with a different accent","before this fight is over we're going to come up with a better bill, a more effective bill that does not undermine the liberties of our people",Support,1984
1984_84ab1945718b6fa7a4f780b371f1e049,1984_8d2c92bb1721458e29a4b7fe5a0e676f,T248,T254,This bill imposes upon employers the responsibility of determining whether somebody who applies for a job is an American or not,"before this fight is over we're going to come up with a better bill, a more effective bill that does not undermine the liberties of our people",Support,1984
1984_5d2dcb52b2c222f159083e6027d29985,1984_9ddb03ecd672483fbb41387285030ef5,T259,T258,made it a bad bill,there were things added in in the House side that we felt made it less of a good bill,Support,1984
1984_9a796df99d49d269532effc73a61c77d,1984_9ddb03ecd672483fbb41387285030ef5,T261,T258,There were a number of things in there that weakened that bill,there were things added in in the House side that we felt made it less of a good bill,Support,1984
1984_c667d45c7084c96ab7d47366a3c2d455,1984_9ddb03ecd672483fbb41387285030ef5,T260,T258,And in conference -- we stayed with them in conference all the way to where even Senator Simpson did not want the bill in the manner in which it would come out of the conference committee,there were things added in in the House side that we felt made it less of a good bill,Support,1984
1984_c84662d474e66dc05daaaaf028bfcd67,1984_50c4ccbd5f8a1a5a3bd47c730a6c221e,T4,T255,it is true our borders are out of control,our borders are out of control,Support,1984
1984_94ee0f040b57255fc50e8a4c7624a302,1984_38de34cf478f24e7acae051e2948eaee,T5,T257,I supported this bill,"we, believe me, supported the Simpson-Mazzoli bill strongly -- and the bill that came out of the Senate",Support,1984
1984_cc06ede1397e7699e914383a890864e5,1984_40e6281e321b6b30ef6756d7c8ae602e,T7,T6,not only to ensure that we can identify the illegal aliens,"With regard to the employer sanctions, we must have that",Support,1984
1984_3c2cbc0370021f4c566df52ead4419c9,1984_40e6281e321b6b30ef6756d7c8ae602e,T267,T6,"there is another employer that we shouldn't be so concerned about, and these are employers down through the years who have encouraged the illegal entry into this country because they then hire these individuals and hire them at starvation wages and with none of the benefits that we think are normal and natural for workers in our country, and the individuals can't complain because of their illegal status","With regard to the employer sanctions, we must have that",Support,1984
1984_40e6281e321b6b30ef6756d7c8ae602e,1984_bc8c8fb781c3c3db369f3de3a3a99dee,T6,T264,"With regard to the employer sanctions, we must have that",We don't think that those people should be allowed to continue operating free,Support,1984
1984_3c2cbc0370021f4c566df52ead4419c9,1984_bc8c8fb781c3c3db369f3de3a3a99dee,T267,T264,"there is another employer that we shouldn't be so concerned about, and these are employers down through the years who have encouraged the illegal entry into this country because they then hire these individuals and hire them at starvation wages and with none of the benefits that we think are normal and natural for workers in our country, and the individuals can't complain because of their illegal status",We don't think that those people should be allowed to continue operating free,Support,1984
1984_3ee238067cdf776c8e8d3383d5aeba94,1984_c84662d474e66dc05daaaaf028bfcd67,T263,T4,It is also true that this has been a situation on our borders back through a number of administrations,it is true our borders are out of control,Support,1984
1984_c84662d474e66dc05daaaaf028bfcd67,1984_2134bb952e57f24622e2082bcc417c32,T4,T268,it is true our borders are out of control,"I'm going to do everything I can, and all of us in the administration are, to join in again when Congress is back at it to get an immigration bill that will give us, once again, control of our borders",Support,1984
1984_3c2cbc0370021f4c566df52ead4419c9,1984_2134bb952e57f24622e2082bcc417c32,T267,T268,"there is another employer that we shouldn't be so concerned about, and these are employers down through the years who have encouraged the illegal entry into this country because they then hire these individuals and hire them at starvation wages and with none of the benefits that we think are normal and natural for workers in our country, and the individuals can't complain because of their illegal status","I'm going to do everything I can, and all of us in the administration are, to join in again when Congress is back at it to get an immigration bill that will give us, once again, control of our borders",Support,1984
1984_acd882c8509b78705310d322b0463214,1984_0b972338a4f1b3de3703e20911053300,T571,T272,because of the gigantic population growth,the situation today is terribly different quantitatively -- qualitatively different from what it has been in the past,Support,1984
1984_c54c11b92214e841367667588af15e45,1984_acd882c8509b78705310d322b0463214,T240,T571,Mexico's population will go from about 60 million today to 120 million at the turn of the century,because of the gigantic population growth,Support,1984
1984_79c9a8be823f3ee4024c30ae67cced26,1984_ec4161c74949ad5bc6009ceaa246a00c,T275,T2,"the population explosion, if you look at the actual figures, has been vastly exaggerated -- over exaggerated",No,Support,1984
1984_30a141839c093754f786976d41a8dfac,1984_ec4161c74949ad5bc6009ceaa246a00c,T276,T2,there are some pretty scientific and solid figures about how much space there still is in the world and how many more people we can have,No,Support,1984
1984_50ff6f3c6a3dc205ea562fc351b007ea,1984_79c9a8be823f3ee4024c30ae67cced26,T277,T275,"It's almost like going back to the Malthusian theory, when even then they were saying that everyone would starve with the limited population they had then","the population explosion, if you look at the actual figures, has been vastly exaggerated -- over exaggerated",Support,1984
1984_346d11da482708e4db9ce6134588dadf,1984_b4b7e76ff8cd5be31c02a455025df4cd,T279,T278,"we have been the safety valve, whether we wanted to or not, with the illegal entry here, in Mexico, where their population is increasing and they don't have an economy that can absorb them and provide the jobs","the problem of population growth is one, here, with regard to our immigration",Support,1984
1984_346d11da482708e4db9ce6134588dadf,1984_e7b3aaa1c23471608bb8c4b818d64e76,T279,T280,"we have been the safety valve, whether we wanted to or not, with the illegal entry here, in Mexico, where their population is increasing and they don't have an economy that can absorb them and provide the jobs","this is what we're trying to work out, not only to protect our own borders but to have some kind of fairness and recognition of that problem",Support,1984
1984_ede36a38eb07535b5cbd993cb537f9f3,1984_346d11da482708e4db9ce6134588dadf,T281,T279,"One of the biggest problems today is that the countries to our south are so desperately poor that these people who will almost lose their lives if they don't come north, come north despite all the risks","we have been the safety valve, whether we wanted to or not, with the illegal entry here, in Mexico, where their population is increasing and they don't have an economy that can absorb them and provide the jobs",Support,1984
1984_a952072ba9b2239139b48dad801111eb,1984_2bb385728f6e726004784c953093d681,T283,T282,"this enormous national debt, engineered by this administration, is harming these countries in fueling this immigration","it goes to American economic and trade policies that permit these nations to have a chance to get on their own two feet and to get prosperity, so that they can have jobs for themselves and their people",Support,1984
1984_03120a477e8b130b420c95c65a75e8be,1984_a952072ba9b2239139b48dad801111eb,T284,T283,These high interest rates -- real rates that have doubled under this administration -- have had the same effect on Mexico and so on,"this enormous national debt, engineered by this administration, is harming these countries in fueling this immigration",Support,1984
1984_62ba32bd728effcea21162740129334f,1984_a952072ba9b2239139b48dad801111eb,T273,T283,"the cost of repaying those debts is so enormous that it results in massive unemployment, hardship, and heartache","this enormous national debt, engineered by this administration, is harming these countries in fueling this immigration",Support,1984
1984_54c681473b40bba559a38bc82a37f58f,1984_438654d34695fd42859fd27caa2d4f8e,T285,T572,that drives our friends to the south up into our region,we need to end those deficits as well,Support,1984
1984_a952072ba9b2239139b48dad801111eb,1984_54c681473b40bba559a38bc82a37f58f,T283,T285,"this enormous national debt, engineered by this administration, is harming these countries in fueling this immigration",that drives our friends to the south up into our region,Support,1984
1984_f3d24d9965f5b199d1e02e2bc0b359cf,1984_a952072ba9b2239139b48dad801111eb,T286,T283,it has nothing to do with it,"this enormous national debt, engineered by this administration, is harming these countries in fueling this immigration",Attack,1984
1984_5ec7aa9285f8c851fe75d82e11b0346e,1984_5d687c62c6520f57ba013b4d1772f7aa,T288,T289,"with regard to these high interest rates, too, at least give us the recognition of the fact that when you left office, Mr. Mondale, they were 21\1/2\ -- the prime rate. It's now 12\1/4\",we're trying to undo some of the things that your administration did,Support,1984
1984_eb3a261f917e767164b4bb980568dcf0,1984_dc310963bc3599826fe19cd496c6239d,T1,T2,do we move forward with strength and with prosperity,"do we go back to weakness, despair, disrespect",Attack,1984
1984_e61b11b4d04a6716521bfd4f7c13a723,1984_d61efa91b06ecef1fd7565510f8e2bbc,T61,T3,Ronald Reagan and I have put our trust in the American people,"We've moved some of the power away from Washington, D.C., and put it back with the people",Support,1984
1984_d61efa91b06ecef1fd7565510f8e2bbc,1984_7cec3ad878632f6eb4068877cb7afa3b,T3,T4,"We've moved some of the power away from Washington, D.C., and put it back with the people",We're pulling together,Support,1984
1984_7cec3ad878632f6eb4068877cb7afa3b,1984_2f4b793a781bd4534e02dbadac34c26c,T4,T5,We're pulling together,The neighborhoods are safer 'cause crime is going down,Support,1984
1984_2f4b793a781bd4534e02dbadac34c26c,1984_1f7b8553fbf2f98e3777584b0c1ed047,T5,T6,The neighborhoods are safer 'cause crime is going down,Your sons and daughters are doing better in school,Support,1984
1984_1f7b8553fbf2f98e3777584b0c1ed047,1984_3d8c72d3dd842500dbcf10ca77e4660b,T6,T7,Your sons and daughters are doing better in school,Test scores are going up,Support,1984
1984_3d8c72d3dd842500dbcf10ca77e4660b,1984_dced697abb65b0d28b6288a588e6ee6e,T7,T8,Test scores are going up,There's a new opportunity lying out there in the future,Support,1984
1984_002b5f573ace23444ca8e006bd7e2401,1984_dced697abb65b0d28b6288a588e6ee6e,T9,T8,"Science, technology and space offering opportunity that, to everybody, all the young ones coming up",There's a new opportunity lying out there in the future,Support,1984
1984_29f940f690692926b4b309b51503cb01,1984_1441884c9a3ab2d902f790f933fb7a4f,T10,T11,abroad there's new leadership and respect,Ronald Reagan is clearly the strong leader of the free world,Support,1984
1984_dced697abb65b0d28b6288a588e6ee6e,1984_1441884c9a3ab2d902f790f933fb7a4f,T8,T11,There's a new opportunity lying out there in the future,Ronald Reagan is clearly the strong leader of the free world,Support,1984
1984_e8819f7deb11820caa0d30e4f76ed498,1984_d7e0a00da0c92ad7cdbd08acee0feb63,T12,T13,It's a joy to serve with a president who does not apologize for the United States of America,"Mr. Mondale, on the other hand, has one idea. Go out and tax the American people",Attack,1984
1984_c7a8959ab644154b5d599c1ae202641c,1984_22a47c7e1caa755a1ac115084e3dc7c4,T62,T14,We just owe our country too much to go back to that kind of an approach,"he wants to repeal indexing, to wipe out the one protection that those at the lowest end of the economic scale have protecting them against being rammed into higher and higher tax brackets",Attack,1984
1984_d7e0a00da0c92ad7cdbd08acee0feb63,1984_22a47c7e1caa755a1ac115084e3dc7c4,T13,T14,"Mr. Mondale, on the other hand, has one idea. Go out and tax the American people","he wants to repeal indexing, to wipe out the one protection that those at the lowest end of the economic scale have protecting them against being rammed into higher and higher tax brackets",Support,1984
1984_ce0533373cbb535941492de9775b0864,1984_478e566355a9219889e68aa5b4ee6033,T15,T16,I started a business,I know what it is to have a dream and have a job and work hard to employ others and really to participate in the American dream,Support,1984
1984_478e566355a9219889e68aa5b4ee6033,1984_e0e44f12f846a404bd1c92318c00174e,T16,T18,I know what it is to have a dream and have a job and work hard to employ others and really to participate in the American dream,"we want for you America's greatest gift. And that is opportunity. And then, peace",Support,1984
1984_2b287437db863279c6ed152757b6d479,1984_69b4b676163d4d03279b6d7a2522adb7,T17,T19,I did serve in combat,"I was shot down when I was a young kid, scared to death",Support,1984
1984_69b4b676163d4d03279b6d7a2522adb7,1984_ee59d43e389b62ed5a86dce0e05e9010,T19,T20,"I was shot down when I was a young kid, scared to death","all that did, saw friends die, but that heightened my convictions about peace",Support,1984
1984_ee59d43e389b62ed5a86dce0e05e9010,1984_99e72e383d373821e69686e599408d88,T20,T21,"all that did, saw friends die, but that heightened my convictions about peace",It is absolutely essential that we guarantee the young people that they will not know the agony of war,Support,1984
1984_e0e44f12f846a404bd1c92318c00174e,1984_99e72e383d373821e69686e599408d88,T18,T21,"we want for you America's greatest gift. And that is opportunity. And then, peace",It is absolutely essential that we guarantee the young people that they will not know the agony of war,Support,1984
1984_d842aa3b58979036580c34c64deda12a,1984_8ae52a78a98defc5ec8cf36ef0c0ce82,T22,T23,The world is too complex to go back to vacillation and weakness,We must continue to go ahead,Support,1984
1984_50032537713e9dff3633ff48b2be4821,1984_8ae52a78a98defc5ec8cf36ef0c0ce82,T24,T23,We've too much going on to go back to the failed policies of the past,We must continue to go ahead,Support,1984
1984_7f84cf9db6d081e15b9207cf08c5cc2d,1984_42b3dbf1db8a927658ae78e5ae4a8d6f,T63,T64,The future is too bright not to give it our best shot,Together we can go forward and lift America up to meet her greatest dreams,Support,1984
1984_8ae52a78a98defc5ec8cf36ef0c0ce82,1984_42b3dbf1db8a927658ae78e5ae4a8d6f,T23,T64,We must continue to go ahead,Together we can go forward and lift America up to meet her greatest dreams,Support,1984
1984_4286a180c1244b3280751abe6fe6511b,1984_148d485cddc7593f5b3845cb80891897,T25,T26,Being the candidate for vice-president of my party is the greatest honor I have ever had,it's not only a personal achievement for Geraldine Ferraro - and certainly not only the bond that I feel as I go across this country with women throughout the country,Support,1984
1984_148d485cddc7593f5b3845cb80891897,1984_63afcf3bbe561c258c4d066e95bf7827,T26,T27,it's not only a personal achievement for Geraldine Ferraro - and certainly not only the bond that I feel as I go across this country with women throughout the country,I wouldn't be standing here if Fritz Mondale didn't have the courage and my party didn't stand for the values that it does - the values of fairness and equal opportunity,Support,1984
1984_63afcf3bbe561c258c4d066e95bf7827,1984_f5637a2cce2a0cf38cc7dcf3dd6baace,T27,T28,I wouldn't be standing here if Fritz Mondale didn't have the courage and my party didn't stand for the values that it does - the values of fairness and equal opportunity,Those values make our country strong,Support,1984
1984_f5637a2cce2a0cf38cc7dcf3dd6baace,1984_092f4fbc23d793774c171147d6530943,T28,T29,Those values make our country strong,the future of this country and how strong it will be is what this election is all about.,Support,1984
1984_0f92a53ce2158176fcdaa3356197bf93,1984_f2f470839d5c838dafe443990cae09c9,T30,T31,Over the last two months I've been traveling all over the country talking to the people about the future,I was in Kentucky and I spoke to the Dyhouse family,Support,1984
1984_f2f470839d5c838dafe443990cae09c9,1984_65e0801eb1fb211292d143f180e945fe,T31,T32,I was in Kentucky and I spoke to the Dyhouse family,He works for a car dealer and he's worried about the deficits and how high interest rates are going to affect his job,Support,1984
1984_ade795a80c379a3a05a3b0af7084772f,1984_1eec375c21ea5d7050b53c84932867f6,T33,T34,Every place I go I see young parents with their children and they say to me what are we going to do to stop this nuclear arms race,"I was in Dayton, Ohio, a week and a half ago and I sat with the Allen family who live next door to a toxic dump and they're very, very concerned about the fact that those toxics are seeping into the water that they and their neighbors drink",Support,1984
1984_1eec375c21ea5d7050b53c84932867f6,1984_711fe2fd56eed372513f8499a5d7e33f,T34,T35,"I was in Dayton, Ohio, a week and a half ago and I sat with the Allen family who live next door to a toxic dump and they're very, very concerned about the fact that those toxics are seeping into the water that they and their neighbors drink",those people love this country and they're patriotic,Support,1984
1984_65e0801eb1fb211292d143f180e945fe,1984_711fe2fd56eed372513f8499a5d7e33f,T32,T35,He works for a car dealer and he's worried about the deficits and how high interest rates are going to affect his job,those people love this country and they're patriotic,Support,1984
1984_711fe2fd56eed372513f8499a5d7e33f,1984_31f8df4aab9718c8c4b4a44944dcafd3,T35,T36,those people love this country and they're patriotic,it's not the patriotism that you're seeing in the commercials as you watch television these days,Attack,1984
1984_55de2386fa6a4f977ab44b57705c10f3,1984_b73d4bb5f1a4a8d0417ed25d66bb79de,T37,T38,Their patriotism is not only a pride in the country as it is,a pride in this country that is strong enough to meet the challenges of the future,Support,1984
1984_6c83800bca77a9bddf068b226ccdcf8f,1984_b73d4bb5f1a4a8d0417ed25d66bb79de,T39,T38,"Do you know when we find jobs for the eight and a half million people who are unemployed in this country, you know we'll make our economy stronger and that will be a patriotic act",a pride in this country that is strong enough to meet the challenges of the future,Support,1984
1984_e696aba7b2f0e9bb793f162a0e34ec3c,1984_2822b7d141c9813a29cf0f1012c706dc,T40,T41,When we reduce the deficits and we cut interest rates,I know the president doesn't believe that,Attack,1984
1984_9619d42345c645dd49f72c6c33792fa2,1984_e696aba7b2f0e9bb793f162a0e34ec3c,T42,T40,we cut those interest rates young people can buy houses,When we reduce the deficits and we cut interest rates,Support,1984
1984_13080ae3cd3fdbaffe3d1f7ceb5e69bb,1984_9619d42345c645dd49f72c6c33792fa2,T43,T42,that's pro-family,we cut those interest rates young people can buy houses,Support,1984
1984_e1b8648c8f270ee6c184b7732cc19b26,1984_598d8a1e40c56fcc03653d389eed431a,T46,T45,they're going to be able to compete in a world economy and that makes us stronger,When we educate our children,Support,1984
1984_6de1d57a468d195914155d41ca19f742,1984_e1b8648c8f270ee6c184b7732cc19b26,T47,T46,that's a patriotic act,they're going to be able to compete in a world economy and that makes us stronger,Support,1984
1984_68735aef91d5ac51939d9d09dd5a7d02,1984_13080ae3cd3fdbaffe3d1f7ceb5e69bb,T44,T43,that will be a patriotic act,that's pro-family,Support,1984
1984_a1283fe63fa73047ebe674f62202e78b,1984_e5422735426f404e008c1f192feab17b,T49,T48,"we make this a safer, saner world",When we stop the arms race,Support,1984
1984_85cc3c808df9cff046a67d76d4191a85,1984_a1283fe63fa73047ebe674f62202e78b,T50,T49,that's a patriotic act,"we make this a safer, saner world",Support,1984
1984_22db09029e93feddb1dc3b4343b475e9,1984_1363181ff214e527355c79671754a173,T52,T51,that's a patriotic act,when we keep the peace young men don't die,Support,1984
1984_1363181ff214e527355c79671754a173,1984_e5422735426f404e008c1f192feab17b,T51,T48,when we keep the peace young men don't die,When we stop the arms race,Support,1984
1984_afd04e2f59b9b5f0ae75d99b32244e95,1984_e9d8ca376be1b87662fabb637ce2ec85,T53,T54,"hen Walter Mondale was attorney general of Minnesota, he led the fight for a man who could not afford to get justice because he couldn't afford a lawyer","when he was in the Senate he fought for child nutrition programs, he wrote the Fair Housing Act, he even investigated the concerns and the abuses of migrant workers",Support,1984
1984_e9d8ca376be1b87662fabb637ce2ec85,1984_1b35be703352bc4ef42f880e13d151b2,T54,T55,"when he was in the Senate he fought for child nutrition programs, he wrote the Fair Housing Act, he even investigated the concerns and the abuses of migrant workers",Those weren't popular causes,Support,1984
1984_1b35be703352bc4ef42f880e13d151b2,1984_5770f88516a3555eb71b93e34f08e132,T55,T56,Those weren't popular causes,"You know, no one had ever heard of Clarence Gideon, the man without a lawyer",Support,1984
1984_5770f88516a3555eb71b93e34f08e132,1984_3efb9c6a7f77f0643c6a37d1f5ee2f40,T56,T58,"You know, no one had ever heard of Clarence Gideon, the man without a lawyer",he did it,Support,1984
1984_15ac112a6d183ba28ee663ea37b988ab,1984_3efb9c6a7f77f0643c6a37d1f5ee2f40,T57,T58,Children don't vote and migrant workers exactly a powerful lobby in this country,he did it,Support,1984
1984_3efb9c6a7f77f0643c6a37d1f5ee2f40,1984_e5722c9c3aeb305a741ec20fa0d92d14,T58,T59,he did it,it was right,Support,1984
1984_e54653e8c15ef796e5ec9a122cae5f72,1984_e5722c9c3aeb305a741ec20fa0d92d14,T60,T59,Fritz Mondale has said that he would rather lose a battle for decency than win one over self-interest,it was right,Support,1984
1984_b5a37d47417251777c9aaa5527e4ae5d,1984_e54653e8c15ef796e5ec9a122cae5f72,T65,T60,Now I agree with him.,Fritz Mondale has said that he would rather lose a battle for decency than win one over self-interest,Support,1984
1984_98e7be89c7950ee50fef71de166fb46e,1984_bad88af86f0117c3b3cb3a322675066f,T2,T1,Our objectives ought to be to strengthen the democracies,I believe that the question oversimplifies the difficulties of what we must do in Central America,Support,1984
1984_bba99d5663cbcc4dc1a280fa47a4dba0,1984_bad88af86f0117c3b3cb3a322675066f,T501,T1,to stop Communist and other extremist influences,I believe that the question oversimplifies the difficulties of what we must do in Central America,Support,1984
1984_51497bc962532b8819de8f8ce4e61c90,1984_bad88af86f0117c3b3cb3a322675066f,T502,T1,stabilize the community in that area,I believe that the question oversimplifies the difficulties of what we must do in Central America,Support,1984
1984_d5ac24db3ade9696728c4b3de00f389d,1984_20301e06df29b9dd7a759a79c62096b5,T4,T3,one is military assistance to our friends who are being pressured,we need a three-pronged attack,Support,1984
1984_2689bcddfc8d9f4dab5df02f9f59fa68,1984_20301e06df29b9dd7a759a79c62096b5,T5,T3,"secondly, a strong and sophisticated economic aid program and human rights program that offers a better life and a sharper alternative to the alternative offered by the totalitarians who oppose us",we need a three-pronged attack,Support,1984
1984_44ac1f13235f6066df149783d3c28229,1984_20301e06df29b9dd7a759a79c62096b5,T6,T3,"finally, a strong diplomatic effort that pursues the possibilities of peace in the area",we need a three-pronged attack,Support,1984
1984_c3070d375507d76a5c5e5d57f86cb960,1984_a4f4ea6039905ad183d9732cc0fd5930,T8,T52,they have not pursued the diplomatic opportunities either within El Salvador or as between the countries and have lost time during which we might have been able to achieve a peace,That's one of the big disagreements that we have with the President,Support,1984
1984_a4f4ea6039905ad183d9732cc0fd5930,1984_0a0f3e262c5dd0e90845313a4b92a45d,T52,T53,That's one of the big disagreements that we have with the President,This brings up the whole question of what Presidential leadership is all about,Support,1984
1984_b1d29355b3e5d898afa2ad4397d0d7b5,1984_3c0737147d40a470be14c7467127132a,T10,T9,"A President must not only assure that we're tough, but we must also be wise and smart in the exercise of that power","I think the lesson in Central America, this recent embarrassment in Nicaragua where we are giving instructions for hired assassins, hiring criminals, and the rest -- all of this has strengthened our opponents",Support,1984
1984_dd4e3a27632356bd47ee6fecf82c4d11,1984_3c0737147d40a470be14c7467127132a,T11,T9,"We saw the same thing in Lebanon, where we spent a good deal of America's assets","I think the lesson in Central America, this recent embarrassment in Nicaragua where we are giving instructions for hired assassins, hiring criminals, and the rest -- all of this has strengthened our opponents",Support,1984
1984_17b02de447a08f5118851f27a1778289,1984_887e35d760328d3eee917f2ca69151ce,T24,T12,we have been humiliated,the leadership of this government did not pursue wise policies,Support,1984
1984_7bb0d3b9dc881a8f767e977cd2709225,1984_887e35d760328d3eee917f2ca69151ce,T25,T12,our opponents are stronger,the leadership of this government did not pursue wise policies,Support,1984
1984_3c0737147d40a470be14c7467127132a,1984_7bb0d3b9dc881a8f767e977cd2709225,T9,T25,"I think the lesson in Central America, this recent embarrassment in Nicaragua where we are giving instructions for hired assassins, hiring criminals, and the rest -- all of this has strengthened our opponents",our opponents are stronger,Support,1984
1984_3c0737147d40a470be14c7467127132a,1984_17b02de447a08f5118851f27a1778289,T9,T24,"I think the lesson in Central America, this recent embarrassment in Nicaragua where we are giving instructions for hired assassins, hiring criminals, and the rest -- all of this has strengthened our opponents",we have been humiliated,Support,1984
1984_887e35d760328d3eee917f2ca69151ce,1984_0a0f3e262c5dd0e90845313a4b92a45d,T12,T53,the leadership of this government did not pursue wise policies,This brings up the whole question of what Presidential leadership is all about,Support,1984
1984_8325cdf89c2d45e9effc0cb1463804e2,1984_2bf84f17ffd7ae4c5f16820af0150bbf,T504,T14,when a President doesn't know that submarine missiles are recallable,these are things a President must know to command,Support,1984
1984_bd4dc50b487783dea5a9d85cb6596fc0,1984_2bf84f17ffd7ae4c5f16820af0150bbf,T505,T14,says that 70 percent of our strategic forces are conventional,these are things a President must know to command,Support,1984
1984_430233846c35208a6ae30f56a1f60c7c,1984_2bf84f17ffd7ae4c5f16820af0150bbf,T506,T14,discovers 3 years into his administration that our arms control efforts have failed because he didn't know that most Soviet missiles were on land,these are things a President must know to command,Support,1984
1984_580d813c204f46704c7e3ef3eaf2157f,1984_2bf84f17ffd7ae4c5f16820af0150bbf,T21,T14,A President is called the Commander in Chief,these are things a President must know to command,Support,1984
1984_552daf4f351720f1d0b28d8f786fcff5,1984_155287bb50c1ba1451171475a88c7b5f,T20,T491,he's supposed to be in charge of the facts,he's called that,Support,1984
1984_c3d7662413dbc47f941f560bd7bd45de,1984_155287bb50c1ba1451171475a88c7b5f,T492,T491,run our government,he's called that,Support,1984
1984_414643cbb62bb6c17add4a72f026d725,1984_155287bb50c1ba1451171475a88c7b5f,T493,T491,strengthen our nation,he's called that,Support,1984
1984_030950ccd7f0694ad28158d41adf9880,1984_e894c7140ea19f66b8743275af38f1c7,T54,T15,It's much more complex,We absolutely must,Support,1984
1984_f55aade7a57a41ac1128c5544c95fa1f,1984_030950ccd7f0694ad28158d41adf9880,T16,T54,You must understand the region,It's much more complex,Support,1984
1984_e696c64b9e20b6967d01ba607a3f10f8,1984_030950ccd7f0694ad28158d41adf9880,T17,T54,you must understand the politics in the area,It's much more complex,Support,1984
1984_4638da4753546d6167f3e4365f07468c,1984_030950ccd7f0694ad28158d41adf9880,T22,T54,you must provide a strong alternative,It's much more complex,Support,1984
1984_a2e5bad7bc1742592a92777561bf54a1,1984_030950ccd7f0694ad28158d41adf9880,T23,T54,you must show strength,It's much more complex,Support,1984
1984_2cfda4dfd1f658ce4d6e52f06e5d0626,1984_030950ccd7f0694ad28158d41adf9880,T507,T54,all at the same time,It's much more complex,Support,1984
1984_c2f6fec0cd4c3256bccbf4ea57074ac6,1984_7b1083aab27aaeac9246428f56df29b6,T18,T508,That's a classic example of a strategy that's embarrassed us,I object to the covert action in Nicaragua,Support,1984
1984_4f1c7491bc2ca7f1c4dc20a7cf3d3a87,1984_7b1083aab27aaeac9246428f56df29b6,T509,T508,strengthened our opposition,I object to the covert action in Nicaragua,Support,1984
1984_8bc124bbd9afd1c7f6920f60faddf893,1984_7b1083aab27aaeac9246428f56df29b6,T510,T508,undermined the moral authority of our people and our country in the region,I object to the covert action in Nicaragua,Support,1984
1984_d2a2cbca4acf5b57be05e8d4337235d0,1984_7b1083aab27aaeac9246428f56df29b6,T55,T508,"Strength requires knowledge, command",I object to the covert action in Nicaragua,Support,1984
1984_49f7cc81bf8e556078783af3827099f2,1984_d2a2cbca4acf5b57be05e8d4337235d0,T19,T55,We've seen in the Nicaraguan example a policy that has actually hurt us,"Strength requires knowledge, command",Support,1984
1984_fb00a25cfeb561a1a9453d2e6751fa94,1984_d2a2cbca4acf5b57be05e8d4337235d0,T51,T55,strengthened our opposition,"Strength requires knowledge, command",Support,1984
1984_7028bbbaef355cd877bfa85cbbde00ec,1984_d2a2cbca4acf5b57be05e8d4337235d0,T512,T55,undermined the moral authority of our country in that region,"Strength requires knowledge, command",Support,1984
1984_5c2fcfa78e6cd33cccffb38722522c7e,1984_5293d4a2056f54db5c46bfb861e16266,T513,T27,which advocates not only assassinations of Sandinistas but the hiring of criminals to assassinate the guerrillas we are supporting in order to create martyrs,"just at this moment, we are confronted with the extraordinary story of a CIA guerrilla manual for the anti-Sandinista contras whom we are backing",Support,1984
1984_678f7e5b128f99d803e0a9d9c1404a11,1984_c53d02e0133cfc54a606ce873a747d63,T31,T30,I know that the CIA is already going forward with one,I have ordered an investigation,Support,1984
1984_7e31b40a589ee1296201207f4511cb6f,1984_678f7e5b128f99d803e0a9d9c1404a11,T32,T31,"We have a gentleman down in Nicaragua who is on contract to the CIA, advising -- supposedly on military tactics -- the contras",I know that the CIA is already going forward with one,Support,1984
1984_edb798cfba463ebd50dd769fcb411425,1984_7e31b40a589ee1296201207f4511cb6f,T514,T32,he drew up this manual,"We have a gentleman down in Nicaragua who is on contract to the CIA, advising -- supposedly on military tactics -- the contras",Support,1984
1984_ee56f042d75dbb4e78425914ae65716d,1984_55c1b21e008ff28196b43fb36ba24cdd,T34,T7,We'll take the proper action at the proper time,"as soon as we have an investigation and find out where any blame lies for the few that did not get excised or changed, we certainly are going to do something about that",Support,1984
1984_a2359161115d02a7957855ef2339184b,1984_017b58735fe057da0c7e2489f66e1e82,T35,T36,"the plan that he has outlined is the one we've been following for quite some time, including diplomatic processes throughout Central America and working closely with the Contadora group",I thought for a moment that instead of a debate I was going to find Mr. Mondale in complete agreement with what we're doing,Support,1984
1984_55c1b21e008ff28196b43fb36ba24cdd,1984_5d28d1aad6357b56e9d14b3d24c91aa4,T7,T37,"as soon as we have an investigation and find out where any blame lies for the few that did not get excised or changed, we certainly are going to do something about that",we're not in the habit of assigning guilt before there has been proper evidence produced and proof of that guilt,Support,1984
1984_5d28d1aad6357b56e9d14b3d24c91aa4,1984_871df7a346b4e954e1a8279dd2a74c7f,T37,T58,we're not in the habit of assigning guilt before there has been proper evidence produced and proof of that guilt,I can only tell you about the manual,Support,1984
1984_5c6837968daf01493329f43b9605f6a2,1984_5d28d1aad6357b56e9d14b3d24c91aa4,T519,T37,they will be removed,we're not in the habit of assigning guilt before there has been proper evidence produced and proof of that guilt,Support,1984
1984_32ddf5784109ecc99bc6197c30b8fa95,1984_5d28d1aad6357b56e9d14b3d24c91aa4,T38,T37,whoever is guilty we will treat with that situation then,we're not in the habit of assigning guilt before there has been proper evidence produced and proof of that guilt,Support,1984
1984_56aa4274cc6ccae490bf9b843731a934,1984_5d28d1aad6357b56e9d14b3d24c91aa4,T518,T37,if guilt is established,we're not in the habit of assigning guilt before there has been proper evidence produced and proof of that guilt,Support,1984
1984_0b502c02376c49088bc6c44eb9257219,1984_0852e66e48be99a59b9a57cb485b5e95,T41,T40,There's not someone there directing all of this activity,I misspoke when I said a CIA head in Nicaragua,Support,1984
1984_ea4c2a8a9483433dfefac5e0b26cd5a0,1984_0b502c02376c49088bc6c44eb9257219,T520,T41,"There are, as you know, CIA men stationed in other countries in the world and, certainly, in Central America",There's not someone there directing all of this activity,Support,1984
1984_7fb60424426954324cae7452e8b05831,1984_ea4c2a8a9483433dfefac5e0b26cd5a0,T42,T520,"it was a man down there in that area that this was delivered to, and he recognized that what was in that manual was in direct contravention of my own Executive order, in December of 1981","There are, as you know, CIA men stationed in other countries in the world and, certainly, in Central America",Support,1984
1984_2a5a266881f16085220e411cd1225243,1984_65d441ac66e23359631aa49102dc6120,T522,T39,a President has to know those things that are essential to his leadership and the enforcement of our laws,A President must know these things,Equivalent,1984
1984_1315a6846a13253111101de00d330e99,1984_ffd3671aed62850ee238d4c9b5240cb5,T44,T43,"Some of it was excised, but the part dealing with political terrorism was continued","This manual -- several thousands of which were produced -- was distributed, ordering political assassinations, hiring of criminals, and other forms of terrorism",Support,1984
1984_bd5b93be9fcbc5cc373f82fcb657cabe,1984_34a479225ac7255249f7e24828331815,T61,T60,that I believed that nuclear missiles could be fired and then called back,"You've been all over the country repeating something that, I will admit, the press has also been repeating",Support,1984
1984_f15c8fe1e75e10180eff18944580e657,1984_bd5b93be9fcbc5cc373f82fcb657cabe,T48,T61,"I never, ever conceived of such a thing",that I believed that nuclear missiles could be fired and then called back,Attack,1984
1984_9208010704234fa6ff5225d69494fa4b,1984_f15c8fe1e75e10180eff18944580e657,T49,T48,I never said any such thing,"I never, ever conceived of such a thing",Support,1984
1984_ee6a78fb5f5cc9dce8c1b477fa2df0f6,1984_9208010704234fa6ff5225d69494fa4b,T47,T49,"In a discussion of our strategic arms negotiations, I said that submarines carrying missiles and airplanes carrying missiles were more conventional-type weapons, not as destabilizing as the land-based missiles",I never said any such thing,Support,1984
1984_6d0e69108ec96a61615c3c31b036447b,1984_9208010704234fa6ff5225d69494fa4b,T523,T49,"they were also weapons that -- or carriers -- that if they were sent out and there was a change, you could call them back before they had launched their missiles",I never said any such thing,Support,1984
1984_47cedc874834ff11cbe51e9cc414e96b,1984_6c1bd2b9e5c6527ab427ee66f57cd1fc,T62,T50,which is absolutely false,I hope that from here on you will no longer be saying that particular thing,Support,1984
1984_cb9fffaeec8168b2a983efe0d85c2857,1984_47cedc874834ff11cbe51e9cc414e96b,T424,T62,"How anyone could think that any sane person would believe you could call back a nuclear missile, I think is as ridiculous as the whole concept has been",which is absolutely false,Support,1984
1984_9208010704234fa6ff5225d69494fa4b,1984_47cedc874834ff11cbe51e9cc414e96b,T49,T62,I never said any such thing,which is absolutely false,Support,1984
1984_878ab315a7b77a712db97920f35e7e93,1984_887e35d760328d3eee917f2ca69151ce,T13,T12,the President must be in command,the leadership of this government did not pursue wise policies,Attack,1984
1984_1e216e8f60e45d488c42767421f4735a,1984_887e35d760328d3eee917f2ca69151ce,T503,T12,he must lead,the leadership of this government did not pursue wise policies,Attack,1984
1984_2bf84f17ffd7ae4c5f16820af0150bbf,1984_887e35d760328d3eee917f2ca69151ce,T14,T12,these are things a President must know to command,the leadership of this government did not pursue wise policies,Attack,1984
1984_0852e66e48be99a59b9a57cb485b5e95,1984_5583cc2e3da12fd7eefb24a6941a47ef,T40,T515,I misspoke when I said a CIA head in Nicaragua,It was turned over to the agency head of the CIA in Nicaragua to be printed,Attack,1984
1984_7fb60424426954324cae7452e8b05831,1984_2296ea7924bab2995bd815ff65e476f2,T42,T494,"it was a man down there in that area that this was delivered to, and he recognized that what was in that manual was in direct contravention of my own Executive order, in December of 1981",we would have nothing to do with regard to political assassinations,Support,1984
1984_2efebd3424871c085421295c7c92a791,1984_aeb07b6bbb087f8e760fa1d85d04b35c,T45,T46,what about the mining of the harbors in Nicaragua which violated international law?,This has hurt this country,Support,1984
1984_21eb1a74d1200c5c9eace04365e1c27a,1984_aeb07b6bbb087f8e760fa1d85d04b35c,T59,T46,"I don't know which is worse, not knowing or knowing and not stopping it",This has hurt this country,Support,1984
1984_65d441ac66e23359631aa49102dc6120,1984_aeb07b6bbb087f8e760fa1d85d04b35c,T39,T46,A President must know these things,This has hurt this country,Support,1984
1984_2532afef105a256d6b90edd4c6408028,1984_aeb07b6bbb087f8e760fa1d85d04b35c,T423,T46,a President's supposed to command,This has hurt this country,Support,1984
1984_9f5eb00d74f58eb61a205c98c02746fc,1984_28f072f7209294e88c0b30b3341a7d6b,T433,T461,"It's about as valid as saying that you would have to be black in order to despise racism, that you'd have to be female in order to be terribly offended by sexism","I think what happens is when you try to equate whether or not I have had military experience, that's the natural conclusion",Attack,1984
1984_9f5eb00d74f58eb61a205c98c02746fc,1984_7ad4dc13eb142b66e4bf4b40867c3ecc,T433,T449,"It's about as valid as saying that you would have to be black in order to despise racism, that you'd have to be female in order to be terribly offended by sexism",that's just not so,Support,1984
1984_27da50352ecf5a33a2388bc546a6a260,1984_eb726883ff54b099479704b3a03101c3,T462,T460,"I think if you take a look at where I've been, both in the Congress and where I intend to go, the type of person I am",I think that the people of this country can rely upon the fact that I will be a lender,Support,1984
1984_2420ea916ad24a95a64643d2ce70999f,1984_eaf7e58144cbc58fc58b13e1166ed4ea,T467,T466,"if the Soviet Union were to ever believe that they could challenge the United States with any sort of nuclear forces or otherwise, if I were in a position of leadership in this country, they would be assured that they would be met with swift, concise and certain retaliation",I'm prepared to do whatever is necessary in order to secure this country and make sure that security is maintained,Support,1984
1984_2cc1ef99e7f403136b51e86822da42d2,1984_eea2125fd6803177c78fede82d7fb4c3,T1,T468,the way you to that position of rnoving away from having to make a decision - armed force or anything else - is by moving toward arms control.,I think as a leader that what one has to do is get to the point where you're not put into that position,Support,1984
1984_2cc1ef99e7f403136b51e86822da42d2,1984_54c9196ed8b28d9f9a4713e813b1eeb1,T1,T473,the way you to that position of rnoving away from having to make a decision - armed force or anything else - is by moving toward arms control.,that's not what's been done over the past four years,Attack,1984
1984_54c9196ed8b28d9f9a4713e813b1eeb1,1984_4f506dad1dde6736bcb24add72d66d52,T473,T469,that's not what's been done over the past four years,I think that if you were to take a look at the failures of this administration that would have to be number one,Support,1984
1984_1c18813b83b654cc9fc7ec6c043c1acc,1984_4f506dad1dde6736bcb24add72d66d52,T470,T469,I will not put myself in that position as a leader in this country,I think that if you were to take a look at the failures of this administration that would have to be number one,Attack,1984
1984_2fd25b865616b1199ce46981f855b19e,1984_1c18813b83b654cc9fc7ec6c043c1acc,T471,T470,I will move immediately toward arms control negotiations,I will not put myself in that position as a leader in this country,Support,1984
1984_2fd25b865616b1199ce46981f855b19e,1984_2cc1ef99e7f403136b51e86822da42d2,T471,T1,I will move immediately toward arms control negotiations,the way you to that position of rnoving away from having to make a decision - armed force or anything else - is by moving toward arms control.,Support,1984
1984_859d661dca65591e6bb7c1dafb04e91e,1984_5aba7e85dff4367002323212e37d7d8e,T464,T474,I guess the concern that I have is a concern not only as a vice-presidential candidate but as a citizen in this country,we are not doing anything to stop the arms race,Support,1984
1984_be99f44b1e1fbd9b9f85ec8ece55b1a6,1984_9d90b6bdac9a5e8cf83b9acc73195abc,T476,T475,our Joint Chiefs of Staff have said they'd never exchange our military power for theirs,"if we keep talking about military inferiority - which we do not have, we are at a comparable level with the Soviet Union",Support,1984
1984_4056ebd54d0670ac74d55b4d8d1fa9ed,1984_5aba7e85dff4367002323212e37d7d8e,T477,T474,I guess the thing that I'd want is a commitment that pretty soon they're going to do something about making this a safer world for all of us,we are not doing anything to stop the arms race,Attack,1984
1984_9e214595c16c89464105c26ed4a22f60,1984_1aa1e755812377345e76f7c5996fe035,T479,T480,"when we came into office, the American people recognized that we had slipped into positions of inferiority on various things",You've got to go back where we were,Support,1984
1984_1aa1e755812377345e76f7c5996fe035,1984_1c7a9c67686fe2c6224a8b722ece06e8,T480,T478,You've got to go back where we were,I think his strategy not only was correct but is correct,Support,1984
1984_849b2e9ec0de310d10242a411174db52,1984_c93fbbe7992046a8e3885d252f90798c,T486,T485,the morale wasn't very good either,you had a major problem with the military,Support,1984
1984_2ae55c70b6aec66f2ee76c9658cb5f7f,1984_c93fbbe7992046a8e3885d252f90798c,T481,T485,"Some of our planes, as the president points out, were older than the pilots",you had a major problem with the military,Support,1984
1984_57ab318220094ae2b0c5c5bf2402c8bb,1984_c93fbbe7992046a8e3885d252f90798c,T696,T485,ships that couldn't go out to sea,you had a major problem with the military,Support,1984
1984_046b3622721a783f9a739205a64e50dc,1984_8040e7c03bec9a5079271484ad874592,T483,T482,"America is back in terms of military strength, in terms of our ability to deter aggression and keep the peace",we have had to strengthen the military and we're well on the way to getting that job done,Support,1984
1984_c93fbbe7992046a8e3885d252f90798c,1984_1aa1e755812377345e76f7c5996fe035,T485,T480,you had a major problem with the military,You've got to go back where we were,Support,1984
1984_8040e7c03bec9a5079271484ad874592,1984_c93fbbe7992046a8e3885d252f90798c,T482,T485,we have had to strengthen the military and we're well on the way to getting that job done,you had a major problem with the military,Attack,1984
1984_7176882b81c3028192c6ab8f8cb2ec3e,1984_e0251f6a3a37f25a0e01059891736166,T488,T489,The Strategic Arms Reduction Talks were good proposals,it's the Soviets who left the table,Attack,1984
1984_81a5559b51719df33a9f5a4f23c91c87,1984_3bb69df6906e806339114e80fe580c47,T492,T493,The chemical weapon treaty to ban all chemical weapons,"it was our initiative, not the Soviets",Attack,1984
1984_32e794ea7369401579a84775c075d6be,1984_7e2fc328f89be6df672ee3a634e7ef96,T491,T490,The Intermediate Nuclear Force Talks were sound talks,I wish the Soviet Union had continued them,Attack,1984
1984_7176882b81c3028192c6ab8f8cb2ec3e,1984_fd2450406b8fdd53022c5588601c99a4,T488,T2,The Strategic Arms Reduction Talks were good proposals,we have made proposals and proposals and proposals - sound proposals - on reducing nuclear weapons,Support,1984
1984_32e794ea7369401579a84775c075d6be,1984_fd2450406b8fdd53022c5588601c99a4,T491,T2,The Intermediate Nuclear Force Talks were sound talks,we have made proposals and proposals and proposals - sound proposals - on reducing nuclear weapons,Support,1984
1984_81a5559b51719df33a9f5a4f23c91c87,1984_fd2450406b8fdd53022c5588601c99a4,T492,T2,The chemical weapon treaty to ban all chemical weapons,we have made proposals and proposals and proposals - sound proposals - on reducing nuclear weapons,Support,1984
1984_e0251f6a3a37f25a0e01059891736166,1984_58fc7537009a754135a49ff8ee2aa53a,T489,T494,it's the Soviets who left the table,we wish they would think anew and move forward to verification so everybody would know whether the other side was keeping its word,Attack,1984
1984_58fc7537009a754135a49ff8ee2aa53a,1984_f97e699322eda35c751e5f9389deb089,T494,T495,we wish they would think anew and move forward to verification so everybody would know whether the other side was keeping its word,"much more important, you'd reduce the level of terror",Support,1984
1984_0500cdd21be16400a46a2e97e615e60d,1984_0f1d23ff494b842d539bf5c89068db28,T497,T496,We've talked to them about human rights,"I've met with Mr. Andropov and Mr. Chernenko, and we mention and we try to do something about the human rights question",Support,1984
1984_0f1d23ff494b842d539bf5c89068db28,1984_ea513d15a47ee5870c71ef43b5aed9ab,T496,T498,"I've met with Mr. Andropov and Mr. Chernenko, and we mention and we try to do something about the human rights question",The suppression of Soviet Jews is absolutely intolerable,Support,1984
1984_ea513d15a47ee5870c71ef43b5aed9ab,1984_533c9bf71f47538290283ce6a0148887,T498,T499,The suppression of Soviet Jews is absolutely intolerable,we have to keep pushing forward on the moral grounds as well as on the arms reduction ground,Support,1984
1984_6de76627b5b7bde91a97828e8a72e62a,1984_533c9bf71f47538290283ce6a0148887,T3,T499,"we're reducing - trying to talk to them, and are talking to them, in Vienna, about conventional force reduction",we have to keep pushing forward on the moral grounds as well as on the arms reduction ground,Support,1984
1984_6f8716ba83f1a8657c90b4462dec9519,1984_1733c1862b2aad2c937581a5fcf91d9b,T500,T502,this president has been strong,I think we're very close to getting that job done,Support,1984
1984_8265948b59c3975dcf24cb48c7f56d5b,1984_1733c1862b2aad2c937581a5fcf91d9b,T501,T502,we've addressed the imbalances,I think we're very close to getting that job done,Support,1984
1984_7bc3edc9320b9cd2100dbfbd6ee02abf,1984_1733c1862b2aad2c937581a5fcf91d9b,T503,T502,the Soviets are more likely to make a deal,I think we're very close to getting that job done,Support,1984
1984_c7598d84a755c3524c3cebba5a503d0a,1984_1733c1862b2aad2c937581a5fcf91d9b,T504,T502,The Soviets made an ABM treaty when they felt we were going to deploy an ABM system,I think we're very close to getting that job done,Support,1984
1984_a92ece6095c2a23bc6313483e3aa02ba,1984_6cbfae78d289d471cab9ee6a9aaa4d78,T505,T506,I am optimistic for the future,"once they realize that they will have this strong, principled president to negotiate with, strong leadership, and yet with demonstrable flexibility on arms control",Support,1984
1984_1733c1862b2aad2c937581a5fcf91d9b,1984_a92ece6095c2a23bc6313483e3aa02ba,T502,T505,I think we're very close to getting that job done,I am optimistic for the future,Support,1984
1984_34cd87849f62220afaf9ea124716f085,1984_b204a28008cd896b3995f908949ade75,T508,T512,the Reagan-Bush administration is so different from the Carter-Mondale [sic] administration that the American people are going to have the clearest choice,"It's a question of going back to the failed ideas of the past, where we came in - 21% percent on those interest rates, inflation, despair, malaise, no leadership, blaming the American people for failed leadership",Attack,1984
1984_34cd87849f62220afaf9ea124716f085,1984_74696aadda2ae7bebe40ebcc5e56d487,T508,T510,the Reagan-Bush administration is so different from the Carter-Mondale [sic] administration that the American people are going to have the clearest choice,another option - keep this recovery going until it benefits absolutely everybody,Support,1984
1984_74696aadda2ae7bebe40ebcc5e56d487,1984_b204a28008cd896b3995f908949ade75,T510,T512,another option - keep this recovery going until it benefits absolutely everybody,"It's a question of going back to the failed ideas of the past, where we came in - 21% percent on those interest rates, inflation, despair, malaise, no leadership, blaming the American people for failed leadership",Attack,1984
1984_b2e8a412f0e680ef20613e900464e551,1984_74696aadda2ae7bebe40ebcc5e56d487,T487,T510,Peace at home - peace abroad - prosperity - opportunity,another option - keep this recovery going until it benefits absolutely everybody,Support,1984
1984_f06d2c9c556f8df8d7d98fa6a9164b70,1984_74696aadda2ae7bebe40ebcc5e56d487,T509,T510,I'd like to hear her talk on those things,another option - keep this recovery going until it benefits absolutely everybody,Support,1984
1984_fba1bad6fcf28f9b102395b0d2f3a17a,1984_b204a28008cd896b3995f908949ade75,T513,T512,I think the vice-president's comment about the Carter-Mondale administration really typifies this administration,"It's a question of going back to the failed ideas of the past, where we came in - 21% percent on those interest rates, inflation, despair, malaise, no leadership, blaming the American people for failed leadership",Attack,1984
1984_fba1bad6fcf28f9b102395b0d2f3a17a,1984_6e9e864e61a5371c6a551834e2667ef3,T513,T515,I think the vice-president's comment about the Carter-Mondale administration really typifies this administration,"It's an administration that looks backwards, not forwards and into the future",Attack,1984
1984_fba1bad6fcf28f9b102395b0d2f3a17a,1984_37e38fc1583ccc3ff2f6201ea27685a2,T513,T514,I think the vice-president's comment about the Carter-Mondale administration really typifies this administration,I'm also tickled by their comments on human rights,Attack,1984
1984_28adc4e471aabdf62772d9b7aa23fd31,1984_053fe7c71c91fe98610070a8facf8aed,T517,T516,"in large measure, this administration's policies over the past four years, 1,313 people got out of the Soviet Union in 1983 and 1984","The Soviet Union in 1979 allowed 51,000 people to emigrate",Support,1984
1984_0d63dadb813dc7ba9a9f3b3f98b6884c,1984_37e38fc1583ccc3ff2f6201ea27685a2,T518,T514,That's not a great record on human rights and certainly not a record on human rights achievements,I'm also tickled by their comments on human rights,Support,1984
1984_0d63dadb813dc7ba9a9f3b3f98b6884c,1984_28adc4e471aabdf62772d9b7aa23fd31,T518,T517,That's not a great record on human rights and certainly not a record on human rights achievements,"in large measure, this administration's policies over the past four years, 1,313 people got out of the Soviet Union in 1983 and 1984",Attack,1984
1984_8bade32ce84d2f37273994a9290d46f2,1984_5fc4378053f009767d8a5351609b9f03,T520,T519,it hasn't gotten a trillion dollars on national security,This administration spent a trillion dollars on defense,Attack,1984
1984_405cf1c17c6b3eb0f9efb90d23f60c1f,1984_efb1d3280d95707bd66fff59350eb32d,T524,T2,I have said on a number of occasions exactly what I believe about the Soviet Union,I retract nothing that I have said,Support,1984
1984_c00ebb0b5a75d1b04f156ce1b2916c1d,1984_89fc711d0ea24011c5e7b3b9bf556456,T54,T52,I told Mr. Gromyko we don't like their system,I believe that many of the things they have done are evil in any concept of morality that we have,Support,1984
1984_5654ce81325c50330e3b9657519ca4ef,1984_5a8f6252635fc928885a580c42861a29,T55,T53,"between us, we can either destroy the world or we can save it","I also recognize that as the two great superpowers in the world, we have to live with each other",Support,1984
1984_15b621a80f81edef8b1511b10b57f89e,1984_066d21d3c63e2268bfb89dafe6a17014,T56,T496,"it was to their common interest, along with ours, to avoid a conflict",remove the nuclear weapons,Support,1984
1984_9677d5ce44a64393ecf796f47e88ff99,1984_066d21d3c63e2268bfb89dafe6a17014,T495,T496,to attempt to save the world,remove the nuclear weapons,Support,1984
1984_62efedc4624e6d5eb1e66b67f763b8d6,1984_9c3f82865fe9184e7242186514c72d7c,T60,T526,We canceled the B - 1 under the previous administration,the result was unilateral disarmament,Support,1984
1984_c2397de12ffd1f8b07260fbb2f7f0f07,1984_9c3f82865fe9184e7242186514c72d7c,T527,T526,What did we get for it? Nothing.,the result was unilateral disarmament,Support,1984
1984_4f0b83f52b12a186734678bc7e6aeb4e,1984_c2397de12ffd1f8b07260fbb2f7f0f07,T61,T527,"The Soviet Union has been engaged in the biggest military buildup in the history of man at the same time that we tried the policy of unilateral disarmament, of weakness, if you will",What did we get for it? Nothing.,Support,1984
1984_ed1c35cd7604d08a3b5cb246470f48c8,1984_9ffa26e6e24a63308e759539bb4dc4db,T3,T65,I've made it very plain to them,we seek no superiority,Support,1984
1984_cd74b0422995b6e602d6c3d1c6e7d90d,1984_9ffa26e6e24a63308e759539bb4dc4db,T66,T65,We simply are going to provide a deterrent so that it will be too costly for them if they are nursing any ideas of aggression against us,we seek no superiority,Support,1984
1984_d57ff14e4b8348da5ac2644f7427deb8,1984_b3d2ca85cccf077cb3a43e42f16ead39,T1,T5,we're not,I made it plain to them,Support,1984
1984_b3d2ca85cccf077cb3a43e42f16ead39,1984_6c196dcdef71582592151d98b8784909,T5,T63,I made it plain to them,There's been no change in my attitude at all,Support,1984
1984_5062eef434484c22b706cb3750ca8228,1984_6c196dcdef71582592151d98b8784909,T6,T63,I just thought when I came into office it was time that there was some realistic talk to and about the Soviet Union,There's been no change in my attitude at all,Support,1984
1984_d4c3e7b0ae4b054b5a0cc99350b52659,1984_41c97bf8da524a383b4e80b694ab4dbb,T68,T72,One is the Middle East,there are a number of areas in the world that are of importance to us,Support,1984
1984_5641c24f664fb4d3be7735d8db99a8bd,1984_192eff6a645d84bba957f9b30527dcfe,T69,T528,because of the great supply of energy upon which so many depend there,that is of interest to the whole Western World and the industrialized nations,Support,1984
1984_024e164e244e783c7d103cd9cdfd6178,1984_41c97bf8da524a383b4e80b694ab4dbb,T70,T72,Our neighbors here in America are vital to us,there are a number of areas in the world that are of importance to us,Support,1984
1984_231d6b4c265e533a2a420145133ccce6,1984_41c97bf8da524a383b4e80b694ab4dbb,T73,T72,I can say there are a great many interests,there are a number of areas in the world that are of importance to us,Equivalent,1984
1984_1cc620482fc4ea02ca99976cb7755d7d,1984_231d6b4c265e533a2a420145133ccce6,T74,T73,I believe that we have a great interest in the Pacific Basin,I can say there are a great many interests,Support,1984
1984_2db88542b136e628eb6de4bf566d4ed9,1984_1cc620482fc4ea02ca99976cb7755d7d,T75,T74,That is where I think the future of the world lies,I believe that we have a great interest in the Pacific Basin,Support,1984
1984_c81b1be5b5fc96a20d161e312f3ea11e,1984_3e7ba9324396cdd6bb0e4cf9220f8037,T529,T7,I don't want to send troops any place,"But I am not going to pick out one and, in advance, hypothetically say, ""Oh, yes, we would send troops there",Support,1984
1984_4344bcde75b5d85c79b96a25d063807d,1984_79cbe38dc3767c9b6c9490ae746c3f93,T79,T78,so we know exactly what they must do,the only type of agreements to reach with the Soviet Union are the types that are specifically defined,Support,1984
1984_560da6b3776736094957d5cb416eea68,1984_4344bcde75b5d85c79b96a25d063807d,T80,T79,we know every day whether they're living up to it,so we know exactly what they must do,Support,1984
1984_e3c3a2c2903de4316367315cca8fa359,1984_11864a74f6c23bb31f22dae7111007b4,T82,T81,the strongest possible terms,"followups, wherever we find suggestions that they're violating it",Support,1984
1984_a73ee40009bf2d86fca416f4d947a25a,1984_741bc0661c3676d7df348c94735e87db,T530,T85,I would,we must be prepared to meet that challenge,Support,1984
1984_b504962336c19ef2db9de39f20d1f9b9,1984_741bc0661c3676d7df348c94735e87db,T84,T85,They are a tough and a ruthless adversary,we must be prepared to meet that challenge,Support,1984
1984_82c8c6b6805c6c7dfb5d8a1a32acad23,1984_a73ee40009bf2d86fca416f4d947a25a,T83,T530,I have no illusions about the Soviet Union leadership or the nature of that state,I would,Support,1984
1984_11864a74f6c23bb31f22dae7111007b4,1984_8b91f93494f931bcfb79bc0cd3c04aca,T81,T8,"followups, wherever we find suggestions that they're violating it",subject to full verification,Support,1984
1984_e69b56e31a5e79c9432b0a2ebd9a2545,1984_d9b98d03f1e7bf93ce8f51cbbbc62f7a,T76,T9,"we must, as past Presidents before this one have done, meet on the common ground of survival",Where I part with the President is that,Support,1984
1984_d15fc885f4f05aebbc1251f5ed09978e,1984_8d305a286d958faa3a752143f882c494,T77,T86,"that's where the President has opposed practically every arms control agreement, by every President, of both political parties, since the bomb went off","he now completes this term with no progress toward arms control at all, but with a very dangerous arms race underway instead",Support,1984
1984_9d78738ad5a95bd409a83383eb3c07e0,1984_8d305a286d958faa3a752143f882c494,T87,T86,"There are now over 2,000 more warheads pointed at us today than there were when he was sworn in","he now completes this term with no progress toward arms control at all, but with a very dangerous arms race underway instead",Support,1984
1984_c87026d7cf465c7cf3c549eb42a2374d,1984_f789f17be4f4451fedd210ae95982354,T90,T91,There will be no unilateral disarmament under my administration,I will keep this nation strong,Support,1984
1984_74ac13f0b96e91c14ab1295e35492cba,1984_f789f17be4f4451fedd210ae95982354,T92,T91,I understand exactly what the Soviets are up to,I will keep this nation strong,Support,1984
1984_bd1dc49af5198f736513c62694e8dbc7,1984_7c7bf47297e7183a8c578049221e52ea,T93,T532,"that's where the President's failure to master, in my opinion, the essential elements of arms control has cost us dearly",a President must know what is essential to command and to leadership and to strength,Support,1984
1984_4afcf79f790ca14d2106c21fc56954db,1984_c47e53ee761b1e599d57b682b216bf3c,T425,T426,He's 3 years into this administration,"He said he just discovered that most Soviet missiles are on land, and that's why his proposal didn't work",Support,1984
1984_c47e53ee761b1e599d57b682b216bf3c,1984_bd1dc49af5198f736513c62694e8dbc7,T426,T93,"He said he just discovered that most Soviet missiles are on land, and that's why his proposal didn't work","that's where the President's failure to master, in my opinion, the essential elements of arms control has cost us dearly",Support,1984
1984_a4d423ed840e98fcc70ba863ca500b54,1984_952eeb3ba4e85830176c4dabca641421,T534,T533,"you could fire them, and you could recall them if you decided there'd been a miscalculation",these missiles were less dangerous than ballistic missiles,Support,1984
1984_3ec86e60f35ef9bf5003dd9478851a92,1984_0b3c1510963b59208685be0cbf10922c,T96,T95,We ought to deal with each of these countries separately,I think the essential strategy of the United States ought not accept any Soviet control over Eastern Europe,Support,1984
1984_52cc7f716b06918fbf732247b7c4aa9a,1984_3ec86e60f35ef9bf5003dd9478851a92,T97,T96,"We ought to pursue strategies with each of them, economic and the rest, that help them pull away from their dependence upon the Soviet Union",We ought to deal with each of these countries separately,Support,1984
1984_e2454c7f6db3fe07b4acbf28e8e25796,1984_6d64646bb6edf90a68307bb8b26bbbb8,T12,T11,"especially, recently, in Poland","Where the Soviet Union has acted irresponsibly, as they have in many of those countries",Support,1984
1984_37d868ca9d83031e74bdbb56f269a524,1984_52cc7f716b06918fbf732247b7c4aa9a,T98,T97,I believe we ought to insist that Western credits extended to the Soviet Union bear the market rate,"We ought to pursue strategies with each of them, economic and the rest, that help them pull away from their dependence upon the Soviet Union",Support,1984
1984_6d64646bb6edf90a68307bb8b26bbbb8,1984_1356e3f56e3fb99d24bf74175f5ab03f,T11,T535,"Where the Soviet Union has acted irresponsibly, as they have in many of those countries",Make the Soviets pay for their irresponsibility,Support,1984
1984_1356e3f56e3fb99d24bf74175f5ab03f,1984_37d868ca9d83031e74bdbb56f269a524,T535,T98,Make the Soviets pay for their irresponsibility,I believe we ought to insist that Western credits extended to the Soviet Union bear the market rate,Support,1984
1984_db00d07d6c1fc166358bd7848760da86,1984_3dc61ac18a75d7a98b538d5410a7de1c,T498,T497,there wouldn't have been any Nimitz to stand on,"if he had had his way when the Nimitz was being planned, he would have been deep in the water out there",Support,1984
1984_130406f210c7ea988d64ba75710df3d6,1984_3dc61ac18a75d7a98b538d5410a7de1c,T499,T497,he was against it,"if he had had his way when the Nimitz was being planned, he would have been deep in the water out there",Support,1984
1984_58d786dedc018c991e9a3d5450bda125,1984_315f48eeb9855a7f2f4977f96bdb52b2,T106,T105,he was on that side virtually throughout all his years in the Senate,he has a record of weakness with regard to our national defense that is second to none,Support,1984
1984_4e026463b3fb18b639b909779848acd7,1984_315f48eeb9855a7f2f4977f96bdb52b2,T101,T105,he was against the M - 1 tank,he has a record of weakness with regard to our national defense that is second to none,Support,1984
1984_fdab888c23a2faea203f858abbe81136,1984_315f48eeb9855a7f2f4977f96bdb52b2,T102,T105,he was against the B - 1 bomber,he has a record of weakness with regard to our national defense that is second to none,Support,1984
1984_c0b9a9f9fe77e9b0b7738109c2b5d17d,1984_315f48eeb9855a7f2f4977f96bdb52b2,T103,T105,he wanted to cut the salary of all of the military,he has a record of weakness with regard to our national defense that is second to none,Support,1984
1984_1ac51e919829e41370f58a5620c9f979,1984_315f48eeb9855a7f2f4977f96bdb52b2,T104,T105,he wanted to bring home half of the American forces in Europe,he has a record of weakness with regard to our national defense that is second to none,Support,1984
1984_6cc9bf382e0e971cb366e753caf93b95,1984_315f48eeb9855a7f2f4977f96bdb52b2,T107,T105,"he opposed even President Carter, when toward the end of his term President Carter wanted to increase the defense budget",he has a record of weakness with regard to our national defense that is second to none,Support,1984
1984_9d530cc234fc2bd1b1ed0a1331556395,1984_a724b36c789cbe3232fbf529b6ecd270,T110,T100,It is true over 10 years ago I voted to delay production of the F - 14,He was against the F - 14 fighter,Support,1984
1984_ba02d5eb891be5cc09a0faa6f0f1c933,1984_f989955fa6d8971666ce6dbdfddb4b75,T111,T112,it was a waste of money,Your definition of national strength is to throw money at the Defense Department,Support,1984
1984_cda5f98626a4da9be7da7b40ed4a80b3,1984_02d74905f46f48a0d8c249973144ffe8,T113,T427,My definition of national strength is to make certain that a dollar spent buys us a dollar's worth of defense,There's a big difference between the two of us,Support,1984
1984_f989955fa6d8971666ce6dbdfddb4b75,1984_02d74905f46f48a0d8c249973144ffe8,T112,T427,Your definition of national strength is to throw money at the Defense Department,There's a big difference between the two of us,Support,1984
1984_94aad76000e03c439a0bee3593fd2664,1984_02d74905f46f48a0d8c249973144ffe8,T428,T427,A President must manage that budget,There's a big difference between the two of us,Support,1984
1984_6a4b9f730bf4a4929ce0db65cc17bf31,1984_35c2ecaf06cffb81abcbfed1f6c8cbd2,T116,T115,"You pay $500 for a $5 hammer, you're not buying strength",you'll not do that unless you command that budget and make certain we get the strength that we need,Support,1984
1984_3dc61ac18a75d7a98b538d5410a7de1c,1984_b3a5091b744b4a4031ad32f079915dae,T497,T15,"if he had had his way when the Nimitz was being planned, he would have been deep in the water out there","with regard to whether Mr. Mondale would be strong, as he said he would be, I know that he has a commercial out where he's appearing on the deck of the Nimitz and watching the F - 14's take off",Attack,1984
1984_c90c1ac27e8581173edb7c4b287b0210,1984_315f48eeb9855a7f2f4977f96bdb52b2,T16,T105,"I accept your commitment to peace, but I want you to accept my commitment to a strong national defense",he has a record of weakness with regard to our national defense that is second to none,Attack,1984
1984_3a9f474642d76c7fe7baf7c14d59983a,1984_c90c1ac27e8581173edb7c4b287b0210,T108,T16,"I have proposed a budget which would increase our nation's strength, in real terms, by double that of the Soviet Union","I accept your commitment to peace, but I want you to accept my commitment to a strong national defense",Support,1984
1984_5bd85da74d901eb07f002355cfb64af5,1984_a724b36c789cbe3232fbf529b6ecd270,T109,T100,The plane wasn't flying the way it was supposed to be,He was against the F - 14 fighter,Attack,1984
1984_5bd85da74d901eb07f002355cfb64af5,1984_ba02d5eb891be5cc09a0faa6f0f1c933,T109,T111,The plane wasn't flying the way it was supposed to be,it was a waste of money,Support,1984
1984_efb1d3280d95707bd66fff59350eb32d,1984_89fc711d0ea24011c5e7b3b9bf556456,T2,T52,I retract nothing that I have said,I believe that many of the things they have done are evil in any concept of morality that we have,Support,1984
1984_5a8f6252635fc928885a580c42861a29,1984_89fc711d0ea24011c5e7b3b9bf556456,T53,T52,"I also recognize that as the two great superpowers in the world, we have to live with each other",I believe that many of the things they have done are evil in any concept of morality that we have,Attack,1984
1984_7c6b1042c6fdb17f43093d5085fdd386,1984_5a8f6252635fc928885a580c42861a29,T17,T53,They don't like ours,"I also recognize that as the two great superpowers in the world, we have to live with each other",Support,1984
1984_af11966aa37910bfae67b5c06abe1b64,1984_5a8f6252635fc928885a580c42861a29,T64,T53,we're not going to change their system,"I also recognize that as the two great superpowers in the world, we have to live with each other",Support,1984
1984_1ec7a4d4cfa0281430ed8372d09cf387,1984_5a8f6252635fc928885a580c42861a29,T18,T53,they sure better not try to change ours,"I also recognize that as the two great superpowers in the world, we have to live with each other",Support,1984
1984_066d21d3c63e2268bfb89dafe6a17014,1984_5654ce81325c50330e3b9657519ca4ef,T496,T55,remove the nuclear weapons,"between us, we can either destroy the world or we can save it",Support,1984
1984_7c65c7b19b160994d7ebee215519aad7,1984_b0cc71c635fe8262d7301baa283bab8a,T57,T58,I think that perhaps we established a little better understanding,I think that in dealing with the Soviet Union one has to be realistic,Support,1984
1984_9c3f82865fe9184e7242186514c72d7c,1984_d4e2dc27c3517294bf7cc7a62c039487,T526,T59,the result was unilateral disarmament,"I know that Mr. Mondale, in the past, has made statements as if they were just people like ourselves, and if we were kind and good and did something nice, they would respond accordingly",Attack,1984
1984_b0cc71c635fe8262d7301baa283bab8a,1984_d4e2dc27c3517294bf7cc7a62c039487,T58,T59,I think that in dealing with the Soviet Union one has to be realistic,"I know that Mr. Mondale, in the past, has made statements as if they were just people like ourselves, and if we were kind and good and did something nice, they would respond accordingly",Attack,1984
1984_62efedc4624e6d5eb1e66b67f763b8d6,1984_d4e2dc27c3517294bf7cc7a62c039487,T60,T59,We canceled the B - 1 under the previous administration,"I know that Mr. Mondale, in the past, has made statements as if they were just people like ourselves, and if we were kind and good and did something nice, they would respond accordingly",Attack,1984
1984_c2397de12ffd1f8b07260fbb2f7f0f07,1984_d4e2dc27c3517294bf7cc7a62c039487,T527,T59,What did we get for it? Nothing.,"I know that Mr. Mondale, in the past, has made statements as if they were just people like ourselves, and if we were kind and good and did something nice, they would respond accordingly",Attack,1984
1984_4f0b83f52b12a186734678bc7e6aeb4e,1984_d4e2dc27c3517294bf7cc7a62c039487,T61,T59,"The Soviet Union has been engaged in the biggest military buildup in the history of man at the same time that we tried the policy of unilateral disarmament, of weakness, if you will","I know that Mr. Mondale, in the past, has made statements as if they were just people like ourselves, and if we were kind and good and did something nice, they would respond accordingly",Attack,1984
1984_b0cc71c635fe8262d7301baa283bab8a,1984_9ffa26e6e24a63308e759539bb4dc4db,T58,T65,I think that in dealing with the Soviet Union one has to be realistic,we seek no superiority,Support,1984
1984_e76a0deb4c9b67f2808f6f12c9a96bec,1984_9ffa26e6e24a63308e759539bb4dc4db,T62,T65,now we are putting up a defense of our own,we seek no superiority,Support,1984
1984_b3d2ca85cccf077cb3a43e42f16ead39,1984_ed1c35cd7604d08a3b5cb246470f48c8,T5,T3,I made it plain to them,I've made it very plain to them,Equivalent,1984
1984_054e86d3c2c7f31a65d7dcaf562a155a,1984_6c196dcdef71582592151d98b8784909,T19,T63,we did get their attention,There's been no change in my attitude at all,Support,1984
1984_a75022d9aca6f58f82e19f7673685469,1984_6c196dcdef71582592151d98b8784909,T20,T63,Regions Vital to U.S. Interests,There's been no change in my attitude at all,Support,1984
1984_192eff6a645d84bba957f9b30527dcfe,1984_d4c3e7b0ae4b054b5a0cc99350b52659,T528,T68,that is of interest to the whole Western World and the industrialized nations,One is the Middle East,Support,1984
1984_b5b83a8e53ecfd28ff39b26273db6b7a,1984_024e164e244e783c7d103cd9cdfd6178,T71,T70,"We're working right now in trying to be of help in southern Africa with regard to the independence of Namibia and the removal of the Cuban surrogates, the thousands of them, from Angola",Our neighbors here in America are vital to us,Support,1984
1984_3e7ba9324396cdd6bb0e4cf9220f8037,1984_231d6b4c265e533a2a420145133ccce6,T7,T73,"But I am not going to pick out one and, in advance, hypothetically say, ""Oh, yes, we would send troops there",I can say there are a great many interests,Attack,1984
1984_55588b43ddd4a311e9e0d9ba001e1a27,1984_3e7ba9324396cdd6bb0e4cf9220f8037,T21,T7,I am not going to make the decision as to what the tactics could be,"But I am not going to pick out one and, in advance, hypothetically say, ""Oh, yes, we would send troops there",Support,1984
1984_8b91f93494f931bcfb79bc0cd3c04aca,1984_79cbe38dc3767c9b6c9490ae746c3f93,T8,T78,subject to full verification,the only type of agreements to reach with the Soviet Union are the types that are specifically defined,Support,1984
1984_8d305a286d958faa3a752143f882c494,1984_d9b98d03f1e7bf93ce8f51cbbbc62f7a,T86,T9,"he now completes this term with no progress toward arms control at all, but with a very dangerous arms race underway instead",Where I part with the President is that,Support,1984
1984_fb31298eadd9ac45bedb26d58326f41e,1984_8d305a286d958faa3a752143f882c494,T531,T86,that does not strengthen us,"he now completes this term with no progress toward arms control at all, but with a very dangerous arms race underway instead",Attack,1984
1984_b50d7647832f9e882a482d874f9e095d,1984_9135db33f1dee85346209f0e44b7bbc8,T88,T89,"we must grind away and talk to find ways of reducing these differences, particularly where arms races are concerned and other dangerous exercises of Soviet power","We must be very, very realistic in the nature of that leadership",Attack,1984
1984_c87026d7cf465c7cf3c549eb42a2374d,1984_9c3f82865fe9184e7242186514c72d7c,T90,T526,There will be no unilateral disarmament under my administration,the result was unilateral disarmament,Attack,1984
1984_8be031a4e2d161d6686191339bd8cef3,1984_b3a5091b744b4a4031ad32f079915dae,T99,T15,that's an image of strength,"with regard to whether Mr. Mondale would be strong, as he said he would be, I know that he has a commercial out where he's appearing on the deck of the Nimitz and watching the F - 14's take off",Support,1984
1984_ba02d5eb891be5cc09a0faa6f0f1c933,1984_9d530cc234fc2bd1b1ed0a1331556395,T111,T110,it was a waste of money,It is true over 10 years ago I voted to delay production of the F - 14,Support,1984
1984_02d74905f46f48a0d8c249973144ffe8,1984_126125c1ab6ff743584cef7065403c62,T427,T114,There's a big difference between the two of us,I will keep us strong,Support,1984
1984_35c2ecaf06cffb81abcbfed1f6c8cbd2,1984_126125c1ab6ff743584cef7065403c62,T115,T114,you'll not do that unless you command that budget and make certain we get the strength that we need,I will keep us strong,Support,1984
1984_126125c1ab6ff743584cef7065403c62,1984_02d74905f46f48a0d8c249973144ffe8,T114,T427,I will keep us strong,There's a big difference between the two of us,Support,1984
1984_3dc61ac18a75d7a98b538d5410a7de1c,1984_7c7bf47297e7183a8c578049221e52ea,T497,T532,"if he had had his way when the Nimitz was being planned, he would have been deep in the water out there",a President must know what is essential to command and to leadership and to strength,Attack,1984
1984_315f48eeb9855a7f2f4977f96bdb52b2,1984_7c7bf47297e7183a8c578049221e52ea,T105,T532,he has a record of weakness with regard to our national defense that is second to none,a President must know what is essential to command and to leadership and to strength,Attack,1984
1984_467304f5ef83319e41e63aa26f3c854e,1984_39bada47d52de3f4845332c71d6cc44d,T119,T1,I believe every one of those standards is essential to the exercise of power by this country,No,Support,1984
1984_82b036a7bc339f53958364416e39bbe9,1984_467304f5ef83319e41e63aa26f3c854e,T429,T119,we can see that in both Lebanon and in Central America,I believe every one of those standards is essential to the exercise of power by this country,Support,1984
1984_f14e8e667fea8a5fea72108b827e5084,1984_82b036a7bc339f53958364416e39bbe9,T120,T429,"In Lebanon, this President exercised American power, all right, but the management of it was such that our marines were killed",we can see that in both Lebanon and in Central America,Support,1984
1984_9d6f33c790b5f116bc2a305d05aa2ce0,1984_82b036a7bc339f53958364416e39bbe9,T121,T429,we had to leave in humiliation,we can see that in both Lebanon and in Central America,Support,1984
1984_e72459628b52fc28a8ffe8cdc63b7b7e,1984_82b036a7bc339f53958364416e39bbe9,T122,T429,the Soviet Union became stronger,we can see that in both Lebanon and in Central America,Support,1984
1984_2b2808ed480c8a2b8d822fb6006964ce,1984_82b036a7bc339f53958364416e39bbe9,T123,T429,terrorists became emboldened,we can see that in both Lebanon and in Central America,Support,1984
1984_07908632ac3a7725b660bda8679473d3,1984_dbe05a12b2a533665324334e02df4bb2,T536,T124,they did not think through how power should be exercised,we ended up the way we did,Support,1984
1984_58626d97e362336540faff08a3f953f8,1984_dbe05a12b2a533665324334e02df4bb2,T537,T124,did not have the American public with them on a plan that worked,we ended up the way we did,Support,1984
1984_2610388a574fbc5a1be1902c77572cfa,1984_2c8ffec40f5dc9acaef537ce6a3cb4ce,T538,T125,we get associated with political assassins and the rest,"What we're doing in Nicaragua with this covert war -- which the Congress, including many Republicans, have tried to stop -- is finally end up with a public definition of American power that hurts us",Support,1984
1984_3e3d581234fc3c09843d9a96db5a5858,1984_4b8b93db53bbe72a10f46ad1e60e6a60,T539,T127,they'll find us guilty of illegal actions,"We have to decline, for the first time in modern history, jurisdiction in the World Court",Support,1984
1984_9e0514ac209df3aa6f723fcb21016ff0,1984_467304f5ef83319e41e63aa26f3c854e,T126,T119,our enemies are strengthened from all of this,I believe every one of those standards is essential to the exercise of power by this country,Support,1984
1984_99a325b0579d6648caed04a41e998ad5,1984_eef8975e1f012c7e65931f041f0da547,T131,T130,We are a government by the people,we must understand that we are a democracy,Support,1984
1984_5ef74abd0ed8f55bf640498e0345b106,1984_734e861f2127beca436d52d6bdaec83f,T128,T132,We need to be strong,It is only in that way that we can persevere,Support,1984
1984_5b2ad86dab5cb6b2ff515e3aef77f036,1984_734e861f2127beca436d52d6bdaec83f,T129,T132,we need to be prepared to use that strength,It is only in that way that we can persevere,Support,1984
1984_09953717e47c36ba5f6bc60252a424aa,1984_1d386579096e967d649533ee4dbbeb72,T134,T133,"What I'm referring to there is the mutual self-defense provisions that exist in the Inter-American treaty, the so-called Rio Pact, that permits the nations, our friends in that region, to combine to take steps -- diplomatic and otherwise -- to prevent Nicaragua, when she acts irresponsibly in asserting power in other parts outside of her border, to take those steps, whatever they might be, to stop it","The Nicaraguans must know that it is the policy of our government that that leadership must stay behind the boundaries of their nation, not interfere in other nations",Support,1984
1984_f48c385d7197def344fd60b762c3c32d,1984_1d386579096e967d649533ee4dbbeb72,T135,T133,"by working with all of the nations in the region -- unlike the policies of this administration and unlike the President said, they have not supported negotiations in that region -- we will be much stronger","The Nicaraguans must know that it is the policy of our government that that leadership must stay behind the boundaries of their nation, not interfere in other nations",Support,1984
1984_24ff5148d5a56b94e20965b7ab2793db,1984_f48c385d7197def344fd60b762c3c32d,T541,T135,we'll have the moral authority that goes with those efforts,"by working with all of the nations in the region -- unlike the policies of this administration and unlike the President said, they have not supported negotiations in that region -- we will be much stronger",Support,1984
1984_32afd9e4473ec325531cccb2f05e7c2c,1984_bcbcb22efbf14f302894ab57f5f182f4,T137,T136,"when we and our allies -- the Italians, the French, and the United Kingdom -- went into Lebanon, we went in there at the request of what was left of the Lebanese Government to be a stabilizing force while they tried to establish a government",I don't agree to all of those things,Support,1984
1984_09fd9c4af17e7fbeaab4b01b3aed046c,1984_bcbcb22efbf14f302894ab57f5f182f4,T138,T136,"the first time we went in, we went in at their request because the war was going on right in Beirut between Israel and the PLO terrorists",I don't agree to all of those things,Support,1984
1984_b922d6aea4b166a5db7f619d952d11ee,1984_c057f064e27ded0ebcb2fc209884abda,T139,T4,"Those terrorists had been violating their northern border consistently, and Israel chased them all the way to there",Israel could not be blamed for that,Support,1984
1984_782fc037cb8001ba858e5969a0c04f9b,1984_b922d6aea4b166a5db7f619d952d11ee,T140,T139,"Then we went in with the multinational force to help remove, and did remove, more than 13,000 of those terrorists from Lebanon","Those terrorists had been violating their northern border consistently, and Israel chased them all the way to there",Support,1984
1984_7a5ee0c13d3867ee115e4bfe406a31da,1984_bcbcb22efbf14f302894ab57f5f182f4,T141,T136,then the Government of Lebanon asked us back in as a stabilizing force while they established a government and sought to get the foreign forces all the way out of Lebanon and that they could then take care of their own borders,I don't agree to all of those things,Support,1984
1984_15ce795047bb999382f5bf8d4ef6f6a6,1984_bcbcb22efbf14f302894ab57f5f182f4,T2,T136,And we were succeeding,I don't agree to all of those things,Support,1984
1984_95513559350feadb6360f574241b578b,1984_15ce795047bb999382f5bf8d4ef6f6a6,T142,T2,We were there for the better part of a year,And we were succeeding,Support,1984
1984_b785a03323a17743dcd4ea962d216122,1984_15ce795047bb999382f5bf8d4ef6f6a6,T431,T2,Our position happened to be at the airport,And we were succeeding,Support,1984
1984_3c3cb9fc656084a8b98125eb04357bb4,1984_cc71fe83241e6b2037396f46faabe1a9,T543,T143,we did not engage in conflict that was out of line with our mission,"I will never send troops anywhere on a mission of that kind without telling them that if somebody shoots at them, they can darn well shoot back",Support,1984
1984_8cd3b147f9f581be7d820935946670fc,1984_4092a9e05dc081d3518900df7061c4c6,T145,T144,we defended ourselves there,We never initiated any kind of action,Support,1984
1984_4092a9e05dc081d3518900df7061c4c6,1984_cc71fe83241e6b2037396f46faabe1a9,T144,T143,We never initiated any kind of action,"I will never send troops anywhere on a mission of that kind without telling them that if somebody shoots at them, they can darn well shoot back",Support,1984
1984_a2cec93b3cef1dc81f84b3ba11de4fd5,1984_d6114510807071ca9a51b473502bcb57,T147,T146,there were the meetings in Geneva in which they began to meet with the hostile factional forces and try to put together some kind of a peace plan,we were succeeding to the point that the Lebanese Government had been organized,Support,1984
1984_d6114510807071ca9a51b473502bcb57,1984_15ce795047bb999382f5bf8d4ef6f6a6,T146,T2,we were succeeding to the point that the Lebanese Government had been organized,And we were succeeding,Support,1984
1984_5ab4e63456f4f00d34b6855c031ff710,1984_15ce795047bb999382f5bf8d4ef6f6a6,T544,T2,We were succeeding,And we were succeeding,Equivalent,1984
1984_5ab4e63456f4f00d34b6855c031ff710,1984_497835a1387f277fd7e921d8cca08c30,T544,T148,We were succeeding,that was why the terrorist acts began,Support,1984
1984_d6114510807071ca9a51b473502bcb57,1984_5ab4e63456f4f00d34b6855c031ff710,T146,T544,we were succeeding to the point that the Lebanese Government had been organized,We were succeeding,Support,1984
1984_98b6af9619a3d1450d42033966fdd7db,1984_935b698e9371f11c721b204e5e6d9267,T545,T149,"who don't want that kind of a peace with a dominant Lebanon, dominant over its own territory","There are forces there -- and that includes Syria, in my mind -- who don't want us to succeed",Support,1984
1984_4be4225e2eed1cbe996dddee6e3a4f12,1984_935b698e9371f11c721b204e5e6d9267,T150,T149,the terrorist acts began and led to the one great tragedy when they were killed in that suicide bombing of the building,"There are forces there -- and that includes Syria, in my mind -- who don't want us to succeed",Support,1984
1984_4092a9e05dc081d3518900df7061c4c6,1984_77620f572842b2370518a7606b4d07db,T144,T152,We never initiated any kind of action,we went in in the interest of peace and to keep Israel and Syria from getting into the sixth war between them,Support,1984
1984_935b698e9371f11c721b204e5e6d9267,1984_77620f572842b2370518a7606b4d07db,T149,T152,"There are forces there -- and that includes Syria, in my mind -- who don't want us to succeed",we went in in the interest of peace and to keep Israel and Syria from getting into the sixth war between them,Support,1984
1984_77620f572842b2370518a7606b4d07db,1984_5e3ec3c35cb3bfeed4bc5448dd60aa28,T152,T3,we went in in the interest of peace and to keep Israel and Syria from getting into the sixth war between them,And I have no apologies for our going on a peace mission,Support,1984
1984_4c67d5c26c829ef07f2237b4b239b7cd,1984_a0ef57fbfebb361431db6d0737e42808,T155,T154,"In the terrorist situation, there are terrorist factions all over","I think there's a great difference between the Government of Iran threatening our diplomatic personnel, and there is a government that you can see and can put your hand on",Support,1984
1984_7f5164e0644cffbfa20783197a79bf14,1984_4c67d5c26c829ef07f2237b4b239b7cd,T158,T155,"In a recent 30-day period, 37 terrorist acts in 20 countries have been committed","In the terrorist situation, there are terrorist factions all over",Support,1984
1984_20e546f06ee7c830a106170b47ef1d79,1984_599c276fe264eba76b6c11474a0bf152,T546,T160,but only if we can put our finger on the people responsible and not endanger the lives of innocent civilians there in the various communities and in the city of Beirut where these terrorists are operating,"In dealing with terrorists, yes, we want to retaliate",Attack,1984
1984_10f3a47aafed050a0d492fb64a497359,1984_7f5164e0644cffbfa20783197a79bf14,T159,T158,The most recent has been the one in Brighton,"In a recent 30-day period, 37 terrorist acts in 20 countries have been committed",Support,1984
1984_313343cb6703f2f6e66c71e6795e0f28,1984_293a877a5cab07db232a040ad1470de7,T157,T156,just as when we banded together we pretty much resolved the whole problem of skyjackings sometime ago,it's going to take all the nations together,Support,1984
1984_afa2272e3187d9e44950ce4aa6fe5ec1,1984_06fc6b4e5937d735e2ee02228e83ccfd,T547,T162,they were indefensible,The Joint Chiefs urged the President not to put our troops in that barracks,Support,1984
1984_b39d69040a2f5477e871d9e0625aec2e,1984_afa2272e3187d9e44950ce4aa6fe5ec1,T165,T547,"They went to him 5 days before they were killed and said, ""Please, take them out of there.''",they were indefensible,Support,1984
1984_7e532b44a81477810804ba53772ddda7,1984_84c6286494f1e13e5927468dbfff6614,T166,T174,The report following the explosion of the barracks disclosed that we had not taken any of the steps that we should have taken,He did not do so,Attack,1984
1984_67ed3eb209713d05d120bc78f2a7e56f,1984_ddc00af599119e8cb0045cbd065f4bb5,T167,T169,the Embassy was blown up a few weeks ag,The terrorists have won each time,Support,1984
1984_08164b1d55becf09a974add7cc0a1060,1984_ddc00af599119e8cb0045cbd065f4bb5,T548,T169,once again none of the steps that should have been taken were taken,The terrorists have won each time,Support,1984
1984_df3d24b88c12d500942c8b83c25533ca,1984_ddc00af599119e8cb0045cbd065f4bb5,T168,T169,"we were warned 5 days before that explosives were on their way, and they weren't taken",The terrorists have won each time,Support,1984
1984_ddc00af599119e8cb0045cbd065f4bb5,1984_c5088b251231d7578bf53003f179b012,T169,T163,The terrorists have won each time,the United States left in humiliation,Support,1984
1984_7341cbbaf36a34f598443258ba86ed2f,1984_c5088b251231d7578bf53003f179b012,T170,T163,The President told the terrorists he was going to retaliate,the United States left in humiliation,Support,1984
1984_02a78ef799e3331ee1c4c0da719dfb6e,1984_c5088b251231d7578bf53003f179b012,T171,T163,He didn't,the United States left in humiliation,Support,1984
1984_8032fa7b6611304df8913b7a07509c5f,1984_c5088b251231d7578bf53003f179b012,T172,T163,They called their bluff,the United States left in humiliation,Support,1984
1984_1af1b660b02f1ad28f3ab0e0893a184c,1984_a40d5e00e9d0a52d7379559a3d5503db,T175,T173,That was a command decision made by the commanders on the spot and based with what they thought was best for the men there,the President of the United States did not order the marines into that barracks,Support,1984
1984_afbfee8d856b2350f331fc9af4d6a924,1984_ff5be469370b96e47cdaf4720ac38ca9,T549,T177,we're busy trying to find the centers where these operations stem from,"we're not going to simply kill some people to say, ""Oh, look, we got even.''",Support,1984
1984_b97ccff113c2ec9901e9063238c4df26,1984_ff5be469370b96e47cdaf4720ac38ca9,T178,T177,We want to know when we retaliate that we're retaliating with those who are responsible for the terrorist acts,"we're not going to simply kill some people to say, ""Oh, look, we got even.''",Support,1984
1984_4b8b93db53bbe72a10f46ad1e60e6a60,1984_9e0514ac209df3aa6f723fcb21016ff0,T127,T126,"We have to decline, for the first time in modern history, jurisdiction in the World Court",our enemies are strengthened from all of this,Support,1984
1984_dbe05a12b2a533665324334e02df4bb2,1984_9e0514ac209df3aa6f723fcb21016ff0,T124,T126,we ended up the way we did,our enemies are strengthened from all of this,Support,1984
1984_2c8ffec40f5dc9acaef537ce6a3cb4ce,1984_9e0514ac209df3aa6f723fcb21016ff0,T125,T126,"What we're doing in Nicaragua with this covert war -- which the Congress, including many Republicans, have tried to stop -- is finally end up with a public definition of American power that hurts us",our enemies are strengthened from all of this,Support,1984
1984_b04cd704e99c4eea04c32c684961b663,1984_734e861f2127beca436d52d6bdaec83f,T540,T132,"when we move, it should be for very severe and extreme reasons that serve our national interests and end up with a stronger country behind us",It is only in that way that we can persevere,Support,1984
1984_eef8975e1f012c7e65931f041f0da547,1984_734e861f2127beca436d52d6bdaec83f,T130,T132,we must understand that we are a democracy,It is only in that way that we can persevere,Support,1984
1984_c057f064e27ded0ebcb2fc209884abda,1984_bcbcb22efbf14f302894ab57f5f182f4,T4,T136,Israel could not be blamed for that,I don't agree to all of those things,Support,1984
1984_bbf0291e9118a5aac57fcbdc47ecb465,1984_15ce795047bb999382f5bf8d4ef6f6a6,T542,T2,there were occasional snipings and sometimes some artillery fire,And we were succeeding,Attack,1984
1984_3c3cb9fc656084a8b98125eb04357bb4,1984_bbf0291e9118a5aac57fcbdc47ecb465,T543,T542,we did not engage in conflict that was out of line with our mission,there were occasional snipings and sometimes some artillery fire,Attack,1984
1984_a8941a6fe9bd392b544716203eb9f543,1984_13c43b1d6fbc073289f2da4abe61df4f,T151,T5,We withdrew because we were no longer able to carry out the mission for which we had been sent in,the multilateral force withdrew for only one reason,Support,1984
1984_13c43b1d6fbc073289f2da4abe61df4f,1984_5e3ec3c35cb3bfeed4bc5448dd60aa28,T5,T3,the multilateral force withdrew for only one reason,And I have no apologies for our going on a peace mission,Support,1984
1984_e7dd44b003ea09df0d8eb767019918b8,1984_599c276fe264eba76b6c11474a0bf152,T161,T160,"I have just signed legislation to add to our ability to deal, along with our allies, with this terrorist problem","In dealing with terrorists, yes, we want to retaliate",Support,1984
1984_293a877a5cab07db232a040ad1470de7,1984_599c276fe264eba76b6c11474a0bf152,T156,T160,it's going to take all the nations together,"In dealing with terrorists, yes, we want to retaliate",Support,1984
1984_063a484fdaffed856f481af67ece0c88,1984_765764ade828d427eb286ccb5405f1c2,T6,T7,"Groucho Marx said, ""Who do you believe? -- me, or your own eyes?''",what we have in Lebanon is something that the American people have seen,Support,1984
1984_765764ade828d427eb286ccb5405f1c2,1984_06fc6b4e5937d735e2ee02228e83ccfd,T7,T162,what we have in Lebanon is something that the American people have seen,The Joint Chiefs urged the President not to put our troops in that barracks,Support,1984
1984_06fc6b4e5937d735e2ee02228e83ccfd,1984_84c6286494f1e13e5927468dbfff6614,T162,T174,The Joint Chiefs urged the President not to put our troops in that barracks,He did not do so,Attack,1984
1984_5a476082b242b3212919414d8021fcd2,1984_b39d69040a2f5477e871d9e0625aec2e,T8,T165,The Secretary of State admitted that this morning,"They went to him 5 days before they were killed and said, ""Please, take them out of there.''",Support,1984
1984_b2660ae2317986c577c6333374f2c011,1984_84c6286494f1e13e5927468dbfff6614,T9,T174,That was the second time,He did not do so,Attack,1984
1984_b2660ae2317986c577c6333374f2c011,1984_67ed3eb209713d05d120bc78f2a7e56f,T9,T167,That was the second time,the Embassy was blown up a few weeks ag,Support,1984
1984_02a78ef799e3331ee1c4c0da719dfb6e,1984_599c276fe264eba76b6c11474a0bf152,T171,T160,He didn't,"In dealing with terrorists, yes, we want to retaliate",Attack,1984
1984_02a78ef799e3331ee1c4c0da719dfb6e,1984_7341cbbaf36a34f598443258ba86ed2f,T171,T170,He didn't,The President told the terrorists he was going to retaliate,Attack,1984
1984_c5088b251231d7578bf53003f179b012,1984_abea2a6cda1c519a5841bdb77c2ecd12,T163,T164,the United States left in humiliation,our enemies are stronger,Support,1984
1984_a40d5e00e9d0a52d7379559a3d5503db,1984_06fc6b4e5937d735e2ee02228e83ccfd,T173,T162,the President of the United States did not order the marines into that barracks,The Joint Chiefs urged the President not to put our troops in that barracks,Attack,1984
1984_ff5be469370b96e47cdaf4720ac38ca9,1984_19b95a79c74ea0ef47bda2720a76949a,T177,T176,"we're not going to simply kill some people to say, ""Oh, look, we got even.''",retaliation will be taken,Support,1984
1984_36d8e34ea381a584fd435113d1ebd157,1984_ff5be469370b96e47cdaf4720ac38ca9,T11,T177,"These are unidentified people, and after the bomb goes off, they're blown to bits because they are suicidal individuals who think they're going to go to paradise if they perpetrate such an act and lose their life in doing it","we're not going to simply kill some people to say, ""Oh, look, we got even.''",Support,1984
1984_23a8c9b482775f9a5c81103dfc01211e,1984_ff5be469370b96e47cdaf4720ac38ca9,T10,T177,"On the other things that you've just said about the terrorists, I'm tempted to ask you what you would do","we're not going to simply kill some people to say, ""Oh, look, we got even.''",Support,1984
1984_ff5be469370b96e47cdaf4720ac38ca9,1984_02a78ef799e3331ee1c4c0da719dfb6e,T177,T171,"we're not going to simply kill some people to say, ""Oh, look, we got even.''",He didn't,Attack,1984
1984_12fd950e6a3fa637c49a8391f94e3211,1984_b97ccff113c2ec9901e9063238c4df26,T179,T178,terrorist acts are such that our own United States Capitol in Washington has been bombed twice,We want to know when we retaliate that we're retaliating with those who are responsible for the terrorist acts,Support,1984
1984_f110531cd64985f0f18e6bec7fa5d082,1984_56f6463696ca021835eb4e23d9cc2b7c,T2,T1,"They're moving in militarily instead of promoting the Contadora process, which, as you know, is the process that is in place with the support of Mexico and Colombia and Panama and Venezuela",what is being done by this administration is an Americanizing of a regional conflict,Support,1984
1984_52dba5f75c03d87272ab9f870a64f6d1,1984_56f6463696ca021835eb4e23d9cc2b7c,T3,T1,"Instead of supporting the process, our administration has in Nicaragua been supporting covert activities to keep that revolution going in order to overthrow the Sandinista government",what is being done by this administration is an Americanizing of a regional conflict,Support,1984
1984_045090b636cf5da7ed1e7dbf5059e1ef,1984_56f6463696ca021835eb4e23d9cc2b7c,T4,T1,in El Salvador was not pushing the head of the government to move toward correction of the civil rights; human rights problems that existed there,what is being done by this administration is an Americanizing of a regional conflict,Support,1984
1984_8dfc04d47d34890375faa93232dff681,1984_56f6463696ca021835eb4e23d9cc2b7c,T82,T1,"this administration seems almost befuddled by the fact that Nicaragua is moving to participate in the Contadora process, and El Salvador is, through its President Duarte, is reaching out to the guerrillas in order to negotiate a peace",what is being done by this administration is an Americanizing of a regional conflict,Support,1984
1984_5872f92d24a004dd3e31a0826f302827,1984_56f6463696ca021835eb4e23d9cc2b7c,T5,T1,What Fritz Mondale and I feel about the situation down there is that what you do is you deal first through negotiation,what is being done by this administration is an Americanizing of a regional conflict,Attack,1984
1984_1306ecac4c6a2b7bed727b412a90869e,1984_5872f92d24a004dd3e31a0826f302827,T6,T5,That force is not a first resort but certainly a last resort in any instance,What Fritz Mondale and I feel about the situation down there is that what you do is you deal first through negotiation,Support,1984
1984_6072cca86b85fcec709f44f50e5a539c,1984_d2ab7e98af5d9453592fa0626acd97d9,T7,T8,I think what you have to do is work with the government,work with that government to achieve a pluralistic society,Support,1984
1984_bedd9b85967a3eae5291d4d77595c392,1984_3491a7d31567e068d569fbc5090b6434,T9,T10,I mean they do have elections that are coming up on November 4,I think we have to work with them to achieve a peaceful solution to bring about a pluralistic country,Support,1984
1984_d2ab7e98af5d9453592fa0626acd97d9,1984_3491a7d31567e068d569fbc5090b6434,T8,T10,work with that government to achieve a pluralistic society,I think we have to work with them to achieve a peaceful solution to bring about a pluralistic country,Support,1984
1984_3491a7d31567e068d569fbc5090b6434,1984_40a32e0b312b6d953a3d0be01e9f801d,T10,T11,I think we have to work with them to achieve a peaceful solution to bring about a pluralistic country,I'm not willing to live with a force that could be a danger to our country,Attack,1984
1984_40a32e0b312b6d953a3d0be01e9f801d,1984_88a408b8d50c9a59a2e0333c9ffee6d6,T11,T12,I'm not willing to live with a force that could be a danger to our country,"I would see that our country would be there putting all kinds of pressure on the neighboring countries of Honduras, of Costa Rica, of El Salvador, to promote the kind of society that we can all live with and security in this country",Support,1984
1984_34aca662e498d0f19108c7e89f5363ac,1984_18327105bdd735f912f7edbec2505e4c,T14,T15,"there are 2,000 Cuban military and 7,500 so-called Cuban advisers in Nicaragua",There are 55 American military in El Salvador,Support,1984
1984_18327105bdd735f912f7edbec2505e4c,1984_23a0291532ee18def223d76b6f88d046,T15,T16,There are 55 American military in El Salvador,"I went down, on the instructions of the president, to speak to the commandants in El Salvador and told them that they had to move with Mr. Magana, then the president of El Salvador, to respect human rights",Support,1984
1984_23a0291532ee18def223d76b6f88d046,1984_47e450e1ef9b9877f269f64d4a367012,T16,T17,"I went down, on the instructions of the president, to speak to the commandants in El Salvador and told them that they had to move with Mr. Magana, then the president of El Salvador, to respect human rights",They have done that,Support,1984
1984_47e450e1ef9b9877f269f64d4a367012,1984_fbc9af569cd709ef0dcec9e0086f66b3,T17,T18,They have done that,They're moving well,Support,1984
1984_fbc9af569cd709ef0dcec9e0086f66b3,1984_bd71045ac4ff100168feee51d451cec6,T18,T13,They're moving well,We don't think we're to be required to use force,Support,1984
1984_1fc73470ddb3bc4fc6da233aa3f18d5e,1984_fbc9af569cd709ef0dcec9e0086f66b3,T19,T18,I'm not saying it's perfect,They're moving well,Attack,1984
1984_a0b49b5b820516e6d08b59a056415088,1984_1fc73470ddb3bc4fc6da233aa3f18d5e,T20,T19,the difference between El Salvador and Nicaragua is like the difference between night and day,I'm not saying it's perfect,Support,1984
1984_e72711e8d9718d44153da2c8d9f4cb5f,1984_5c8785ff2901fe149ec1fc5a7ef17c20,T21,T22,"El Salvador went to the polls, Mr. Duarte was elected by 70 percent of the people in 70 percent voting in a certifiably free election","In Nicaragua, you have something very different",Support,1984
1984_430be96c474f43e1327d126f2083e76c,1984_785828cfe84df06009cb1721968fabde,T23,T24,"You have a Marxist-Leninist group, the Sandinistas, that came into power talking democracy",They have aborted their democracy,Support,1984
1984_785828cfe84df06009cb1721968fabde,1984_a0245b0bbf05c88020e33df0e17ec1f4,T24,T25,They have aborted their democracy,They have humiliated the Holy Father,Support,1984
1984_a0245b0bbf05c88020e33df0e17ec1f4,1984_82d991bf72afed15b99c68e62e6f22d6,T25,T26,They have humiliated the Holy Father,"They have cracked down on the only press organ there, La Prensa, censoring the press something that should concern every American",Support,1984
1984_82d991bf72afed15b99c68e62e6f22d6,1984_f06753562958ae8b3681c7f4cc12f5b6,T26,T27,"They have cracked down on the only press organ there, La Prensa, censoring the press something that should concern every American",They have not had any human rights at all,Support,1984
1984_f06753562958ae8b3681c7f4cc12f5b6,1984_114ad80ebd74b36b5eeaba3b4ff42c16,T27,T28,They have not had any human rights at all,They will not permit free elections,Support,1984
1984_114ad80ebd74b36b5eeaba3b4ff42c16,1984_bb5720c7551b23b114feb55c75966581,T28,T29,They will not permit free elections,"Mr. Cruz, who was to be the only viable challenger to Nicaragua, the Sandinistas, to the junta, to Mr. Ortega, went down there and found that the ground rules were so unfair that he couldn't even wage a campaign",Support,1984
1984_bb5720c7551b23b114feb55c75966581,1984_5ffa8ce3f0c724e9f91a194ad1788d5f,T29,T30,"Mr. Cruz, who was to be the only viable challenger to Nicaragua, the Sandinistas, to the junta, to Mr. Ortega, went down there and found that the ground rules were so unfair that he couldn't even wage a campaign",One country is devoid of human rights,Support,1984
1984_5c8785ff2901fe149ec1fc5a7ef17c20,1984_430be96c474f43e1327d126f2083e76c,T22,T23,"In Nicaragua, you have something very different","You have a Marxist-Leninist group, the Sandinistas, that came into power talking democracy",Support,1984
1984_5ffa8ce3f0c724e9f91a194ad1788d5f,1984_65408702c45d2dd60a9b1bc52ece1d2b,T30,T31,One country is devoid of human rights,The other is struggling to perfect their democracy,Support,1984
1984_20029c79612c802ebd4e6b8e92bb235c,1984_65408702c45d2dd60a9b1bc52ece1d2b,T32,T31,We don't like it,The other is struggling to perfect their democracy,Attack,1984
1984_1bced11ea34301cba25a468309de20dd,1984_20029c79612c802ebd4e6b8e92bb235c,T35,T32,we're concerned about that,We don't like it,Support,1984
1984_382f9cfc9aab79a58dab46209aea15cc,1984_20029c79612c802ebd4e6b8e92bb235c,T33,T32,"Nicaragua exports its revolution or serves as a conduit for supplies coming over from such ""democracies"" as North Korea, Bulgaria, the Soviet Union and Cube, to try to destabilize El Salvador",We don't like it,Support,1984
1984_20424a60afb8da48642be01f0f215a78,1984_968de6e117e36d170c5d917ab7013c20,T34,T36,we want to see this trend toward democracy continue,"There have been something like thirteen countries since we've come in move toward the democratic route, and let me say that Grenada is not unrelated",Support,1984
1984_c959a054e2b816a5f984cab7ec44c128,1984_2e21c34adefb0f45e2b61f188ba68b53,T38,T39,We gave those four tiny Caribbean countries a chance,"We saved the lives, and most of those thousand students said they were in jeopardy",Support,1984
1984_ffe3da577aaec0ddb2282372524776fd,1984_a7f59f3bf6600cb3a53ff12583d5ddbb,T41,T40,we did stand up for democracy,Grenada was a proud moment,Support,1984
1984_968de6e117e36d170c5d917ab7013c20,1984_715e03b6f130f271a72061dde5f71cfd,T36,T37,"There have been something like thirteen countries since we've come in move toward the democratic route, and let me say that Grenada is not unrelated",I have a big difference with Mrs. Ferraro on that one,Attack,1984
1984_0c0cdeb77531d2d54cbebd95f55f6ad8,1984_df5b05e81ab1512ec973479d531fc1e7,T42,T43,"in terms of threat of these countries, nuclear, I mean, weapons, no",There's not that kind of a threat,Support,1984
1984_df5b05e81ab1512ec973479d531fc1e7,1984_2e9ad1d53ae8c4bc42cd44cf14e5b29a,T43,T44,There's not that kind of a threat,"It's Mr. Mondale that proposed the quarantine, not Ronald Reagan",Support,1984
1984_2e9ad1d53ae8c4bc42cd44cf14e5b29a,1984_715e03b6f130f271a72061dde5f71cfd,T44,T37,"It's Mr. Mondale that proposed the quarantine, not Ronald Reagan",I have a big difference with Mrs. Ferraro on that one,Attack,1984
1984_2d496b2ba054aa4b6561a7818ef83d9f,1984_231699ce0005904536fbba99841588dc,T46,T45,It was supported to the Congress and under the law,I support what we're doing,Support,1984
1984_231699ce0005904536fbba99841588dc,1984_854086cc2d29de2fd7305affb955c7fc,T45,T47,I support what we're doing,I support it,Support,1984
1984_854086cc2d29de2fd7305affb955c7fc,1984_2b5ee5080b51fc981582af7609a6aa99,T47,T48,I support it,"My only regret is that the aid for the contras, those people that are fighting, we call them freedom fighters",Attack,1984
1984_9ac3435b37e453545ddd8baaf1265470,1984_2b5ee5080b51fc981582af7609a6aa99,T49,T48,They want to see the democracy perfected in Nicaragua,"My only regret is that the aid for the contras, those people that are fighting, we call them freedom fighters",Support,1984
1984_06abb646ee3ab1a6d0f6df3cf441a953,1984_4f5e4d7f30f21670bf8b26b4bfc227ae,T50,T51,Am I to understand from this assault on covert action that nowhere in the world would we do something that was considered just off base when Mrs. Ferraro said she's never support it,Would she never support it if the violation of human rights was so great and quiet support was necessary for freedom fighters,Support,1984
1984_9f70b0dbce7897e4e43f0137e42478e0,1984_4f5e4d7f30f21670bf8b26b4bfc227ae,T52,T51,"Yes, we're for the contras",Would she never support it if the violation of human rights was so great and quiet support was necessary for freedom fighters,Attack,1984
1984_9f70b0dbce7897e4e43f0137e42478e0,1984_2e06ee3e41ecb973407c5b0961eb5a94,T52,T53,"Yes, we're for the contras","Everyone that's not for this, everyone who wants to let that Sandinista government prevail, just like that Castro did, all of that, the contras are not Somozistas",Attack,1984
1984_425c4966448e864e7b78dc09775c2992,1984_5d856a9fe5e704c2f1517b50bc79e501,T54,T55,Less than 5 percent of the contras supported Somoza,These were people that wanted a revolution,Support,1984
1984_5d856a9fe5e704c2f1517b50bc79e501,1984_8f04e21c18619e550dbc68902c3b4bcf,T55,T56,These were people that wanted a revolution,These people that felt the revolution was betrayed,Support,1984
1984_8f04e21c18619e550dbc68902c3b4bcf,1984_69e42cc348d51dcb1f5cdc52c627cd76,T56,T57,These people that felt the revolution was betrayed,These are people that support human rights,Support,1984
1984_69e42cc348d51dcb1f5cdc52c627cd76,1984_8b1b96ed311bb751a852169e93c2ceec,T57,T58,These are people that support human rights,"Yes, we should support them",Support,1984
1984_28f72e5a6361e7b9e5f1d1017dbcdd79,1984_83469e98ca13adfe9f0a80bd73e02614,T60,T59,I spent time in Central America in January and had an opportunity to speak to the contras after the incident in Nicaragua and in El Salvador,"the situation as it exists now, because of this administration's policies, are not getting better",Support,1984
1984_83469e98ca13adfe9f0a80bd73e02614,1984_940869cc0f3ba1bdd55f7192f37f00c0,T59,T61,"the situation as it exists now, because of this administration's policies, are not getting better",We're not moving toward a more secure area of the world,Support,1984
1984_c432d1ccda450f68276957b1c48be1c4,1984_e571001f5ec06b7e794e51fbbe5c64ab,T63,T64,I did not support the mining of the harbors in Nicaragua,it is a violation of international law,Support,1984
1984_8b8cefef82e43b2676d516b8f1e1cfab,1984_940869cc0f3ba1bdd55f7192f37f00c0,T62,T61,"the number of troops that the Sandinistas have accumulated since the administration started its covert activities has risen from 12,000 to 50,000, and of course the number of Soviet and Cuban advisors has also increased",We're not moving toward a more secure area of the world,Support,1984
1984_e77915609afda1df1ff8563beeb4f5d7,1984_63e7aba9ee3cffb3d8f94fd2db3df6db,T65,T66,"Congress did not support it and as a matter of fact, just this week, the Congress voted in cut off covert aid to Nicaragua unless and until a request is made and there is evidence of need for it",the Congress approves it again in March,Support,1984
1984_63e7aba9ee3cffb3d8f94fd2db3df6db,1984_f2e39d3b90bc0c728a79188675e43c2d,T66,T67,the Congress approves it again in March,"if Congress doesn't get laid on, the covert activities which I opposed in Nicaragua, those CIA covert activities in that specific country, are not supported by the Congress",Support,1984
1984_f2e39d3b90bc0c728a79188675e43c2d,1984_64cb1b2a0fd7f3205c0b99ad09bbfcdf,T67,T68,"if Congress doesn't get laid on, the covert activities which I opposed in Nicaragua, those CIA covert activities in that specific country, are not supported by the Congress",not supported by the majority of people throughout the country,Support,1984
1984_64cb1b2a0fd7f3205c0b99ad09bbfcdf,1984_e571001f5ec06b7e794e51fbbe5c64ab,T68,T64,not supported by the majority of people throughout the country,it is a violation of international law,Support,1984
1984_faa78f81423eb1ef086b6c2eaf5f181b,1984_6051cb1f427896d91bde9bcd2d34fc87,T69,T70,I would simply like to make the distinction again between those countries that are searching for democracy and the handful of countries that have totally violated human rights and are going the Marxist route,"Ortega, the commandante who is head of the Nicaraguan Sandinistas, is an avowed Marxist",Support,1984
1984_6051cb1f427896d91bde9bcd2d34fc87,1984_491ebfd7f4c487c3b356272458eef049,T70,T71,"Ortega, the commandante who is head of the Nicaraguan Sandinistas, is an avowed Marxist",They don't believe in the church,Support,1984
1984_491ebfd7f4c487c3b356272458eef049,1984_9fb9d41082efe35b98d0f78b4a04e30f,T71,T72,They don't believe in the church,They don't believe in free elections,Support,1984
1984_9fb9d41082efe35b98d0f78b4a04e30f,1984_57438c0a50c19d9103707f44f25e243d,T72,T73,They don't believe in free elections,They don't believe in all of the values that we believe in,Support,1984
1984_57438c0a50c19d9103707f44f25e243d,1984_91ef6e1c34f4858ac0c18dab69032e5f,T73,T74,They don't believe in all of the values that we believe in,it is our policy to support the democracy there,Support,1984
1984_333e706a06ded928589d67bee33322e4,1984_e5e49d8e7829c4ea396e085af9aea79c,T75,T76,"when you have freedom fighters that want to protect that revolution, and go the democratic route",we believe in giving them support,Support,1984
1984_91ef6e1c34f4858ac0c18dab69032e5f,1984_e5e49d8e7829c4ea396e085af9aea79c,T74,T76,it is our policy to support the democracy there,we believe in giving them support,Support,1984
1984_e5e49d8e7829c4ea396e085af9aea79c,1984_ed2cd1b572d4bc4c08850bc0586559fd,T76,T77,we believe in giving them support,We are for democracy in the hemisphere,Support,1984
1984_ed2cd1b572d4bc4c08850bc0586559fd,1984_8b9af2a955009278bab14389a98def1a,T77,T78,We are for democracy in the hemisphere,We are for negotiations,Support,1984
1984_545c0b908fd99214fa27a1f63ed4e96d,1984_9979e26529f0ac76352a7163ee6e00d5,T79,T80,$3 out of every $4 that we sent down there has been for economic aid to support the people's chance to eat and live and be happy and enjoy life,one-fourth only was rnilitary,Support,1984
1984_9979e26529f0ac76352a7163ee6e00d5,1984_91c798c18a23916bdec5ce8b9d32eab7,T80,T81,one-fourth only was rnilitary,You wouldn't get that from listening to Mr. Mondale,Attack,1984
1984_3a185888f2c5e6039227918a7a49f654,1984_2aab6a7edef84bc0bb8a1aa93fb578b7,T2,T1,We are the ones that went to the table in INF,The Soviets have not been willing to talk,Attack,1984
1984_94c052002d936bcf51f0e5bafb6cafad,1984_e70b139033d03080e1521a0ebaf8c861,T3,T4,"We had a good proposal, a moral proposal",Ban an entire generation of intermediate nuclear force weapons,Support,1984
1984_e70b139033d03080e1521a0ebaf8c861,1984_05cfec29f54bd3b58b3df1faf4286688,T4,T5,Ban an entire generation of intermediate nuclear force weapons,"if you won't do that, don't leave your allies in Europe in a monopoly position",Attack,1984
1984_edb6337503cc0170832756632e205ad3,1984_05cfec29f54bd3b58b3df1faf4286688,T6,T5,"The Soviets with 1,200 of these things, and the alliance with none","if you won't do that, don't leave your allies in Europe in a monopoly position",Support,1984
1984_23113e95568833358a639d4a38f3e25e,1984_edb6337503cc0170832756632e205ad3,T87,T6,We didn't think that's the way to deter aggression and keep the peace,"The Soviets with 1,200 of these things, and the alliance with none",Attack,1984
1984_c1798eeb5cbad4bb1325ff03fbfdada1,1984_3cf6a60c90bb2844281f7a48776bb968,T8,T9,"The president went, the first thing he did when he came into office was make a proposal on the most destabilizing weapons of all, START","when the the strategic weapon and when the Soviets said, well, we don't like that proposal, we said all right, we'll be more flexible",Support,1984
1984_3cf6a60c90bb2844281f7a48776bb968,1984_f1dc4fb4c98bec480227b5c4557dd05f,T9,T10,"when the the strategic weapon and when the Soviets said, well, we don't like that proposal, we said all right, we'll be more flexible",I at the urging of the president went to Geneva and laid on the table a treaty to ban all chemical weapons,Support,1984
1984_f1dc4fb4c98bec480227b5c4557dd05f,1984_1f9a7afe3727c57b6ec544ee7e9e7716,T10,T88,I at the urging of the president went to Geneva and laid on the table a treaty to ban all chemical weapons,We don't want them to have a monopoly,Support,1984
1984_677e0be7f14f88f62fab58e13017652e,1984_446dbced090207be3ba47adbdcbb0c21,T12,T13,"We said look, let's come together",You come over here and see what we're doing,Support,1984
1984_446dbced090207be3ba47adbdcbb0c21,1984_c8ce9ae8b0b7c858df8adbb796df4101,T13,T14,You come over here and see what we're doing,we'll go over there and see what you're doing,Support,1984
1984_c8ce9ae8b0b7c858df8adbb796df4101,1984_c2cb75121074a2c3536074cb537e0e50,T14,T15,we'll go over there and see what you're doing,But let's save the kids of this world from chemical weapons,Support,1984
1984_c2cb75121074a2c3536074cb537e0e50,1984_cfacf81c667c94b58a829a03a4053f54,T15,T16,But let's save the kids of this world from chemical weapons,A brilliant proposal to get rid of all of them,Support,1984
1984_cfacf81c667c94b58a829a03a4053f54,1984_b7b4586fd40aba73a62bc043d0252554,T16,T89,A brilliant proposal to get rid of all of them,"the Soviets nyet, nyet nyet.",Attack,1984
1984_9d76db2e566efd8f53c3f68b7d49b01f,1984_1f1259d36c6d0b93eeebfb118b3d8fc2,T90,T17,"Mrs. Ferraro knows that, and how many troops they hav","In the mutual balance force reduction to reduce conventional forces, they're not even willing to tell us the base",Support,1984
1984_1f1259d36c6d0b93eeebfb118b3d8fc2,1984_b7b4586fd40aba73a62bc043d0252554,T17,T89,"In the mutual balance force reduction to reduce conventional forces, they're not even willing to tell us the base","the Soviets nyet, nyet nyet.",Support,1984
1984_29bcd0fac1b9be5b0f803db080b9835b,1984_54730b81f64d9bfd4c894a5a3fb6b12b,T22,T23,It was flawed,it was unverifiable,Support,1984
1984_54730b81f64d9bfd4c894a5a3fb6b12b,1984_28e7d5fd06f4515bcde7e2dc63bcbdbf,T23,T7,it was unverifiable,it was not good,Support,1984
1984_d714068702fc9abac3a6dd7aafdc5f90,1984_4f1939ab7c4310b47838913d92d75b93,T20,T21,"the Democratic Senate, they were a Democratic administration",the Democratic Senate wouldn't even ratify that agreement,Support,1984
1984_4f1939ab7c4310b47838913d92d75b93,1984_29bcd0fac1b9be5b0f803db080b9835b,T21,T22,the Democratic Senate wouldn't even ratify that agreement,It was flawed,Support,1984
1984_ac8fcdc3be17682a99d35d79eab8b2f2,1984_719cfa20f5e54ba22e77959da3d0fbf7,T18,T19,We have had an agreement with them on the hot line,"Carter-Monad made an agreement, the Salt II agreement",Attack,1984
1984_b59e32397e9cd8761c659191a334c67b,1984_4317c6c538716827d4c42fe99f022d3c,T25,T24,"when the Soviets know they're going to have this strong president to deal with, and when this new administration, Mr. Chernenko, given more than a few months in office can solidify its position, then they'll talk","Our president wants to reduce, not just to stop, he wants to reduce dramatically nuclear weapons",Support,1984
1984_4317c6c538716827d4c42fe99f022d3c,1984_d68cf038c876f17d0d48a30dc7088d95,T24,T26,"Our president wants to reduce, not just to stop, he wants to reduce dramatically nuclear weapons","if they think the opposition, before they sit down, are going to give up the MX, give up the B-l, go for a freeze that locks in inferiority in Europe, all of these things, unilaterally, before they're willing to talk, they may just sweat it out for four more weeks",Attack,1984
1984_9a109de6ca2c2631903e8392ae3eca55,1984_9856ae707dc2091d9e632a8944159ab3,T29,T28,'cause I never thought that,I was quoted wrong,Support,1984
1984_9856ae707dc2091d9e632a8944159ab3,1984_15e0e93d1a00ae66bf819c6f2f3c7ddd,T28,T27,I was quoted wrong,don't think it's winnable,Support,1984
1984_15e0e93d1a00ae66bf819c6f2f3c7ddd,1984_3e4207618eb959ecc88ce6778526dda7,T27,T30,don't think it's winnable,"The Soviet planning, I did learn that when I was director of Central Intelligence, and I don't think there'd be any disagreement, is based on that ugly concept",Attack,1984
1984_8d782e7d58ac385e4c9a6a5a012bb19e,1984_b0c0a476aecf1051954e627db7515cd1,T31,T32,I agree with the president,It should never be fought,Support,1984
1984_b0c0a476aecf1051954e627db7515cd1,1984_f23fdb2152b31b204130285b3a357710,T32,T33,It should never be fought,Nuclear weapons should never be fought with,Support,1984
1984_f23fdb2152b31b204130285b3a357710,1984_b9e2da9d36f166d4f1b614cbfbdb785f,T33,T34,Nuclear weapons should never be fought with,that's our approac,Support,1984
1984_b9e2da9d36f166d4f1b614cbfbdb785f,1984_607a08deb1cac1583eec5862203f528e,T34,T35,that's our approac,let's encourage the Soviets to come to the table as we did at the Gromyko meeting,Support,1984
1984_fe7cea207c6150ccaec3385c0e1ac557,1984_374bba2b86742e1a17c47122365821e1,T36,T37,I wish everybody could have seen that one,"excellent, right on top of that subject matter",Support,1984
1984_374bba2b86742e1a17c47122365821e1,1984_f5e3763c95b318f5c09dfc80b13b6348,T37,T38,"excellent, right on top of that subject matter","I'll bet you that Gromyko went back to the Soviet Union saying, ""Hey, listen, this president is calling the shots; we'd better move",Support,1984
1984_cbf5c5efc0ee632523bd7ffa8b9ff4aa,1984_e64cd855d1fe532b45da48b91e761f75,T91,T39,But do you know why I think we'll get an agreement?,"I think it is in the interest of the Soviet Union to make it, just as it is in the United States",Support,1984
1984_190279a6fbfc5d12d883ea8c47104816,1984_562c87da9a57291bb367610b381b8f0b,T40,T42,They're not deterred by rhetoric,It's not rhetoric that decides agreements,Support,1984
1984_6642d97197664e517386a370c226449d,1984_66917dfea4bb1ebe63e4ac164a173f02,T11,T41,I listened to the rhetoric for two years at the United Nations,I've lived in a Communist country,Support,1984
1984_66917dfea4bb1ebe63e4ac164a173f02,1984_190279a6fbfc5d12d883ea8c47104816,T41,T40,I've lived in a Communist country,They're not deterred by rhetoric,Support,1984
1984_562c87da9a57291bb367610b381b8f0b,1984_f1ed36099a4e0c6cc54240f18fbae6f3,T42,T43,It's not rhetoric that decides agreements,it's self-interest of those countries,Attack,1984
1984_6e4e6c647bbaba3b6046185cc65b4ea1,1984_950d4d0ac174e262540ecc94841d4f74,T45,T44,"She said, ""It is not enough to want peace, you must believe in it. And it is not enough to believe in it, you must work for it.""","first of all that I don't think there is any issue that is more important in this campaign, in this election, than the issue of war and peace",Support,1984
1984_cae18c1912bef4d340381b3f62bccd1b,1984_6e4e6c647bbaba3b6046185cc65b4ea1,T46,T45,This administration's policies have indicated quite the opposite,"She said, ""It is not enough to want peace, you must believe in it. And it is not enough to believe in it, you must work for it.""",Attack,1984
1984_802eb8a0678608fa57d9172de4dabe29,1984_05978021e2b96c93e91abf93d74ea6f7,T48,T49,He said the reason was because there are three Soviet leaders in the past three and a half years,I went and got a computer printout,Support,1984
1984_05978021e2b96c93e91abf93d74ea6f7,1984_1d82e945fdc647f62dfbc7bc71e57eba,T49,T50,I went and got a computer printout,"It's five pages of the leaders, world leaders, that the Soviet leaders have met with, and they're not little people",Support,1984
1984_c074c40e1eb1ae59587d2abe883847fb,1984_802eb8a0678608fa57d9172de4dabe29,T47,T48,"The last time I heard Vice President Bush blame the fact that they didn't meet with the Soviet leader, and this is the first president in forty years not to meet with a Soviet counterpart",He said the reason was because there are three Soviet leaders in the past three and a half years,Support,1984
1984_1d82e945fdc647f62dfbc7bc71e57eba,1984_d7da3ee97476fa1327a327614490a5fb,T50,T51,"It's five pages of the leaders, world leaders, that the Soviet leaders have met with, and they're not little people","They're people like Mitterrand of France and Kohl of Germany and President Kiprianou of Cyprus - you go down the list, five pages of people that the Soviet leaders have managed to meet with",Support,1984
1984_d7da3ee97476fa1327a327614490a5fb,1984_4bd3699e9f0ffaac430747af05de8069,T51,T92,"They're people like Mitterrand of France and Kohl of Germany and President Kiprianou of Cyprus - you go down the list, five pages of people that the Soviet leaders have managed to meet with",somehow they couldn't meet with the president of the United States,Support,1984
1984_eabfeb876aef0ba41b728d6c0561c420,1984_26ac5376f9ca06af5e52818899ac03a9,T55,T54,"it seems to me in 1982, when the administration presented its Start proposal, that it wasn't a realistic proposal","with reference to the vice-president's comments about the intent and the desire of the United Sites and this administration, the Soviet Union did walk out of the talks",Attack,1984
1984_c8d2fa726a5cc93809d66a413b620ee9,1984_3fbd4183eb1eb8a0829afdb05d0cbed8,T53,T52,"not only has he not negotiated one, he's been opposed to every single one that every other president has negotiated, including Eisenhower, including Ford, and including Nixon",since the start of negotiating arms control agreements who have not negotiated an arms control agreement,Support,1984
1984_0ee7af9215a362a31fd5986d6d22c787,1984_eabfeb876aef0ba41b728d6c0561c420,T56,T55,that is the comment that was made by Secretary Haig after he left office,"it seems to me in 1982, when the administration presented its Start proposal, that it wasn't a realistic proposal",Support,1984
1984_5492879cfcb603384c857ba3fb045629,1984_eabfeb876aef0ba41b728d6c0561c420,T57,T55,"what it dealt with was that it dealt just with land-based nuclear missiles, which is where the Soviets had the bulk of their missiles","it seems to me in 1982, when the administration presented its Start proposal, that it wasn't a realistic proposal",Support,1984
1984_53c50b88c71c78b161d5f67a30c9a374,1984_872c23ff95c5cb1e341d96c23fa4f408,T93,T58,"I believe it was, their own negotiator, Nitze, came out with a proposal called the ""walk-in-the-woods proposal"" which would have limited the number of nuclear arms in Europe.",That proposal was turned down by the administration - a proposal presented by its own administrator,Attack,1984
1984_f3353028de361a3f32e8fef07fe6730d,1984_53c50b88c71c78b161d5f67a30c9a374,T65,T93,It was the Soviet Union that was unwilling to discuss the walk in the woods,"I believe it was, their own negotiator, Nitze, came out with a proposal called the ""walk-in-the-woods proposal"" which would have limited the number of nuclear arms in Europe.",Attack,1984
1984_afef881f848dff51eba77f5934a42925,1984_d7da3ee97476fa1327a327614490a5fb,T60,T51,"I think there's quite a difference between Mr. Kyprianou in Cyprus and the leader of the free world, Ronald Reagan, in terms of meeting","They're people like Mitterrand of France and Kohl of Germany and President Kiprianou of Cyprus - you go down the list, five pages of people that the Soviet leaders have managed to meet with",Attack,1984
1984_7db36656c37b07e30e4927bece1479fc,1984_a349007f641c99ad34d92e8e0e647aaf,T63,T62,the Soviet Union will meet with a lot of different people,"We've been in very close touch with Mr. Mitterrand, Mr. Kohl, and others that have met with the leaders of the Soviet Union",Support,1984
1984_a71e39a63e9e43c5b9fa832699152e31,1984_a349007f641c99ad34d92e8e0e647aaf,T61,T62,that's quite different than meeting with the president of the United States,"We've been in very close touch with Mr. Mitterrand, Mr. Kohl, and others that have met with the leaders of the Soviet Union",Attack,1984
1984_f57bdf7dcb0b685ff7bed31095ba6067,1984_f3353028de361a3f32e8fef07fe6730d,T64,T65,The Soviets say we'll have a meeting when we think there can be progress and yet they left those talks,It was the Soviet Union that was unwilling to discuss the walk in the woods,Support,1984
1984_425e817e5102e8703523de54f229036b,1984_f3353028de361a3f32e8fef07fe6730d,T66,T65,"They were the ones that gunned it down first and the record is very, very clear on that",It was the Soviet Union that was unwilling to discuss the walk in the woods,Support,1984
1984_b49f420c22d3ed3de78e1f28de76c687,1984_533bf9085fea05218d378b75e9c119ab,T67,T68,we offered first to get rid of all those - we tried to reduce the SS-18's and those weapons,"we said if that's not good enough, there is flexibility, let's talk about the bombers and planes",Support,1984
1984_533bf9085fea05218d378b75e9c119ab,1984_5746dd57560d468bee67c63ea084ab92,T68,T69,"we said if that's not good enough, there is flexibility, let's talk about the bombers and planes",that's a very important point in terms of negotiation,Support,1984
1984_8c0cbd64cde769a024c720ca43564ee7,1984_64315f3828c7c33301faf1473899b1ae,T70,T71,"We now have 50,000 nuclear warheads",we are building at the rate of five or six a day between us and we have been doing that since this administration came into office,Support,1984
1984_64315f3828c7c33301faf1473899b1ae,1984_ef777bb3c2a368e2f0495a9ef676e266,T71,T72,we are building at the rate of five or six a day between us and we have been doing that since this administration came into office,I think what you can do is look at what they've done and recognize that they're not going to do very much in the future,Support,1984
1984_033480002276a4575d7c0c6973771412,1984_5d0d65732d89d4a1d82ec1cc088b46a6,T74,T73,since they've done nothing,"an arms race doesn't lead to anything, it leads to another arms race and that's that",Support,1984
1984_ef777bb3c2a368e2f0495a9ef676e266,1984_5d0d65732d89d4a1d82ec1cc088b46a6,T72,T73,I think what you can do is look at what they've done and recognize that they're not going to do very much in the future,"an arms race doesn't lead to anything, it leads to another arms race and that's that",Support,1984
1984_cde82824a0b5c228a7d7b963fa297efc,1984_bfa2df85ad3a4169d4608bbcc25f44c4,T76,T77,"Vice President Monad has indicated that what he would do, first of all, as soon as he. gets into office, is contact his Soviet counterpart and set up an annual summit meeting",That's number one,Support,1984
1984_bfa2df85ad3a4169d4608bbcc25f44c4,1984_362be1f67cadc335177b4677351aeceb,T77,T75,That's number one,I don't think you can start negotiating until you start talking,Support,1984
1984_2845256bf5f1f9cc155857e37c284ec7,1984_4efd2cb33156c534ab869d099033485e,T95,T94,That was done in 1960,"Secondly, he would issue a challenge, and the challenge would be in the nature of temporary, mutual, verifiable, moratoria to halt testing in the air, in the atmosphere, that would respond with a challenge from the Soviet Union, we hope, to sit down and negotiate a treaty",Support,1984
1984_4efd2cb33156c534ab869d099033485e,1984_dc4f5559a6cbf3b0cc3d861a03f48b61,T94,T78,"Secondly, he would issue a challenge, and the challenge would be in the nature of temporary, mutual, verifiable, moratoria to halt testing in the air, in the atmosphere, that would respond with a challenge from the Soviet Union, we hope, to sit down and negotiate a treaty",What that would do is it would give us the opportunity to sit down and negotiate a treaty,Support,1984
1984_661d09361f2e89a12f437881650908ed,1984_dc4f5559a6cbf3b0cc3d861a03f48b61,T79,T78,That was done in 1960 by President Kennedy - in 1963,What that would do is it would give us the opportunity to sit down and negotiate a treaty,Support,1984
1984_083d5fc97f76ad8c5624ee20ae992643,1984_661d09361f2e89a12f437881650908ed,T80,T79,What he did was he issued a challenge to the Soviet Union,That was done in 1960 by President Kennedy - in 1963,Support,1984
1984_bebfab7571f1c468bbeb4a27d22e160c,1984_083d5fc97f76ad8c5624ee20ae992643,T81,T80,"He said we will not test in space - in the atmosphere, if you will not",What he did was he issued a challenge to the Soviet Union,Support,1984
1984_5e8b067ab85698b2b6b31e68caa7c9cd,1984_bebfab7571f1c468bbeb4a27d22e160c,T82,T81,They did not,"He said we will not test in space - in the atmosphere, if you will not",Support,1984
1984_66d8b5585f0b35de30a5f155cef580b2,1984_9d748f5ecb23dfcc0a097bef679196b7,T86,T85,if only you have the will to do it,it will be done,Support,1984
1984_0782aac344f041727e2b5e9a8209eede,1984_9d748f5ecb23dfcc0a097bef679196b7,T84,T85,It can be done,it will be done,Support,1984
1984_8602608630a21ce4e79df4b1c8579a88,1984_0782aac344f041727e2b5e9a8209eede,T83,T84,In two months they sat down and they negotiated a treaty,It can be done,Support,1984
1984_dc4f5559a6cbf3b0cc3d861a03f48b61,1984_0782aac344f041727e2b5e9a8209eede,T78,T84,What that would do is it would give us the opportunity to sit down and negotiate a treaty,It can be done,Support,1984
1984_75a0db338df0f1cbd2fec41c0c736c9a,1984_229ef8d21357eba4bb96297b00005cc9,T1,T2,it is the economic recovery program that we presented when I took office in 1981.,I have a plan,Support,1984
1984_af2cbc838c73c0ab1ebabb73cf1f3ce8,1984_6d73221f5a295c5e941d8fa1f018203f,T6,T4,the double-digit inflation,I think were hurting the economy,Support,1984
1984_6343a5cd11df619bd213e2a0ad153df4,1984_6d73221f5a295c5e941d8fa1f018203f,T475,T4,the high tax rates,I think were hurting the economy,Support,1984
1984_604f0d248951bf653807897cde902adb,1984_6d73221f5a295c5e941d8fa1f018203f,T3,T4,the stagflation that we were undergoing,I think were hurting the economy,Support,1984
1984_b2597904d2b8cd4074cf4a39985563f9,1984_52fc0e148fe07395541a4e687c3218af,T476,T7,the economy was so worsened that I was openly saying that what we had thought on the basis of our plan could have brought a balanced budget,that was no longer possible,Support,1984
1984_75a0db338df0f1cbd2fec41c0c736c9a,1984_a8793080838a2524719796147868d1f2,T1,T5,it is the economic recovery program that we presented when I took office in 1981.,an economic program that I thought could rectify the great problems confronting us,Support,1984
1984_66ebef6fd340f63193cc018edc4c12fb,1984_ed9ad2da3f8d1e21cdc7abc5ff5d7a05,T479,T478,we have a recovery that has been going on for about 21 months to the point,we can now call it an expansion,Support,1984
1984_5a8f3ddf5aa1f05186792a664163e783,1984_7942a843d3655191e7b1f5b7cd9815fa,T480,T9,"Under that, this year, we have seen a $21 billion reduction in the deficit from last year, based mainly on the increased revenues the Government is getting without raising tax rates","Our tax cut, we think, was very instrumental in bringing about this economic recovery",Support,1984
1984_d7d89e1eaccdc05f3bc6219c24b1eb46,1984_a9f544fc4355a0d08e5c32382a320bca,T481,T10,The interest rates have come down about 9 or 10 points,We have reduced inflation to about a third of what it was.,Support,1984
1984_d7d89e1eaccdc05f3bc6219c24b1eb46,1984_b23239f8c90afa933a4a35f581ac5fd7,T481,T11,The interest rates have come down about 9 or 10 points,"we think, must come down further",Support,1984
1984_3c98756eeafbb5c65542b85fd28487e0,1984_c1f47047f3b340c517698272353c0d8e,T16,T484,"which has come down from 17 to 6 percent, and, at the same time, as the growth in the economy increases the revenues the Government gets, without raising taxes","when they meet, that is a balanced budget",Support,1984
1984_9864e0d835e2c28999dae78d907e8fef,1984_734930e79d97c91dc2eab770a79c3f5f,T13,T8,there have been created new jobs for those people to where there are now 105 million civilians working,"the plan that we have had and that we are following is a plan that is based on growth in the economy, recovery without inflation, and reducing the share that the Government is taking from the gross national product",Support,1984
1984_7b4eff6077bdafa00350af6f35a134a5,1984_734930e79d97c91dc2eab770a79c3f5f,T12,T8,"In the last 21 months, more than 6 million people have gotten jobs","the plan that we have had and that we are following is a plan that is based on growth in the economy, recovery without inflation, and reducing the share that the Government is taking from the gross national product",Support,1984
1984_4f2f3cdeb08187319e85472a2145d035,1984_734930e79d97c91dc2eab770a79c3f5f,T14,T8,"there were only 99 million before; 107, if you count the military","the plan that we have had and that we are following is a plan that is based on growth in the economy, recovery without inflation, and reducing the share that the Government is taking from the gross national product",Support,1984
1984_a89fc1757997b675e452341cfb7e77ef,1984_0b3c927c98b814904bc18174bb059361,T486,T485,according to their projections,The lines aren't about to meet,Support,1984
1984_a89fc1757997b675e452341cfb7e77ef,1984_5bfc413a3f4a314733553086b3410a6f,T486,T17,according to their projections,They project that the budget deficit will continue to climb.,Support,1984
1984_00ca141429e488c5751df425a6b02c57,1984_5bfc413a3f4a314733553086b3410a6f,T18,T17,In the year 1989 they project a budget deficit of $273 billion.,They project that the budget deficit will continue to climb.,Support,1984
1984_b968a39e4e458eab55224910e8f55dea,1984_86209246fc90ebe5190a374951307a54,T19,T477,The deficit is the result of excessive government spending,which has become a drag on the economy,Support,1984
1984_eea92db659c32c760743c05cacab1336,1984_95011b9fbed0504742e74622cf5bcba1,T482,T21,they have been wrong on virtually all of them,"I do not, very frankly, take seriously the Congressional Budget Office projections",Support,1984
1984_d038ac85490984d28a3fc7e24b8b066c,1984_eea92db659c32c760743c05cacab1336,T483,T482,including the fact that our recovery wasn't going to take place to begin with,they have been wrong on virtually all of them,Support,1984
1984_dc643147830150dd876919652b83c175,1984_49b88cfc50583290609958b517dd013d,T487,T206,"in constant dollars, in the domestic side of the budget",there has been no spending increase in the 4 years that we have been here,Support,1984
1984_e5bd4129e34adfb70e6fed84ee0aee0c,1984_0b3c927c98b814904bc18174bb059361,T205,T485,I think that the lines can meet,The lines aren't about to meet,Attack,1984
1984_e5bd4129e34adfb70e6fed84ee0aee0c,1984_c1f47047f3b340c517698272353c0d8e,T205,T484,I think that the lines can meet,"when they meet, that is a balanced budget",Support,1984
1984_39b23193f3e6f3656646b08547478cf0,1984_9548e544ded54743f387cab18e9911f4,T208,T207,"You have proposed a plan combining tax increases and budgetary cuts and other changes in the administration of the Government that would reduce the projected budget deficit by two-thirds, to approximately $87 billion in 1989",That still is an enormous deficit that will be running for these 4 years.,Support,1984
1984_43dcd190510f88b22d53a035d9cc1c94,1984_7059f57d2c42bc7c943d86927d673bbb,T211,T210,I respect the Presidency,I respect the President;,Equivalent,1984
1984_7059f57d2c42bc7c943d86927d673bbb,1984_9e9d77d6af79e2768cf5a02f16ac2f9d,T210,T209,I respect the President;,I think he knows that,Support,1984
1984_3eb04d9ae516924e48c4f1556240a789,1984_d08422be60de9125459224a958f4ffc4,T25,T24,"over 4 years, they've missed the mark by nearly $600 billion.",every estimate by this administration about the size of the deficit has been off by billions and billions of dollars.,Support,1984
1984_f9bdc1d841ae34900fb90fbbf3ca5357,1984_212a989d17275e4856d8b4412b07070b,T26,T27,We were told we would have a balanced budget in 1983,It was $200 billion deficit instead.,Support,1984
1984_212a989d17275e4856d8b4412b07070b,1984_d08422be60de9125459224a958f4ffc4,T27,T24,It was $200 billion deficit instead.,every estimate by this administration about the size of the deficit has been off by billions and billions of dollars.,Support,1984
1984_b7a5362b874994bbdb1037fb166e9c3e,1984_86157abc3f43ed2e179cff15d6193441,T28,T30,"Virtually every economic analysis that I've heard of, including the distinguished Congressional Budget Office, which is respected by, I think, almost everyone, says that even with historically high levels of economic growth, we will suffer a $263 billion deficit",it doesn't converge as the President suggests.,Support,1984
1984_d08422be60de9125459224a958f4ffc4,1984_86157abc3f43ed2e179cff15d6193441,T24,T30,every estimate by this administration about the size of the deficit has been off by billions and billions of dollars.,it doesn't converge as the President suggests.,Support,1984
1984_86157abc3f43ed2e179cff15d6193441,1984_e5bd4129e34adfb70e6fed84ee0aee0c,T30,T205,it doesn't converge as the President suggests.,I think that the lines can meet,Attack,1984
1984_4ec5ea01b316e3baa343f7bc5d74d6ca,1984_0e716f5528c048474279b51582d6c3b4,T31,T29,It gets larger even with growth.,we will continue to have devastating problems with foreign trade,Support,1984
1984_315b422a0aee8f3907ac8fc805cfca28,1984_5d50bd2e0b920691a25c496853095acf,T34,T33,Our rural and farm friends will have continued devastation.,This is the worst trade year in American history by far,Support,1984
1984_b469d18be2136aed3c81e059f1cbbc86,1984_5d50bd2e0b920691a25c496853095acf,T32,T33,"Real interest rates -- the real cost of interest -- will remain very, very high",This is the worst trade year in American history by far,Support,1984
1984_84c82b93b7ceb837b05b490f604a14b6,1984_5d50bd2e0b920691a25c496853095acf,T488,T33,many economists are predicting that we're moving into a period of very slow growth,This is the worst trade year in American history by far,Support,1984
1984_27ba2ca2cdee4128ce01edacbeac49da,1984_84c82b93b7ceb837b05b490f604a14b6,T489,T488,the economy is tapering off and may be a recession,many economists are predicting that we're moving into a period of very slow growth,Support,1984
1984_cfefb1fd96d36d8ce048328dfba69922,1984_c9720a2be9f23ba093fcec62c8d46e65,T35,T492,I've stood up and told the American people that I think it's a real problem,I think the American people know the difference,Support,1984
1984_c9720a2be9f23ba093fcec62c8d46e65,1984_18060f7be70773abf0d3d116e61d1cd4,T492,T36,I think the American people know the difference,I think this is a test of leadership,Support,1984
1984_8a625434d7d8dfc9aaa9968cd2eadc13,1984_88d20ce88340e07129a51f47f5aeffad,T213,T212,The President has submitted a number of proposals to Congress to do just that,one other way to attack the deficit is further reductions in spending.,Support,1984
1984_8a625434d7d8dfc9aaa9968cd2eadc13,1984_e607c558318c6604079073842d7aeb9a,T213,T214,The President has submitted a number of proposals to Congress to do just that,"in many instances the House, controlled by the Democrats, has opposed them",Support,1984
1984_3a0c77b9656f949d21690d7260c123a7,1984_fba42590a4141511deb859563d2e3fd4,T218,T40,These people depend upon all of us for the little security that they have,but I am not going to cut it out of Social Security and Medicare and student assistance and things -- [applause] -- that people need.,Support,1984
1984_fba42590a4141511deb859563d2e3fd4,1984_2b1f4ebac88d6c69fe8a0536b02df7b0,T40,T215,but I am not going to cut it out of Social Security and Medicare and student assistance and things -- [applause] -- that people need.,I proposed over a hundred billion dollars in cuts in Federal spending over 4 years,Support,1984
1984_f0a01698fd493971013986c1d18eb3b9,1984_fba42590a4141511deb859563d2e3fd4,T217,T40,I'm not going to do it that way,but I am not going to cut it out of Social Security and Medicare and student assistance and things -- [applause] -- that people need.,Equivalent,1984
1984_fba42590a4141511deb859563d2e3fd4,1984_0f6c6c8937432e6687198d102d6e9fbe,T40,T219,but I am not going to cut it out of Social Security and Medicare and student assistance and things -- [applause] -- that people need.,The rate of defense spending increase can be slowed,Support,1984
1984_6da8f8198f10c2ac5c6ac21b93ed27da,1984_fba42590a4141511deb859563d2e3fd4,T221,T40,there are other ways of squeezing this budget without constantly picking on our senior citizens and the most vulnerable in American life,but I am not going to cut it out of Social Security and Medicare and student assistance and things -- [applause] -- that people need.,Support,1984
1984_ff34d8991262d67cebe1f4da8b175130,1984_0f6c6c8937432e6687198d102d6e9fbe,T220,T219,"Certainly we can find a coffeepot that costs something less than $7,000",The rate of defense spending increase can be slowed,Support,1984
1984_6da8f8198f10c2ac5c6ac21b93ed27da,1984_2b8a34c0c2888f23a99e96be0d479eb1,T221,T223,there are other ways of squeezing this budget without constantly picking on our senior citizens and the most vulnerable in American life,"that's why the Congress, including the Republicans, have not gone along with the President's recommendations.",Support,1984
1984_dbf52583c59af3026c62fe5cd03ce654,1984_9ce75128057d2234af5021d86188dfa4,T37,T222,he has a plan for raising taxes,I don't believe that Mr. Mondale has a plan for balancing the budget,Support,1984
1984_3116f97a04c784197e603a9061d142a4,1984_dbf52583c59af3026c62fe5cd03ce654,T38,T37,"as a matter of fact, the biggest single tax increase in our nation's history took place 1977.",he has a plan for raising taxes,Support,1984
1984_920ea0619fea674be765f1cb64246481,1984_dbf52583c59af3026c62fe5cd03ce654,T493,T37,"for the 5 years previous to our taking office, taxes doubled in the United States",he has a plan for raising taxes,Support,1984
1984_34304e5c2682791cc84addc2a405de8e,1984_e9c274291453a5f10e314b88f2ffdaab,T39,T49,the budgets increased $318 billion,there is no ratio between taxing and balancing a budget,Support,1984
1984_920ea0619fea674be765f1cb64246481,1984_e9c274291453a5f10e314b88f2ffdaab,T493,T49,"for the 5 years previous to our taking office, taxes doubled in the United States",there is no ratio between taxing and balancing a budget,Support,1984
1984_f8fba336c72fd1b687d3afd04043d069,1984_99c16e3d43ada7875fb3fe67df0110ec,T50,T494,Whether you borrow the money or whether you simply tax it away from the people,you're taking the same amount of money out of the private sector,Support,1984
1984_e9c274291453a5f10e314b88f2ffdaab,1984_4679d14e3482371e288d83bb7d2af2ed,T49,T495,there is no ratio between taxing and balancing a budget,unless and until you bring down government's share of what it is taking,Support,1984
1984_dd1da9ac4aa491eae75f98e68cbfb4d7,1984_bc7b9ad1ba1d17004827fc2af0db0520,T224,T225,"A President should never say ""never.''","I'm going to violate that rule and say ""never.''",Support,1984
1984_0dc5212fa30169be015d83934294e633,1984_bc7b9ad1ba1d17004827fc2af0db0520,T226,T225,I will never stand for a reduction of the Social Security benefits to the people that are now getting them,"I'm going to violate that rule and say ""never.''",Support,1984
1984_d7d3a924f1df32ef8007b6da8c3329ec,1984_0b660cd7213241d8c30fb569c5e76fba,T227,T228,that's exactly the commitment that was made to the American people in 1980:,He would never reduce benefits,Support,1984
1984_0b660cd7213241d8c30fb569c5e76fba,1984_e161f57ca91bc63f5b19b6e864c35ff2,T228,T52,He would never reduce benefits,Everybody remembers that,Support,1984
1984_41925e8d75b07849636f0302ddd510b7,1984_6fc29868ac5d772c587cde2252c46264,T498,T496,what happened right after the election is they proposed to cut Social Security benefits by 25 percent,people know what happened,Support,1984
1984_1c68930bf4ef830377742a80f6e6fba3,1984_6fc29868ac5d772c587cde2252c46264,T499,T496,reducing the adjustment for inflation,people know what happened,Support,1984
1984_8eb6d0138ae9408a72533bc6b7980528,1984_6fc29868ac5d772c587cde2252c46264,T500,T496,cutting out minimum benefits for the poorest on Social Security,people know what happened,Support,1984
1984_6c8f62dfc54228b98a108deca3e0c6f6,1984_6fc29868ac5d772c587cde2252c46264,T501,T496,removing educational benefits for dependents whose widows were trying -- with widows trying to get them through college,people know what happened,Support,1984
1984_e161f57ca91bc63f5b19b6e864c35ff2,1984_751205a35304ff36d023899bbb211f33,T52,T497,Everybody remembers that,There's a difference,Support,1984
1984_6fc29868ac5d772c587cde2252c46264,1984_751205a35304ff36d023899bbb211f33,T496,T497,people know what happened,There's a difference,Support,1984
1984_38c1394e880218b4536f677faf76b177,1984_6f1521dcc9d4ae198a7d2f72884fd118,T51,T502,I have fought for Social Security and Medicare and for things to help people who are vulnerable all my life,I will do it as President of the United States,Support,1984
1984_d7d3a924f1df32ef8007b6da8c3329ec,1984_bc7b9ad1ba1d17004827fc2af0db0520,T227,T225,that's exactly the commitment that was made to the American people in 1980:,"I'm going to violate that rule and say ""never.''",Attack,1984
1984_c5edc982852e3e0849d0e9d2295c67c4,1984_c2e1b6117de7ebb995a2136c3d15b6e2,T261,T262,"I should say, as Lincoln once said, that I could not -- I would be the most stupid man in the world if I thought I could confront the duties of the office I hold if I could not turn to someone who was stronger and greater than all others",I do resort to prayer,Support,1984
1984_035ca43776a503028bc144fbf37248e6,1984_062047b26e909c4434888d21b0ae2121,T527,T264,I have no hesitancy in saying so,it does play a part in my life,Support,1984
1984_062047b26e909c4434888d21b0ae2121,1984_c2e1b6117de7ebb995a2136c3d15b6e2,T264,T262,it does play a part in my life,I do resort to prayer,Support,1984
1984_c5edc982852e3e0849d0e9d2295c67c4,1984_df450e93f3c799008f01cc302c3ad32e,T261,T265,"I should say, as Lincoln once said, that I could not -- I would be the most stupid man in the world if I thought I could confront the duties of the office I hold if I could not turn to someone who was stronger and greater than all others",I don't believe that I could carry on unless I had a belief in a higher authority and a belief that prayers are answered,Support,1984
1984_df450e93f3c799008f01cc302c3ad32e,1984_c2e1b6117de7ebb995a2136c3d15b6e2,T265,T262,I don't believe that I could carry on unless I had a belief in a higher authority and a belief that prayers are answered,I do resort to prayer,Support,1984
1984_511b779acf7be81e8bc0fb2780efad69,1984_edf3477e1210d2bd5c7305ef6f2ae2e0,T266,T269,I know the threats that are made against me,I pose a threat to several hundred people if I go to church.,Support,1984
1984_c0b156578bdda92236b1cd9487434ed1,1984_edf3477e1210d2bd5c7305ef6f2ae2e0,T270,T269,We all know the possibility of terrorism.,I pose a threat to several hundred people if I go to church.,Support,1984
1984_1f030d360ba5fc159902e8f05dbb6187,1984_1d5cd4d47c331ca326bd9dcf58cce111,T268,T267,my minister knows this and supports me in this position,I don't feel that I have a right to go to church,Support,1984
1984_edf3477e1210d2bd5c7305ef6f2ae2e0,1984_1d5cd4d47c331ca326bd9dcf58cce111,T269,T267,I pose a threat to several hundred people if I go to church.,I don't feel that I have a right to go to church,Support,1984
1984_23c708848e4b89b8ecbd23a987fa7fd2,1984_1d5cd4d47c331ca326bd9dcf58cce111,T271,T267,"my being there could cause something of the kind that we have seen in other places, in Beirut, for example",I don't feel that I have a right to go to church,Support,1984
1984_edf3477e1210d2bd5c7305ef6f2ae2e0,1984_147234fb8b2e8b995272e520bd52cd23,T269,T275,I pose a threat to several hundred people if I go to church.,I think the Lord understands,Support,1984
1984_1d5cd4d47c331ca326bd9dcf58cce111,1984_6d3ee4604ac18b0932a7ca5066dcd5c0,T267,T274,I don't feel that I have a right to go to church,I miss going to church,Support,1984
1984_f27cae7b058e6f95a86e5f7153cf81b7,1984_10c2bad408207f5fe571e3e214183c42,T276,T278,I believe I have sung at more weddings and more funerals than anybody ever to seek the Presidency,I have a deep religious faith,Support,1984
1984_3dfb892e6afd1923138939845c781c45,1984_10c2bad408207f5fe571e3e214183c42,T279,T278,Our family does,I have a deep religious faith,Support,1984
1984_d0463f99d0709fbc740d8126fac52e7f,1984_10c2bad408207f5fe571e3e214183c42,T280,T278,It is fundamental,I have a deep religious faith,Support,1984
1984_10c2bad408207f5fe571e3e214183c42,1984_3569e515708a05ce34c255db7f6f7198,T278,T281,I have a deep religious faith,It's probably the reason that I'm in politics,Support,1984
1984_d32b0c830ff98729e4f3b03fed6a8be1,1984_3569e515708a05ce34c255db7f6f7198,T277,T281,"I think our faith tells us, instructs us, about the moral life that we should lead.",It's probably the reason that I'm in politics,Support,1984
1984_ebfd032a41339d002b6b650305250c94,1984_193e72b9d667493cba823122a40c1883,T73,T72,"When the Republican platform says that from here on out, we're going to have a religious test for judges before they're selected for the Federal court,",I think that's an abuse of faith in our country.,Support,1984
1984_15c7033e78da91d8e4a8bde40bca3c8d,1984_193e72b9d667493cba823122a40c1883,T74,T72,Jerry Falwell announces that that means they get at least two Justices of the Supreme Court,I think that's an abuse of faith in our country.,Support,1984
1984_193e72b9d667493cba823122a40c1883,1984_8d836cdf80a3967d4fd1eeac84311d33,T72,T272,I think that's an abuse of faith in our country.,All history tells us that that's a mistake,Support,1984
1984_fc57243ba99619b153b137a1da8f974f,1984_779a67f3be1739e3b8c8aed81cc54e7e,T77,T75,we kept the politicians and the state out of the personal exercise of our faith,This nation is the most religious nation on Earth,Support,1984
1984_3731522715bd9a74da93d3eb77ce75e4,1984_779a67f3be1739e3b8c8aed81cc54e7e,T76,T75,more people go to church and synagogues than any other nation on Earth,This nation is the most religious nation on Earth,Support,1984
1984_fc57243ba99619b153b137a1da8f974f,1984_63d1317fb784faacd96a5d8b3447348c,T77,T78,we kept the politicians and the state out of the personal exercise of our faith,faith in the United States is pure and unpolluted by the intervention of politicians,Support,1984
1984_41cc6770e19f92855540b94a69d34072,1984_790c5bf987d37b649d363559e4e6ab0b,T79,T529,"A minister who is in civil rights or in the conservative movement, because he believes his faith instructs him to do that",I admire,Support,1984
1984_41cc6770e19f92855540b94a69d34072,1984_56a26c0b8f15cf82f076b7ecb502763f,T79,T530,"A minister who is in civil rights or in the conservative movement, because he believes his faith instructs him to do that","The fact that the faith speaks to us and that we are moral people, hopefully, I accept and rejoice in",Support,1984
1984_d8e24b45628a631fa23de07390bf29d3,1984_8cf5ebe9d76fca84106c00ff3fed5593,T83,T82,"to hinder that part of the Constitution that says the government shall not only not establish a religion, it shall not inhibit the practice of religion","The only attacks I have made are on people who apparently would break away at that wall from the government side, using the government, using the power of the courts and so forth",Support,1984
1984_58d0da5134cfa7d1d5ce8caac94fa7a4,1984_8cf5ebe9d76fca84106c00ff3fed5593,T85,T82,"they have been using these things to have government, through court orders, inhibit the practice of religion.","The only attacks I have made are on people who apparently would break away at that wall from the government side, using the government, using the power of the courts and so forth",Support,1984
1984_27fdf0962cb7e189efd8e5fa6ccfd5b4,1984_8f94f6e30b87038e47b7a960144d00b9,T84,T86,A child wants to say grace in a school cafeteria and a court rules that they can't do it because it's school property,These are they types of things that I think have been happening in a kind of a secular way that have been eroding that separation,Support,1984
1984_8f94f6e30b87038e47b7a960144d00b9,1984_566cf062dda64b87cdb3df43cb2b92d9,T86,T533,These are they types of things that I think have been happening in a kind of a secular way that have been eroding that separation,I am opposed to that,Support,1984
1984_8ffe9ca5bde51087591ea7afbde75b79,1984_d032b84e81dcc5af68a1ad9bd38100e0,T285,T534,I have appointed one member to the Supreme Court: Sandra Day O'Connor.,I'll stand on my record on that,Support,1984
1984_6f0a10e853c584e2ea8f9efb6aff934b,1984_d032b84e81dcc5af68a1ad9bd38100e0,T283,T534,"if I have the opportunity to appoint any more, I'll do it in the same manner that I did in selecting her",I'll stand on my record on that,Support,1984
1984_5774cd6e2917db1b7a2ddc5c6c8e4511,1984_3e9d7e773571d142b0da87102e989642,T535,T284,it will undermine the practice of honest faith in our country by politicizing it,It seems to me that a moment's reflection tells you why the United States Senate turned that amendment down,Support,1984
1984_3e9d7e773571d142b0da87102e989642,1984_885438bb743ec98be84568f8e3d8022d,T284,T81,It seems to me that a moment's reflection tells you why the United States Senate turned that amendment down,"I, too, want that wall that is in the Constitution of separation of church and state to remain there",Support,1984
1984_3e9d7e773571d142b0da87102e989642,1984_63d1317fb784faacd96a5d8b3447348c,T284,T78,It seems to me that a moment's reflection tells you why the United States Senate turned that amendment down,faith in the United States is pure and unpolluted by the intervention of politicians,Support,1984
1984_834a8f20c644e772c54063e4e1980807,1984_900662af86b3aaa5c1d7145ebb267ef5,T234,T235,I think everybody knows that,"Terrorism is very, very difficult to slop",Support,1984
1984_64d7a4b7ae4759c3f15829cda9b40100,1984_900662af86b3aaa5c1d7145ebb267ef5,T647,T235,"We had ambassadors killed in Sudan and the Lebanon some time ago, a long time ago","Terrorism is very, very difficult to slop",Support,1984
1984_64d7a4b7ae4759c3f15829cda9b40100,1984_9c2b3cbdfa438fae1b5ab112149107e3,T647,T648,"We had ambassadors killed in Sudan and the Lebanon some time ago, a long time ago","When you see the Israeli building in Lebanon after the death of our marines you see that, hit by terrorism, the Israelis, with all their experience fighting terrorism",Support,1984
1984_9c2b3cbdfa438fae1b5ab112149107e3,1984_8aae4b954e9d6e6268980e1e1a67226d,T648,T649,"When you see the Israeli building in Lebanon after the death of our marines you see that, hit by terrorism, the Israelis, with all their experience fighting terrorism",you know it's difficult,Support,1984
1984_8aae4b954e9d6e6268980e1e1a67226d,1984_900662af86b3aaa5c1d7145ebb267ef5,T649,T235,you know it's difficult,"Terrorism is very, very difficult to slop",Support,1984
1984_b9c67eadd1b8e3241ffdcec98f181a5c,1984_aed7abe7d24ee2dc96d1eee897801ad0,T650,T651,When you see Khomeini wraith his radical Islam resorting to government-sponsored terrorism,it's very difficult,Support,1984
1984_aed7abe7d24ee2dc96d1eee897801ad0,1984_8aae4b954e9d6e6268980e1e1a67226d,T651,T649,it's very difficult,you know it's difficult,Support,1984
1984_aed7abe7d24ee2dc96d1eee897801ad0,1984_900662af86b3aaa5c1d7145ebb267ef5,T651,T235,it's very difficult,"Terrorism is very, very difficult to slop",Support,1984
1984_e47e4075ff72a2728d030b3e251d7cb7,1984_204a4c17a03a1efdbd01c4a3142db74d,T652,T653,The intelligence business can do a good job,I'm always one that defends the Central Intelligence Agency,Support,1984
1984_e47e4075ff72a2728d030b3e251d7cb7,1984_33dcc65d363b7de5825713c23fbdce0e,T652,T237,The intelligence business can do a good job,I believe we still have the best foreign intelligence business in the world,Support,1984
1984_27302883c96f7b4162063d21676fb4a3,1984_33dcc65d363b7de5825713c23fbdce0e,T236,T237,I believe we ought to strengthen it,I believe we still have the best foreign intelligence business in the world,Support,1984
1984_204a4c17a03a1efdbd01c4a3142db74d,1984_33dcc65d363b7de5825713c23fbdce0e,T653,T237,I'm always one that defends the Central Intelligence Agency,I believe we still have the best foreign intelligence business in the world,Support,1984
1984_33dcc65d363b7de5825713c23fbdce0e,1984_a2856eac9641dc0f1a1507cb93b53f32,T237,T238,I believe we still have the best foreign intelligence business in the world,it is very difficult to get the source information that you need to go after something as shadowy as international terror,Attack,1984
1984_0e3d1c963cf728d82cbb73b1944924ef,1984_c0f3b916d9b6254302c197c1863f35c5,T654,T655,There was a difference between Iran and what happened in Lebanon,In Iran you had a government holding a U.S. embassy,Support,1984
1984_c0f3b916d9b6254302c197c1863f35c5,1984_dab0f56f785d8196ca349dd8eca6e353,T655,T656,In Iran you had a government holding a U.S. embassy,the government sanctioning the takeover of that embassy by those students,Support,1984
1984_dab0f56f785d8196ca349dd8eca6e353,1984_ab982fa2db41fe17b28ea52fe32abe51,T656,T657,the government sanctioning the takeover of that embassy by those students,the government negotiating with the United States government for their release,Support,1984
1984_a6c241ed217f25c5d26ac4891b29c86b,1984_21d62868f49c4bc70ad7d4eb51d6cc25,T658,T660,"In Lebanon, in the terror that happened at the embassy, you have the government there, Mr. Gemayel, that wants to help fight against terrorism","because of the melee in the Middle East, it's there today and has been there yesterday and the day before, and everyone that's had experience in that area knows",Support,1984
1984_21d62868f49c4bc70ad7d4eb51d6cc25,1984_29a9fb23a168adb6a935818b2313f737,T660,T659,"because of the melee in the Middle East, it's there today and has been there yesterday and the day before, and everyone that's had experience in that area knows",it is a very different thing,Support,1984
1984_29a9fb23a168adb6a935818b2313f737,1984_a2856eac9641dc0f1a1507cb93b53f32,T659,T238,it is a very different thing,it is very difficult to get the source information that you need to go after something as shadowy as international terror,Support,1984
1984_ab982fa2db41fe17b28ea52fe32abe51,1984_a2856eac9641dc0f1a1507cb93b53f32,T657,T238,the government negotiating with the United States government for their release,it is very difficult to get the source information that you need to go after something as shadowy as international terror,Attack,1984
1984_334b00de1b60299c806cac6087c295b5,1984_9e58d95456bdd43b392dd6ce8fda1e3f,T240,T242,I don't think you can go assigning blame,"The president, of course, is the best I've ever seen at accepting that",Support,1984
1984_e71a731b5172e32253b862a1dde1264f,1984_9e58d95456bdd43b392dd6ce8fda1e3f,T243,T242,He's been wonderful about it in absolutely everything that happens,"The president, of course, is the best I've ever seen at accepting that",Support,1984
1984_a2856eac9641dc0f1a1507cb93b53f32,1984_96dd38fee0723103a23776e951f3145f,T238,T241,it is very difficult to get the source information that you need to go after something as shadowy as international terror,I think fair-minded people that really understand international terror know that it's very hard to guard against,Support,1984
1984_aed7abe7d24ee2dc96d1eee897801ad0,1984_96dd38fee0723103a23776e951f3145f,T651,T241,it's very difficult,I think fair-minded people that really understand international terror know that it's very hard to guard against,Support,1984
1984_8aae4b954e9d6e6268980e1e1a67226d,1984_96dd38fee0723103a23776e951f3145f,T649,T241,you know it's difficult,I think fair-minded people that really understand international terror know that it's very hard to guard against,Support,1984
1984_834a8f20c644e772c54063e4e1980807,1984_96dd38fee0723103a23776e951f3145f,T234,T241,I think everybody knows that,I think fair-minded people that really understand international terror know that it's very hard to guard against,Support,1984
1984_900662af86b3aaa5c1d7145ebb267ef5,1984_96dd38fee0723103a23776e951f3145f,T235,T241,"Terrorism is very, very difficult to slop",I think fair-minded people that really understand international terror know that it's very hard to guard against,Support,1984
1984_87fce9d1c4f52a40984e955a83234bea,1984_336ca8b406ac92f6eca593c55f507d49,T244,T247,"the answer then really lies in the Middle East and terrorism happening all over the world, is a solution to the Palestine question",the follow on to Camp David under the umbrella of the Reagan September of 1982 initiative,Support,1984
1984_336ca8b406ac92f6eca593c55f507d49,1984_64a625cd21487f7e9b4c4100807d9c21,T247,T245,the follow on to Camp David under the umbrella of the Reagan September of 1982 initiative,"That will reduce terror, it won't eliminate it",Support,1984
1984_3cd398db3f3d6b644f7a018937be2b8b,1984_64a625cd21487f7e9b4c4100807d9c21,T239,T245,what we've got to do is use absolutely the best security possible,"That will reduce terror, it won't eliminate it",Support,1984
1984_ae0c8394a8cb6b53c0dfc6657d4cb1e3,1984_3ec50ded1cd1b1f63ab7900e9952f2e5,T249,T250,they are our one strategic ally in the area,they are the one democracy in the area and our relations with them has never been better,Support,1984
1984_3ec50ded1cd1b1f63ab7900e9952f2e5,1984_9fc9fd8fd886cf0805e15eaf7193c128,T250,T248,they are the one democracy in the area and our relations with them has never been better,"We believe in supporting, without jeopardizing the security of Israel in any way",Support,1984
1984_ae0c8394a8cb6b53c0dfc6657d4cb1e3,1984_9fc9fd8fd886cf0805e15eaf7193c128,T249,T248,they are our one strategic ally in the area,"We believe in supporting, without jeopardizing the security of Israel in any way",Support,1984
1984_f2d02324501b8ba3fb75f40b7c568301,1984_1cca5bd719b6fbb8f29a161bb5790454,T246,T253,"we do believe in reaching out to the, what they call the GCC, those Gulf Cooperative Council State, those moderate Arab states in that world, and helping them with defensive weapons to guard against international terror or radical Islam perpetuated by Khomeini",I think we have helped keep the peace in the Persian Gulf,Support,1984
1984_ea4e01e3e3a0863a34d0c56af0acf708,1984_f2d02324501b8ba3fb75f40b7c568301,T255,T246,we've done that,"we do believe in reaching out to the, what they call the GCC, those Gulf Cooperative Council State, those moderate Arab states in that world, and helping them with defensive weapons to guard against international terror or radical Islam perpetuated by Khomeini",Support,1984
1984_c3a8719408f19d195404766fc6b7622f,1984_1cca5bd719b6fbb8f29a161bb5790454,T254,T253,the Saudis chopped down a couple of those intruding airplanes a while back,I think we have helped keep the peace in the Persian Gulf,Support,1984
1984_c59750bad47adf45b5ab364687d50c36,1984_8e299123c05d71f8484e461ad51ab0e1,T257,T258,"Mr. Bush has referred to the embassy that was held in Iran, Well, I was at the White House in January, I guess it was, in '81, when those hostages, all fifty-two of them, came home alive",It was at that time that President Reagan gave a speech welcoming them home - as America did,Support,1984
1984_8e299123c05d71f8484e461ad51ab0e1,1984_a3172b4e668affc2590fe5db0b5788ce,T258,T259,It was at that time that President Reagan gave a speech welcoming them home - as America did,what he said was: The United States has been embarrassed for the last time,Support,1984
1984_a3172b4e668affc2590fe5db0b5788ce,1984_5b12a98d9e85231539f14a2a2bafc481,T259,T260,what he said was: The United States has been embarrassed for the last time,"We're going to stand tall and if this ever happens again, there's going to be swift and immediate steps taken to address the wrong that our country has founded - has suffered",Support,1984
1984_7bf656b64d3d2a1214598d16a935d2aa,1984_2b5778281bd8a74051074e4db72cc7cf,T668,T669,In April of J983 I was in Beirut and visited the ambassador at the embassy,"Two weeks later, that embassy was bombed",Support,1984
1984_f6cf9a215d55e47da6f40ae7415fdeeb,1984_44afb64f9dea46ab761978b707675692,T256,T667,terrorism is a global problem,you can't blame that on anybody,Support,1984
1984_44afb64f9dea46ab761978b707675692,1984_6ead5f71cfbcf12f0b56d09b28e66c3e,T667,T670,you can't blame that on anybody,They're going to do crazy things and you just don't know what's going to happen,Support,1984
1984_f6cf9a215d55e47da6f40ae7415fdeeb,1984_6ead5f71cfbcf12f0b56d09b28e66c3e,T256,T670,terrorism is a global problem,They're going to do crazy things and you just don't know what's going to happen,Support,1984
1984_2b5778281bd8a74051074e4db72cc7cf,1984_6ead5f71cfbcf12f0b56d09b28e66c3e,T669,T670,"Two weeks later, that embassy was bombed",They're going to do crazy things and you just don't know what's going to happen,Support,1984
1984_156477158c1974be3bc87d7e2fc9a37b,1984_c76a037f87dc487e8112b33889aee1a9,T671,T263,"The following October, there was another bombing and that bombing took place at the marine barracks, where there were 242 young men who were killed","Right after that bombing occurred, there was a commission set up called the Long Commission",Support,1984
1984_c76a037f87dc487e8112b33889aee1a9,1984_2f0c1a442c186c41590a4e9c0afa9e07,T263,T261,"Right after that bombing occurred, there was a commission set up called the Long Commission","That commission did a study of the security arrangements around where the marines were sleeping and found that there was negligence, that they did not have proper gates up, proper precautions to stop those trucks from coming in",Support,1984
1984_2f0c1a442c186c41590a4e9c0afa9e07,1984_882064041c7b402c6a24b59894dc0e83,T261,T672,"That commission did a study of the security arrangements around where the marines were sleeping and found that there was negligence, that they did not have proper gates up, proper precautions to stop those trucks from coming in",the Long Commission issued a report,Support,1984
1984_78148ab4d141e293c89484e8072178a3,1984_09b36a05368cd90f7866a5a329e07af8,T1,T2,I'm commander in chief.,I take responsibility,Support,1984
1984_882064041c7b402c6a24b59894dc0e83,1984_78148ab4d141e293c89484e8072178a3,T672,T1,the Long Commission issued a report,I'm commander in chief.,Support,1984
1984_71a560f69d237c302f9a1d8f4c07d9f7,1984_09b36a05368cd90f7866a5a329e07af8,T3,T2,And we all waited for something to be done when he look responsibility,I take responsibility,Attack,1984
1984_c76a037f87dc487e8112b33889aee1a9,1984_882064041c7b402c6a24b59894dc0e83,T263,T672,"Right after that bombing occurred, there was a commission set up called the Long Commission",the Long Commission issued a report,Support,1984
1984_882064041c7b402c6a24b59894dc0e83,1984_09b36a05368cd90f7866a5a329e07af8,T672,T2,the Long Commission issued a report,I take responsibility,Support,1984
1984_5d150b43b643f1ac9ab782533e389607,1984_42ef411d94291230013142f836379ad1,T673,T674,"The first time, the first embassy, there was no gate up","The second time, with our Marines, the gate was open",Support,1984
1984_42ef411d94291230013142f836379ad1,1984_aa22b1bcfdd0a9dc813f2713c4ec157a,T674,T675,"The second time, with our Marines, the gate was open","The third time, the gate was there but it had not been installed",Support,1984
1984_aa22b1bcfdd0a9dc813f2713c4ec157a,1984_b8211a2d8a7d8c0e2f85f594b004f34f,T675,T676,"The third time, the gate was there but it had not been installed",what was the president's reaction,Attack,1984
1984_42ef411d94291230013142f836379ad1,1984_b8211a2d8a7d8c0e2f85f594b004f34f,T674,T676,"The second time, with our Marines, the gate was open",what was the president's reaction,Attack,1984
1984_5d150b43b643f1ac9ab782533e389607,1984_b8211a2d8a7d8c0e2f85f594b004f34f,T673,T676,"The first time, the first embassy, there was no gate up",what was the president's reaction,Attack,1984
1984_f82ed7f08dc618eabd8212211cc031ea,1984_b8211a2d8a7d8c0e2f85f594b004f34f,T262,T676,last month we had our third bombing,what was the president's reaction,Attack,1984
1984_e68f40eed7df4bb9a92b57137d777c80,1984_b916dc4f4a695b69d02fe26a1476c12c,T265,T266,the security arrangements were not in,our people were placed in that embassy in an unsecured time,Support,1984
1984_b916dc4f4a695b69d02fe26a1476c12c,1984_eb97797e5a94c5698dc4885c25776256,T266,T267,our people were placed in that embassy in an unsecured time,the marines who were guarding it were left to go away and there were other people guarding the embassy,Support,1984
1984_09b36a05368cd90f7866a5a329e07af8,1984_af514f2dfe485a3e3061e525381b6157,T2,T268,I take responsibility,the president said: I assume responsibility,Support,1984
1984_b8211a2d8a7d8c0e2f85f594b004f34f,1984_af514f2dfe485a3e3061e525381b6157,T676,T268,what was the president's reaction,the president said: I assume responsibility,Support,1984
1984_e64431d8daa9a6661a06560569ebf64b,1984_af514f2dfe485a3e3061e525381b6157,T12,T268,I'd like to know what that means,the president said: I assume responsibility,Attack,1984
1984_e68f40eed7df4bb9a92b57137d777c80,1984_af514f2dfe485a3e3061e525381b6157,T265,T268,the security arrangements were not in,the president said: I assume responsibility,Support,1984
1984_b916dc4f4a695b69d02fe26a1476c12c,1984_af514f2dfe485a3e3061e525381b6157,T266,T268,our people were placed in that embassy in an unsecured time,the president said: I assume responsibility,Support,1984
1984_eb97797e5a94c5698dc4885c25776256,1984_af514f2dfe485a3e3061e525381b6157,T267,T268,the marines who were guarding it were left to go away and there were other people guarding the embassy,the president said: I assume responsibility,Support,1984
1984_a16930955edbb4f22d0882fb6d6a50fb,1984_af514f2dfe485a3e3061e525381b6157,T264,T268,"Are we going to take proper precautions before we put Americans in situations where they're in danger, or are we just going to walk away, throwing our arms in the air now",the president said: I assume responsibility,Attack,1984
1984_e64431d8daa9a6661a06560569ebf64b,1984_a16930955edbb4f22d0882fb6d6a50fb,T12,T264,I'd like to know what that means,"Are we going to take proper precautions before we put Americans in situations where they're in danger, or are we just going to walk away, throwing our arms in the air now",Support,1984
1984_93a9e311a2ad28465c31d39fdee6943e,1984_af514f2dfe485a3e3061e525381b6157,T4,T268,"quite a reversal from the first time, from the first time when he said he was going to do something?",the president said: I assume responsibility,Attack,1984
1984_93a9e311a2ad28465c31d39fdee6943e,1984_a16930955edbb4f22d0882fb6d6a50fb,T4,T264,"quite a reversal from the first time, from the first time when he said he was going to do something?","Are we going to take proper precautions before we put Americans in situations where they're in danger, or are we just going to walk away, throwing our arms in the air now",Support,1984
1984_859007999345d1ddf72b565a88819aff,1984_af514f2dfe485a3e3061e525381b6157,T272,T268,is this President going to take some action,the president said: I assume responsibility,Attack,1984
1984_93a9e311a2ad28465c31d39fdee6943e,1984_859007999345d1ddf72b565a88819aff,T4,T272,"quite a reversal from the first time, from the first time when he said he was going to do something?",is this President going to take some action,Support,1984
1984_859007999345d1ddf72b565a88819aff,1984_a16930955edbb4f22d0882fb6d6a50fb,T272,T264,is this President going to take some action,"Are we going to take proper precautions before we put Americans in situations where they're in danger, or are we just going to walk away, throwing our arms in the air now",Support,1984
1984_d20f72766f4c3431eb7aa638eec79c44,1984_06d9379ad5d278343b582b164ce50808,T278,T279,"what has happened was the CIA, in the last bombing, had given information to our administration with reference to the actual threats that that embassy was going to be bombed",it wasn't the CIA that was at fault,Support,1984
1984_d8b504e1f558b2584cc95a1a6e503eba,1984_d41e1ff36843e953e7ad1cef6e314012,T269,T273,"There's legitimate reason for the CIA to be in existence, and that's to gather intelligence information for our security",I think they have a legitimate role in gathering information,Support,1984
1984_d7487a80c84622eb88f455bed4745602,1984_d8b504e1f558b2584cc95a1a6e503eba,T274,T269,I don't support that kind of activity,"There's legitimate reason for the CIA to be in existence, and that's to gather intelligence information for our security",Attack,1984
1984_d7487a80c84622eb88f455bed4745602,1984_d41e1ff36843e953e7ad1cef6e314012,T274,T273,I don't support that kind of activity,I think they have a legitimate role in gathering information,Attack,1984
1984_c2eec3e08c8891a21b4a2ba014932466,1984_d7487a80c84622eb88f455bed4745602,T275,T274,when I see the CIA doing things like they're doing down in Central America - supporting a covert war,I don't support that kind of activity,Support,1984
1984_d41e1ff36843e953e7ad1cef6e314012,1984_84dd301bf6e7f7fca4e04d0c81098c96,T273,T276,I think they have a legitimate role in gathering information,"The CIA is there, it's meant to protect our government",Support,1984
1984_d8b504e1f558b2584cc95a1a6e503eba,1984_84dd301bf6e7f7fca4e04d0c81098c96,T269,T276,"There's legitimate reason for the CIA to be in existence, and that's to gather intelligence information for our security","The CIA is there, it's meant to protect our government",Support,1984
1984_47197670501cd2cfd4d4e264daf63c27,1984_d7487a80c84622eb88f455bed4745602,T277,T274,not there to subvert other governments,I don't support that kind of activity,Support,1984
1984_84dd301bf6e7f7fca4e04d0c81098c96,1984_47197670501cd2cfd4d4e264daf63c27,T276,T277,"The CIA is there, it's meant to protect our government",not there to subvert other governments,Attack,1984
1984_84dd301bf6e7f7fca4e04d0c81098c96,1984_d7487a80c84622eb88f455bed4745602,T276,T274,"The CIA is there, it's meant to protect our government",I don't support that kind of activity,Attack,1984
1984_2f973e4ffc9a72c744d9b18bdf48f1bf,1984_4b3259ee32bee578a9c05cd869dda0bc,T282,T283,I think I just heard Mrs. Ferraro say that she would do away with all covert actions,"that has very serious ramifications, as the intelligence community knows",Support,1984
1984_93c7c64992f7c7ccca7570586dbfe6b1,1984_4b3259ee32bee578a9c05cd869dda0bc,T284,T283,This is serious business,"that has very serious ramifications, as the intelligence community knows",Support,1984
1984_93c7c64992f7c7ccca7570586dbfe6b1,1984_2f973e4ffc9a72c744d9b18bdf48f1bf,T284,T282,This is serious business,I think I just heard Mrs. Ferraro say that she would do away with all covert actions,Support,1984
1984_2f973e4ffc9a72c744d9b18bdf48f1bf,1984_d7487a80c84622eb88f455bed4745602,T282,T274,I think I just heard Mrs. Ferraro say that she would do away with all covert actions,I don't support that kind of activity,Attack,1984
1984_e6c89dbbe13a4e3eb4d2afaaa0549571,1984_695caabefe615daa510140d8f6ed4e3a,T285,T270,sometimes it's quiet support for a friend,I'll leave that one there,Support,1984
1984_6d742634456cf2cef11e0235bef50691,1984_6bb7ae577e57ae7fcc3fb05e7ad61200,T5,T7,Iran - we were held by a foreign government,"let me help you with the difference, Mrs. Ferraro, between Iran and the embassy in Lebanon.",Support,1984
1984_471ac494ce661fcbab3adeeac4c0ee5c,1984_6bb7ae577e57ae7fcc3fb05e7ad61200,T6,T7,"In Lebanon you had a wanton, terrorist action where the government opposed it","let me help you with the difference, Mrs. Ferraro, between Iran and the embassy in Lebanon.",Support,1984
1984_471ac494ce661fcbab3adeeac4c0ee5c,1984_0f04b35aaab9e81e161d3b03c44004fd,T6,T271,"In Lebanon you had a wanton, terrorist action where the government opposed it","We went to Lebanon to give peace a chance, to stop the bombing of civilians in Beirut, to remove 13,000 terrorists from Lebanon",Support,1984
1984_0f04b35aaab9e81e161d3b03c44004fd,1984_cbf5ad5bc77ff9cf047b699569159e77,T271,T289,"We went to Lebanon to give peace a chance, to stop the bombing of civilians in Beirut, to remove 13,000 terrorists from Lebanon",we did,Support,1984
1984_55f72c51420be1a3ddcf60d319ba88d9,1984_cbf5ad5bc77ff9cf047b699569159e77,T13,T289,We saw the formation of a government of reconciliation,we did,Support,1984
1984_2320af1766c1ea2d69cf471df1c647bc,1984_55f72c51420be1a3ddcf60d319ba88d9,T8,T13,They gave peace a chance,We saw the formation of a government of reconciliation,Support,1984
1984_2320af1766c1ea2d69cf471df1c647bc,1984_0f04b35aaab9e81e161d3b03c44004fd,T8,T271,They gave peace a chance,"We went to Lebanon to give peace a chance, to stop the bombing of civilians in Beirut, to remove 13,000 terrorists from Lebanon",Support,1984
1984_2320af1766c1ea2d69cf471df1c647bc,1984_cbf5ad5bc77ff9cf047b699569159e77,T8,T289,They gave peace a chance,we did,Support,1984
1984_9698f911d9ab6c9e4f80965ea23b4c33,1984_6bb7ae577e57ae7fcc3fb05e7ad61200,T14,T7,"and for somebody to suggest, as our two opponents have, that these men died in shame","let me help you with the difference, Mrs. Ferraro, between Iran and the embassy in Lebanon.",Attack,1984
1984_9698f911d9ab6c9e4f80965ea23b4c33,1984_6fdec5b9b9381460905dd666003a9aeb,T14,T280,"and for somebody to suggest, as our two opponents have, that these men died in shame",they better not tell the parents of those young marines,Support,1984
1984_6712ccec09af5c83d1e4c05b5ad33246,1984_6bb7ae577e57ae7fcc3fb05e7ad61200,T9,T7,"that I almost resent, Vice President Bush, your patronizing attitude that you have to teach me about foreign policy","let me help you with the difference, Mrs. Ferraro, between Iran and the embassy in Lebanon.",Attack,1984
1984_aa225e663bbdf4917299e360734c8857,1984_9a805f0833fabebb8567a5d10df74e93,T292,T293,I've been a member of Congress for six years,I was there when the embassy was held hostage in Iran,Support,1984
1984_9a805f0833fabebb8567a5d10df74e93,1984_586611af0c5c2e42b0ba61a7bf4c2fde,T293,T286,I was there when the embassy was held hostage in Iran,I have been there,Support,1984
1984_586611af0c5c2e42b0ba61a7bf4c2fde,1984_4581e752db3634920b819bed3ef88efe,T286,T287,I have been there,I've seen what has happened in the past several months; seventeen months of your administration,Support,1984
1984_9a805f0833fabebb8567a5d10df74e93,1984_4581e752db3634920b819bed3ef88efe,T293,T287,I was there when the embassy was held hostage in Iran,I've seen what has happened in the past several months; seventeen months of your administration,Support,1984
1984_aa225e663bbdf4917299e360734c8857,1984_4581e752db3634920b819bed3ef88efe,T292,T287,I've been a member of Congress for six years,I've seen what has happened in the past several months; seventeen months of your administration,Support,1984
1984_4581e752db3634920b819bed3ef88efe,1984_6712ccec09af5c83d1e4c05b5ad33246,T287,T9,I've seen what has happened in the past several months; seventeen months of your administration,"that I almost resent, Vice President Bush, your patronizing attitude that you have to teach me about foreign policy",Support,1984
1984_d81e8290fd39b4e460a1ea14f48f5185,1984_a1bdf3c26450bbce943b1151b4100551,T11,T10,Leave the interpretation of my answers to the American people who are watching this debate,"don't categorize my answers, either.",Support,1984
1984_83583c4619b44b7741a78741caf420e2,1984_6fdec5b9b9381460905dd666003a9aeb,T290,T280,no one has ever said that those young men who were killed through the negligence of this administration and others ever died in shame,they better not tell the parents of those young marines,Attack,1984
1984_83583c4619b44b7741a78741caf420e2,1984_9698f911d9ab6c9e4f80965ea23b4c33,T290,T14,no one has ever said that those young men who were killed through the negligence of this administration and others ever died in shame,"and for somebody to suggest, as our two opponents have, that these men died in shame",Attack,1984
1984_97487f73c05796676c4f7b50311bb18f,1984_6fdec5b9b9381460905dd666003a9aeb,T291,T280,"No one who has a child who is nineteen or twenty years old, a son, would ever say that at the loss of anybody else's child",they better not tell the parents of those young marines,Attack,1984
1984_97487f73c05796676c4f7b50311bb18f,1984_9698f911d9ab6c9e4f80965ea23b4c33,T291,T14,"No one who has a child who is nineteen or twenty years old, a son, would ever say that at the loss of anybody else's child","and for somebody to suggest, as our two opponents have, that these men died in shame",Attack,1984
1984_97487f73c05796676c4f7b50311bb18f,1984_83583c4619b44b7741a78741caf420e2,T291,T290,"No one who has a child who is nineteen or twenty years old, a son, would ever say that at the loss of anybody else's child",no one has ever said that those young men who were killed through the negligence of this administration and others ever died in shame,Support,1984
1984_96060b1b33d84894c5943056d67d4704,1984_8772d36830174ae1833efb81567a9732,T643,T644,I already did that,I wanted them to move ahead,Support,1984
1984_8f791aa0660ae063554325f2d13632f3,1984_8c9037a451512eec1a4b901f92037186,T176,T177,"I spent about an hour and 45 minutes speaking to 200 reporters on August 21, which is the day after I was required to file my financial statement",I sat for as long as they had questions on the issue,Support,1984
1984_8c9037a451512eec1a4b901f92037186,1984_ef13028b1b784807d22f6674133267fc,T177,T175,I sat for as long as they had questions on the issue,I believe that they were satisfied.,Support,1984
1984_ef13028b1b784807d22f6674133267fc,1984_8772d36830174ae1833efb81567a9732,T175,T644,I believe that they were satisfied.,I wanted them to move ahead,Support,1984
1984_78da407554bf1bae0c5e87c5ffe2eb8f,1984_3bf72c545395e43487427c4f529ab2c7,T178,T183,I filed more information than any other candidate for a national office in the history of this country,"Not only did I agree to file my tax returns, after a little bit of prodding my husband also agreed to file his with the - not only the ethics committee but the FEC.",Support,1984
1984_ebdb53df891da71aa3311f5e489d6500,1984_8772d36830174ae1833efb81567a9732,T645,T644,"We have filed the necessary papers, I have asked them to move along",I wanted them to move ahead,Support,1984
1984_3bf72c545395e43487427c4f529ab2c7,1984_ebdb53df891da71aa3311f5e489d6500,T183,T645,"Not only did I agree to file my tax returns, after a little bit of prodding my husband also agreed to file his with the - not only the ethics committee but the FEC.","We have filed the necessary papers, I have asked them to move along",Support,1984
1984_8aa9eca2ac99310499b1f0dcab5c161c,1984_a3dc1a508ae9227d8e5c32db780ea892,T182,T181,I don't know if they will move,"Unfortunately, the House, I believe, went out of session today",Support,1984
1984_ebdb53df891da71aa3311f5e489d6500,1984_a3dc1a508ae9227d8e5c32db780ea892,T645,T181,"We have filed the necessary papers, I have asked them to move along","Unfortunately, the House, I believe, went out of session today",Attack,1984
1984_3bf72c545395e43487427c4f529ab2c7,1984_5d0fa72758b2ac46eaeb0d7a9ab51d9a,T183,T646,"Not only did I agree to file my tax returns, after a little bit of prodding my husband also agreed to file his with the - not only the ethics committee but the FEC.",Bur the action that you're speaking about with the ethics committee was started by a right-wing legal organization - foundation - knowing that I would have to - that there would be an automatic inquiry,Attack,1984
1984_d91f542cf337a9f6a46eee976ccd88d2,1984_a4f442e7afc8ab7b7009a35c1de88339,T180,T179,I just want it cleared up,I would like that to be taken care of anyway,Support,1984
1984_8772d36830174ae1833efb81567a9732,1984_a4f442e7afc8ab7b7009a35c1de88339,T644,T179,I wanted them to move ahead,I would like that to be taken care of anyway,Support,1984
1984_5d89dcabe79b694554d63ace27765a96,1984_d86694b0a2e92e6d0554026069ab8bff,T4,T5,I hired an accountant who had been with our family for well over forty years,He was filling our those ethics form,Support,1984
1984_d86694b0a2e92e6d0554026069ab8bff,1984_4603670ab1c1d4eda4ee2e215ac1ed05,T5,T6,He was filling our those ethics form,I did not spend the time with him - I just gave him my tax information and he did it,Support,1984
1984_fa830166e24c5111f3d0c060d3e3faca,1984_4603670ab1c1d4eda4ee2e215ac1ed05,T185,T6,I have to tell you what we have done since I have hired a marvelous accountant.,I did not spend the time with him - I just gave him my tax information and he did it,Attack,1984
1984_0e281169694199b01ccc1cc34b4f888d,1984_fa830166e24c5111f3d0c060d3e3faca,T184,T185,I've spent a lot of money having him go through all those ethics forms and he will be doing my taxes over the next eight years while we're in the White House so that the American public can be sure it's all been taken care of,I have to tell you what we have done since I have hired a marvelous accountant.,Support,1984
1984_bf3b07e31961fe711d860a95c728d3be,1984_ca5895d51faa8cb0137d648bdd9b7d13,T192,T191,"they reported federal taxes, state and local taxes - gives people a clearer picture",I kind of like the way Mrs. Ferraro and Mr. Zaccaro reported,Attack,1984
1984_066eb3b4aa1a696469aa9ac19a07886b,1984_bf3b07e31961fe711d860a95c728d3be,T11,T192,"That year I happened to pay a lot of state and local taxes, which as you know are deducted from the other,","they reported federal taxes, state and local taxes - gives people a clearer picture",Support,1984
1984_066eb3b4aa1a696469aa9ac19a07886b,1984_8d2ab65f98e5e38dbcbe07673680d67f,T11,T7,"That year I happened to pay a lot of state and local taxes, which as you know are deducted from the other,",we had paid - I think it's 42 percent - of our gross income in taxes.,Support,1984
1984_ecd5d00036edda7ffe6076db8af5e54c,1984_993e0066a9b6010bc3c2f1239c0daf3c,T8,T9,Maybe my opponent knows whether Mr. Mondale released it.,We can't find his 198I tax return - it may have been released,Support,1984
1984_5192dfc6d740365a9fde722fa39d149f,1984_ce868a57d5a165ee93857659e8b33e3d,T224,T225,I think he paid about the same percentage as I did in total taxes,"we did find estimates that his income for those three years is a million, four hundred thousand dollars",Attack,1984
1984_4ce13a2faba30007e21ec023bf43ca27,1984_5192dfc6d740365a9fde722fa39d149f,T221,T224,I think it was a cheap shot - at me,I think he paid about the same percentage as I did in total taxes,Attack,1984
1984_e03a7db89022b92467a965b68f1b9fb4,1984_01ef74cc7d266179d9a5bb9afca66c3c,T220,T10,they protected his life for four years,I'm driven to work by the Secret Service - so is Mrs. Ferraro - so is Mr. Mondale,Support,1984
1984_01ef74cc7d266179d9a5bb9afca66c3c,1984_6cb50157d45aa749390e8f4a7551b4c0,T10,T219,I'm driven to work by the Secret Service - so is Mrs. Ferraro - so is Mr. Mondale,now they've done a beautiful job for Barbara and mine,Support,1984
1984_59e7aef7567a79c1371a3d0cb1d3e88e,1984_26dcbdaa20bfbb68b67de493cc367b45,T228,T218,He started talking about my chauffeur,"He also made a reference that troubled me very much, Mr. Boyd",Support,1984
1984_6cb50157d45aa749390e8f4a7551b4c0,1984_59e7aef7567a79c1371a3d0cb1d3e88e,T219,T228,now they've done a beautiful job for Barbara and mine,He started talking about my chauffeur,Support,1984
1984_6cb50157d45aa749390e8f4a7551b4c0,1984_06b4f56021611e89a7617f8de88a6956,T219,T222,now they've done a beautiful job for Barbara and mine,They saved the life of the president of the United States,Support,1984
1984_c6786ed4df061fa680a090eec2a4235a,1984_4ce13a2faba30007e21ec023bf43ca27,T190,T221,I think that was a cheap shot - telling the American people to try to divide class - rich and poor,I think it was a cheap shot - at me,Support,1984
1984_ba5aa10d155b9919ff7ac4fc6f52f582,1984_863c51f203d15fcffa35274728f07e05,T189,T187,the big question isn't whether Mrs. Ferraro is doing well,I think they're doing pretty well,Support,1984
1984_863c51f203d15fcffa35274728f07e05,1984_1599eb6696e4c5ab0fb8e8996d33bab6,T187,T188,I think they're doing pretty well,I know Barbara and I are doing well,Support,1984
1984_1599eb6696e4c5ab0fb8e8996d33bab6,1984_3324b5519e57869bd711e82923648ebf,T188,T230,I know Barbara and I are doing well,"it's darn sure that Mr. Mondale is doing well, with a million four in income",Support,1984
1984_3324b5519e57869bd711e82923648ebf,1984_61d05638396ed4b64bab63b892f0eb26,T230,T2,"it's darn sure that Mr. Mondale is doing well, with a million four in income",the question really is is the tax cut fair,Support,1984
1984_ecdd8a752d4e2f10be07d55bd7d80b1b,1984_61d05638396ed4b64bab63b892f0eb26,T12,T2,"Are people getting a fair break,",the question really is is the tax cut fair,Support,1984
1984_ed85ec39155ded0419bae86bff75e034,1984_ecdd8a752d4e2f10be07d55bd7d80b1b,T13,T12,answer is the rich are paying 6 percent more on taxes and the poor are getting a better break,"Are people getting a fair break,",Support,1984
1984_ed85ec39155ded0419bae86bff75e034,1984_61d05638396ed4b64bab63b892f0eb26,T13,T2,answer is the rich are paying 6 percent more on taxes and the poor are getting a better break,the question really is is the tax cut fair,Support,1984
1984_5a330ea15915d7a4fb56deba949718bb,1984_ed85ec39155ded0419bae86bff75e034,T14,T13,Those lower and middle-income people that have borne the burden for a long tim,answer is the rich are paying 6 percent more on taxes and the poor are getting a better break,Support,1984
1984_24839ba2ae367a21fe832ff01d0ccb95,1984_b3bd9f408b4b1ab2ab80cab6c6bb0b3e,T251,T226,I've always disclosed,"yes, I favor disclosure",Support,1984
1984_ed85ec39155ded0419bae86bff75e034,1984_b3bd9f408b4b1ab2ab80cab6c6bb0b3e,T13,T226,answer is the rich are paying 6 percent more on taxes and the poor are getting a better break,"yes, I favor disclosure",Support,1984
1984_61d05638396ed4b64bab63b892f0eb26,1984_b3bd9f408b4b1ab2ab80cab6c6bb0b3e,T2,T226,the question really is is the tax cut fair,"yes, I favor disclosure",Support,1984
1984_da4a183643161a65f1ec5a1ecac1aad8,1984_9c915e31b10591a98eca656cf9ac3689,T229,T227,This year I had my taxes and everything I own in a blind trust - so blind - blinder than the president's,I didn't even sign my tax return,Support,1984
1984_9c915e31b10591a98eca656cf9ac3689,1984_b3bd9f408b4b1ab2ab80cab6c6bb0b3e,T227,T226,I didn't even sign my tax return,"yes, I favor disclosure",Support,1984
1984_a1c13d62dd2598af4e2cca48dc6bed68,1984_dce06003e448739bf12356b6a6ddc294,T252,T661,there seemed to be an interest in it,we went to the government ethics committee - they agreed to change the trust,Support,1984
1984_dce06003e448739bf12356b6a6ddc294,1984_559c26f5e5b6c26475f90f2456e42b92,T661,T186,we went to the government ethics committee - they agreed to change the trust,I was sure glad to see that I had paid 42 percent of my gross income in taxes,Support,1984
1984_559c26f5e5b6c26475f90f2456e42b92,1984_b3bd9f408b4b1ab2ab80cab6c6bb0b3e,T186,T226,I was sure glad to see that I had paid 42 percent of my gross income in taxes,"yes, I favor disclosure",Support,1984
1984_01d12ca52cf16d6b2f6039c297d1d7a9,1984_a3ba319afbfdc53cb8ff30f07aa242bd,T664,T663,"the domicile, they call that, very different, than the house","legal residence, for voting, is very different",Support,1984
1984_aabba6fa6390f40e8c092b590adf9821,1984_01d12ca52cf16d6b2f6039c297d1d7a9,T665,T664,they say you're living in the vice-president's house,"the domicile, they call that, very different, than the house",Support,1984
1984_7a1765925b04dc5e191bfde3c03ba86d,1984_a3ba319afbfdc53cb8ff30f07aa242bd,T3,T663,you don't get what every other taxpayer gets,"legal residence, for voting, is very different",Support,1984
1984_ac66b5705873d25023d264b6f9c7d07e,1984_4e9d610f99bc305c2e825fb432ea9ac4,T198,T1,I got problems with the IRS,I think I've paid too much,Support,1984
1984_c1212507118f4a836f1abde3a81772e8,1984_ac66b5705873d25023d264b6f9c7d07e,T199,T198,so do a lot of people out there,I got problems with the IRS,Support,1984
1984_4e9d610f99bc305c2e825fb432ea9ac4,1984_45c3fc56549dfd999ee7985fe0e91d59,T1,T194,I think I've paid too much,I think I've paid too much in the way of taxes,Support,1984
1984_cc842abc059e88604c8bd894b1288976,1984_45c3fc56549dfd999ee7985fe0e91d59,T15,T194,"under the law, every taxpayer is allowed, when he sells a house, and buys another house, to get the rollover",I think I've paid too much in the way of taxes,Support,1984
1984_dd0c5174daabe72aea93eba0eec1256a,1984_45c3fc56549dfd999ee7985fe0e91d59,T17,T194,notice she said she has a new good accountant. I'd like to get his name and phone number,I think I've paid too much in the way of taxes,Support,1984
1984_75db8fc4716d01d4773eef45b9fb447a,1984_dd0c5174daabe72aea93eba0eec1256a,T16,T17,"Let me just say that I'd be happy to give the vice-president the name of my accountant, but I warn you, he's expensive.",notice she said she has a new good accountant. I'd like to get his name and phone number,Attack,1984
1984_9d3b861805887750ae8b1a63a265ced7,1984_2ab8527c1709ef3e8fbab6f2601944a0,T202,T201,I think the tax system is unfair,"I think the question is whether or not the tax cuts and the tax system that's currently in our government, that our government uses, is fair",Attack,1984
1984_25c1e3968a944a330694d1da69e22c5d,1984_9ac7b1475dbcf83ecddbd7edad53fa67,T196,T200,that's not fair,"The tax cuts that Vice-President Bush and I got last, three years ago, that this president gave out",Attack,1984
1984_25c1e3968a944a330694d1da69e22c5d,1984_9d3b861805887750ae8b1a63a265ced7,T196,T202,that's not fair,I think the tax system is unfair,Support,1984
1984_53071960885d5b866419fc071d437bfd,1984_9d3b861805887750ae8b1a63a265ced7,T203,T202,it's not something that we can address in the short term,I think the tax system is unfair,Support,1984
1984_a62b0853a2a233fafeb874ba8e87c9ae,1984_f2da8537a94d68ba040187320423a169,T204,T206,"If you earn $200,000 a year, you got a $25,000 tax cut","If you earned between $20,000 and $40,000, you may have gotten about $1,000 between ten and twenty, close to a hundred dollars",Support,1984
1984_f2da8537a94d68ba040187320423a169,1984_7cdefdcfc1a3ee00972a61742104814b,T206,T666,"If you earned between $20,000 and $40,000, you may have gotten about $1,000 between ten and twenty, close to a hundred dollars","if you made less than $10,000 with all the budget cuts that came down the line, you suffered a loss of $400",Support,1984
1984_8c298e442e03e97354f868563029412b,1984_7cdefdcfc1a3ee00972a61742104814b,T205,T666,That's not fair,"if you made less than $10,000 with all the budget cuts that came down the line, you suffered a loss of $400",Attack,1984
1984_8c298e442e03e97354f868563029412b,1984_9d3b861805887750ae8b1a63a265ced7,T205,T202,That's not fair,I think the tax system is unfair,Support,1984
1984_42f622ca42ab7394a43c6ea400406c28,1984_8c298e442e03e97354f868563029412b,T207,T205,That's basically unfair and not only is it unfair,That's not fair,Support,1984
1984_840eda22602c7577288538c6d7850514,1984_42f622ca42ab7394a43c6ea400406c28,T208,T207,economically it has darn near destroyed this country,That's basically unfair and not only is it unfair,Support,1984
1984_063189bd252eb76206646d7bcd10889d,1984_c9c2a8d1bf41ca95b7abbb49d7b882d4,T210,T209,There's a $750 billion tax cut over a five-year period of time,That's one of the reasons we're facing these enormous deficits that we have today,Support,1984
1984_c9c2a8d1bf41ca95b7abbb49d7b882d4,1984_8c298e442e03e97354f868563029412b,T209,T205,That's one of the reasons we're facing these enormous deficits that we have today,That's not fair,Support,1984
1984_f95b63289a62bd8e8a9456d0412a4a4f,1984_eee9f9d835dbbbe725d546c5adf2e0b9,T213,T212,I led the fight,I led the fight for disclosure,Support,1984
1984_5cb6b3840d9ce6a04443e4479dd216c1,1984_eee9f9d835dbbbe725d546c5adf2e0b9,T217,T212,I believe in it,I led the fight for disclosure,Support,1984
1984_cbd3e0a9803d8708b0c718b0ffbbac08,1984_eee9f9d835dbbbe725d546c5adf2e0b9,T216,T212,"Before I went into this job, I disclosed everything we had",I led the fight for disclosure,Support,1984
1984_3a6d562b491435df720d3ce094df2795,1984_ff6db669f29cf7f08503bd3472c563b4,T211,T232,We didn't have any private corporations,I disclosed absolutely everything,Support,1984
1984_ff6db669f29cf7f08503bd3472c563b4,1984_eee9f9d835dbbbe725d546c5adf2e0b9,T232,T212,I disclosed absolutely everything,I led the fight for disclosure,Support,1984
1984_2dfa4e91ea13d7f5630d395aea058bfc,1984_2fb00a40b04c295fba8de6a826512b51,T18,T231,"And then, to protect the public interest, we went into this blind trust",Arthur Andersen made out an assets and liabilities statement that I believe went further than any other one,Support,1984
1984_2fb00a40b04c295fba8de6a826512b51,1984_145d41e5e1730d29788caa1742b59fb9,T231,T214,Arthur Andersen made out an assets and liabilities statement that I believe went further than any other one,I believe in the blind trust,Support,1984
1984_2dfa4e91ea13d7f5630d395aea058bfc,1984_145d41e5e1730d29788caa1742b59fb9,T18,T214,"And then, to protect the public interest, we went into this blind trust",I believe in the blind trust,Support,1984
1984_5aabae09a615f75b66b1a5cc8ff525b9,1984_876b6cfb25da46946a3e73f05fe10f1c,T215,T233,"I believe a public official in this kind of job ought not to know whether he's gonna benefit, directly or indirectly, by some holding he might have or something of that nature",I support full disclosure,Support,1984
1984_145d41e5e1730d29788caa1742b59fb9,1984_876b6cfb25da46946a3e73f05fe10f1c,T214,T233,I believe in the blind trust,I support full disclosure,Support,1984
1984_876b6cfb25da46946a3e73f05fe10f1c,1984_eee9f9d835dbbbe725d546c5adf2e0b9,T233,T212,I support full disclosure,I led the fight for disclosure,Support,1984
1984_18c068ba720f908d73a0813b5d83d35a,1984_8caeffcbaa5c2f3fda93b2bc7f8d7c9b,T234,T235,almost everybody agrees unless we get it down,"the chances for long-term, healthy growth are nil",Support,1984
1984_8df11dfbc07280ab5e3a6c84b99f91ff,1984_8caeffcbaa5c2f3fda93b2bc7f8d7c9b,T233,T235,There is no question that we face this massive deficit,"the chances for long-term, healthy growth are nil",Support,1984
1984_5057473e66d07b69ff2c206c769fc085,1984_7d472900550bb1842a8aef22b14df17b,T232,T231,The President says it will disappear overnight because of some reason.,No one else believes that's the case,Support,1984
1984_eac6614e982ff0d6895f447b8e084702,1984_4b712985b5c42f25bb002c5ac6682665,T230,T503,I'm standing up to the issue with an answer that's fair,I do,Support,1984
1984_952f9607e9454fca4ac3342a28d558ae,1984_4b712985b5c42f25bb002c5ac6682665,T229,T503,I think that's what leadership is all about,I do,Support,1984
1984_4f14c439bff5d36ac9f36f39c245f72d,1984_952f9607e9454fca4ac3342a28d558ae,T504,T229,There's a difference between being a quarterback and a cheerleader,I think that's what leadership is all about,Support,1984
1984_f43e54a8dcc33b41f7b026ee3ac910ae,1984_952f9607e9454fca4ac3342a28d558ae,T505,T229,"when there's a real problem, a President must confront it",I think that's what leadership is all about,Support,1984
1984_01adc420b49e18b76e1e33788038e32f,1984_3b8ba14961ecb963dd6b5cb9d3f3cf07,T506,T507,"What I was referring to, of course, in the comment that you referred to was the situation in Lebanon","for three occasions, one after another, our Embassies were assaulted in the same way by a truck with demolitions",Support,1984
1984_cedc984fd0450e6ce48ec2c95ee8f53b,1984_f6d07c906e2b60c3d711048fdeea8b50,T510,T509,these things can happen,I did not criticize the President,Support,1984
1984_a14525f721d4cd8ef8892bee54781e15,1984_46be595c79289ec713b1dec054be5656,T42,T511,the second time the barracks in Lebanon were assaulted,we all remember,Support,1984
1984_98b659a8172245e347a4dda4c4613c44,1984_e06e834d6d8cccc8af720f33aeaf7782,T40,T513,I believe that a President must command that White House and those who work for him,It's the toughest job on Earth,Support,1984
1984_225bebab8ed074e430616ae1d014e4b4,1984_e06e834d6d8cccc8af720f33aeaf7782,T512,T513,you must master the facts and insist that things that must be done are done,It's the toughest job on Earth,Support,1984
1984_e06e834d6d8cccc8af720f33aeaf7782,1984_952f9607e9454fca4ac3342a28d558ae,T513,T229,It's the toughest job on Earth,I think that's what leadership is all about,Support,1984
1984_3155ac4455cd035987a9c04a22e51943,1984_bc54d66e0017855b37d27c179a952422,T54,T53,all my life that has been the way in which I have sought to lead,I believe that the way in which I will approach the Presidency is what's needed,Support,1984
1984_3155ac4455cd035987a9c04a22e51943,1984_fbfd8d9fc6a2fe684608ff8620b04291,T54,T237,all my life that has been the way in which I have sought to lead,that's why in this campaign I'm telling you exactly what I want to do.,Support,1984
1984_225bebab8ed074e430616ae1d014e4b4,1984_bc54d66e0017855b37d27c179a952422,T512,T53,you must master the facts and insist that things that must be done are done,I believe that the way in which I will approach the Presidency is what's needed,Support,1984
1984_19b81c8776c9a27979f0c7e92b9ebad4,1984_3f3dc971ba458639c18fc30a9e0f5425,T239,T238,so that the American people can participate in that decision,"I am trying to provide leadership now, before the election",Support,1984
1984_08aacb14410feddbdd859a8729fe1936,1984_5c6dda19689b8d2d9ef2105c8d2b79fa,T241,T240,your message has failed to get through,the polls have given you lower ratings on leadership than President Reagan,Support,1984
1984_a4520d8c7be6a4ebc8a92ec897fb1546,1984_3fd93753f91bb7122e69a09fb5f35545,T243,T244,we must lead,we must command,Equivalent,1984
1984_a4520d8c7be6a4ebc8a92ec897fb1546,1984_eef43ab54397c50061aeb9231bb1a83f,T243,T245,we must lead,we must direct,Equivalent,1984
1984_3fd93753f91bb7122e69a09fb5f35545,1984_eef43ab54397c50061aeb9231bb1a83f,T244,T245,we must command,we must direct,Equivalent,1984
1984_a4520d8c7be6a4ebc8a92ec897fb1546,1984_3327de9399a9d6b5096e72f8ce613ddd,T243,T246,we must lead,a President must see it like it is,Support,1984
1984_3fd93753f91bb7122e69a09fb5f35545,1984_3327de9399a9d6b5096e72f8ce613ddd,T244,T246,we must command,a President must see it like it is,Support,1984
1984_eef43ab54397c50061aeb9231bb1a83f,1984_3327de9399a9d6b5096e72f8ce613ddd,T245,T246,we must direct,a President must see it like it is,Support,1984
1984_3327de9399a9d6b5096e72f8ce613ddd,1984_d5c0ecf20772d71b97781bafb92d8577,T246,T56,a President must see it like it is,he must use the power of the White House to try to control these nuclear weapons and lead this world toward a safer world.,Support,1984
1984_3327de9399a9d6b5096e72f8ce613ddd,1984_278b050a8a4b8ed787af08149d09faa2,T246,T55,a President must see it like it is,He must stand for the values of decency that the American people stand for,Support,1984
1984_6aead86173899a09fa2e94db9ff2d20f,1984_82e7a5bb9860ce2609d6b7e7830ec7dc,T249,T250,I think you must have some principles you believe in,I happen to believe in the people,Support,1984
1984_82e7a5bb9860ce2609d6b7e7830ec7dc,1984_d876f8b1f97d653e5aee75631e822b94,T250,T248,I happen to believe in the people,"believe that the people are supposed to be dominant in our society -- that they, not government, are to have control of their own affairs to the greatest extent possible, with an orderly society",Support,1984
1984_6aead86173899a09fa2e94db9ff2d20f,1984_d876f8b1f97d653e5aee75631e822b94,T249,T248,I think you must have some principles you believe in,"believe that the people are supposed to be dominant in our society -- that they, not government, are to have control of their own affairs to the greatest extent possible, with an orderly society",Support,1984
1984_6aead86173899a09fa2e94db9ff2d20f,1984_6300df062019f39564013f37c410d1f1,T249,T43,I think you must have some principles you believe in,"I think also that in leadership -- well, I believe that you find people, positions such as I'm in who have the talent and ability to do the things that are needed in the various departments of government.",Support,1984
1984_2dd07b3be90fbb2a0b69149f698d4823,1984_8de2594027e9061aee11cef4fb9233a9,T44,T253,I don't believe that a leader should be spending his time in the Oval Office deciding who's going to play tennis on the White House court.,you let those people go with the guidelines of overall policy,Support,1984
1984_4ef825278c00492a1b561e1abda6a897,1984_8de2594027e9061aee11cef4fb9233a9,T254,T253,not looking over their shoulder and nitpicking the manner in which they go at the job,you let those people go with the guidelines of overall policy,Support,1984
1984_eae1e464695f8896b8edf4383fc78119,1984_bca8786fc140e20fbd5585545066de30,T255,T251,I continue it in this office,I also believe something else about that,Support,1984
1984_7ec61fd37900225986acfe0e79039b7b,1984_6996944f8e2cd09c431b0c5e075f8d6c,T508,T258,any issue that comes before me,I don't want to hear them,Support,1984
1984_fa197df1ec381449f55f9b96366b72fb,1984_6996944f8e2cd09c431b0c5e075f8d6c,T257,T258,I have instructed Cabinet members and staff they are not to bring up any of the political ramifications that might surround the issue,I don't want to hear them,Support,1984
1984_6996944f8e2cd09c431b0c5e075f8d6c,1984_bca8786fc140e20fbd5585545066de30,T258,T251,I don't want to hear them,I also believe something else about that,Support,1984
1984_45def0dd0f0a16cdb590b65578abf088,1984_6996944f8e2cd09c431b0c5e075f8d6c,T259,T258,I want to hear only arguments as to whether it is good or bad for the people,I don't want to hear them,Support,1984
1984_4976f255ecb0a1431b335dd408ebb8c5,1984_45def0dd0f0a16cdb590b65578abf088,T514,T259,is it morally right?,I want to hear only arguments as to whether it is good or bad for the people,Support,1984
1984_45def0dd0f0a16cdb590b65578abf088,1984_87449c539df9e31c5dc90159699c2761,T259,T260,I want to hear only arguments as to whether it is good or bad for the people,"on that basis and that basis alone, we make a decision on every issue.",Support,1984
1984_4976f255ecb0a1431b335dd408ebb8c5,1984_87449c539df9e31c5dc90159699c2761,T514,T260,is it morally right?,"on that basis and that basis alone, we make a decision on every issue.",Support,1984
1984_b8f1a7093098b1c77dbc0384e02aad1a,1984_59e0eac0ffa36f8314d5031890f847f9,T516,T517,he spoke in praise of deficits several times,why I thought that his record bespoke his possible taking us back to the same things that we knew under the previous administration,Support,1984
1984_0ebcab6c13982fa246096587e1139b77,1984_b8f1a7093098b1c77dbc0384e02aad1a,T519,T516,said they weren't to be abhorred,he spoke in praise of deficits several times,Support,1984
1984_8b70460c45a75828eb85b4ebe6070972,1984_b8f1a7093098b1c77dbc0384e02aad1a,T518,T516,he wished the deficit could be doubled,he spoke in praise of deficits several times,Support,1984
1984_5d3a0a1e46f67e48af45897a95649b83,1984_b8f1a7093098b1c77dbc0384e02aad1a,T515,T516,they stimulate the economy and helped reduce unemployment,he spoke in praise of deficits several times,Support,1984
1984_c0177cd6e6f16966c78d2957c8c3c8b4,1984_8a61ea272fa13226eb30369459a4b2bf,T47,T45,"that was an example of a partnership between, not only local government and the Federal Government but also between the private sector that built that particular structure",We have believed in partnership,Support,1984
1984_8a61ea272fa13226eb30369459a4b2bf,1984_01a4d7a386eac7160df115505e0eb1b2,T45,T48,We have believed in partnership,this is what we've been trying to do,Support,1984
1984_01a4d7a386eac7160df115505e0eb1b2,1984_ce0d9e5de1c55d0623e91f7ef766a045,T48,T520,this is what we've been trying to do,involve the Federal Government in such partnerships,Support,1984
1984_8a61ea272fa13226eb30369459a4b2bf,1984_ce0d9e5de1c55d0623e91f7ef766a045,T45,T520,We have believed in partnership,involve the Federal Government in such partnerships,Support,1984
1984_58a685bc44da04199b50cf1fe0921304,1984_a365d652733a99b1dbf59b16f0cfef70,T521,T46,We are today subsidizing housing for more than 10 million people,Our policy was not to cut subsidies.,Support,1984
1984_58a685bc44da04199b50cf1fe0921304,1984_2ce087bc1d099b88fcce941f0e2e4ab5,T521,T58,We are today subsidizing housing for more than 10 million people,we're going to continue along that line,Support,1984
1984_4dba4a5408d4b8196986fd30c9fab850,1984_a365d652733a99b1dbf59b16f0cfef70,T57,T46,"We have no thought of throwing people out into the snow, whether because of age or need.",Our policy was not to cut subsidies.,Support,1984
1984_68ef60261a49673db9386c2f88d7753b,1984_a365d652733a99b1dbf59b16f0cfef70,T59,T46,We have preserved the safety net for the people with true need in this country,Our policy was not to cut subsidies.,Support,1984
1984_516b2adcb03daa2dcc28328cab0948d6,1984_a365d652733a99b1dbf59b16f0cfef70,T60,T46,it has been pure demagoguery that we have in some way shut off all the charitable programs or many of them for the people who have real need.,Our policy was not to cut subsidies.,Support,1984
1984_956ccd57a386e992df67f7d843d1cbef,1984_68ef60261a49673db9386c2f88d7753b,T522,T59,The safety net is there,We have preserved the safety net for the people with true need in this country,Equivalent,1984
1984_68ef60261a49673db9386c2f88d7753b,1984_895523d252ad5596c037e6fcfe59ad2f,T59,T61,We have preserved the safety net for the people with true need in this country,we're taking care of more people than has ever been taken care of before by any administration in this country,Support,1984
1984_516b2adcb03daa2dcc28328cab0948d6,1984_895523d252ad5596c037e6fcfe59ad2f,T60,T61,it has been pure demagoguery that we have in some way shut off all the charitable programs or many of them for the people who have real need.,we're taking care of more people than has ever been taken care of before by any administration in this country,Support,1984
1984_58a685bc44da04199b50cf1fe0921304,1984_895523d252ad5596c037e6fcfe59ad2f,T521,T61,We are today subsidizing housing for more than 10 million people,we're taking care of more people than has ever been taken care of before by any administration in this country,Support,1984
1984_a365d652733a99b1dbf59b16f0cfef70,1984_895523d252ad5596c037e6fcfe59ad2f,T46,T61,Our policy was not to cut subsidies.,we're taking care of more people than has ever been taken care of before by any administration in this country,Support,1984
1984_4ddf788df12e070ea2c01cb719f1c426,1984_2a7c52038c145c5ac09a6e1f506ea86f,T62,T63,the housing unit for senior citizens that the President dedicated in Buffalo was only made possible through a Federal assistance program for senior citizens that the President's budget sought to terminate.,"if he'd had his way, there wouldn't have been any housing project there at all",Support,1984
1984_2a7c52038c145c5ac09a6e1f506ea86f,1984_a365d652733a99b1dbf59b16f0cfef70,T63,T46,"if he'd had his way, there wouldn't have been any housing project there at all",Our policy was not to cut subsidies.,Attack,1984
1984_2a7c52038c145c5ac09a6e1f506ea86f,1984_895523d252ad5596c037e6fcfe59ad2f,T63,T61,"if he'd had his way, there wouldn't have been any housing project there at all",we're taking care of more people than has ever been taken care of before by any administration in this country,Attack,1984
1984_e4ecba70c2a8e2d2a43ad10e60de3bde,1984_2e8a94263bd3592653b0d0d441f71cd4,T523,T65,When we took office,we discovered that the program that the Carter-Mondale administration had said would solve the fiscal problems of Social Security for the next 50 years wouldn't solve them for 5,Support,1984
1984_21e0d23e5464de85a7e4bc844f995bd5,1984_d94f24e185a25a8b2cb1601aa6d2afd4,T67,T66,who said we have to do something before the program goes broke and the checks bounce,"Any proposals that I made at that time were at the request of the chairman, a Democrat, of one of the leading committees,",Support,1984
1984_d94f24e185a25a8b2cb1601aa6d2afd4,1984_e7bfa62a9c6aa0d1185e23be38b44bab,T66,T64,"Any proposals that I made at that time were at the request of the chairman, a Democrat, of one of the leading committees,",we made a proposal,Support,1984
1984_3f7f5a49d5d38045b71adbbeb535c85e,1984_15b6c742575e735702a91a7f8a7357f6,T69,T68,"3 days after the election in 1982, they came to us and said, Social Security, we know, is broke",we had to borrow $17 billion to pay the checks,Support,1984
1984_604136de8fc1ad7692ce06ddae879b3f,1984_4d0b412dd1b261209bb0052ce644e54f,T71,T70,the whole matter of what to do with Social Security has been resolved by bipartisan legislation,"I asked for a bipartisan commission, which I'd asked for from the beginning, to sit down and work out a solution",Support,1984
1984_379a494fafa4d9a8fb84200f52ce039e,1984_4d0b412dd1b261209bb0052ce644e54f,T525,T70,it is on a sound basis now for as far as you can see into the next century,"I asked for a bipartisan commission, which I'd asked for from the beginning, to sit down and work out a solution",Support,1984
1984_daace9944c73673b2c36a2574273d662,1984_0ad061da219941df168846c8700e4c79,T582,T129,they are the ones who didn't get any relief the first time around,"In my opinion, as we deal with this deficit, people from about $70,000 a year on down have to be dealt with very, very carefully",Support,1984
1984_7ff87ab5d90eb88c00e2153940ee99c7,1984_daace9944c73673b2c36a2574273d662,T130,T582,"Under the 1981 tax bill, people making $200,000 a year got $60,000 in tax relief over 3 years, while people making $30,000 a year, all taxes considered, got no relief at all or their taxes actually went up",they are the ones who didn't get any relief the first time around,Support,1984
1984_daace9944c73673b2c36a2574273d662,1984_89088cdc973bfbe75d59d808c5666a04,T582,T128,they are the ones who didn't get any relief the first time around,"That's why my proposal protects everybody from $25,000 a year or less against any tax increases",Support,1984
1984_daace9944c73673b2c36a2574273d662,1984_7e0388c20e2d953567c040279d3bfa21,T582,T136,they are the ones who didn't get any relief the first time around,"treats those $70,000 and under in a way that is more beneficial than the way the President proposes with a sales tax or a flat tax",Support,1984
1984_c460d606cb09d572a6627766b3033a0d,1984_6d862003139fd7c3a6258d11dd3b2011,T583,T135,Vice President Bush disclosed his tax returns to the American people,In 1981 I think he paid about 40 percent in taxes.,Support,1984
1984_8cecc79c5f41821fc5fed450f32f4b11,1984_c9e443165fe32371b5df22794668c003,T584,T133,"In 1983, as a result of these tax preferences, he paid a little over 12 percent, 12.8 percent in taxes",That meant that he paid a lower percent in taxes than the janitor,Support,1984
1984_eebd014594a84aa4255fbab6700bb4fd,1984_c9e443165fe32371b5df22794668c003,T134,T133,who cleaned up his office or the chauffeur who drives him to work,That meant that he paid a lower percent in taxes than the janitor,Support,1984
1984_c9e443165fe32371b5df22794668c003,1984_558439c160148ec074e6a52ef1baf571,T133,T132,That meant that he paid a lower percent in taxes than the janitor,I believe we need some fairness,Support,1984
1984_558439c160148ec074e6a52ef1baf571,1984_6aca8b38fba25ebeb757c6732a763ed7,T132,T131,I believe we need some fairness,I've proposed what I think is a fair and a responsible proposal that helps protect these people who've already got no relief or actually got a tax increase.,Support,1984
1984_a14efa470ac3c77376134478d5c0d960,1984_d62f52efdc6f7addda90788952a0cf21,T319,T317,"Up until about $70,000, as you go up the ladder",They hit middle- and moderate-income Americans and leave wealthy Americans largely untouched,Support,1984
1984_d62f52efdc6f7addda90788952a0cf21,1984_ace541c8f17f580f3d8f956ddb08d5dc,T317,T318,They hit middle- and moderate-income Americans and leave wealthy Americans largely untouched,my proposals will be far more beneficial,Support,1984
1984_75ff879e6a2eb966316432ad31e0de70,1984_182499d26168184a7ec95efba34d8ae1,T320,T137,As soon as we get the economy on a sound ground as well,I'd like to see the total repeal of indexing,Support,1984
1984_14306c161efdd0f82553f2541a11849d,1984_142de3950cc11d6d8226954c87990092,T138,T139,I don't think we can do that for a few years.,"at some point, we want to do that as well",Support,1984
1984_f44b1ccdbeabf2d5d2f47daaf21588b0,1984_c874febd9ba48ab5987a1f3eb52c30ba,T140,T321,I don't have a plan to tax -- or increase taxes,I'm not going to increase taxes,Support,1984
1984_8d2cf9ec4a83e0a7fc4e086ad1a5ea4f,1984_8000b07043bc25369842c7d51b72b689,T586,T585,as a Senator you voted 16 times to increase taxes,"I can understand why you are, Mr. Mondale",Support,1984
1984_5aa15b2303fd184658aabac0e2e51c27,1984_22597652ca9ea4806379accf3b871396,T142,T316,I believe that our problem has not been that anybody in our country is undertaxed,it's that government is overfed.,Support,1984
1984_22597652ca9ea4806379accf3b871396,1984_0ee44df532f4ecec81ed4778fcfc7461,T316,T141,it's that government is overfed.,this is why we had a 25-percent tax cut across the board which maintained the same progressivity of our tax structure in the brackets on up,Support,1984
1984_d80cec3c0025d53880aca3299172730f,1984_dca08539d06dc83acba9ebee4487d894,T323,T322,the Social Security tax of '77,this indeed was a tax that hit people in the lower brackets the hardest,Support,1984
1984_bae841e9f3604fea648c20c54fe46654,1984_7b0f1032132fedc2dca44b16decf2cc6,T324,T325,it just doesn't work out that way,"I don't think that to try and say that we were taxing the rich, and not the other way around",Support,1984
1984_d2f3e3f50ecf282d5c2c3ddbd4c9d6ca,1984_094e4961a6212a4ca4ed2454a7458f9b,T327,T587,if you take it in numbers of dollars instead of percentage,that person got 10 times as much as this other person,Support,1984
1984_80d8ee64751c629a16726ae2925bbe14,1984_c63a6bad7f9e78b99cf4de0060a87dbb,T590,T326,if you take it in percentages,you find out that it is fair and equitable across the board,Support,1984
1984_56243bb3c22931318f66445e176a3115,1984_c63a6bad7f9e78b99cf4de0060a87dbb,T588,T326,"he paid 10 times as much, also",you find out that it is fair and equitable across the board,Support,1984
1984_2c5c9762452c2e5d133151aa6f9485da,1984_5d2f55333458ad3e9019f51a9bbc4b55,T589,T144,If you got the Government down to the lowest level,you yourself could say it could not go any lower and still perform the services for the people,Support,1984
1984_29edc602879531db8e930d2f2637a0ac,1984_1f6e1565f9caeb121944d156ed75d2e2,T146,T591,if the recovery was so complete that you knew you were getting the ultimate amount of revenues that you could get through that growth,there was still some slight difference there between those two lines,Support,1984
1984_5d2f55333458ad3e9019f51a9bbc4b55,1984_d3005447ef0c18e27c15ebe69218f03d,T144,T145,you yourself could say it could not go any lower and still perform the services for the people,you would have to then look to see if taxes should not be adjusted,Support,1984
1984_1f6e1565f9caeb121944d156ed75d2e2,1984_d3005447ef0c18e27c15ebe69218f03d,T591,T145,there was still some slight difference there between those two lines,you would have to then look to see if taxes should not be adjusted,Support,1984
1984_8b775874d8bbd73d82a61cd3b24733ed,1984_47ac1b9a2e7cd6afec3645b075908c33,T143,T592,I don't foresee those things happening,I say with great confidence I'm not going to go for a tax,Support,1984
1984_9d9ff69d1024f3ddb9c07c5720d8685b,1984_8271ba6a181bc9986ecd6aea84b37b1b,T328,T593,With regard to assailing Mr. Bush about his tax problems and the difference from the tax he once paid and then the later tax he paid,"I think if you looked at the deductions, there were great legal expenses in there",Support,1984
1984_90b20e41db3782abe3c0ccc5222115ef,1984_8271ba6a181bc9986ecd6aea84b37b1b,T594,T593,"had to do, possibly, with the sale of his home","I think if you looked at the deductions, there were great legal expenses in there",Support,1984
1984_bd84948077b27fab44176c04a999d836,1984_8271ba6a181bc9986ecd6aea84b37b1b,T331,T593,they had to do with his setting up of a blind trust,"I think if you looked at the deductions, there were great legal expenses in there",Support,1984
1984_d3bbb5fc476394f9010e116dd9d49951,1984_8271ba6a181bc9986ecd6aea84b37b1b,T329,T593,All of those are legally deductions,"I think if you looked at the deductions, there were great legal expenses in there",Support,1984
1984_4a1d4d882d8d37430eb1fd398210203f,1984_8271ba6a181bc9986ecd6aea84b37b1b,T330,T593,deductible in computing your tax,"I think if you looked at the deductions, there were great legal expenses in there",Support,1984
1984_8b0129ada5a608f8cf77edabde51a146,1984_8271ba6a181bc9986ecd6aea84b37b1b,T332,T593,it was a 1-year thing with him,"I think if you looked at the deductions, there were great legal expenses in there",Support,1984
1984_a8d31e792abe88d816b36db6a0c2ac41,1984_7ac82cbdd4f8d8fc636ed0d2e4c6c917,T595,T596,With regard to Medicare,it's time for us to say that Medicare is in pretty much the same condition that Social Security was,Support,1984
1984_a8d31e792abe88d816b36db6a0c2ac41,1984_1c9cd68d0fac9394009debb8a0bb4a37,T595,T147,With regard to Medicare,something is going to have to be done in the next several years to make it fiscally sound,Support,1984
1984_7ac82cbdd4f8d8fc636ed0d2e4c6c917,1984_1c9cd68d0fac9394009debb8a0bb4a37,T596,T147,it's time for us to say that Medicare is in pretty much the same condition that Social Security was,something is going to have to be done in the next several years to make it fiscally sound,Support,1984
1984_389400856db269e0042377f7d22fe09f,1984_7f1bc1741f7d8ebe6c56de10452f2eb5,T148,T149,I have proposed that the program we must treat with that particular problem.,I never proposed any $20 billion should come out of Medicare,Support,1984
1984_72bcd1726a35748fb87c30625b878cb8,1984_389400856db269e0042377f7d22fe09f,T333,T148,maybe part of that problem is because during the 4 years of the Carter-Mondale administration medical costs in this country went up 87 percent.,I have proposed that the program we must treat with that particular problem.,Support,1984
1984_ae7bbd91bebd16ac0f8c10f2b5b39c6f,1984_21e600a0d4e2b170906e3e1c38efa112,T452,T602,I believe we need to be strong,I will keep us strong,Support,1984
1984_b5bbad147fd03deedc57c8b4f83c4462,1984_1d85b5160b9f08ec2b1cfbf6605d1b60,T456,T457,I think strength must also require wisdom and smarts in its exercise,That's key to the strength of our nation,Support,1984
1984_b5bbad147fd03deedc57c8b4f83c4462,1984_a9c0cd3e0aade123539932b05d5a6ea7,T456,T603,I think strength must also require wisdom and smarts in its exercise,A President must know the essential facts essential to command,Support,1984
1984_a9c0cd3e0aade123539932b05d5a6ea7,1984_1d85b5160b9f08ec2b1cfbf6605d1b60,T603,T457,A President must know the essential facts essential to command,That's key to the strength of our nation,Support,1984
1984_a2d7efbf05c8a07c7c91d4f98aedecad,1984_a9c0cd3e0aade123539932b05d5a6ea7,T458,T603,a President must also have a vision of where this nation should go,A President must know the essential facts essential to command,Support,1984
1984_9b1c0eba021c6bbd909d8da54be49edc,1984_7dda2961ab12bc0eee8c6ebfa6a23491,T460,T459,I want to get these debts down and these interest rates down,"As President, I would press for long-term, vigorous economic growth",Support,1984
1984_e8c0f29e3b606639a02a754bf9f5f17f,1984_7dda2961ab12bc0eee8c6ebfa6a23491,T461,T459,restore America's exports,"As President, I would press for long-term, vigorous economic growth",Support,1984
1984_804dbb81eb102ce742d8194787eccb91,1984_01a7499bce3d29747b17031a6e611413,T604,T464,"to invest in the human mind and science again, so we're out front",I want this next generation to be the best educated in American history,Support,1984
1984_6960b842b029936646243759fd76e9ee,1984_48e5b1a648ba6dd1b578c4d363e5caee,T467,T465,America is not temporary; we're forever,"I want this nation to protect its air, its water, its land, and its public health",Support,1984
1984_dbd28472428deab1984fc9c9c20d3305,1984_7dda2961ab12bc0eee8c6ebfa6a23491,T462,T459,help rural America,"As President, I would press for long-term, vigorous economic growth",Support,1984
1984_7e08525a167ddf5ef328cd971c7db91a,1984_dbd28472428deab1984fc9c9c20d3305,T1,T462,which is suffering so much,help rural America,Support,1984
1984_2e2deaf76c6cc9b46d41d2e0eda28f38,1984_9b1c0eba021c6bbd909d8da54be49edc,T463,T460,bring the jobs back here for our children,I want to get these debts down and these interest rates down,Support,1984
1984_e8beca5402c923f0bbb1a33d469d91d6,1984_48e5b1a648ba6dd1b578c4d363e5caee,T466,T465,"as Americans, our generation should protect this wonderful land for our children","I want this nation to protect its air, its water, its land, and its public health",Support,1984
1984_6960b842b029936646243759fd76e9ee,1984_e8beca5402c923f0bbb1a33d469d91d6,T467,T466,America is not temporary; we're forever,"as Americans, our generation should protect this wonderful land for our children",Support,1984
1984_142a4236d280c1cc003853f9f9167840,1984_116640b634364acc15e661a688debf2b,T470,T471,"Since we debated 2 weeks ago, the United States and the Soviet Union have built a hundred more warheads, enough to kill millions of Americans and millions of Soviet citizens",This doesn't strengthen us,Support,1984
1984_c0cb13b6951652751fac8be4ea46f157,1984_116640b634364acc15e661a688debf2b,T472,T471,This weakens the chances of civilization to survive,This doesn't strengthen us,Support,1984
1984_0e4d215e87517d3d8afb6a26fa3bb959,1984_81766079da9814cc57a1e80af3ee03eb,T474,T473,there'll be no time for staffing committees or advisers,pick a President that you know will know if that tragic moment ever comes what he must know,Support,1984
1984_0e4d215e87517d3d8afb6a26fa3bb959,1984_e30a50c89b756fc0a303aae631de48bd,T474,T475,there'll be no time for staffing committees or advisers,A President must know right then,Support,1984
1984_64c6c6fc8d00163003f9a43e319d2c9c,1984_53a58e9d527dcfe74ee5b51173f78783,T606,T477,"I was given the briefing and told that any time, night or day, I might be called upon to make the most fateful decision on Earth -- whether to fire these atomic weapons that could destroy the human species",We are the strongest and most powerful free society on Earth,Support,1984
1984_53a58e9d527dcfe74ee5b51173f78783,1984_81766079da9814cc57a1e80af3ee03eb,T477,T473,We are the strongest and most powerful free society on Earth,pick a President that you know will know if that tragic moment ever comes what he must know,Support,1984
1984_53a58e9d527dcfe74ee5b51173f78783,1984_dbc9c20642b063a83b99bf03ebd4b668,T477,T476,We are the strongest and most powerful free society on Earth,pick a President who will fight to avoid the day when that God-awful decision ever needs to be made,Support,1984
1984_53a58e9d527dcfe74ee5b51173f78783,1984_3f098a2b6325bafed0e164ce80e9ebcc,T477,T478,We are the strongest and most powerful free society on Earth,"When you make that judgment, you are deciding not only the future of our nation; in a very profound respect, you're deciding the future of the world",Support,1984
1984_6bdc9f21086cc0a57eff8bdbfc3f2111,1984_0202047a7934af55c557a9a0b82baae3,T480,T479,It's time for America to find new leadership,We need to move on,Support,1984
1984_25206a025ad0a46cf35ea414aff2a6f6,1984_665490a8f10fa98191fe260810349827,T607,T481,an economic recovery that has become expansion,I think the American people tonight have much to be grateful for,Support,1984
1984_06e49b056a1a6665c4e1f24d9ea4cfcd,1984_665490a8f10fa98191fe260810349827,T608,T481,freedom,I think the American people tonight have much to be grateful for,Support,1984
1984_d20be02b2f7cb5244f711cbe987b733a,1984_665490a8f10fa98191fe260810349827,T609,T481,we are at peace,I think the American people tonight have much to be grateful for,Support,1984
1984_6d71a66702f567ac5d19797ae5e97880,1984_c636a178090cf934008d27462ff1e1a4,T483,T482,The meaning of this election is the future and whether we're going to grow and provide the jobs and the opportunities for all Americans and that they need,"We shouldn't be dwelling on the past, or even the present",Support,1984
1984_e4671a21d866e6a2168d141b4defb581,1984_969d3def2a48ee986c61a4571d2622e4,T610,T484,I want more than anything else to try to complete the new beginning that we charted 4 years ago,I seek reelection,Support,1984
1984_bd65ac59bf7730bd9b0f7f1ad098550e,1984_ed19c7d23e418a768cf63b5df629ae2b,T487,T486,We have met young America,"George Bush, who I think is one of the finest Vice Presidents this country has ever had -- George Bush and I have crisscrossed the country, and we've had, in these last few months, a wonderful experience",Support,1984
1984_5906ccf3a11110b767c29f7b89bc28f9,1984_bd65ac59bf7730bd9b0f7f1ad098550e,T488,T487,We have met your sons and daughters,We have met young America,Support,1984
1984_7ea5fe58a8567a4d64e8dbd2b84914b8,1984_3e896778c92784406f69327093fbbc4b,T3,T2,I would be writing a letter to people who know everything there is to know about us,I realized what a job I had with that letter,Support,1984
1984_23037529a33ccd7306b2cf216f672933,1984_7ea5fe58a8567a4d64e8dbd2b84914b8,T4,T3,We know nothing about them,I would be writing a letter to people who know everything there is to know about us,Support,1984
1984_8ec6af660a83225b85b0d354f2e7fa8c,1984_7ea5fe58a8567a4d64e8dbd2b84914b8,T5,T3,They would know all about our problems,I would be writing a letter to people who know everything there is to know about us,Support,1984
1984_f54883818fdf9645738cdc0ff9ea723e,1984_8ec6af660a83225b85b0d354f2e7fa8c,T6,T5,"They would know how we solved them, and whether our solution was beneficial to them down through the years or whether it hurt them",They would know all about our problems,Support,1984
1984_d483404c1045d55e494f012d65c1558d,1984_8ec6af660a83225b85b0d354f2e7fa8c,T7,T5,"They would also know that we lived in a world with terrible weapons, nuclear weapons of terrible destructive power, aimed at each other, capable of crossing the ocean in a matter of minutes and destroying civilization as we knew it",They would know all about our problems,Support,1984
1984_8ec6af660a83225b85b0d354f2e7fa8c,1984_988a9fb5417d725c0a839addd2d7d15e,T5,T9,They would know all about our problems,They will know whether we used those weapons or not,Support,1984
1984_c53a8b81da6bb42dccf8403929e38d4c,1984_4be5653663cd834f39f20875f4bcb48f,T1,T2,One of the reasons I think we're an effective team is that I believe firmly in his leadership,"I don't think there's a great difference, Mr. Mashek, between my views and President Reagan's.",Support,1984
1984_9178ff9440449debc284e7b9d8740b30,1984_4be5653663cd834f39f20875f4bcb48f,T3,T2,He's really turned this country around,"I don't think there's a great difference, Mr. Mashek, between my views and President Reagan's.",Support,1984
1984_5392b9f4f31578a3f8d62382c7ad667c,1984_4be5653663cd834f39f20875f4bcb48f,T51,T2,We agree on the economic program,"I don't think there's a great difference, Mr. Mashek, between my views and President Reagan's.",Support,1984
1984_e35f7c2b82dcbc403396da71d82d0c5d,1984_8a33e14049e3fec6da42815abbafaec4,T588,T4,this president turned it around,I've been with him every step of the way,Support,1984
1984_e35f7c2b82dcbc403396da71d82d0c5d,1984_9178ff9440449debc284e7b9d8740b30,T588,T3,this president turned it around,He's really turned this country around,Support,1984
1984_1fd3d3baaedb33e1267c60192039d41a,1984_16924e8efcce59dd9f45c97375e59c05,T7,T64,There was despair,the leadership of the country told the people that there was a malaise out there,Support,1984
1984_d1b32595324a5f59066655d8d318d929,1984_16924e8efcce59dd9f45c97375e59c05,T8,T64,Savings was down,the leadership of the country told the people that there was a malaise out there,Support,1984
1984_9ab39d47220537162aed14c5eef2ee7e,1984_16924e8efcce59dd9f45c97375e59c05,T9,T64,Productivity was down,the leadership of the country told the people that there was a malaise out there,Support,1984
1984_e2bb3ce768733bd0813c00e70e5db74c,1984_16924e8efcce59dd9f45c97375e59c05,T10,T64,"When we came into office, why, inflation was 21, 12 1/2 percent interest was wiping out every single American were 21 1/2 percent if you can believe it.",the leadership of the country told the people that there was a malaise out there,Support,1984
1984_e35f7c2b82dcbc403396da71d82d0c5d,1984_16924e8efcce59dd9f45c97375e59c05,T588,T64,this president turned it around,the leadership of the country told the people that there was a malaise out there,Attack,1984
1984_1eb1b762979bc6531a0e14f32895614c,1984_fe6e9ddcdfbbea0350a49e18df0b2e46,T6,T5,it's brought America back,I would continue those kinds of programs,Support,1984
1984_067a1bae9e9a3cf40a9648d70adba1cc,1984_fe6e9ddcdfbbea0350a49e18df0b2e46,T11,T5,America's better off,I would continue those kinds of programs,Support,1984
1984_23ce7f52af1afa555715683321863cf2,1984_fe6e9ddcdfbbea0350a49e18df0b2e46,T12,T5,People are going back to work.,I would continue those kinds of programs,Support,1984
1984_e35f7c2b82dcbc403396da71d82d0c5d,1984_013c39f4ad53dc131e85c3b1b86e6e65,T588,T52,this president turned it around,"Mr. Monad can't understand that there's a new enthusiasm in this country, that America is back, there's new strong leadership, I don't know",Attack,1984
1984_fe6e9ddcdfbbea0350a49e18df0b2e46,1984_013c39f4ad53dc131e85c3b1b86e6e65,T5,T52,I would continue those kinds of programs,"Mr. Monad can't understand that there's a new enthusiasm in this country, that America is back, there's new strong leadership, I don't know",Attack,1984
1984_9f7767ea70b510cb715659a780e2c975,1984_066cb072de297a4f02b655fea4eca212,T53,T54,He has one answer to the problem,Raise everybody's taxes.,Support,1984
1984_65e23291323130b99c58e5d52490d9e8,1984_066cb072de297a4f02b655fea4eca212,T55,T54,"He looked right into that lens and he said out there in San Francisco, he said, ""I'm gonna raise your taxes."" Well he's had a lot of experience in that and he's sure gonna go ahead and do it",Raise everybody's taxes.,Support,1984
1984_26c5beef94227444cb75ff8c271e71aa,1984_601d9781a4c06877be26869684292565,T591,T13,Of course I support the president's economic program,I support him in everything else,Support,1984
1984_16a9c9d86e565b56d3dfe7395c5ad403,1984_b1a9823b315e96a0f9c1f6c113f57280,T56,T57,"But I remember a statement of Lyndon Johnson's when he was looking around, why his party people weren't supporting him, and he said, ""Hey, they painted their tails white and they ran with the antelopes."" There's a lot of Democratic white tails running with the antelopes",Not one single Democrat has introduced the Mondale tax bill into the Congress.,Support,1984
1984_a8d54bbd698ccdd85df3c1d1406fa98a,1984_b1a9823b315e96a0f9c1f6c113f57280,T590,T57,"I'm not sure, because of my concept of the vice presidency, that if I didn't, I'd go doing what Mr. Mondale has done with Jimmy Carter; jump away from him",Not one single Democrat has introduced the Mondale tax bill into the Congress.,Attack,1984
1984_ffc94d968c2166e307ff61a909d0126b,1984_a8d54bbd698ccdd85df3c1d1406fa98a,T77,T590,"I couldn't do that to Ronald Reagan, now, next year or any other time.","I'm not sure, because of my concept of the vice presidency, that if I didn't, I'd go doing what Mr. Mondale has done with Jimmy Carter; jump away from him",Attack,1984
1984_77b83383716e569eca1a8a67fd5750a4,1984_ffc94d968c2166e307ff61a909d0126b,T14,T77,I have too much trust in him.,"I couldn't do that to Ronald Reagan, now, next year or any other time.",Support,1984
1984_83e80dd21b56f3e7ad90db22cb494aa2,1984_ffc94d968c2166e307ff61a909d0126b,T15,T77,I have too much friendship for him,"I couldn't do that to Ronald Reagan, now, next year or any other time.",Support,1984
1984_6cf904ec32497a3a5f542c9e74b3a265,1984_ffc94d968c2166e307ff61a909d0126b,T589,T77,I'd feel very uncomfortable doing that,"I couldn't do that to Ronald Reagan, now, next year or any other time.",Support,1984
1984_601d9781a4c06877be26869684292565,1984_ffc94d968c2166e307ff61a909d0126b,T13,T77,I support him in everything else,"I couldn't do that to Ronald Reagan, now, next year or any other time.",Support,1984
1984_e091337590a4535c46eed19b0163fb92,1984_a8d54bbd698ccdd85df3c1d1406fa98a,T16,T590,You can't have the president of the United States out there looking over his shoulder wondering whether his vice president is going to be supporting him.,"I'm not sure, because of my concept of the vice presidency, that if I didn't, I'd go doing what Mr. Mondale has done with Jimmy Carter; jump away from him",Attack,1984
1984_b3e525904ad9eb31cbc74037dde854a4,1984_e091337590a4535c46eed19b0163fb92,T592,T16,I owe my president my judgment and then I owe him loyalty,You can't have the president of the United States out there looking over his shoulder wondering whether his vice president is going to be supporting him.,Support,1984
1984_e091337590a4535c46eed19b0163fb92,1984_0999d48c4dda29de6b48e7a94a8872f2,T16,T593,You can't have the president of the United States out there looking over his shoulder wondering whether his vice president is going to be supporting him.,Mrs. Ferraro has quite a few differences with Vice-President Mondale,Attack,1984
1984_72bbbdf6906b09dab3b4b0a9a1db2e27,1984_0999d48c4dda29de6b48e7a94a8872f2,T78,T593,I understood it when she changed her position on tuition tax credits,Mrs. Ferraro has quite a few differences with Vice-President Mondale,Support,1984
1984_9006b29bb484284c56ad4be8cdfe131c,1984_2fe03999445d7f89d24c7ef9646bdd8e,T80,T79,she voted to extend the grain embargo,They're different on busing;,Support,1984
1984_0505adb2eacecd5564283f3b153d6155,1984_2fe03999445d7f89d24c7ef9646bdd8e,T81,T79,he now says that he was against it,They're different on busing;,Support,1984
1984_e091337590a4535c46eed19b0163fb92,1984_2fe03999445d7f89d24c7ef9646bdd8e,T16,T79,You can't have the president of the United States out there looking over his shoulder wondering whether his vice president is going to be supporting him.,They're different on busing;,Attack,1984
1984_2fe03999445d7f89d24c7ef9646bdd8e,1984_0999d48c4dda29de6b48e7a94a8872f2,T79,T593,They're different on busing;,Mrs. Ferraro has quite a few differences with Vice-President Mondale,Support,1984
1984_e091337590a4535c46eed19b0163fb92,1984_0229eab195fe1958c130a8eff434a337,T16,T595,You can't have the president of the United States out there looking over his shoulder wondering whether his vice president is going to be supporting him.,"if they win, she'll have to accommodate some views",Attack,1984
1984_6ccd1630c24c97abb7bbc4e48dc84a32,1984_c2a365003394ebec5adec16a9ef8dd9c,T59,T596,I can walk into that Oval Office anytime and give him my judgment and he might agree or he might not,we're not far apart on anything,Support,1984
1984_b27caadbaf5571e88c9d70d0dc540d0a,1984_c2a365003394ebec5adec16a9ef8dd9c,T60,T596,I won't be talking about it to the press or I won't be knifing him in the back by leaking to make me look good and complicate the problems of the president of the United States,we're not far apart on anything,Support,1984
1984_b27caadbaf5571e88c9d70d0dc540d0a,1984_6ccd1630c24c97abb7bbc4e48dc84a32,T60,T59,I won't be talking about it to the press or I won't be knifing him in the back by leaking to make me look good and complicate the problems of the president of the United States,I can walk into that Oval Office anytime and give him my judgment and he might agree or he might not,Support,1984
1984_3637c3fead85e3311486b05f31f0b8c4,1984_4f085090301e8ed5a574206fe28643a7,T83,T82,I did have a life before that as well.,I wasn't born at the age of forty-three when I entered Congress,Support,1984
1984_798eea689767d248f9dab1d171ae78a9,1984_3637c3fead85e3311486b05f31f0b8c4,T84,T83,I was a prosecutor for almost five years in the district attorney's office in Queens County and I was a teacher.,I did have a life before that as well.,Support,1984
1984_332229ddc1b564a1dc6116ad2d7f4b14,1984_db87f2f79385d8d5d8effb1fcc9d08c5,T597,T598,There's not only what is on your paper resume that makes you qualified to run for or to hold office,It's how you approach problems and what your values are,Support,1984
1984_798eea689767d248f9dab1d171ae78a9,1984_332229ddc1b564a1dc6116ad2d7f4b14,T84,T597,I was a prosecutor for almost five years in the district attorney's office in Queens County and I was a teacher.,There's not only what is on your paper resume that makes you qualified to run for or to hold office,Support,1984
1984_3637c3fead85e3311486b05f31f0b8c4,1984_332229ddc1b564a1dc6116ad2d7f4b14,T83,T597,I did have a life before that as well.,There's not only what is on your paper resume that makes you qualified to run for or to hold office,Support,1984
1984_02806a676dfea11f1d3615b5f4e74927,1984_db87f2f79385d8d5d8effb1fcc9d08c5,T17,T598,I think if one is taking a look at my career they'll see that I level with the people,It's how you approach problems and what your values are,Support,1984
1984_0d885104a898db3446a54aed41fd3888,1984_db87f2f79385d8d5d8effb1fcc9d08c5,T61,T598,that I approach problems analytically,It's how you approach problems and what your values are,Support,1984
1984_28ae81d123d3f41782ab2b23a9fed36c,1984_db87f2f79385d8d5d8effb1fcc9d08c5,T62,T598,that I am able to assess the various facts with reference to a problem,It's how you approach problems and what your values are,Support,1984
1984_db87f2f79385d8d5d8effb1fcc9d08c5,1984_59d2257dc2a8bb67a0516966145795c9,T598,T63,It's how you approach problems and what your values are,I can make the hard decisions,Support,1984
1984_0d885104a898db3446a54aed41fd3888,1984_59d2257dc2a8bb67a0516966145795c9,T61,T63,that I approach problems analytically,I can make the hard decisions,Support,1984
1984_28ae81d123d3f41782ab2b23a9fed36c,1984_59d2257dc2a8bb67a0516966145795c9,T62,T63,that I am able to assess the various facts with reference to a problem,I can make the hard decisions,Support,1984
1984_85fba22b77eb09bd15443a9b47eb36ce,1984_26c5beef94227444cb75ff8c271e71aa,T18,T591,I'm intrigued when I hear Vice-President Bush talk about his support of the president's economic program and how everything is just going so beautifully,Of course I support the president's economic program,Attack,1984
1984_cfd3c0878a3cf3c3c46440758dcfda5b,1984_85fba22b77eb09bd15443a9b47eb36ce,T65,T18,recall when Vice President Bush was running in the primary against President Reagan and he called the program voodoo economics,I'm intrigued when I hear Vice-President Bush talk about his support of the president's economic program and how everything is just going so beautifully,Attack,1984
1984_cfd3c0878a3cf3c3c46440758dcfda5b,1984_472772897ebc0c68f0a881195164e38c,T65,T66,recall when Vice President Bush was running in the primary against President Reagan and he called the program voodoo economics,it was and it is,Support,1984
1984_472772897ebc0c68f0a881195164e38c,1984_63526dab362efef991a45ca32edbe6f8,T66,T25,it was and it is,We are facing absolutely massive deficits,Support,1984
1984_63526dab362efef991a45ca32edbe6f8,1984_72b7d933611d6d1158e0fbf7f78db676,T25,T26,We are facing absolutely massive deficits,this administration has chosen to ignore it,Attack,1984
1984_e89009c0cd0fe4ab3c4632f95bf4fb90,1984_23c248819495f5705a9997f24d3741ae,T67,T27,"People in Johnstown, Pennsylvania, are not terribly thrilled with what's happening in the economy because they're standing in the light of a closed plant because they've lost their jobs.","the president has failed to put forth a plan to deal with those deficits and if everything believes that everything is corning up roses, perhaps the vice-president should join me as I travel around the country and speak to people.",Support,1984
1984_72b7d933611d6d1158e0fbf7f78db676,1984_23c248819495f5705a9997f24d3741ae,T26,T27,this administration has chosen to ignore it,"the president has failed to put forth a plan to deal with those deficits and if everything believes that everything is corning up roses, perhaps the vice-president should join me as I travel around the country and speak to people.",Support,1984
1984_63526dab362efef991a45ca32edbe6f8,1984_23c248819495f5705a9997f24d3741ae,T25,T27,We are facing absolutely massive deficits,"the president has failed to put forth a plan to deal with those deficits and if everything believes that everything is corning up roses, perhaps the vice-president should join me as I travel around the country and speak to people.",Attack,1984
1984_88ecbee92611bcef019288c3b6d5bbaf,1984_af0d17e8bd5167785166e18763912f2f,T29,T30,"The people in Youngstown, Ohio, have stores that are boarded up",the economy is not doing well,Support,1984
1984_88ecbee92611bcef019288c3b6d5bbaf,1984_23c248819495f5705a9997f24d3741ae,T29,T27,"The people in Youngstown, Ohio, have stores that are boarded up","the president has failed to put forth a plan to deal with those deficits and if everything believes that everything is corning up roses, perhaps the vice-president should join me as I travel around the country and speak to people.",Support,1984
1984_af0d17e8bd5167785166e18763912f2f,1984_63526dab362efef991a45ca32edbe6f8,T30,T25,the economy is not doing well,We are facing absolutely massive deficits,Support,1984
1984_6b0f960d7a01bc11c90b73e59f9c2a1b,1984_3e3368846450b663fb1b0ea790f8f07f,T19,T24,they can't export their high-tech qualities - goods - to Japan and other countries,"In San Jose, California, they're complaining",Support,1984
1984_25f786be86ca7099b63c2bb31e1465d5,1984_af0d17e8bd5167785166e18763912f2f,T28,T30,"It's not only the old industries that are failing, it's also the new ones",the economy is not doing well,Support,1984
1984_3e3368846450b663fb1b0ea790f8f07f,1984_af0d17e8bd5167785166e18763912f2f,T24,T30,"In San Jose, California, they're complaining",the economy is not doing well,Support,1984
1984_6b0f960d7a01bc11c90b73e59f9c2a1b,1984_af0d17e8bd5167785166e18763912f2f,T19,T30,they can't export their high-tech qualities - goods - to Japan and other countries,the economy is not doing well,Support,1984
1984_e89009c0cd0fe4ab3c4632f95bf4fb90,1984_af0d17e8bd5167785166e18763912f2f,T67,T30,"People in Johnstown, Pennsylvania, are not terribly thrilled with what's happening in the economy because they're standing in the light of a closed plant because they've lost their jobs.",the economy is not doing well,Support,1984
1984_b5df44c3378792afe0026ccf9d262d45,1984_af0d17e8bd5167785166e18763912f2f,T23,T30,The people in the Northwest - in the state of Washington and Oregon - are complaining about what's happening to the timber industry and to the agriculture industry,the economy is not doing well,Support,1984
1984_af0d17e8bd5167785166e18763912f2f,1984_04e91c809209ab2cfd69067dc513f8cf,T30,T22,the economy is not doing well,so things are not as great as the administration is wanting us to believe in their television commercials.,Support,1984
1984_02806a676dfea11f1d3615b5f4e74927,1984_3b2e00b85734c50ed03cf22619399249,T17,T20,I think if one is taking a look at my career they'll see that I level with the people,"My feeling, quite frankly, is that I have enough experience to see the problems, address them and make the tough decisions and level with people with reference to those problems.",Support,1984
1984_0d885104a898db3446a54aed41fd3888,1984_3b2e00b85734c50ed03cf22619399249,T61,T20,that I approach problems analytically,"My feeling, quite frankly, is that I have enough experience to see the problems, address them and make the tough decisions and level with people with reference to those problems.",Support,1984
1984_28ae81d123d3f41782ab2b23a9fed36c,1984_3b2e00b85734c50ed03cf22619399249,T62,T20,that I am able to assess the various facts with reference to a problem,"My feeling, quite frankly, is that I have enough experience to see the problems, address them and make the tough decisions and level with people with reference to those problems.",Support,1984
1984_59d2257dc2a8bb67a0516966145795c9,1984_3b2e00b85734c50ed03cf22619399249,T63,T20,I can make the hard decisions,"My feeling, quite frankly, is that I have enough experience to see the problems, address them and make the tough decisions and level with people with reference to those problems.",Support,1984
1984_360d71577b7fb20688aa2141ec216aae,1984_473d3ccfd63938452f9d96388084628f,T36,T37,the problems of deficits,the problems of trade deficits,Support,1984
1984_473d3ccfd63938452f9d96388084628f,1984_bbcc151c6419eef4737a9c11d7301078,T37,T38,the problems of trade deficits,We are now facing a $120 billion trade deficit in this country.,Support,1984
1984_fb9a8937687a216572aeac981bbc4190,1984_b9e00ec4c6fce303686b3aa6bd585d83,T33,T34,what we are talking about are problems that are facing the entire nation,They're not just problems facing women,Support,1984
1984_56a43c7ce741d06273e2b197b5699a83,1984_f839e0bbd89f691e0fac4e37d73ad2a9,T68,T31,I'm absolutely delighted that the League is sponsoring these debates and that we are,we are able to now speak to the American public and address the issues in a way such as this,Support,1984
1984_346a48bfa940d81f8bb099f1854ace3d,1984_fb28917a30c47b610b9e5db39d2fb9ed,T21,T32,Let me say that I'm not a believer in polls,I think you're going to see a change in those polls,Attack,1984
1984_8c74cf0bad117e889c4341f9877dd8eb,1984_fb9a8937687a216572aeac981bbc4190,T35,T33,The issues in this campaign are the war-peace issues,what we are talking about are problems that are facing the entire nation,Support,1984
1984_360d71577b7fb20688aa2141ec216aae,1984_fb9a8937687a216572aeac981bbc4190,T36,T33,the problems of deficits,what we are talking about are problems that are facing the entire nation,Support,1984
1984_473d3ccfd63938452f9d96388084628f,1984_fb9a8937687a216572aeac981bbc4190,T37,T33,the problems of trade deficits,what we are talking about are problems that are facing the entire nation,Support,1984
1984_bbcc151c6419eef4737a9c11d7301078,1984_fb9a8937687a216572aeac981bbc4190,T38,T33,We are now facing a $120 billion trade deficit in this country.,what we are talking about are problems that are facing the entire nation,Support,1984
1984_f3b5f80ac15d4350f48350936d75fc25,1984_fb9a8937687a216572aeac981bbc4190,T599,T33,We're facing problems of the environment,what we are talking about are problems that are facing the entire nation,Support,1984
1984_67971154c43544f312b703b0aa3bc537,1984_887f69f2a1e08ad9e06f1f6537d59375,T40,T41,"The other clay she was in a plant and she said to the workers, Why are you all voting for, why are so many of you voting for the Reagan-Bush ticket","And there was a long, deathly silence",Support,1984
1984_887f69f2a1e08ad9e06f1f6537d59375,1984_07dd5038efe8040325357f027fa6a251,T41,T75,"And there was a long, deathly silence","she said come on, we delivered",Support,1984
1984_9467016e1ac12c523e79b72f07a9ed4b,1984_07dd5038efe8040325357f027fa6a251,T39,T75,That's the problem.,"she said come on, we delivered",Attack,1984
1984_5a30d323e13ca1067790429e2522364e,1984_9467016e1ac12c523e79b72f07a9ed4b,T43,T39,I'm not blaming her except for the liberal voting record in the House,That's the problem.,Support,1984
1984_57b052e8f4a643273c8f288e362d2d4c,1984_9467016e1ac12c523e79b72f07a9ed4b,T69,T39,They delivered,That's the problem.,Support,1984
1984_5922b4810b8728c47f3273c81552ed3e,1984_57b052e8f4a643273c8f288e362d2d4c,T70,T69,They delivered 21 Â® percent interest rates,They delivered,Support,1984
1984_95ee9ea3c4c6db1cfb68e3d460fe0c7f,1984_57b052e8f4a643273c8f288e362d2d4c,T71,T69,They delivered what they called malaise.,They delivered,Support,1984
1984_97b33a764f210ab49438306df8006301,1984_57b052e8f4a643273c8f288e362d2d4c,T72,T69,They delivered interest rates that were right off the charts.,They delivered,Support,1984
1984_34a36b73c7371155fef18cfa915319e3,1984_57b052e8f4a643273c8f288e362d2d4c,T73,T69,"They delivered take-home pay, checks that were shrinking",They delivered,Support,1984
1984_7bde1828de7e1a6681dfe29e63564770,1984_33328210aaff21f3efee105262912e82,T44,T74,People are going back to work; 6 million of them.,we've delivered optimism,Support,1984
1984_6c98ef5c1840907526bcea3d731ba01d,1984_33328210aaff21f3efee105262912e82,T45,T74,"300,000 jobs a month being created.",we've delivered optimism,Support,1984
1984_7bde1828de7e1a6681dfe29e63564770,1984_6c98ef5c1840907526bcea3d731ba01d,T44,T45,People are going back to work; 6 million of them.,"300,000 jobs a month being created.",Support,1984
1984_33328210aaff21f3efee105262912e82,1984_1bc3d0ede438efb6d46e5f0c2da049ce,T74,T46,we've delivered optimism,That's why there was that deathly silence out there in that plant,Support,1984
1984_aa11374e164dfda08edd43fce934fa8f,1984_1bc3d0ede438efb6d46e5f0c2da049ce,T47,T46,They delivered the wrong thing.,That's why there was that deathly silence out there in that plant,Support,1984
1984_33328210aaff21f3efee105262912e82,1984_3456f7d737164b35f3d13f9c0f8d50ca,T74,T42,we've delivered optimism,Ronald Reagan is delivering leadership.,Support,1984
1984_33328210aaff21f3efee105262912e82,1984_57b052e8f4a643273c8f288e362d2d4c,T74,T69,we've delivered optimism,They delivered,Attack,1984
1984_33328210aaff21f3efee105262912e82,1984_aa11374e164dfda08edd43fce934fa8f,T74,T47,we've delivered optimism,They delivered the wrong thing.,Attack,1984
1984_268e55ce82980921d63992dbeba3f9dd,1984_57b052e8f4a643273c8f288e362d2d4c,T48,T69,I think what I'm going to have to do is I'm going to start correcting the vice-president's statistics,They delivered,Attack,1984
1984_b810c812e48a3bb847c80a0faeabeb40,1984_268e55ce82980921d63992dbeba3f9dd,T50,T48,There are 6 million more people who have jobs and that's supposed to happen in a growing economy.,I think what I'm going to have to do is I'm going to start correcting the vice-president's statistics,Support,1984
1984_0326ef30fa4d14625100535e866fa914,1984_268e55ce82980921d63992dbeba3f9dd,T86,T48,"The housing interest rates during this administration, for housing for middle-class Americans, was 14.5 percent.",I think what I'm going to have to do is I'm going to start correcting the vice-president's statistics,Support,1984
1984_b810c812e48a3bb847c80a0faeabeb40,1984_7bde1828de7e1a6681dfe29e63564770,T50,T44,There are 6 million more people who have jobs and that's supposed to happen in a growing economy.,People are going back to work; 6 million of them.,Attack,1984
1984_16397efe701f8531c03bd8b8938fbb25,1984_268e55ce82980921d63992dbeba3f9dd,T85,T48,"In fact in the prior administration, with all their problems, they created 10 million jobs",I think what I'm going to have to do is I'm going to start correcting the vice-president's statistics,Support,1984
1984_401650be8a50d4b4a269f978ef76e0c8,1984_268e55ce82980921d63992dbeba3f9dd,T87,T48,"Under the prior administration, with all their problems, the average rate was 10.6 percent.",I think what I'm going to have to do is I'm going to start correcting the vice-president's statistics,Support,1984
1984_401650be8a50d4b4a269f978ef76e0c8,1984_5922b4810b8728c47f3273c81552ed3e,T87,T70,"Under the prior administration, with all their problems, the average rate was 10.6 percent.",They delivered 21 Â® percent interest rates,Attack,1984
1984_401650be8a50d4b4a269f978ef76e0c8,1984_0326ef30fa4d14625100535e866fa914,T87,T86,"Under the prior administration, with all their problems, the average rate was 10.6 percent.","The housing interest rates during this administration, for housing for middle-class Americans, was 14.5 percent.",Attack,1984
1984_16397efe701f8531c03bd8b8938fbb25,1984_b810c812e48a3bb847c80a0faeabeb40,T85,T50,"In fact in the prior administration, with all their problems, they created 10 million jobs",There are 6 million more people who have jobs and that's supposed to happen in a growing economy.,Attack,1984
1984_003c67067294364ca479b9bd993493bb,1984_45a8d01918625b198293b5ed30e5f30e,T89,T88,If you take a look at the number of people living in poverty as a result of this administration,"6 million people, 500,000 people knocked off disability rolls",Support,1984
1984_45a8d01918625b198293b5ed30e5f30e,1984_34a36b73c7371155fef18cfa915319e3,T88,T73,"6 million people, 500,000 people knocked off disability rolls","They delivered take-home pay, checks that were shrinking",Attack,1984
1984_401650be8a50d4b4a269f978ef76e0c8,1984_97b33a764f210ab49438306df8006301,T87,T72,"Under the prior administration, with all their problems, the average rate was 10.6 percent.",They delivered interest rates that were right off the charts.,Attack,1984
1984_c74c8ba7cc4c2922c10a2f84d78366ac,1984_367b2b241455e53fc1a08e30420d1cca,T92,T601,we've been hearing that on those commercials for the past couple of months,that's what we're going to be hearing,Support,1984
1984_1573be527f083c8c0ce61d6d90be599c,1984_367b2b241455e53fc1a08e30420d1cca,T91,T601,you can walk around saying things are great,that's what we're going to be hearing,Support,1984
1984_03eb9d9bd4ad632200d07099f8aa3371,1984_367b2b241455e53fc1a08e30420d1cca,T90,T601,I expect they expect the American people to believe that.,that's what we're going to be hearing,Attack,1984
1984_d26942d2e7edea927b43b07175c06a7c,1984_1573be527f083c8c0ce61d6d90be599c,T49,T91,I'll become a one-woman truth squad and we'll start tonight.,you can walk around saying things are great,Attack,1984
1984_d26942d2e7edea927b43b07175c06a7c,1984_367b2b241455e53fc1a08e30420d1cca,T49,T601,I'll become a one-woman truth squad and we'll start tonight.,that's what we're going to be hearing,Attack,1984
1984_d649f8c96a6c4a691a151f7b3365629c,1984_f0335815368745c13cc12c5a732254a4,T335,T336,it is still going up,It has begun to decline,Support,1984
1984_c76924e1314f62a2c6b8bb011cea5f89,1984_8d1cb5d6c11196fe919589d678e9bec5,T338,T334,it is a lower rate of increase than it was in the preceding years before we got here,there has been an increase in poverty,Support,1984
1984_ee1be3c45a0d5acc489503f0d1f8af69,1984_7d79838e5b936735e97ed53e4e4e6bcb,T339,T337,single women heads of household have,for the first time there's been a turndown in the rate of poverty for them,Support,1984
1984_a43775873817af83eebca74707cd5872,1984_8ed207e2b4481b508421ad0f32c29bea,T598,T597,We have found also in our studies,"in this increase in poverty, it all had to do with their private earnings",Support,1984
1984_8ed207e2b4481b508421ad0f32c29bea,1984_380ba28f9f6a7a8d97a5dd4fee31cbd5,T597,T340,"in this increase in poverty, it all had to do with their private earnings",It had nothing to do with the transfer of payments from government by way of many programs,Support,1984
1984_0fd3ca2a632246b2d2b42a12d97f7b38,1984_380ba28f9f6a7a8d97a5dd4fee31cbd5,T341,T340,We are spending now 37 percent more on food for the hungry in all the various types of programs than was spent in 1980.,It had nothing to do with the transfer of payments from government by way of many programs,Support,1984
1984_f6aa69ba6e67d6b8cef4ff724bfccf88,1984_185ff87913766bdd56d01da9093ffd17,T1,T344,"we took 850,000 off the food stamp rolls because they were making an income that was above anything that warranted their fellow citizens having to support them","2,300,000 more are receiving them",Support,1984
1984_5342b54b7bf018a1024d8662c4a2f787,1984_2ba9ab8991c1cdda3a7e27e2b5c241f3,T347,T346,We found people making 185 percent of the poverty level were getting government benefits,We have set a line at 130 percent so that we can direct that aid down to the truly needy,Support,1984
1984_3ec81335688dfce684e204f5c85960db,1984_2ba9ab8991c1cdda3a7e27e2b5c241f3,T349,T346,"we found people that there under the previous administration, families that had no limit to income were still eligible for low-interest college loans",We have set a line at 130 percent so that we can direct that aid down to the truly needy,Support,1984
1984_3ec81335688dfce684e204f5c85960db,1984_c27de4cfd31fa1196b7ed7942173eb64,T349,T350,"we found people that there under the previous administration, families that had no limit to income were still eligible for low-interest college loans",We didn't think that was right,Support,1984
1984_c361dfb9daef5c2078ab7adc41786284,1984_7aa6af8573be10633e873eba6e3230ed,T599,T348,their family incomes were so low,we have set a standard that those loans and those grants are directed to the people who otherwise could not go to college,Support,1984
1984_7aa6af8573be10633e873eba6e3230ed,1984_2ba9ab8991c1cdda3a7e27e2b5c241f3,T348,T346,we have set a standard that those loans and those grants are directed to the people who otherwise could not go to college,We have set a line at 130 percent so that we can direct that aid down to the truly needy,Support,1984
1984_b37f2f15d335b3a39a3d5e3b3b2da27f,1984_9b16cf78a457e32b1d7a50b79d3c7638,T351,T353,some that didn't even feel the pain of the recession,there were some parts of the country that were worse off,Support,1984
1984_b59eaaf44865b07a6ef779218be5a0ed,1984_a9d2c9a7b061d4f8b20cfbaa47839478,T352,T358,just as in the depths of the recession,There is no way that the recovery is even across the country,Support,1984
1984_9b16cf78a457e32b1d7a50b79d3c7638,1984_a9d2c9a7b061d4f8b20cfbaa47839478,T353,T358,there were some parts of the country that were worse off,There is no way that the recovery is even across the country,Support,1984
1984_55c95e044cd74130fb884d4d04db24dc,1984_b1bf263af8e4f6914fabad7e535ca318,T355,T359,through the Urban Development Action Grant Program,we have to work with cities and others to help generate economic growth in those communities,Support,1984
1984_b1bf263af8e4f6914fabad7e535ca318,1984_e2b58fe2c1c335d1e007b388b59ae857,T359,T354,we have to work with cities and others to help generate economic growth in those communities,we've got to get the debt down to get the interest rates down so the economy will grow and people will be employed,Support,1984
1984_a1b74977cb331c687201207fa89784bd,1984_dbee19d792c4b02afcfe8a6d585ed6b2,T364,T360,I don't mind those enterprise zones,let's try them,Support,1984
1984_09f9d21149500564ab1a82dfe06dfc6c,1984_dbee19d792c4b02afcfe8a6d585ed6b2,T361,T360,not as a substitute for the others,let's try them,Support,1984
1984_6b2d0b8e46f2b30c04e8f533d0baa899,1984_6e22e98dca78dec591ae2d7cf9679edb,T363,T362,If these young Americans don't have the skills that make them attractive to employees,they're not going to get jobs,Support,1984
1984_a407d8b56f2a7b7f7f99da3be670805a,1984_4b2be97cf098e2f79a415b8eff33dd1a,T366,T365,There is no question that the poor are worse off,we need the business community as well as government heavily involved in these communities to try to get economic growth,Support,1984
1984_4b2be97cf098e2f79a415b8eff33dd1a,1984_e2b58fe2c1c335d1e007b388b59ae857,T365,T354,we need the business community as well as government heavily involved in these communities to try to get economic growth,we've got to get the debt down to get the interest rates down so the economy will grow and people will be employed,Support,1984
1984_a407d8b56f2a7b7f7f99da3be670805a,1984_89167398fa5f219437e3b10218034589,T366,T367,There is no question that the poor are worse off,I think the President genuinely believes that they're better off.,Support,1984
1984_a9d2c9a7b061d4f8b20cfbaa47839478,1984_c896b98cd8a2922826c65d1028e5c076,T358,T2,There is no way that the recovery is even across the country,"We're not going to rest and not going to be happy until every person in this country who wants a job can have one, until the recovery is complete across the country.",Support,1984
1984_0aaec6235847ccf79f462874c9f0b6c9,1984_7352cca77e806099d54371daa2092c48,T368,T369,this administration has singled out things that affect the most vulnerable in American life,they're hurting,Support,1984
1984_a3b51f73790fa761a8717b43e2172847,1984_63536b9c601dbb8fd1a00ee17fd2b925,T370,T378,these heavy deficits have killed exports and are swamping the Nation with cheap imports,"There's another part of the lopsided economy that we're in today,",Support,1984
1984_4c46c849a4068828ae875dc041f9c10e,1984_63536b9c601dbb8fd1a00ee17fd2b925,T376,T378,3 million jobs lost,"There's another part of the lopsided economy that we're in today,",Support,1984
1984_12149d899faab2ca5648a68a36c3fb22,1984_63536b9c601dbb8fd1a00ee17fd2b925,T375,T378,We are now $120 billion of imports,"There's another part of the lopsided economy that we're in today,",Support,1984
1984_fc0294302150c10ef1ec31a8f5798e3a,1984_63536b9c601dbb8fd1a00ee17fd2b925,T377,T378,farmers are having their worst year,"There's another part of the lopsided economy that we're in today,",Support,1984
1984_63536b9c601dbb8fd1a00ee17fd2b925,1984_2c1d7f5c8f14acf9bed99273e77a969c,T378,T374,"There's another part of the lopsided economy that we're in today,",That's another reason to get the deficit down.,Support,1984
1984_8ae59867246b9e99c62bf92069fc2496,1984_688614835ac4424dc5ef912ba839aa9f,T383,T371,I know they're all for education in science and training,I strongly support,Support,1984
1984_d2f8c39c32b7df95771a2d24ff48499e,1984_8ae59867246b9e99c62bf92069fc2496,T373,T383,They want these young people to have a chance to get jobs and the rest,I know they're all for education in science and training,Support,1984
1984_20eb99a2df14d1c7ffabcd8263f10b62,1984_8c05931b9646a1bed2f38f19c907b054,T387,T386,they're not having to take money that's desperate to themselves and their families and give it to someone else.,I think also that the American people want a balanced program that gives us long-term growth,Support,1984
1984_20eb99a2df14d1c7ffabcd8263f10b62,1984_d15e136319c01a02da227ec88189daa1,T387,T388,they're not having to take money that's desperate to themselves and their families and give it to someone else.,"I'm opposed to that, too",Support,1984
1984_07895473f86ffb6b1e0e0bae2a3d7c09,1984_e5e677ee4c58cca0bf93aa4e32f5b8c4,T381,T379,I think they stand for civil rights.,I think that's part of it,Support,1984
1984_8ae59867246b9e99c62bf92069fc2496,1984_e5e677ee4c58cca0bf93aa4e32f5b8c4,T383,T379,I know they're all for education in science and training,I think that's part of it,Support,1984
1984_d2f8c39c32b7df95771a2d24ff48499e,1984_e5e677ee4c58cca0bf93aa4e32f5b8c4,T373,T379,They want these young people to have a chance to get jobs and the rest,I think that's part of it,Support,1984
1984_78e44ecd7710d1010bdb1e049868798d,1984_e5e677ee4c58cca0bf93aa4e32f5b8c4,T385,T379,I think they're asking for new and creative ways to try to reach it with everyone involved,I think that's part of it,Support,1984
1984_07895473f86ffb6b1e0e0bae2a3d7c09,1984_3413c9e5562cd985ade9688f60d2dc14,T381,T380,I think they stand for civil rights.,I think the American people want to make certain that that dollar is wisely spent,Support,1984
1984_8ae59867246b9e99c62bf92069fc2496,1984_3413c9e5562cd985ade9688f60d2dc14,T383,T380,I know they're all for education in science and training,I think the American people want to make certain that that dollar is wisely spent,Support,1984
1984_d2f8c39c32b7df95771a2d24ff48499e,1984_3413c9e5562cd985ade9688f60d2dc14,T373,T380,They want these young people to have a chance to get jobs and the rest,I think the American people want to make certain that that dollar is wisely spent,Support,1984
1984_78e44ecd7710d1010bdb1e049868798d,1984_3413c9e5562cd985ade9688f60d2dc14,T385,T380,I think they're asking for new and creative ways to try to reach it with everyone involved,I think the American people want to make certain that that dollar is wisely spent,Support,1984
1984_2a13deee69b9ebc7bfeadbae686f8d82,1984_1d1a82e30e87f02275a3df7eab07a464,T393,T392,The connection that's been made again between the deficit and the interest rates,there is no connection between them,Support,1984
1984_67a20ce4a83e33952565448785cef2a3,1984_d57a34e6a33ed7b7167b6103ed154a0c,T391,T390,"while they were coming down, the deficits had started their great increase",They were going up,Support,1984
1984_d57a34e6a33ed7b7167b6103ed154a0c,1984_659052985ebdb3a2c3c57e392d207ace,T390,T389,They were going up,if there was a connection I think that there would be a different parallel between deficits getting larger and interest rates going down.,Support,1984
1984_94bee02b0e41048cc0e11d3c8a65d403,1984_659052985ebdb3a2c3c57e392d207ace,T601,T389,"I would call to your attention that in 1981 while we were operating still on the Carter-Mondale budget that we inherited -- that the interest rates came down from 21\1/2\, down toward the 12 or 13 figure",if there was a connection I think that there would be a different parallel between deficits getting larger and interest rates going down.,Support,1984
1984_659052985ebdb3a2c3c57e392d207ace,1984_1d1a82e30e87f02275a3df7eab07a464,T389,T392,if there was a connection I think that there would be a different parallel between deficits getting larger and interest rates going down.,there is no connection between them,Support,1984
1984_707cbfc70dabfe43085bd6218011b133,1984_27c2544b4f259c455be2c550c81c913c,T602,T396,we have brought inflation down so low,I don't think there is any excuse for the interest rates being as high as they are,Support,1984
1984_737155b0faacb18f92d8dcbe8869ddf9,1984_26a8c875bb01bb40c4798d8d754532d4,T398,T397,We're going to see that it doesn't,it isn't going to go back up.,Support,1984
1984_cb8b9cd5914be61d4ccd7528d4508b16,1984_48672f44b09e18a273d1963844fa1514,T384,T395,I think it can only be that they're anticipating or hope,maybe we don't have a control of inflation and it's going to go back up again,Support,1984
1984_229059340ce90f99a6074b08082657e0,1984_1d1a82e30e87f02275a3df7eab07a464,T603,T392,you said that these deficits don't have anything to do with interest rates,there is no connection between them,Support,1984
1984_49cc795f18029b0eda518484c6cce92b,1984_8dbac41f9f26e74d34043626cc85513f,T604,T394,There's no way of glossing around that,I will grant you that interest rates were too high in 1980,Support,1984
1984_2f9737e2a831dc074faa2ce562cdad06,1984_2e98a9c3e850ed4cc12c3348977e106c,T607,T605,what's called the real interest rates,that's still the case today,Support,1984
1984_6ea0916d40a1925d941f16ac37963eee,1984_1d1a82e30e87f02275a3df7eab07a464,T609,T392,it's attributable to the deficit,there is no connection between them,Attack,1984
1984_6ea0916d40a1925d941f16ac37963eee,1984_a0f4b9dba7493fcf5d434261f2466099,T609,T608,it's attributable to the deficit,the result is interest costs that have never been seen before in terms of real charges,Support,1984
1984_f663f075329fe2d0a39cb0cb215f4e0e,1984_0c589da31165ad14fffc5496e54c4f45,T615,T611,"Every chairman of the Finance and Ways and Means Committee, Republican leaders in the Senate and the House are telling you",deficit is ruining the long-term hopes for this economy,Support,1984
1984_1cad96d09c7ce4ce1090666403321104,1984_0c589da31165ad14fffc5496e54c4f45,T612,T611,It's causing high interest rates,deficit is ruining the long-term hopes for this economy,Support,1984
1984_3e5d30156ceec5a7def3aad109861ea3,1984_0c589da31165ad14fffc5496e54c4f45,T613,T611,It's ruining us in trade,deficit is ruining the long-term hopes for this economy,Support,1984
1984_c3abb8c75dccbe9d396e761003fd08be,1984_0c589da31165ad14fffc5496e54c4f45,T614,T611,It's given us the highest small business failure in 50 years,deficit is ruining the long-term hopes for this economy,Support,1984
1984_1cad96d09c7ce4ce1090666403321104,1984_1d1a82e30e87f02275a3df7eab07a464,T612,T392,It's causing high interest rates,there is no connection between them,Attack,1984
1984_2b7ad18d037ec924e4bad519cddac9b7,1984_0c589da31165ad14fffc5496e54c4f45,T610,T611,The economy is starting downhill with housing failure,deficit is ruining the long-term hopes for this economy,Support,1984
1984_6b9a1e186d32a486dd8abf318d077e9b,1984_76e007c9548c8a8dba79b89df7365164,T150,T151,I have believed that in the appointment of judges that all that was specified in the party platform was that they respect the sanctity of human life.,I would want to see in any judge and with regard to any issue having to do with human life.,Support,1984
1984_1d040ce19d10993658c8225cdc1516d3,1984_d6ca498a4d85ce8076034d260fbc0df6,T153,T152,"With me, abortion is not a problem of religion",there's been some reference without naming it here in the remarks of Mr. Mondale tied to injecting religion into government,Attack,1984
1984_1225e57a1a713b924338385aa15fb64b,1984_1d040ce19d10993658c8225cdc1516d3,T154,T153,it's a problem of the Constitution,"With me, abortion is not a problem of religion",Support,1984
1984_d43b73e1fbe8942354b63287007bef34,1984_df8cbc78970985c860f615cd8e6337ae,T156,T155,"which guarantees life, liberty, and the pursuit of happiness to all of us","I believe that until and unless someone can establish that the unborn child is not a living human being, then that child is already protected by the Constitution",Support,1984
1984_0fec87a7eb3778f9bdff46a3a328ab98,1984_ad72df06596dc292c9ba88bf497c0227,T158,T157,I know there were weeks and weeks of testimony before a Senate committee,I think that this is what we should concentrate on,Support,1984
1984_d9bdca16c5264bb58c787875947fc6f1,1984_ad72df06596dc292c9ba88bf497c0227,T159,T157,there were medical authorities,I think that this is what we should concentrate on,Support,1984
1984_36c4d48f4a900065a4621912b3374341,1984_ad72df06596dc292c9ba88bf497c0227,T161,T157,there were religious,I think that this is what we should concentrate on,Support,1984
1984_1069e1aba29399e463a619fba4758edd,1984_ad72df06596dc292c9ba88bf497c0227,T162,T157,there were clerics there,I think that this is what we should concentrate on,Support,1984
1984_1969c50a02ef01ad04130fbf54d4a9ee,1984_ad72df06596dc292c9ba88bf497c0227,T163,T157,everyone talking about this matter of prolife,I think that this is what we should concentrate on,Support,1984
1984_ac9987d0b6c19a6c34ff52715d7c33a6,1984_df8cbc78970985c860f615cd8e6337ae,T164,T155,"at the end of all of that, not one shred of evidence was introduced that the unborn child was not alive.","I believe that until and unless someone can establish that the unborn child is not a living human being, then that child is already protected by the Constitution",Support,1984
1984_fb26f95e3c0ea12f9e83053e4e65ad0e,1984_df8cbc78970985c860f615cd8e6337ae,T165,T155,"We have seen premature births that are now grown-up, happy people going around","I believe that until and unless someone can establish that the unborn child is not a living human being, then that child is already protected by the Constitution",Support,1984
1984_b5c4e10bf528f0276e869d359f49e386,1984_6e054ecd143be40eb93024f537f0c34c,T564,T167,the California State Legislature unanimously passed a law that was signed by the then-Democratic Governor -- signed a law that said that any man who so abuses a pregnant woman that he causes the death of her unborn child shall be charged with murder,"if somebody else does it, that's murder",Support,1984
1984_53a8ac16284c6ec7aefbbf0f69e606fa,1984_ecd387c9b99c0489ffe78c82fbb9f2f4,T170,T160,"In California, sometime ago, a man beat a woman so savagely that her unborn child was born dead with a fractured skull",isn't it strange that that same woman could have taken the life of her unborn child,Support,1984
1984_b5c4e10bf528f0276e869d359f49e386,1984_cd70d227d563e1ad8cd0b2402e657cd2,T564,T172,the California State Legislature unanimously passed a law that was signed by the then-Democratic Governor -- signed a law that said that any man who so abuses a pregnant woman that he causes the death of her unborn child shall be charged with murder,"it used the term ""death of the unborn child.''",Support,1984
1984_0b894f71b3eaf164cbd453b424d66b32,1984_5a5e0eb752d5000e95aea8215645f77b,T175,T168,Our laws against murder are State laws,I would think that this would be the point of enforcement on this.,Support,1984
1984_5a5e0eb752d5000e95aea8215645f77b,1984_adb8b94d2856505b1af08eb5f7ebedf6,T168,T173,I would think that this would be the point of enforcement on this.,no one has approached it from that matter,Support,1984
1984_876fd70630c3fd5ff6cfcddc77607faf,1984_9479bc01dbe0bbbcc92638cf6ff58d56,T176,T174,It does not happen that the church that I belong to had that as part of its dogma,I know that some churches do,Support,1984
1984_f8ccea27586ba8e62fecb1f3385f03b7,1984_a0248a908b46e461ab4a46cdbf6b8754,T178,T177,"in our Judeo-Christian tradition, we recognize the right of taking a human life in self-defense","I've always believed that a mother, if medically it is determined that her life is at risk if she goes through with the pregnancy, she has a right then to take the life of even her own unborn child in defense of her own.",Support,1984
1984_a0248a908b46e461ab4a46cdbf6b8754,1984_ecd387c9b99c0489ffe78c82fbb9f2f4,T177,T160,"I've always believed that a mother, if medically it is determined that her life is at risk if she goes through with the pregnancy, she has a right then to take the life of even her own unborn child in defense of her own.",isn't it strange that that same woman could have taken the life of her unborn child,Attack,1984
1984_0e9b8973c969200755be389bd055f7d9,1984_415ddafc7d41655b7672dc91d59d6ee0,T181,T1,I think it cannot work,"s it really the view of the American people, however you feel on the question of abortion, that government ought to be reaching into your livingrooms and making choices like this?",Support,1984
1984_8f81d26015906bdd2f169441d27a83a8,1984_415ddafc7d41655b7672dc91d59d6ee0,T566,T1,won't work,"s it really the view of the American people, however you feel on the question of abortion, that government ought to be reaching into your livingrooms and making choices like this?",Support,1984
1984_046d35caadb79f5d644cf96d16c8775a,1984_8f81d26015906bdd2f169441d27a83a8,T567,T566,will lead to all kinds of cynical evasions of the law,won't work,Support,1984
1984_046d35caadb79f5d644cf96d16c8775a,1984_0e9b8973c969200755be389bd055f7d9,T567,T181,will lead to all kinds of cynical evasions of the law,I think it cannot work,Support,1984
1984_7c2d673002b571e0deb24bbd2f8de63c,1984_8f81d26015906bdd2f169441d27a83a8,T182,T566,Those who can afford to have them will continue to have them.,won't work,Support,1984
1984_7c2d673002b571e0deb24bbd2f8de63c,1984_0e9b8973c969200755be389bd055f7d9,T182,T181,Those who can afford to have them will continue to have them.,I think it cannot work,Support,1984
1984_5f346d7afe3ee0e4a75262d77e8736a2,1984_8f81d26015906bdd2f169441d27a83a8,T184,T566,The disadvantaged will go out in the back alley as they used to do.,won't work,Support,1984
1984_5f346d7afe3ee0e4a75262d77e8736a2,1984_0e9b8973c969200755be389bd055f7d9,T184,T181,The disadvantaged will go out in the back alley as they used to do.,I think it cannot work,Support,1984
1984_691fde02406a083e255bcbcfa4c9a369,1984_fb454722e190713b027b4261f5da109e,T568,T183,every individual instance is different,I think these questions are inherently personal and moral,Support,1984
1984_fb454722e190713b027b4261f5da109e,1984_8f81d26015906bdd2f169441d27a83a8,T183,T566,I think these questions are inherently personal and moral,won't work,Support,1984
1984_fb454722e190713b027b4261f5da109e,1984_0e9b8973c969200755be389bd055f7d9,T183,T181,I think these questions are inherently personal and moral,I think it cannot work,Support,1984
1984_8f81d26015906bdd2f169441d27a83a8,1984_df8cbc78970985c860f615cd8e6337ae,T566,T155,won't work,"I believe that until and unless someone can establish that the unborn child is not a living human being, then that child is already protected by the Constitution",Attack,1984
1984_0e9b8973c969200755be389bd055f7d9,1984_df8cbc78970985c860f615cd8e6337ae,T181,T155,I think it cannot work,"I believe that until and unless someone can establish that the unborn child is not a living human being, then that child is already protected by the Constitution",Attack,1984
1984_d33fd9dfcd3535d6a490ce423ce41609,1984_8f81d26015906bdd2f169441d27a83a8,T186,T566,there are some things that government can do and some things they cannot do,won't work,Support,1984
1984_d33fd9dfcd3535d6a490ce423ce41609,1984_0e9b8973c969200755be389bd055f7d9,T186,T181,there are some things that government can do and some things they cannot do,I think it cannot work,Support,1984
1984_edc924521a23c74c97f60443b352aa0a,1984_53a8ac16284c6ec7aefbbf0f69e606fa,T187,T170,the example that the President cites has nothing to do with abortion.,"In California, sometime ago, a man beat a woman so savagely that her unborn child was born dead with a fractured skull",Attack,1984
1984_d9154a8dbac7034ac1404e0a7475db2d,1984_edc924521a23c74c97f60443b352aa0a,T189,T187,Somebody went to a woman and nearly killed her,the example that the President cites has nothing to do with abortion.,Support,1984
1984_d9154a8dbac7034ac1404e0a7475db2d,1984_8c31c8778f2c6247c395bb7a5a89c662,T189,T188,Somebody went to a woman and nearly killed her,That's always been a serious crime and always should be a serious crime.,Support,1984
1984_dab6f58a292a07d15b084cf55ac1e72c,1984_a7505f2753ff8d24a9bf13a01a098adc,T569,T191,I don't think so,Do we really want those decisions made by judges who've been picked because they will agree to find the person guilty?,Support,1984
1984_f898be00ff419e0c6d1df9deb53b613a,1984_a7505f2753ff8d24a9bf13a01a098adc,T190,T191,I think it's going in exactly the wrong direction,Do we really want those decisions made by judges who've been picked because they will agree to find the person guilty?,Support,1984
1984_f898be00ff419e0c6d1df9deb53b613a,1984_76e007c9548c8a8dba79b89df7365164,T190,T151,I think it's going in exactly the wrong direction,I would want to see in any judge and with regard to any issue having to do with human life.,Attack,1984
1984_5a11592da59522817a421fd6134eb869,1984_f2f0943302dd99636773bce12774e1be,T570,T192,"In America, on basic moral questions",we have always let the people decide in their own personal lives,Support,1984
1984_69ef952220b2d70fbe3105dc1acd5ba2,1984_2a37d46a396fe8399c3e19048340a71f,T193,T194,We haven't felt so insecure that we've reached for the club of state to have our point of view.,It's been a good instinct.,Support,1984
1984_54e3ec944a30c99d8248d29bacb97a06,1984_ea4854912f0173f6757ae2f49d456fe8,T198,T196,"it's not that simple, either",I don't know the answer to when life begins,Support,1984
1984_d0c90bb8f082cb80bf8cb2f599d91d86,1984_54e3ec944a30c99d8248d29bacb97a06,T203,T198,You've got another life involved,"it's not that simple, either",Support,1984
1984_2f912662e87cc497bd57b9be8c70350e,1984_54e3ec944a30c99d8248d29bacb97a06,T197,T198,"it's a personal and private, moral judgment","it's not that simple, either",Support,1984
1984_d0c90bb8f082cb80bf8cb2f599d91d86,1984_2f912662e87cc497bd57b9be8c70350e,T203,T197,You've got another life involved,"it's a personal and private, moral judgment",Support,1984
1984_8a6910075a36ce941b47055f99ccd12f,1984_2f912662e87cc497bd57b9be8c70350e,T201,T197,"if it's rape, how do you draw moral judgments on that?","it's a personal and private, moral judgment",Support,1984
1984_1c2fc759cc0a8fd5df7b1776c2312274,1984_2f912662e87cc497bd57b9be8c70350e,T202,T197,"If it's incest, how do you draw moral judgments on that?","it's a personal and private, moral judgment",Support,1984
1984_261c01a76de5b11f22638a80a91d2c41,1984_7bba8425cd304323845e65299da6b7ab,T200,T199,It won't work.,Does every woman in America have to present herself before some judge picked by Jerry Falwell to clear her personal judgment?,Support,1984
1984_4542a5b1e5203fee0ed7e67159e46c19,1984_55d311da917385e1354b0dbda08b4c97,T311,T204,"I don't think you are, any of us, to make this determination that must be made with regard to human life",I'm not capable,Support,1984
1984_4542a5b1e5203fee0ed7e67159e46c19,1984_380e4619729147f458a9197ce40c90c2,T311,T313,"I don't think you are, any of us, to make this determination that must be made with regard to human life",I don't think that any of us should be called upon here to stand and make a decision as to what other things might come under the self-defense tradition,Support,1984
1984_c44c6971b9e58a30df899ea3864b0b71,1984_a3fbc2d8a9eb83bb3b3f6ae8b658ce59,T573,T572,when you once recognize that we're talking about a life,"That, too, would have to be worked out then",Support,1984
1984_44e87d566215a2bd0ec67e202774bb0d,1984_7b6ecc99b2019de05d8a7c93e3900e18,T574,T315,that's why I was a principal sponsor of a liberal adoption law,I agree with that,Support,1984
1984_7b6ecc99b2019de05d8a7c93e3900e18,1984_ac668717724ff81130d59923c91bb85d,T315,T314,I agree with that,There are a million and a half people out there standing in line waiting to adopt children who can't have them any other way.,Support,1984
1984_6b69a4327799c086457d238ff1b15a41,1984_44e87d566215a2bd0ec67e202774bb0d,T575,T574,so that more of these children could come to term,that's why I was a principal sponsor of a liberal adoption law,Support,1984
1984_1c71d1fa3c9af1ac97f946a471ae82f4,1984_44e87d566215a2bd0ec67e202774bb0d,T576,T574,so that the young mothers were educated,that's why I was a principal sponsor of a liberal adoption law,Support,1984
1984_44e87d566215a2bd0ec67e202774bb0d,1984_4b13d906f32c500b152786884027674d,T574,T577,that's why I was a principal sponsor of a liberal adoption law,"so we found an option, an alternative",Support,1984
1984_af31251827d4bc91f0e3f7a6113ad58e,1984_c4f291108fb214687bf077eca04e43ef,T578,T579,I don't agree with it,the question is whether this other option proposed by the President should be pursued,Support,1984
1984_af31251827d4bc91f0e3f7a6113ad58e,1984_df8cbc78970985c860f615cd8e6337ae,T578,T155,I don't agree with it,"I believe that until and unless someone can establish that the unborn child is not a living human being, then that child is already protected by the Constitution",Attack,1984
1984_2fc10a88cd5a471800cb2bb10e51e6fd,1984_21b6794526b8bdcee733dbcfd79f68ff,T580,T581,Net farm income is off 50 percent in the last 3 years,every farmer knows it,Support,1984
1984_e78e80e74fd5da704af134709d68c99f,1984_4b206cf93805f7d278f34b430f0f841c,T124,T125,the effect of these economic policies is like a massive grain embargo,which has caused farm exports to drop 20 percent,Support,1984
1984_e78e80e74fd5da704af134709d68c99f,1984_b99b4eece7205f005ce051b32af34c03,T124,T123,the effect of these economic policies is like a massive grain embargo,It's been a big failure,Support,1984
1984_b99b4eece7205f005ce051b32af34c03,1984_14683f8186bd7cdf2822ee5aab870dc1,T123,T126,It's been a big failure,I opposed the grain embargo in my administration,Support,1984
1984_14683f8186bd7cdf2822ee5aab870dc1,1984_1d8537960fe097d474d21e12f5fdafd1,T126,T127,I opposed the grain embargo in my administration,I'm opposed to these policies as well.,Support,1984
1984_a098b0f8a6ab4fa7d8b8cc00063f8540,1984_1d757da25922ed2344a8887cd144fa50,T129,T130,I do believe in pluralism.,I do believe in separation of church and state,Support,1984
1984_b87912b3997433bff4f29921ef2318ae,1984_7ef829b884a031699768ba2a5adc4d10,T127,T126,just as I never faulted Jesse Jackson from taking his message to the black pulpits all across this country,I believe the archbishop has every right to do everything he wants in that direction,Support,1984
1984_38f673288b72be7830b89cadbe478ac6,1984_1e07b1fcaa546343ecafcecc0b3ad4af,T131,T132,I don't consider abortion a religious issue.,I consider it a moral issue,Support,1984
1984_1e07b1fcaa546343ecafcecc0b3ad4af,1984_1d757da25922ed2344a8887cd144fa50,T132,T130,I consider it a moral issue,I do believe in separation of church and state,Support,1984
1984_7ef829b884a031699768ba2a5adc4d10,1984_a098b0f8a6ab4fa7d8b8cc00063f8540,T126,T129,I believe the archbishop has every right to do everything he wants in that direction,I do believe in pluralism.,Support,1984
1984_b87912b3997433bff4f29921ef2318ae,1984_a098b0f8a6ab4fa7d8b8cc00063f8540,T127,T129,just as I never faulted Jesse Jackson from taking his message to the black pulpits all across this country,I do believe in pluralism.,Support,1984
1984_e87241c9d414fe274651cc466732857d,1984_a098b0f8a6ab4fa7d8b8cc00063f8540,T128,T129,"just as I never objected when the nuclear arms, the nuclear freeze or the antinuclear people - many of those movements were led by priests.",I do believe in pluralism.,Support,1984
1984_dbbc3051da3b6d17fe9db5558d756dd1,1984_1d757da25922ed2344a8887cd144fa50,T122,T130,we favor separation of church and state,I do believe in separation of church and state,Support,1984
1984_56ed57855c9ce6ed694ae8b42ebe9bae,1984_a098b0f8a6ab4fa7d8b8cc00063f8540,T133,T129,We favor pluralism.,I do believe in pluralism.,Support,1984
1984_1d757da25922ed2344a8887cd144fa50,1984_0767c0ac22cbadf8a24e8fac418605c5,T130,T134,I do believe in separation of church and state,"because a Catholic bishop or an evangelist feels strongly on a political issue, people are saying it's merging of church and state",Attack,1984
1984_dbbc3051da3b6d17fe9db5558d756dd1,1984_0767c0ac22cbadf8a24e8fac418605c5,T122,T134,we favor separation of church and state,"because a Catholic bishop or an evangelist feels strongly on a political issue, people are saying it's merging of church and state",Attack,1984
1984_15c6fc44e0962b43877b1f8ea9bd2084,1984_48092a430914669ff5a2bd8d9fc0a4e7,T3,T4,Now somebody says you ought to restore prayer in schools,You don't think it's right to prohibit a kid from praying in schools,Support,1984
1984_48092a430914669ff5a2bd8d9fc0a4e7,1984_008de57d783023641a8bf900295c5e34,T4,T5,You don't think it's right to prohibit a kid from praying in schools,For years kids were allowed to pray in schools,Support,1984
1984_008de57d783023641a8bf900295c5e34,1984_be599e70ec32df44fa44580f55273be5,T5,T135,For years kids were allowed to pray in schools,"We don't think that's a merger of church and stare to have nonmandatory voluntary, nongovernment-ordered prayer.",Support,1984
1984_6a7edfb5e7927273a4488baf3e2b9995,1984_be599e70ec32df44fa44580f55273be5,T621,T135,some are accusing us of injecting religion into politics,"We don't think that's a merger of church and stare to have nonmandatory voluntary, nongovernment-ordered prayer.",Attack,1984
1984_f912edfedfc9d052ec43c05fb5c14794,1984_7ef829b884a031699768ba2a5adc4d10,T136,T126,I have no problem with what the archbishop does,I believe the archbishop has every right to do everything he wants in that direction,Support,1984
1984_f912edfedfc9d052ec43c05fb5c14794,1984_203e073d07792e6ad60f1c8cfd71f56e,T136,T137,I have no problem with what the archbishop does,I have no problem with what the evangelists on the right do,Support,1984
1984_203e073d07792e6ad60f1c8cfd71f56e,1984_1701e51606dfff48c5531c06b1e3972e,T137,T622,I have no problem with what the evangelists on the right do,I have no problem what the priests on the left do,Support,1984
1984_203e073d07792e6ad60f1c8cfd71f56e,1984_6081b074c456555a2a80ad639cb5c815,T137,T627,I have no problem with what the evangelists on the right do,"that's our position - separation of church and state, pluralism, respect for all",Support,1984
1984_1701e51606dfff48c5531c06b1e3972e,1984_6081b074c456555a2a80ad639cb5c815,T622,T627,I have no problem what the priests on the left do,"that's our position - separation of church and state, pluralism, respect for all",Support,1984
1984_f912edfedfc9d052ec43c05fb5c14794,1984_6081b074c456555a2a80ad639cb5c815,T136,T627,I have no problem with what the archbishop does,"that's our position - separation of church and state, pluralism, respect for all",Support,1984
1984_e65ba3c657eff48225e9c193584f5b28,1984_6081b074c456555a2a80ad639cb5c815,T139,T627,"it didn't bother me when during the Vietnam War much of the opposition to the government - Democrat and Republican governments - was led by priests, encouraging people to break the law and the adage of the - you know - the civil disobedience thing","that's our position - separation of church and state, pluralism, respect for all",Support,1984
1984_b981d8fe419e1121abe8b3cbe82bd9cc,1984_f5004ce004c846fa92e1644bdb72a53c,T623,T624,"our position, separation of church and stare, pluralism",no little kid with a minority religion of some sort is going to feel offended or feel left out or feel uncomfortable,Support,1984
1984_f5004ce004c846fa92e1644bdb72a53c,1984_6081b074c456555a2a80ad639cb5c815,T624,T627,no little kid with a minority religion of some sort is going to feel offended or feel left out or feel uncomfortable,"that's our position - separation of church and state, pluralism, respect for all",Support,1984
1984_b981d8fe419e1121abe8b3cbe82bd9cc,1984_6081b074c456555a2a80ad639cb5c815,T623,T627,"our position, separation of church and stare, pluralism","that's our position - separation of church and state, pluralism, respect for all",Support,1984
1984_6c365b3a4c4344918b77146fdc07b317,1984_6081b074c456555a2a80ad639cb5c815,T140,T627,We don't believe in denominationally moving in.,"that's our position - separation of church and state, pluralism, respect for all",Support,1984
1984_6c365b3a4c4344918b77146fdc07b317,1984_60b975c0a81fe7be5357a0e23fab7b11,T140,T625,We don't believe in denominationally moving in.,"yes, prayer in school on a voluntary basis worked for many, many years until the Supreme Court ruled differently",Attack,1984
1984_6c365b3a4c4344918b77146fdc07b317,1984_40c79cb04df3a696747af2a8b5f7b3f0,T140,T138,We don't believe in denominationally moving in.,I think there's been too much said about religion and politics.,Attack,1984
1984_40c79cb04df3a696747af2a8b5f7b3f0,1984_0729410c44188855dd04d9d7e90c69af,T138,T626,I think there's been too much said about religion and politics.,It wasn't our side that raised the question about our president whether he was a good Christian or not,Support,1984
1984_965ac18769dc79eaddfbbe3418d9d191,1984_53aac66de9ac387f1351fc54981c692e,T6,T142,there has been - I have to make a confession - an evolution in my position,"There's been 15 million abortions since 1973,",Support,1984
1984_53aac66de9ac387f1351fc54981c692e,1984_48750e620b325e5c969f02285349f12f,T142,T141,"There's been 15 million abortions since 1973,",I don't take that lightly,Support,1984
1984_c064a628e67bb623c651f648d52ffe7e,1984_48750e620b325e5c969f02285349f12f,T143,T141,There's been a million and a half this year,I don't take that lightly,Support,1984
1984_48750e620b325e5c969f02285349f12f,1984_f3609036a821005e2d5ef5f0a6d67a6b,T141,T144,I don't take that lightly,The president and I do favor a human rights amendment,Support,1984
1984_f3609036a821005e2d5ef5f0a6d67a6b,1984_3d2942a804979aad35315caf853b6c96,T144,T9,The president and I do favor a human rights amendment,but we both - only for the life of the mother,Support,1984
1984_f3609036a821005e2d5ef5f0a6d67a6b,1984_ce9cd9d831ad9b000031955fa2e57d9d,T144,T7,The president and I do favor a human rights amendment,I favor one that would have an exception for incest and rape,Support,1984
1984_ce9cd9d831ad9b000031955fa2e57d9d,1984_001a59dd2947a2b008ad46c3364c863b,T7,T8,I favor one that would have an exception for incest and rape,and he doesn't,Attack,1984
1984_0b2dd680c8383ce6a119f8102b71c50a,1984_3d2942a804979aad35315caf853b6c96,T628,T9,I agree with him on that,but we both - only for the life of the mother,Support,1984
1984_0b2dd680c8383ce6a119f8102b71c50a,1984_001a59dd2947a2b008ad46c3364c863b,T628,T8,I agree with him on that,and he doesn't,Attack,1984
1984_965ac18769dc79eaddfbbe3418d9d191,1984_2ca09e45db4e1bfd96e05be1800afc6d,T6,T630,there has been - I have to make a confession - an evolution in my position,"yes, my position's evolved",Support,1984
1984_53aac66de9ac387f1351fc54981c692e,1984_24f9e69db1a4eb80b91dd14ade0f9c2f,T142,T145,"There's been 15 million abortions since 1973,",I'd like to see the American who faced with 15 million abortions isn't rethinking his or her position and I'll just stand with the answer.,Support,1984
1984_48750e620b325e5c969f02285349f12f,1984_24f9e69db1a4eb80b91dd14ade0f9c2f,T141,T145,I don't take that lightly,I'd like to see the American who faced with 15 million abortions isn't rethinking his or her position and I'll just stand with the answer.,Support,1984
1984_696063496cbd50dd4c5a6cea6626a6b6,1984_3d2942a804979aad35315caf853b6c96,T146,T9,I support the president's position - and comfortably - from a moral standpoint.,but we both - only for the life of the mother,Support,1984
1984_7fee9d75daaf4f4766b7157de73fec45,1984_696063496cbd50dd4c5a6cea6626a6b6,T2,T146,I support the president's position,I support the president's position - and comfortably - from a moral standpoint.,Support,1984
1984_ee4a8832e8a472101758429b6c157c4f,1984_dbbc3051da3b6d17fe9db5558d756dd1,T147,T122,"I believe very, very sincerely in the separation of church and state",we favor separation of church and state,Support,1984
1984_dec7766ada3f8ab5c6d130029a193ee8,1984_ecde4a0382f21b5a3b58303319a8f4ba,T633,T634,"if you go back to the 1600s when people came here, the reason they came to this country was to escape religious persecution",that's the same reason why people are coming here today in the 1940s to escape Nazism,Support,1984
1984_dec7766ada3f8ab5c6d130029a193ee8,1984_ee4a8832e8a472101758429b6c157c4f,T633,T147,"if you go back to the 1600s when people came here, the reason they came to this country was to escape religious persecution","I believe very, very sincerely in the separation of church and state",Support,1984
1984_ecde4a0382f21b5a3b58303319a8f4ba,1984_ee4a8832e8a472101758429b6c157c4f,T634,T147,that's the same reason why people are coming here today in the 1940s to escape Nazism,"I believe very, very sincerely in the separation of church and state",Support,1984
1984_ecde4a0382f21b5a3b58303319a8f4ba,1984_f6a43ba9c4935ee92578bf001ba9aab8,T634,T635,that's the same reason why people are coming here today in the 1940s to escape Nazism,now in the 1980s and 1984 when they can get our of the country to escape communism so they can come here and practice their religion,Support,1984
1984_f6a43ba9c4935ee92578bf001ba9aab8,1984_ee4a8832e8a472101758429b6c157c4f,T635,T147,now in the 1980s and 1984 when they can get our of the country to escape communism so they can come here and practice their religion,"I believe very, very sincerely in the separation of church and state",Support,1984
1984_f6a43ba9c4935ee92578bf001ba9aab8,1984_42af47cb715a088eded25b235b2c05ff,T635,T150,now in the 1980s and 1984 when they can get our of the country to escape communism so they can come here and practice their religion,Our country is founded on the principle that our government should be neutral as far as religion is concerned.,Support,1984
1984_42af47cb715a088eded25b235b2c05ff,1984_ee4a8832e8a472101758429b6c157c4f,T150,T147,Our country is founded on the principle that our government should be neutral as far as religion is concerned.,"I believe very, very sincerely in the separation of church and state",Support,1984
1984_ec7b2a206c758c714dafcdc4256ed443,1984_29e4e81724c4875d98e602a4f1ed25d2,T149,T151,"it started in 1980 when this administration was running for office and the Reverend Jerry Falwell became very, very involved in the campaign",What has happened over the past four years has been I think a real fudging of that line with the separation of church and state,Support,1984
1984_e937ef00a41be8f7b4bb1787c39b91b5,1984_29e4e81724c4875d98e602a4f1ed25d2,T148,T151,I'm not going to let you lay on me the intrusion of state politics into religion or religion into politics by my comments with reference to the president's policies,What has happened over the past four years has been I think a real fudging of that line with the separation of church and state,Attack,1984
1984_c25336ba8ad676767f478406b00d9cba,1984_7ef829b884a031699768ba2a5adc4d10,T153,T126,I feel that they have not only a right but a responsibility to speak up,I believe the archbishop has every right to do everything he wants in that direction,Support,1984
1984_fb09d67e255d3b43f58f7ee911c527a6,1984_c25336ba8ad676767f478406b00d9cba,T636,T153,even though I've been the person that they're speaking up about,I feel that they have not only a right but a responsibility to speak up,Support,1984
1984_fb09d67e255d3b43f58f7ee911c527a6,1984_64a0652697d4852a73f2b17cdb8806bf,T636,T155,even though I've been the person that they're speaking up about,l feel they do have the responsibility to do so,Support,1984
1984_64a0652697d4852a73f2b17cdb8806bf,1984_c25336ba8ad676767f478406b00d9cba,T155,T153,l feel they do have the responsibility to do so,I feel that they have not only a right but a responsibility to speak up,Support,1984
1984_ad434f945be4839ea005890a40a79772,1984_c25336ba8ad676767f478406b00d9cba,T152,T153,"I have no problem with it, no more than I did a priest who marched at the time of Vietnam and no more than I did at the time when Martin Luther King marched at the time of the civil rights marches",I feel that they have not only a right but a responsibility to speak up,Support,1984
1984_406d9f3fc4e7af46f540e2245822b972,1984_c25336ba8ad676767f478406b00d9cba,T156,T153,I have absolutely no problem with them speaking up,I feel that they have not only a right but a responsibility to speak up,Support,1984
1984_c25336ba8ad676767f478406b00d9cba,1984_84337fb35ae8f8f5cf22ee4c7bb705b0,T153,T154,I feel that they have not only a right but a responsibility to speak up,I think they have an obligation as well as a right,Support,1984
1984_c223450d5bf23e2a52171da17613d4d1,1984_60b975c0a81fe7be5357a0e23fab7b11,T157,T625,I do have a problem with is when the president of the United States gets up in Dallas and addresses a group of individuals and said to them that anybody who doesn't support his constitutional amendment for prayer in the schools is intolerant of religion,"yes, prayer in school on a voluntary basis worked for many, many years until the Supreme Court ruled differently",Attack,1984
1984_487de8374db4b2a32593cc92ea9b8f14,1984_42f9ba5904cf99792805470fd58b3cfe,T161,T162,it is more than a fudging at the line,it is a total intrusion,Support,1984
1984_42f9ba5904cf99792805470fd58b3cfe,1984_070176791b9d28f8a726c4033eecda4f,T162,T160,it is a total intrusion,I think that it's in violation of our Constitution,Support,1984
1984_487de8374db4b2a32593cc92ea9b8f14,1984_070176791b9d28f8a726c4033eecda4f,T161,T160,it is more than a fudging at the line,I think that it's in violation of our Constitution,Support,1984
1984_29e4e81724c4875d98e602a4f1ed25d2,1984_070176791b9d28f8a726c4033eecda4f,T151,T160,What has happened over the past four years has been I think a real fudging of that line with the separation of church and state,I think that it's in violation of our Constitution,Support,1984
1984_29e4e81724c4875d98e602a4f1ed25d2,1984_487de8374db4b2a32593cc92ea9b8f14,T151,T161,What has happened over the past four years has been I think a real fudging of that line with the separation of church and state,it is more than a fudging at the line,Support,1984
1984_e5eaafd8aaeb331070971d3c0f9a13e6,1984_c223450d5bf23e2a52171da17613d4d1,T158,T157,"there are numerous groups who don't support that prayer in the school, numerous religious groups",I do have a problem with is when the president of the United States gets up in Dallas and addresses a group of individuals and said to them that anybody who doesn't support his constitutional amendment for prayer in the schools is intolerant of religion,Attack,1984
1984_eac834c5b4410bbffe02ff6f6e176db2,1984_e19aefdd5763324012fd051b80f9fdbc,T10,T11,Are they intolerant of religion?,Is that what the president is saying?,Support,1984
1984_e19aefdd5763324012fd051b80f9fdbc,1984_e5eaafd8aaeb331070971d3c0f9a13e6,T11,T158,Is that what the president is saying?,"there are numerous groups who don't support that prayer in the school, numerous religious groups",Attack,1984
1984_eac834c5b4410bbffe02ff6f6e176db2,1984_e5eaafd8aaeb331070971d3c0f9a13e6,T10,T158,Are they intolerant of religion?,"there are numerous groups who don't support that prayer in the school, numerous religious groups",Attack,1984
1984_0ec49a9d76a6884d09f8461c1ee85b58,1984_5d07a9564b9f5b1b6369db4a7b8425a4,T159,T637,"I also object, when I am told, that the Reverend Falwell has been told that he would pick two of our Supreme Court justices.",That's going a little bit far,Support,1984
1984_5d07a9564b9f5b1b6369db4a7b8425a4,1984_070176791b9d28f8a726c4033eecda4f,T637,T160,That's going a little bit far,I think that it's in violation of our Constitution,Support,1984
1984_5d07a9564b9f5b1b6369db4a7b8425a4,1984_487de8374db4b2a32593cc92ea9b8f14,T637,T161,That's going a little bit far,it is more than a fudging at the line,Support,1984
1984_0ec49a9d76a6884d09f8461c1ee85b58,1984_070176791b9d28f8a726c4033eecda4f,T159,T160,"I also object, when I am told, that the Reverend Falwell has been told that he would pick two of our Supreme Court justices.",I think that it's in violation of our Constitution,Support,1984
1984_63f62dd2cfa20d1d1b01f8952819f147,1984_d665436e77cec24605209f902b8c476d,T12,T163,I am a devout Catholic.,I did not come to my position on abortion very lightly.,Support,1984
1984_63ad82e9658ee8509295f3bc2a9fbe7c,1984_a06f1e44314767d712e1f580ccbdc2bb,T13,T15,"When I was running for Congress 1978 I sat and met with a person I felt very close to, a monsignor currently a bishop",I spoke to him about my personal feelings that I would never have an abortion,Support,1984
1984_a06f1e44314767d712e1f580ccbdc2bb,1984_35fed8206bf65f9d125e0918968d3e16,T15,T14,I spoke to him about my personal feelings that I would never have an abortion,but I was not quite sure if I were ever to become pregnant as result of a rape if I would be that self-righteous,Support,1984
1984_35fed8206bf65f9d125e0918968d3e16,1984_7c285bf16b02b24af272ff72c6bafbf3,T14,T17,but I was not quite sure if I were ever to become pregnant as result of a rape if I would be that self-righteous,"I then spoke to him; he said, Gerry, that's not good enough",Support,1984
1984_7c285bf16b02b24af272ff72c6bafbf3,1984_38da0524322796d1990f4745da54c567,T17,T16,"I then spoke to him; he said, Gerry, that's not good enough",There you can't support that position,Support,1984
1984_a75b3ede767460cc6902a39f141b5dbc,1984_38da0524322796d1990f4745da54c567,T169,T16,That's my religious view,There you can't support that position,Support,1984
1984_cde22bf7735f02bdc976a190a3fe2769,1984_a75b3ede767460cc6902a39f141b5dbc,T165,T169,I will accept the teaching of the church,That's my religious view,Support,1984
1984_d74628e5ed8dd5943b7894ed70f66006,1984_c223450d5bf23e2a52171da17613d4d1,T166,T157,I cannot impose my religious views on someone else,I do have a problem with is when the president of the United States gets up in Dallas and addresses a group of individuals and said to them that anybody who doesn't support his constitutional amendment for prayer in the schools is intolerant of religion,Attack,1984
1984_d74628e5ed8dd5943b7894ed70f66006,1984_0ec49a9d76a6884d09f8461c1ee85b58,T166,T159,I cannot impose my religious views on someone else,"I also object, when I am told, that the Reverend Falwell has been told that he would pick two of our Supreme Court justices.",Attack,1984
1984_d74628e5ed8dd5943b7894ed70f66006,1984_070176791b9d28f8a726c4033eecda4f,T166,T160,I cannot impose my religious views on someone else,I think that it's in violation of our Constitution,Attack,1984
1984_cde22bf7735f02bdc976a190a3fe2769,1984_d74628e5ed8dd5943b7894ed70f66006,T165,T166,I will accept the teaching of the church,I cannot impose my religious views on someone else,Support,1984
1984_f8a1a861abd01e52864cde5e87e03e5d,1984_d74628e5ed8dd5943b7894ed70f66006,T164,T166,"I truly take an oath as a public official to represent all the people in my district, not only the Catholics",I cannot impose my religious views on someone else,Support,1984
1984_7a14985d5697e5a68affb33907d01f6d,1984_328eac78da360cbdd7735c89b5237261,T168,T167,If there comes a time where I cannot practice my religion and do my job properly,I will resign my job,Support,1984
1984_f8a1a861abd01e52864cde5e87e03e5d,1984_328eac78da360cbdd7735c89b5237261,T164,T167,"I truly take an oath as a public official to represent all the people in my district, not only the Catholics",I will resign my job,Support,1984
1984_cde22bf7735f02bdc976a190a3fe2769,1984_7a14985d5697e5a68affb33907d01f6d,T165,T168,I will accept the teaching of the church,If there comes a time where I cannot practice my religion and do my job properly,Support,1984
1984_b5dc09bc8b8a96ae6fbbe7f6be43b45a,1984_328eac78da360cbdd7735c89b5237261,T170,T167,"I respect that statement, I really and truly do",I will resign my job,Support,1984
1984_7e2bad793685046841d983d633dd8ce4,1984_38da0524322796d1990f4745da54c567,T18,T16,We have difference on a moral question here on abortion,There you can't support that position,Attack,1984
1984_aff45f7d3fef9f2b8da13502f341d858,1984_ecd64b5b210380119d5676d7f89b5016,T640,T171,"Ronald Reagan has made one super outstanding, the only one he's made, appointment to the Supreme Court and that was Sandra Day O'Connor, and Mr. Falwell opposed her nomination",I don't know where this canard could have come from about Mr. Falwell picking the Supreme Court justices,Support,1984
1984_ae7c38f251fa6aa4f6de36124b9f449f,1984_0ec49a9d76a6884d09f8461c1ee85b58,T172,T159,I hope this lays to rest this slander against the president,"I also object, when I am told, that the Reverend Falwell has been told that he would pick two of our Supreme Court justices.",Attack,1984
1984_393aebfa9a375378cbd47cf74dded4e0,1984_da1915028496c5c5f3f75fd629027fe0,T638,T639,We still have respect for him,he opposed it,Support,1984
1984_da1915028496c5c5f3f75fd629027fe0,1984_ae7c38f251fa6aa4f6de36124b9f449f,T639,T172,he opposed it,I hope this lays to rest this slander against the president,Support,1984
1984_da1915028496c5c5f3f75fd629027fe0,1984_aff45f7d3fef9f2b8da13502f341d858,T639,T640,he opposed it,"Ronald Reagan has made one super outstanding, the only one he's made, appointment to the Supreme Court and that was Sandra Day O'Connor, and Mr. Falwell opposed her nomination",Support,1984
1984_f5687055f74f4e1fa59ed298d1ec0e24,1984_ae7c38f251fa6aa4f6de36124b9f449f,T641,T172,"We want justices who will interpret the Constitution, not legislate it",I hope this lays to rest this slander against the president,Support,1984
1984_a7c30cb0442080a9cb7da324a43f6639,1984_f5687055f74f4e1fa59ed298d1ec0e24,T173,T641,I still find it very difficult to believe,"We want justices who will interpret the Constitution, not legislate it",Attack,1984
1984_f2957114b9a588f83fd4a1e867b46691,1984_a7c30cb0442080a9cb7da324a43f6639,T174,T173,"in the platform, which this Republican party passed in Dallas - one of the things they was they said that this position on abortion would be a litmus test, not only for Supreme Court justices but for other federal justices.",I still find it very difficult to believe,Support,1984
1984_a7c30cb0442080a9cb7da324a43f6639,1984_442d56b895cb1d758ac2a07d20baae63,T173,T19,I still find it very difficult to believe,seems to me a blurring of the line of the separation between church and state,Support,1984
1984_1ada05dcc0d2691ff2ed370c8d49098a,1984_5e77ece69d302ac7cd82040521c04627,T193,T52,both Fritz Mondale and I agree on the same goal,that is nondiscrimination,Support,1984
1984_c4312af241048d2df2e26c0d4f0433a9,1984_1ada05dcc0d2691ff2ed370c8d49098a,T602,T193,With reference to the busing vote that I cast in 1979,both Fritz Mondale and I agree on the same goal,Support,1984
1984_58a3049f407da0077f384b416b176908,1984_1ada05dcc0d2691ff2ed370c8d49098a,T51,T193,I just don't agree on the same direction he does on how to achieve it.,both Fritz Mondale and I agree on the same goal,Attack,1984
1984_ff79bd2f8c4392be55651b929ca94006,1984_58a3049f407da0077f384b416b176908,T603,T51,I don't find any problem with that,I just don't agree on the same direction he does on how to achieve it.,Support,1984
1984_5e77ece69d302ac7cd82040521c04627,1984_adcadc86b47430567e5d7e1375b536af,T52,T54,that is nondiscrimination,we both support nondiscrimination in housing and integration of neighborhoods,Support,1984
1984_adcadc86b47430567e5d7e1375b536af,1984_ee5e3c763225a3d3e93c9a9457be941a,T54,T53,we both support nondiscrimination in housing and integration of neighborhoods,"I think that's been something that's been handled by the courts, and not being handled by Congress and will not be handled by the White House",Attack,1984
1984_55cda4fefd9abf80a080fd7467c61ef5,1984_adcadc86b47430567e5d7e1375b536af,T604,T54,The goals we both set forth,we both support nondiscrimination in housing and integration of neighborhoods,Support,1984
1984_d409e4f93f68c132961257bb7e6fcdb4,1984_2f5c3985be82904635f32ec35f148184,T55,T56,"With reference to tuition tax credits, I have represented a district in Queens which is 70 percent Catholic.",I represented my district,Support,1984
1984_c17ef8e45d5323f375620edf340f25f5,1984_e5c31d7205bbd941f2d5984f81e9e1ef,T57,T58,"Let me say as well that I have also been a great supporter of public school education and that is something that Fritz and I feel very, very strongly about for the future of this country.",this administration over the past several years has gutted the educational programs available to our young people,Attack,1984
1984_c17ef8e45d5323f375620edf340f25f5,1984_19a0a1e2e1f163412fb678a8be4529cd,T57,T59,"Let me say as well that I have also been a great supporter of public school education and that is something that Fritz and I feel very, very strongly about for the future of this country.","It has attempted to knock out Pell Grants, which are monies to young individuals who are poor and who cannot afford to go to college",Attack,1984
1984_c17ef8e45d5323f375620edf340f25f5,1984_cb15f0e9a08a9afa721155c97e6e82d2,T57,T60,"Let me say as well that I have also been a great supporter of public school education and that is something that Fritz and I feel very, very strongly about for the future of this country.",It has reduced by 25 percent the amount of monies going into college education and by a third those going into secondary and primary schools.,Attack,1984
1984_c17ef8e45d5323f375620edf340f25f5,1984_cb6622c2e4aa139c52d6eaa63a88e978,T57,T61,"Let me say as well that I have also been a great supporter of public school education and that is something that Fritz and I feel very, very strongly about for the future of this country.",Fritz Mondale and I feel very strongly that if you educate your children that that's an effort and the way that you build up and make a stronger America.,Support,1984
1984_0acbd19cb106a58a464763161b183ad1,1984_0604a95bf39babe638a311c539078c01,T5,T6,"if you take a look, also, at my record in the Congress and Fritz Mondale's record",both in the Senate and as vice president,Support,1984
1984_0604a95bf39babe638a311c539078c01,1984_24fcdd0b9a28a7acb65de64ce28c07cc,T6,T62,both in the Senate and as vice president,we both have extremely strong civil rights records,Support,1984
1984_24fcdd0b9a28a7acb65de64ce28c07cc,1984_3ffe243831bc5c4c836a92e0bc7e2911,T62,T63,we both have extremely strong civil rights records,This administration does not.,Attack,1984
1984_2d839caaf1f2101b883ef4da1b9882b9,1984_3ffe243831bc5c4c836a92e0bc7e2911,T606,T63,It has come in in the Bob Jones on the side of segregated academies,This administration does not.,Support,1984
1984_8a5b3fe5c0d5a925e8e4fce324d774fc,1984_3ffe243831bc5c4c836a92e0bc7e2911,T607,T63,"It came in in the Grove City case on the side of discrimination against women, the handicapped, and the elderly",This administration does not.,Support,1984
1984_774cf2263b322e1427d77795b28156dd,1984_24fcdd0b9a28a7acb65de64ce28c07cc,T7,T62,in the Congress we just passed overwhelmingly the Civil Rights Bill of 1984,we both have extremely strong civil rights records,Support,1984
1984_d6a4f279d81402897c4760ac4e7dd723,1984_3ffe243831bc5c4c836a92e0bc7e2911,T8,T63,"this administration, the Republican-controlled Senate, just killed it in the last week or two in Congress.",This administration does not.,Support,1984
1984_24fcdd0b9a28a7acb65de64ce28c07cc,1984_23a4a11ca6969853d90e2c096ded654d,T62,T93,we both have extremely strong civil rights records,there is a real difference between how the Mondale-Ferraro administration will address the problems of civil rights and the failure of this administration specifically in that particular area.,Support,1984
1984_23a4a11ca6969853d90e2c096ded654d,1984_3ffe243831bc5c4c836a92e0bc7e2911,T93,T63,there is a real difference between how the Mondale-Ferraro administration will address the problems of civil rights and the failure of this administration specifically in that particular area.,This administration does not.,Attack,1984
1984_4206c4f6db54ad29c701177da437d8bb,1984_f866b67fb57fa9f196b31b5ade75295b,T67,T65,We have supported set-asides for minority and women's businesses,Both Mr. Mondale and I feel very strongly about affirmative action to correct inequities,Support,1984
1984_9870463e14093dac1e39f9b420709000,1984_f866b67fb57fa9f196b31b5ade75295b,T66,T65,"we believe that steps should be taken both through government - for instance, the Small Business Administration",Both Mr. Mondale and I feel very strongly about affirmative action to correct inequities,Support,1984
1984_03007c3670fed14d0ed38fe13f198fcd,1984_f866b67fb57fa9f196b31b5ade75295b,T64,T65,I do not support the use of quotas,Both Mr. Mondale and I feel very strongly about affirmative action to correct inequities,Support,1984
1984_f866b67fb57fa9f196b31b5ade75295b,1984_a891c31bd1d54f392cee93ac1428e897,T65,T68,Both Mr. Mondale and I feel very strongly about affirmative action to correct inequities,That's a positive thing,Support,1984
1984_f866b67fb57fa9f196b31b5ade75295b,1984_85c1ea8815f26315393d0900b7e30c86,T65,T69,Both Mr. Mondale and I feel very strongly about affirmative action to correct inequities,We don't feel that you're in any way hurting anybody else by reaching out with affirmative action to help those who've been disenfranchised,Support,1984
1984_85c1ea8815f26315393d0900b7e30c86,1984_a891c31bd1d54f392cee93ac1428e897,T69,T68,We don't feel that you're in any way hurting anybody else by reaching out with affirmative action to help those who've been disenfranchised,That's a positive thing,Support,1984
1984_90db74c9614401dc5117bce3943c0f8e,1984_7c8b21c944c667cc767dbad2f58443af,T2,T1,if you allow for small business the opportunity with lower interest rates to reach out and grow,there will be more than enough space for everybody.,Support,1984
1984_ad76d4f910b9a346bd1bb4b148fc7dea,1984_7c8b21c944c667cc767dbad2f58443af,T3,T1,if you create the jobs,there will be more than enough space for everybody.,Support,1984
1984_6a81844b4ce2800b5e7e091555ab7024,1984_7c8b21c944c667cc767dbad2f58443af,T4,T1,if you have a growing economy,there will be more than enough space for everybody.,Support,1984
1984_7c8b21c944c667cc767dbad2f58443af,1984_e888714d9dc6a3e3098ccf178fa2c168,T1,T70,there will be more than enough space for everybody.,affirmative action is a very positive way to deal with the problems of discrimination.,Support,1984
1984_85c1ea8815f26315393d0900b7e30c86,1984_e888714d9dc6a3e3098ccf178fa2c168,T69,T70,We don't feel that you're in any way hurting anybody else by reaching out with affirmative action to help those who've been disenfranchised,affirmative action is a very positive way to deal with the problems of discrimination.,Support,1984
1984_f866b67fb57fa9f196b31b5ade75295b,1984_e888714d9dc6a3e3098ccf178fa2c168,T65,T70,Both Mr. Mondale and I feel very strongly about affirmative action to correct inequities,affirmative action is a very positive way to deal with the problems of discrimination.,Support,1984
1984_a4d9440cf5a0b032251b7a7c3c659034,1984_e8aa8ee63bbe2e8a171fc566a06c8aae,T9,T71,the Voting Rights extension; it was extended for the longest period of time by President Reagan,I think our record on civil rights is a good record.,Support,1984
1984_e8aa8ee63bbe2e8a171fc566a06c8aae,1984_3ffe243831bc5c4c836a92e0bc7e2911,T71,T63,I think our record on civil rights is a good record.,This administration does not.,Attack,1984
1984_e8aa8ee63bbe2e8a171fc566a06c8aae,1984_bfaf77495b712b17c9c21f9b0c23a178,T71,T72,I think our record on civil rights is a good record.,I think our record deserves better.,Support,1984
1984_e004faae3af11afcba7b68f996280bcd,1984_acc97907a37b4c361c68f3185a32e633,T74,T73,We have done more for black colleges than any previous administration.,we have some problems in attracting the black vote,Attack,1984
1984_1e2f39e4774663a979c9369099b3872a,1984_70838485abe577a87ac5a250357de56e,T94,T95,it's been blocked by Tip O'Neill and that House of Representatives,those liberals in that House blocked a new idea to bring jobs into the black communities across the country,Support,1984
1984_bfaf77495b712b17c9c21f9b0c23a178,1984_1e2f39e4774663a979c9369099b3872a,T72,T94,I think our record deserves better.,it's been blocked by Tip O'Neill and that House of Representatives,Attack,1984
1984_bfaf77495b712b17c9c21f9b0c23a178,1984_70838485abe577a87ac5a250357de56e,T72,T95,I think our record deserves better.,those liberals in that House blocked a new idea to bring jobs into the black communities across the country,Attack,1984
1984_b7c034a509ca2040c21cf8d014ffb8d4,1984_dc47a5e2eb78d069916a1fcb05f8f907,T96,T97,"it's not an old handout, special federal spending program",it's blocked there,Support,1984
1984_1e2f39e4774663a979c9369099b3872a,1984_dc47a5e2eb78d069916a1fcb05f8f907,T94,T97,it's been blocked by Tip O'Neill and that House of Representatives,it's blocked there,Support,1984
1984_70838485abe577a87ac5a250357de56e,1984_dc47a5e2eb78d069916a1fcb05f8f907,T95,T97,those liberals in that House blocked a new idea to bring jobs into the black communities across the country,it's blocked there,Support,1984
1984_bfaf77495b712b17c9c21f9b0c23a178,1984_dc47a5e2eb78d069916a1fcb05f8f907,T72,T97,I think our record deserves better.,it's blocked there,Attack,1984
1984_bfaf77495b712b17c9c21f9b0c23a178,1984_47e943c5eb521a435f84395512deba7a,T72,T610,I think our record deserves better.,I'd like to sec that tried,Support,1984
1984_8f2026c868fc7242bd269da22735c1b6,1984_0f2eab4094d7f5b8507f116eea923568,T98,T103,We've brought more civil rights cases in the Justice Department than the previous administration by far.,Wonderful new legislation that's helping blacks more and more.,Support,1984
1984_1f0990500285e13aca7d8e8ef2c54565,1984_0f2eab4094d7f5b8507f116eea923568,T100,T103,"We believe in trying something new to help these black teenage kids; the minimum wage differential that says, ""Look,"" to an employer, ""hire these guys.",Wonderful new legislation that's helping blacks more and more.,Support,1984
1984_1c294e77488fa7cc5b24f7f848f41abd,1984_0f2eab4094d7f5b8507f116eea923568,T99,T103,"yes, they're willing to work for slightly less than the minimum wage.",Wonderful new legislation that's helping blacks more and more.,Support,1984
1984_807a5331d7d54b98e7c06a5bd5c827da,1984_53a3a1b993dcfaeeb078f72a93791921,T101,T102,"We threw out that old CETA that didn't train people for jobs that existed, simply rammed them onto the government payroll",we put in a thing called the Job Training Partnership Act,Support,1984
1984_53a3a1b993dcfaeeb078f72a93791921,1984_0f2eab4094d7f5b8507f116eea923568,T102,T103,we put in a thing called the Job Training Partnership Act,Wonderful new legislation that's helping blacks more and more.,Support,1984
1984_807a5331d7d54b98e7c06a5bd5c827da,1984_0f2eab4094d7f5b8507f116eea923568,T101,T103,"We threw out that old CETA that didn't train people for jobs that existed, simply rammed them onto the government payroll",Wonderful new legislation that's helping blacks more and more.,Support,1984
1984_d40c2265748ac03d88a56dafd268ea52,1984_c70f995112df13bf066d28d9752bfe41,T611,T104,"for example, when crime figures are going in the right direction that's good, that's a civil right",We think of civil rights as something like crime in your neighborhoods.,Support,1984
1984_c70f995112df13bf066d28d9752bfe41,1984_4dfa31985d68cb8a1302b1e5dbbee86e,T104,T105,We think of civil rights as something like crime in your neighborhoods.,"we think of it in terms of quality of life, and that means interest rates",Support,1984
1984_b444eb90259d917efb693957579bdd10,1984_21c8b8ed8dcaf703cc43bcb142ff836c,T106,T109,Is it a civil right to have the going right off the chart,"you're busting every American family, those who can afford it the least",Support,1984
1984_c7734735226fef68dfbc441f94078395,1984_b444eb90259d917efb693957579bdd10,T10,T106,No,Is it a civil right to have the going right off the chart,Attack,1984
1984_c7734735226fef68dfbc441f94078395,1984_21c8b8ed8dcaf703cc43bcb142ff836c,T10,T109,No,"you're busting every American family, those who can afford it the least",Attack,1984
1984_c7734735226fef68dfbc441f94078395,1984_89bc8473cb627059b13d3de0dc97cb24,T10,T107,No,we've got a good record.,Support,1984
1984_89bc8473cb627059b13d3de0dc97cb24,1984_fda4a2f3220d28783f9166d5fade46ba,T107,T108,we've got a good record.,The interest rates when we left office were 21% percent.,Support,1984
1984_fda4a2f3220d28783f9166d5fade46ba,1984_b444eb90259d917efb693957579bdd10,T108,T106,The interest rates when we left office were 21% percent.,Is it a civil right to have the going right off the chart,Attack,1984
1984_f2d35bd62e155005374cb6f3755a0bfc,1984_89bc8473cb627059b13d3de0dc97cb24,T613,T107,"We've got it on civil rights legislation, minority set-asides, more help for black colleges",we've got a good record.,Support,1984
1984_dea7632f7a6407e70744826a4dc10b00,1984_89bc8473cb627059b13d3de0dc97cb24,T612,T107,we've got it in terms of an economy that's offering people opportunity and hope instead of despair,we've got a good record.,Support,1984
1984_b791334c03d3c20add95fc15c3984156,1984_eea4b5d4d1bb5d08fe537e6610fd9f9a,T616,T111,"And in the meantime, the needy are getting more help",I am suggesting the way to work out of poverty is through real opportunity,Support,1984
1984_688c4eb95ee4d3497bc3b1f1799e660d,1984_eea4b5d4d1bb5d08fe537e6610fd9f9a,T617,T111,"Human resource spending is way, way up",I am suggesting the way to work out of poverty is through real opportunity,Support,1984
1984_418568ea1608497f55f7d39aa32f2e8d,1984_eea4b5d4d1bb5d08fe537e6610fd9f9a,T618,T111,Aid for Dependent Children spending is up,I am suggesting the way to work out of poverty is through real opportunity,Support,1984
1984_4554504347ad96982f1511b5487aba3e,1984_eea4b5d4d1bb5d08fe537e6610fd9f9a,T619,T111,Immunization programs are up,I am suggesting the way to work out of poverty is through real opportunity,Support,1984
1984_84f4b585ddbd2a33b71b5c250ba4841f,1984_5aa9df3b01b6d2d289a34472747666c2,T13,T12,Whine on harvest moon!,"If somebody sees a silver lining, he finds a big black cloud out there.",Support,1984
1984_5aa9df3b01b6d2d289a34472747666c2,1984_1adb621e4db5eba941d88b82f8265f50,T12,T11,"If somebody sees a silver lining, he finds a big black cloud out there.",contrary to Mr. Mondale's - I gotta be careful - but contrary of how he goes around just saying everything bad.,Support,1984
1984_eea4b5d4d1bb5d08fe537e6610fd9f9a,1984_9c8f18caf05a3904e69d208607db9e9f,T111,T614,I am suggesting the way to work out of poverty is through real opportunity,"Mr. White, it's not trickling down",Attack,1984
1984_eea4b5d4d1bb5d08fe537e6610fd9f9a,1984_1ea374e1bbcb1034b0415f8dd5d2af46,T111,T110,I am suggesting the way to work out of poverty is through real opportunity,I'm not suggesting there's no poverty,Attack,1984
1984_eea4b5d4d1bb5d08fe537e6610fd9f9a,1984_1adb621e4db5eba941d88b82f8265f50,T111,T11,I am suggesting the way to work out of poverty is through real opportunity,contrary to Mr. Mondale's - I gotta be careful - but contrary of how he goes around just saying everything bad.,Attack,1984
1984_eea4b5d4d1bb5d08fe537e6610fd9f9a,1984_57fcf0a398dce91424f65bc7fc933ef7,T111,T615,I am suggesting the way to work out of poverty is through real opportunity,"I mean, there's a lot going on, a lotta opportunity",Support,1984
1984_657ef448ecca9cf90a0bddca09b73829,1984_f82c1f430bbca1614418ec47a7c6ccdb,T113,T112,The vice-president indicates that the President signed the Voting Rights Act.,"he did not support it while it was in the Congress, in the Senate, it was passed despite his opposition",Support,1984
1984_f82c1f430bbca1614418ec47a7c6ccdb,1984_8f2026c868fc7242bd269da22735c1b6,T112,T98,"he did not support it while it was in the Congress, in the Senate, it was passed despite his opposition",We've brought more civil rights cases in the Justice Department than the previous administration by far.,Attack,1984
1984_657ef448ecca9cf90a0bddca09b73829,1984_0be319af2dfde03da0185f33c6856719,T113,T114,The vice-president indicates that the President signed the Voting Rights Act.,he did sign it,Support,1984
1984_f82c1f430bbca1614418ec47a7c6ccdb,1984_434e23db917eed620230f9690e5e340d,T112,T620,"he did not support it while it was in the Congress, in the Senate, it was passed despite his opposition",he was required to do so,Attack,1984
1984_434e23db917eed620230f9690e5e340d,1984_7db88db020acf81076690d6cbbc4e748,T620,T116,he was required to do so,the reason they enforced them because under the law they're required to do that,Support,1984
1984_f82c1f430bbca1614418ec47a7c6ccdb,1984_7db88db020acf81076690d6cbbc4e748,T112,T116,"he did not support it while it was in the Congress, in the Senate, it was passed despite his opposition",the reason they enforced them because under the law they're required to do that,Attack,1984
1984_44368a782e73a6cbdbffaf38bbe919ee,1984_7db88db020acf81076690d6cbbc4e748,T117,T116,"In the civil rights cases that he mentioned, the great number of cases that they have enforced",the reason they enforced them because under the law they're required to do that,Support,1984
1984_2a131bf13962bacf9e96d51228cab3d6,1984_7db88db020acf81076690d6cbbc4e748,T115,T116,I'm delighted that the administration is following the law,the reason they enforced them because under the law they're required to do that,Support,1984
1984_14b169d3231e62b48b57d8e73f9c4c1b,1984_7e34258520afcf79ee02466e4287afbe,T118,T119,"we were able to restore some of those terribly, terribly unfair cuts to the poor people of this country","If you take AFDC, if you take food stamps, if you take - oh, go down the line on poor people's programs, those are the programs that suffered considerably under this administration's first budget cuts and those are the ones that in the second part of their part of their term",Attack,1984
1984_3ad941e407709385742046184f8b8e1c,1984_7e34258520afcf79ee02466e4287afbe,T121,T119,"Spending for food stamps is way, way up under the Reagan administration, AFDC is up under the Reagan administration","If you take AFDC, if you take food stamps, if you take - oh, go down the line on poor people's programs, those are the programs that suffered considerably under this administration's first budget cuts and those are the ones that in the second part of their part of their term",Attack,1984
1984_3ad941e407709385742046184f8b8e1c,1984_bcd5c0429d545a1bbc72402078de0ef8,T121,T120,"Spending for food stamps is way, way up under the Reagan administration, AFDC is up under the Reagan administration",I'm not going to be found wrong on that.,Support,1984
1984_f9a0a4a83035e660501320e95f687dcd,1984_bcd5c0429d545a1bbc72402078de0ef8,T123,T120,"I am sure of my facts,",I'm not going to be found wrong on that.,Support,1984
1984_f9a0a4a83035e660501320e95f687dcd,1984_0ad022373dc96d2aa35ca1a4d8a437f7,T123,T124,"I am sure of my facts,",we are trying to help and I think we're doing a reasonable job,Support,1984
1984_57fcf0a398dce91424f65bc7fc933ef7,1984_0ad022373dc96d2aa35ca1a4d8a437f7,T615,T124,"I mean, there's a lot going on, a lotta opportunity",we are trying to help and I think we're doing a reasonable job,Support,1984
1984_d7d9c0f9bc87fcf4f71133baff5ed0db,1984_0ad022373dc96d2aa35ca1a4d8a437f7,T125,T124,"we are not going to rest until every single American that wants a job and until this prosperity and this recovery that's benefiting many Americans, benefits all Americans.",we are trying to help and I think we're doing a reasonable job,Attack,1984
1984_4016fc6ebf71fdc30b315e18455fd6c0,1984_436a177c3cc2512e7f9cc59bede413bc,T88,T87,when people vote,I think you're going to see a very strong verdict by the American people that they favor the approach that I'm talking about,Support,1984
1984_a5524c1c6b0baba5e4dbbfca2ed750eb,1984_5d43c5e0950b3215f73942189f2d7d93,T288,T287,They don't want this arms race.,The American people want arms control.,Support,1984
1984_101c18a82c58245eb5c2bf22e0a26101,1984_5d43c5e0950b3215f73942189f2d7d93,T289,T287,And they don't want this deadly new effort to bring weapons into the heavens.,The American people want arms control.,Support,1984
1984_93f37b473627fbfcaafea343c584f74c,1984_5d43c5e0950b3215f73942189f2d7d93,T290,T287,they want an American foreign policy that leads toward a safer world,The American people want arms control.,Support,1984
1984_5c1a886fe12fb8959fdd5804b7e3053f,1984_ba4ff59ddd5540917b52642d2b5f95f5,T291,T286,American people see this debt,they know it's got to come down,Support,1984
1984_8a927d1ddffa17287e9c3b270f69558f,1984_ba4ff59ddd5540917b52642d2b5f95f5,T292,T286,"if it won't come down, the economy's going to slow down",they know it's got to come down,Support,1984
1984_0fd9d686e23d32df06698f849965825a,1984_ba4ff59ddd5540917b52642d2b5f95f5,T536,T286,maybe go into a recession,they know it's got to come down,Support,1984
1984_b6a7f2abaf7486c98290e62d13c603c2,1984_8bd521d1564f032defbc3f54ea08d116,T294,T293,They see this tremendous influx and swamping of cheap foreign imports in this country that has cost over 3 million jobs,given farmers the worst year in American history,Support,1984
1984_7959502b3ecf761b14f7db6ce1845d31,1984_85ae703efe5e92e1cf2581a03bb08ed9,T296,T295,it's unfair to our children,they know this debt must come down as well,Support,1984
1984_8bd521d1564f032defbc3f54ea08d116,1984_b81b3fa9a1964850d4eb482309126669,T293,T297,given farmers the worst year in American history,The American people want this environment protected,Support,1984
1984_a6cc2e0c47008acc25e6e0f264d62279,1984_c30a1875a9512b20ee6cc80f4124b1fd,T299,T298,they know that people's lives and health are being risked,They know that these toxic waste dumps should have been cleaned up a long time ago,Support,1984
1984_3f1c5ae610b53c9cbbbfa8e090decdb0,1984_b81b3fa9a1964850d4eb482309126669,T300,T297,we've had an administration that has been totally insensitive to the law and the demand for the protection of the environment,The American people want this environment protected,Support,1984
1984_2dfa04d036ac53b051a5e4514803c980,1984_16f6968810881547a5bfb5906365316e,T303,T301,"They want to get our edge back in science,",The American people want their children educated.,Support,1984
1984_51842db5d72e1b470ced4f5c464bdbb8,1984_16f6968810881547a5bfb5906365316e,T304,T301,they want a policy headed by the President that helps close this gap that's widening between the United States and Europe and Japan.,The American people want their children educated.,Support,1984
1984_2db2d5fcfa2c75e86c29dea5d45bd33a,1984_5219655759a77a3cb3b2f88f4515becc,T302,T308,The American people want to keep opening doors.,they want it,Support,1984
1984_27ab5e350e63b7c6d72db8ffee620a6e,1984_2db2d5fcfa2c75e86c29dea5d45bd33a,T537,T302,"they've understood from the beginning that when we open doors, we're all stronger",The American people want to keep opening doors.,Support,1984
1984_b42c58509430970c7f132a9ba43d5c0c,1984_5219655759a77a3cb3b2f88f4515becc,T305,T308,They want those civil rights laws enforced.,they want it,Support,1984
1984_cac358cdce97917c9cb85b5fb00d709c,1984_5219655759a77a3cb3b2f88f4515becc,T306,T308,They want the equal rights amendment ratified,they want it,Support,1984
1984_aadc622e94ebe014f14729c0e2e0a813,1984_5219655759a77a3cb3b2f88f4515becc,T307,T308,They want equal pay for comparable effort for women.,they want it,Support,1984
1984_5d16a56b8416b6989ddc1d4fb31288c3,1984_27ab5e350e63b7c6d72db8ffee620a6e,T309,T537,just as we were at the Olympics,"they've understood from the beginning that when we open doors, we're all stronger",Support,1984
1984_57d4850445256d80e9ff79d9b0cb1e1d,1984_ae8084bc2b8bca3f840f9cc920a7be48,T540,T89,"The President answers that it didn't happen or, if it did, it was resolved later in a commission",I will not support the cuts in Social Security and Medicare and the rest that the President has proposed,Support,1984
1984_a240ff256b4006f8533260ce98abf357,1984_b41507c4ed59dd0436ad3146064222ed,T541,T90,the comparison of approaches is such that I think will lead to further strength,"As the record develops, I think it's going to become increasingly clear that what I am saying and where I want to take this country is exactly where the country wants to go",Support,1984
1984_a87a7da1292b4c1eae75916350ed5ed1,1984_08e7c65beb272a392185790e9a2deddb,T542,T92,a program of returning authority and autonomy to the local and State governments that has been unjustly seized by the Federal Government,We'll continue to try to get things that we didn't get in a program that has already brought the rate of spending of government down from 17 percent to 6.1 percent,Support,1984
1984_5219655759a77a3cb3b2f88f4515becc,1984_3c4b662de0994277a7f77b2b4130cab5,T308,T310,they want it,"I think as you make the case, the American people will increasingly come to our cause.",Support,1984
1984_c155402fd4baec046ed8781817a29248,1984_80a8f1c008b8720e48076bb996672a7d,T544,T543,I was a Democrat at that time,you might find those words in a Democratic platform of some years ago -- I know,Support,1984
1984_2e20f81f3823c0d35f6a19a7ecbedc71,1984_7346bb3149118898cb5eb181b90f5d92,T93,T91,"We have, to one-third of what it was","I promised, when we took office, that we would reduce inflation.",Support,1984
1984_1052db18d53e6ab18bc74b1909a649e9,1984_aace6b03e6d81880844f91181550fc50,T95,T94,"We did, 25 percent across the board.",I promised that we would reduce taxes,Support,1984
1984_8d65afcbbce17d5db8e22f7b4dee7e78,1984_4ad340f6261ca3e356694ec101206e72,T98,T97,we did -- 6 million in the last 20 or 21 months,I said that we would create jobs for our people,Support,1984
1984_0788c7f242ba89b6a36a6c3a2fe391fa,1984_a4be2aa2d2b8429be92518e421e4a86c,T546,T96,We have done that,"I said that we would become respected in the world once again and that we would refurbish our national defense to the place that we could deal on the world scene and then seek disarmament, reduction of arms, and, hopefully, an elimination of nuclear weapons",Support,1984
1984_0788c7f242ba89b6a36a6c3a2fe391fa,1984_e3825456117f032259fd04574b05fc2a,T546,T547,We have done that,"All of the things that I said we would do, from inflation being down, interest rates being down, unemployment falling, all of those things we have done",Support,1984
1984_2e20f81f3823c0d35f6a19a7ecbedc71,1984_e3825456117f032259fd04574b05fc2a,T93,T547,"We have, to one-third of what it was","All of the things that I said we would do, from inflation being down, interest rates being down, unemployment falling, all of those things we have done",Support,1984
1984_1052db18d53e6ab18bc74b1909a649e9,1984_e3825456117f032259fd04574b05fc2a,T95,T547,"We did, 25 percent across the board.","All of the things that I said we would do, from inflation being down, interest rates being down, unemployment falling, all of those things we have done",Support,1984
1984_5bda35b4a9b65777bcb55c08e226eac0,1984_5ac6651b78a12baa892a1cde13e0c9a8,T549,T99,"today, without the Federal Government being involved other than passing on to them, the school districts, the words from that commission",we find 35 States with task forces now dealing with their educational problems,Support,1984
1984_5bda35b4a9b65777bcb55c08e226eac0,1984_2d16d1a5c105b4ef0db230ca59c02825,T549,T101,"today, without the Federal Government being involved other than passing on to them, the school districts, the words from that commission",We find that schools are extending the curriculum to now have forced teaching of mathematics and science and so forth,Support,1984
1984_b78ee30265e9b5a3a485683056508424,1984_5174561461f55f2d468f57fac410952d,T104,T103,The leadership isn't taking us where we want to go,I think that many Democrats are seeing the same thing this Democrat saw,Support,1984
1984_2d16d1a5c105b4ef0db230ca59c02825,1984_ccff9cb55f11e222359944dd1fe643c6,T101,T102,We find that schools are extending the curriculum to now have forced teaching of mathematics and science and so forth,All of these things have brought an improvement in the college entrance exams for the first time in some 20 years.,Support,1984
1984_5ac6651b78a12baa892a1cde13e0c9a8,1984_ccff9cb55f11e222359944dd1fe643c6,T99,T102,we find 35 States with task forces now dealing with their educational problems,All of these things have brought an improvement in the college entrance exams for the first time in some 20 years.,Support,1984
1984_cb48c99e00683fc22a2a0734e84aee9d,1984_85438cd376ea36771b909effec1b843d,T107,T105,"Crime has come down the last 2 years, for the first time in many, many decades that it has come down -- or since we've kept records -- 2 consecutive years, and last year it came down the biggest drop in crime that we've had.",There are tasks that government legitimately should enforce and tasks that government performs well,Support,1984
1984_aae810551e3ab5966c55a8b5cd21ac9a,1984_edbe6e3b3e9f360a80c93ba293d08580,T550,T106,just as we have with the drug problem nationwide,I think that we've had something to do with that,Support,1984
1984_dccbc5c96146e45cd552d815361db376,1984_179302060ce21195a0b0add16bdfac9a,T110,T111,When we took office,"we found that the national parks were so dirty and contained so many hazards, lack of safety features",Support,1984
1984_9458ceca84ff46c13bc90f1f74beac54,1984_49a37b32f0f6dc1a53cd80cf53a65693,T552,T551,it's just about finished already,"Yes, I feel as strongly as anyone about the preservation of the environment",Support,1984
1984_179302060ce21195a0b0add16bdfac9a,1984_9458ceca84ff46c13bc90f1f74beac54,T111,T552,"we found that the national parks were so dirty and contained so many hazards, lack of safety features",it's just about finished already,Support,1984
1984_cfb7684e09d202e00f32fab87ecfe0cb,1984_753b53ce8992067a42483374093d1394,T109,T108,now we're going back to budgeting for additional lands for our parks.,"We have added millions of acres to the wilderness lands, to the game refuges.",Support,1984
1984_2dc5912c0f5fc93e13217ff32387a36d,1984_b196c08e73c3c543c5f0184b23a8316a,T113,T553,"I was chairman of ""Minnesotans for Kennedy;'' President Reagan was chairman of a thing called ""Democrats for Nixon",maybe we made a wrong turn with Kennedy,Support,1984
1984_48adbc65043f5188e6238780f7119bf6,1984_dbcb71bd8a41276b45efedd840fd854a,T114,T554,I'm very happy that John Kennedy was elected,I'll be proud of supporting him all of my life,Support,1984
1984_1d5b96cd81b7d4d8312af8ae1c4d0456,1984_48adbc65043f5188e6238780f7119bf6,T555,T114,"John Kennedy looked at the future with courage, saw what needed to be done, and understood his own government",I'm very happy that John Kennedy was elected,Support,1984
1984_5c3d89f735af2e7fcaf61a8e6b21e641,1984_bdbafe8440cb7c01960d99634fe3a465,T556,T115,It's not,The President just said that his government is shrinking,Attack,1984
1984_5c3d89f735af2e7fcaf61a8e6b21e641,1984_b78ee30265e9b5a3a485683056508424,T556,T104,It's not,The leadership isn't taking us where we want to go,Attack,1984
1984_82cd7d3a09cd4a8f72fb20fe596a496e,1984_5c3d89f735af2e7fcaf61a8e6b21e641,T116,T556,It's now the largest peacetime government ever in terms of the take from the total economy,It's not,Support,1984
1984_6fa581635b5eb8d7d1ff310046acb76b,1984_8cadfc244f32bd788e2a1c238009841b,T557,T117,"instead of retreating -- instead of being strong where we should be strong, he wants to make it strong and intervene in the most private and personal questions in American life",That's where government should not be,Support,1984
1984_91640ccd6088b13f3e7755d90c13e03b,1984_271960f49c16e17dc5fcc3f2fbe55b7e,T559,T558,Before I campaigned as a Democrat for a Republican candidate for President,I had already voted for Dwight Eisenhower to be President of the United States,Support,1984
1984_c2da7c7bda38edcb246cc90de68a4a69,1984_890cda53fc4683bfd137292ab539dbc9,T560,T561,my change had come earlier than that,I hadn't gotten around to reregistering as yet,Support,1984
1984_036789e6b55aca91c090ab83d2abd603,1984_890cda53fc4683bfd137292ab539dbc9,T562,T561,I found that was rather difficult to do,I hadn't gotten around to reregistering as yet,Support,1984
1984_fbae8cc0d11700077caa591559b514d3,1984_f6173fe7a13114c6a2f1538e8e79856d,T120,T118,The farmers were the victims of the double-digit inflation and the 21\1/2\-percent interest rates of the Carter-Mondale administration and the grain embargo,The farmers are not the victims of anything this administration has done,Support,1984
1984_fbae8cc0d11700077caa591559b514d3,1984_0dc9f5636fa8599fc8f1a4b8eba01598,T120,T119,The farmers were the victims of the double-digit inflation and the 21\1/2\-percent interest rates of the Carter-Mondale administration and the grain embargo,which destroyed our reliability nationwide as a supplier.,Support,1984
1984_3f1f5763a59b70870668b2b4811711a0,1984_070b2f69c8fea6861bc451c9a718aa66,T122,T121,"As a matter of fact, there has been less than one-quarter of 1 percent of foreclosures of the 270,000 loans from government that the farmers have.","All of these things are presently being rectified, and I think that we are going to salvage the farmers.",Support,1984
