source_unique_id,target_unique_id,source_id,target_id,source_text,target_text,relation_class,year
2000_64e566dcc11b550cccf5af70a07e0834,2000_5c99267e2a514323a2963afa1a2d32cb,T581,T582,"Sometimes people who are very idealistic and have great dreams, as young people do, are apt to stay at arm's length from the political process",they think their good hearts might be brittle,Support,2000
2000_5c99267e2a514323a2963afa1a2d32cb,2000_93d09c774d4d06ae90bd0581103ac2a1,T582,T583,they think their good hearts might be brittle,"if they invest their hopes and allow themselves to believe, then they're gonna be let down and disappointed",Support,2000
2000_e7ac85e6259d3dae1112bc7f1e571c7b,2000_93d09c774d4d06ae90bd0581103ac2a1,T584,T583,thank goodness we've always had enough people who have been willing in every generation to push past the fear of a broken heart and become deeply involved in forming a more perfect union,"if they invest their hopes and allow themselves to believe, then they're gonna be let down and disappointed",Attack,2000
2000_54ccfa08b16f03e51c8d9d31c64931b5,2000_0b964a55752c625a4cfbcf7d0d77906c,T579,T580,we believe in our future,we know we have the ability to shape our future,Support,2000
2000_97f414aad9fbb2486e09d5eb8464b725,2000_1297e2791109c8139e3248a0230247dc,T576,T577,we've got to address one of the biggest threats to our democracy,that is the current campaign financing system,Attack,2000
2000_d6462ccd691cfca56ab7de3835c27f97,2000_c47cde1fe3fb8664f46d234c3d5fdc0f,T574,T585,I will make the McCain-Feingold Campaign Finance Reform bill the very first measure that I send to the Congress as president,Governor Bush opposes it,Attack,2000
2000_31fda9fad06777cba6d34ec473c5d3c8,2000_c47cde1fe3fb8664f46d234c3d5fdc0f,T586,T585,I wish that he would consider changing his mind on that,Governor Bush opposes it,Support,2000
2000_e7f86ac060ed3bdc8d21ae4b07bac11e,2000_6511e8cf5c28b371bb271bbb13a9d7dd,T572,T573,I think that the special interests have too much power,we need to give our democracy back to the American people,Support,2000
2000_d6462ccd691cfca56ab7de3835c27f97,2000_6511e8cf5c28b371bb271bbb13a9d7dd,T574,T573,I will make the McCain-Feingold Campaign Finance Reform bill the very first measure that I send to the Congress as president,we need to give our democracy back to the American people,Support,2000
2000_f7a041ba4c4c0d9e4c13f86f9b81033c,2000_1177212644a8af45a8b8913bce4c6db3,T575,T578,I don't believe that's a fair measure,I know they say it doesn't rank anywhere on the polls,Attack,2000
2000_d6462ccd691cfca56ab7de3835c27f97,2000_1297e2791109c8139e3248a0230247dc,T574,T577,I will make the McCain-Feingold Campaign Finance Reform bill the very first measure that I send to the Congress as president,that is the current campaign financing system,Attack,2000
2000_d09888f3fcb63c5d9b7a9d6631dc83c3,2000_2a7c432bf328cd96376b50b18a3f8dad,T569,T568,they shouldn't have a big megaphone that drowns out the American people,They ought to have their voices heard,Attack,2000
2000_6511e8cf5c28b371bb271bbb13a9d7dd,2000_a6d9f71878d8069a20fbaeb6a3eac7c7,T573,T587,we need to give our democracy back to the American people,"Those issues you mentioned, Social Security, prescription drugs, the big drug companies are against the prescription drug proposal that I've made",Attack,2000
2000_6511e8cf5c28b371bb271bbb13a9d7dd,2000_31f6a1effc494f30e770853dbcb98738,T573,T588,we need to give our democracy back to the American people,"The HMOs are against the patient's rights bill, the Dingle-Norwood bill that I support",Attack,2000
2000_6511e8cf5c28b371bb271bbb13a9d7dd,2000_bfa8052290e7687310d6551a0e264204,T573,T571,we need to give our democracy back to the American people,Bush does not support,Attack,2000
2000_6511e8cf5c28b371bb271bbb13a9d7dd,2000_7ea6a652c70a2a9b48810221c52924d6,T573,T570,we need to give our democracy back to the American people,The big oil companies are against the measures to get more energy independence and renewable fuel,Attack,2000
2000_ce203c404523d528ad85ba7c5b44c01f,2000_7b14340b7db0bdda8b65fa7cc39adf3e,T566,T567,We need campaign finance reform,we need to shoot straight with young and old alike and tell them what the real choices are,Support,2000
2000_ce203c404523d528ad85ba7c5b44c01f,2000_1297e2791109c8139e3248a0230247dc,T566,T577,We need campaign finance reform,that is the current campaign financing system,Attack,2000
2000_7b14340b7db0bdda8b65fa7cc39adf3e,2000_4f8a62dc55e8bfb24fb5d0f12b9766c0,T567,T565,we need to shoot straight with young and old alike and tell them what the real choices are,we can renew and rekindle the American spirit and make our future what our founders dreamed it could be,Support,2000
2000_d1b0f2b3ecbb06a62d8dc19aeae6c9da,2000_4f8a62dc55e8bfb24fb5d0f12b9766c0,T564,T565,We can,we can renew and rekindle the American spirit and make our future what our founders dreamed it could be,Support,2000
2000_6511e8cf5c28b371bb271bbb13a9d7dd,2000_4f8a62dc55e8bfb24fb5d0f12b9766c0,T573,T565,we need to give our democracy back to the American people,we can renew and rekindle the American spirit and make our future what our founders dreamed it could be,Support,2000
2000_2170cb8e4a7f52a2a4dff1b72371333c,2000_a30c097fe4da066e0c0a2389f1ce5935,T590,T589,"A lot of people are sick and tired of the bitterness in Washington, D.C.",they don't want any part of politics,Support,2000
2000_b150b1df3590f4ecdd99b51bd278b104,2000_a30c097fe4da066e0c0a2389f1ce5935,T1,T589,They look at Washington and see people pointing fingers and casting blame and saying one thing and doing another,they don't want any part of politics,Support,2000
2000_05ab4f182d4cde843c0edc83ad76c66a,2000_a30c097fe4da066e0c0a2389f1ce5935,T2,T589,"There's a lot of young folks saying, you know, why do I want to be involved with this mess",they don't want any part of politics,Support,2000
2000_5cbc1b422182be8ef89fe1f12a3fa5c3,2000_3124f5eadf26352d28f7bcf63a69a0be,T605,T603,"Medicare is relevant for all of us, young and old alike",We better get it right now,Support,2000
2000_73ed6e77d02c2612c79dfd1ee959b45f,2000_b150b1df3590f4ecdd99b51bd278b104,T604,T1,"what I think needs to happen in order to encourage the young to become involved is to shoot straight, is to set aside the partisan differences, and set an agenda that will make sense",They look at Washington and see people pointing fingers and casting blame and saying one thing and doing another,Attack,2000
2000_73ed6e77d02c2612c79dfd1ee959b45f,2000_05ab4f182d4cde843c0edc83ad76c66a,T604,T2,"what I think needs to happen in order to encourage the young to become involved is to shoot straight, is to set aside the partisan differences, and set an agenda that will make sense","There's a lot of young folks saying, you know, why do I want to be involved with this mess",Attack,2000
2000_5cbc1b422182be8ef89fe1f12a3fa5c3,2000_73ed6e77d02c2612c79dfd1ee959b45f,T605,T604,"Medicare is relevant for all of us, young and old alike","what I think needs to happen in order to encourage the young to become involved is to shoot straight, is to set aside the partisan differences, and set an agenda that will make sense",Support,2000
2000_63cad7319f96641fd6b977c8df8bf85c,2000_73ed6e77d02c2612c79dfd1ee959b45f,T606,T604,Tax reform is relevant for old and young alike,"what I think needs to happen in order to encourage the young to become involved is to shoot straight, is to set aside the partisan differences, and set an agenda that will make sense",Support,2000
2000_73ed6e77d02c2612c79dfd1ee959b45f,2000_82b3c020b00ee122a8e905321dab46a1,T604,T602,"what I think needs to happen in order to encourage the young to become involved is to shoot straight, is to set aside the partisan differences, and set an agenda that will make sense",I don't think it's the issues that turn kids off,Attack,2000
2000_e9abc96bbc5216779fdbe115941e7055,2000_82b3c020b00ee122a8e905321dab46a1,T596,T602,I think it's the tone,I don't think it's the issues that turn kids off,Attack,2000
2000_2630988fb50f98f300ab4e8cf7088bc6,2000_82b3c020b00ee122a8e905321dab46a1,T597,T602,I think it's the attitude,I don't think it's the issues that turn kids off,Attack,2000
2000_d28efc2682372befaf8ad2c91b54254e,2000_82b3c020b00ee122a8e905321dab46a1,T598,T602,I think it's a cynicism in Washington,I don't think it's the issues that turn kids off,Attack,2000
2000_152b216301552770e39eab5ba5061432,2000_d28efc2682372befaf8ad2c91b54254e,T599,T598,it doesn't have to be that way,I think it's a cynicism in Washington,Attack,2000
2000_152b216301552770e39eab5ba5061432,2000_73ed6e77d02c2612c79dfd1ee959b45f,T599,T604,it doesn't have to be that way,"what I think needs to happen in order to encourage the young to become involved is to shoot straight, is to set aside the partisan differences, and set an agenda that will make sense",Support,2000
2000_118fb80be8377c047139a67b46903189,2000_05ad2ed76abaa9546b63154c44ad6946,T601,T3,"I believe the answer is yes, otherwise I wouldn't be asking for your vote","could an administration change the tone in Washington, D.C",Attack,2000
2000_118fb80be8377c047139a67b46903189,2000_fd70efe337ed1e5db511b15725c66a1f,T601,T600,"I believe the answer is yes, otherwise I wouldn't be asking for your vote",That's what happened in Texas,Support,2000
2000_c85862b6e6484ab10e753e5f820e2fca,2000_fd70efe337ed1e5db511b15725c66a1f,T4,T600,We worked together,That's what happened in Texas,Support,2000
2000_68d53c64608eb67259d442581f8a4002,2000_b5a8e9569378f7af8921d4a4fb5fefee,T607,T608,There is a man here in this audience named Hugo Berlanga,He is the chairman of the health committee,Support,2000
2000_b5a8e9569378f7af8921d4a4fb5fefee,2000_1a31f320427c5acf49d9a023a61ab5d2,T608,T609,He is the chairman of the health committee,"He came here for a reason, to tout our record on health in Texas",Support,2000
2000_1a31f320427c5acf49d9a023a61ab5d2,2000_9c0027e0eeb7103a74139d39d92142ee,T609,T595,"He came here for a reason, to tout our record on health in Texas",He's a Democrat,Support,2000
2000_4a789326f1c15104317bf1f82d618eb2,2000_c462b0527257a5d94af7ca6c3cdb9d16,T593,T594,I didn't care whether he was a Republican or Democrat,What I cared about is could we work together,Support,2000
2000_c462b0527257a5d94af7ca6c3cdb9d16,2000_19db9b35ca90bdc79e200eaa73c48664,T594,T592,What I cared about is could we work together,"That's what Washington, D.C. needs",Support,2000
2000_c85862b6e6484ab10e753e5f820e2fca,2000_19db9b35ca90bdc79e200eaa73c48664,T4,T592,We worked together,"That's what Washington, D.C. needs",Support,2000
2000_5721a0de3e2f1256b8a8f98eef20d4f1,2000_19db9b35ca90bdc79e200eaa73c48664,T591,T592,That's the best way to get people back in the system,"That's what Washington, D.C. needs",Support,2000
2000_9c0027e0eeb7103a74139d39d92142ee,2000_4a789326f1c15104317bf1f82d618eb2,T595,T593,He's a Democrat,I didn't care whether he was a Republican or Democrat,Support,2000
2000_a15a2844321377b9366afb88c7745afd,2000_5716f4502a004e8085556c0e293baa0b,T290,T291,"So much progress has been made in the original Oslo agreements between the Israelis, the Palestinians, adopted in 1993, and the peace between Israel and Jordan thereafter",Al Gore has played a critical role in advancing that process over the last eight years,Support,2000
2000_2a21df4f3350fd6b8112c162209ddcb5,2000_5716f4502a004e8085556c0e293baa0b,T289,T291,So much work has been done by the people there with the support of this administration,Al Gore has played a critical role in advancing that process over the last eight years,Support,2000
2000_777819af7ae0d1ec7f395e177b2d0214,2000_b18e8fb0b21e6e6ebdb0332c3ef56127,T292,T293,"these two peoples have come in some senses, generations forward, centuries forward, in the last seven years",They are so close to a final peace agreement,Support,2000
2000_135acf883a574521c0cfe7aea5bd0d70,2000_7cc0f8a3270e688c1a271b5ff9fea863,T287,T286,"We've been on a very constructive course in the Middle East, played an unusual, unique role",Al Gore and I will continue to do that,Support,2000
2000_f453984aee954536baddde355ecb7f8e,2000_7cc0f8a3270e688c1a271b5ff9fea863,T295,T286,I'm convinced the great majority of the Israeli and Palestinian people want,Al Gore and I will continue to do that,Support,2000
2000_b18e8fb0b21e6e6ebdb0332c3ef56127,2000_135acf883a574521c0cfe7aea5bd0d70,T293,T287,They are so close to a final peace agreement,"We've been on a very constructive course in the Middle East, played an unusual, unique role",Support,2000
2000_d290b8e2214f46a17935ff408b38dc53,2000_135acf883a574521c0cfe7aea5bd0d70,T2,T287,Secretary Albright has been in Paris meeting with prime minister Barak and chairman Arafat,"We've been on a very constructive course in the Middle East, played an unusual, unique role",Support,2000
2000_a376d9e7007d701aed4e6ad0b280f0d8,2000_7cc0f8a3270e688c1a271b5ff9fea863,T288,T286,"I hope I might, through my friendships in Israel and throughout the Arab world, play a unique role in bringing peace to this -- this sacred region of the world",Al Gore and I will continue to do that,Support,2000
2000_c836d943e6b93123e1ba9f91171ca38c,2000_64f63a063f4cf63455f005c6e0a6d6f7,T303,T302,the Gulf War,"We made significant breakthroughs, I think, at the end of the Bush administration",Support,2000
2000_c1cde431313a19e3112693ff7a45c3b4,2000_64f63a063f4cf63455f005c6e0a6d6f7,T304,T302,Numerous administrations going back certainly to World War II have had to wrestle with the problem of what should happen to the Middle East,"We made significant breakthroughs, I think, at the end of the Bush administration",Support,2000
2000_2d4bf30e3ea04b5dda457408497d185e,2000_64f63a063f4cf63455f005c6e0a6d6f7,T305,T302,we had joined together with Arab allies and done enormous damage to the Iraqi armed forces,"We made significant breakthroughs, I think, at the end of the Bush administration",Support,2000
2000_cd5cf08c5d5692e46b07152f78eb188f,2000_fc2aac7555b55495afa8088cd1b2577b,T3,T311,By virtue of the end of the Cold War,the Soviets were no longer a factor,Support,2000
2000_fc2aac7555b55495afa8088cd1b2577b,2000_c3cabf4201a646998f580f2a57c2a55d,T311,T4,the Soviets were no longer a factor,"With the end of the Soviet Union, the implosion of the empire, that created a vacuum if you will, and made it easier for us to operate there",Support,2000
2000_fa96e7eb18b256f399aa08acd7786da7,2000_c3cabf4201a646998f580f2a57c2a55d,T312,T4,They used to fish in troubled waters whenever they had the opportunity in the Middle East,"With the end of the Soviet Union, the implosion of the empire, that created a vacuum if you will, and made it easier for us to operate there",Support,2000
2000_c3cabf4201a646998f580f2a57c2a55d,2000_9b27716ccc493407c54c6d8ffbe73b85,T4,T300,"With the end of the Soviet Union, the implosion of the empire, that created a vacuum if you will, and made it easier for us to operate there","We were able to, I think, reassure both Arabs and Israelis would play a major role there",Support,2000
2000_64f63a063f4cf63455f005c6e0a6d6f7,2000_9b27716ccc493407c54c6d8ffbe73b85,T302,T300,"We made significant breakthroughs, I think, at the end of the Bush administration","We were able to, I think, reassure both Arabs and Israelis would play a major role there",Support,2000
2000_dcb4c9faa2a2c9c512f1682d62bbf66f,2000_64f63a063f4cf63455f005c6e0a6d6f7,T313,T302,Iraq was the biggest military threat to Israel,"We made significant breakthroughs, I think, at the end of the Bush administration",Support,2000
2000_0969ce00b3464e6aced88bbf3c41fa06,2000_9b27716ccc493407c54c6d8ffbe73b85,T306,T300,"We have the ability and the will to deploy forces if we had to, to engage in military operations to help our friends and oppose our foes","We were able to, I think, reassure both Arabs and Israelis would play a major role there",Support,2000
2000_484ae3eec0a7b87cdd03ec08b60b0ab0,2000_0969ce00b3464e6aced88bbf3c41fa06,T307,T306,We were able to convene them in a conference,"We have the ability and the will to deploy forces if we had to, to engage in military operations to help our friends and oppose our foes",Support,2000
2000_f2c61d7e506be0c8c79f88f3617f120f,2000_484ae3eec0a7b87cdd03ec08b60b0ab0,T308,T307,The first time Arab and Israelis sat down face-to-face and began this process of trying to move the peace process forward,We were able to convene them in a conference,Support,2000
2000_ac457ba70aefe93aafa0cd06c3678992,2000_f3bcd760de7cc4fa47d8195a44767377,T310,T309,He was a man who had the military stature to be able to confidently persuade the Israelis to take risks for peace,"His tragic passing was of great consequence, a great tragedy for everybody who cares about peace in the Middle East",Support,2000
2000_8d45245d9fac08f3c96651372bc64778,2000_b72cba1e4a065816be6aed4127c1caa1,T809,T807,I love mine,The man loves his wife and I appreciate that a lot,Support,2000
2000_c234fedf70d50b0b6848ae79eec3d960,2000_903073628ebca4317bdfd29d1136a000,T810,T808,I love my family,"The man loves his family a lot, and I appreciate that",Support,2000
2000_41d8ad664abfb7174473ad8b5807b786,2000_387b6ff9541b9aa0838ae38b560a9950,T806,T805,I felt like there needed to be a better sense of responsibility of what was going on in the White House,"I think the thing that discouraged me about the vice president was uttering those famous words, ""No controlling legal authority.""",Support,2000
2000_5b84deb25302218a68998c6ada9d73e3,2000_d0990e660a979e473a4ae8d95394f3dc,T812,T811,it's not right,It's not good for the country,Support,2000
2000_7dd5f4dea59d746d9848fb7e10952ff6,2000_41d8ad664abfb7174473ad8b5807b786,T813,T806,"they've moved that sign, ""The buck stops here"" from the Oval Office desk to ""The buck stops here"" on the Lincoln bedroom",I felt like there needed to be a better sense of responsibility of what was going on in the White House,Support,2000
2000_d0990e660a979e473a4ae8d95394f3dc,2000_387b6ff9541b9aa0838ae38b560a9950,T811,T805,It's not good for the country,"I think the thing that discouraged me about the vice president was uttering those famous words, ""No controlling legal authority.""",Attack,2000
2000_01a31eacf8c04e228301ab889680e544,2000_d0990e660a979e473a4ae8d95394f3dc,T814,T811,We need to have a new look about how we conduct ourselves in office,It's not good for the country,Support,2000
2000_f55dbbd8eb101f1eb7748bd535ad0a59,2000_4724bde078d3f1a9e1ff4bd2030e748e,T816,T815,"I see it all the time when people come up to me and say, I don't want you to let me down again",There's a huge trust,Support,2000
2000_4724bde078d3f1a9e1ff4bd2030e748e,2000_387b6ff9541b9aa0838ae38b560a9950,T815,T805,There's a huge trust,"I think the thing that discouraged me about the vice president was uttering those famous words, ""No controlling legal authority.""",Attack,2000
2000_21f704facbef84db1ae4dd74b9c74951,2000_49efb3cf24eb1bbe0f68ee59a36b2360,T820,T1,It's time for a fresh start,It's time for a fresh star,Support,2000
2000_ea3e3da26ade6d89317b9bad74821feb,2000_49efb3cf24eb1bbe0f68ee59a36b2360,T821,T1,It's time for a new look,It's time for a fresh star,Support,2000
2000_49efb3cf24eb1bbe0f68ee59a36b2360,2000_e8976f5bbb27e9b75855fc2fb4b1a713,T1,T817,It's time for a fresh star,we can do better than the past administration has done,Attack,2000
2000_fdb63569a67db22db18191af8e6f8801,2000_49efb3cf24eb1bbe0f68ee59a36b2360,T823,T1,after a season of cynicism,It's time for a fresh star,Support,2000
2000_4cc0ab0cad8f011f844d51cf0b62c3d2,2000_bcea742429b78c3ce9897fa421901d24,T819,T818,going to a Buddhist temple and then claiming it wasn't a fundraiser isn't my view of responsibility,I've been disappointed about how he and his administration have conducted the fundraising affairs,Support,2000
2000_49efb3cf24eb1bbe0f68ee59a36b2360,2000_bcea742429b78c3ce9897fa421901d24,T1,T818,It's time for a fresh star,I've been disappointed about how he and his administration have conducted the fundraising affairs,Attack,2000
2000_aba89deb57e9b387065813126749d512,2000_bcea742429b78c3ce9897fa421901d24,T824,T818,"I think we ought to attack our country's problems, not attack each other",I've been disappointed about how he and his administration have conducted the fundraising affairs,Attack,2000
2000_e92c26ca8b07b7e29b58281bf5a7604c,2000_aba89deb57e9b387065813126749d512,T825,T824,"I want to spend my time making this country even better than it is, not trying to make you out to be a bad person","I think we ought to attack our country's problems, not attack each other",Support,2000
2000_8aba839d51b21f117f4d722447109205,2000_2b7c0326ecf75a2b60a182319133259d,T827,T826,I want to focus on results,You may want to focus on scandal,Attack,2000
2000_aba89deb57e9b387065813126749d512,2000_2b7c0326ecf75a2b60a182319133259d,T824,T826,"I think we ought to attack our country's problems, not attack each other",You may want to focus on scandal,Attack,2000
2000_8aba839d51b21f117f4d722447109205,2000_e92c26ca8b07b7e29b58281bf5a7604c,T827,T825,I want to focus on results,"I want to spend my time making this country even better than it is, not trying to make you out to be a bad person",Support,2000
2000_f5eeefa8b4303c1461f3cc4ad64a6659,2000_5b0143f81886cdc762f5741e0546d6c9,T834,T835,Tipper and I have been married for 30 years,We became grandparents a year-and-a-half ago,Support,2000
2000_5b0143f81886cdc762f5741e0546d6c9,2000_e89a1913a96080336b57817fe53b3157,T835,T836,We became grandparents a year-and-a-half ago,We've got four children,Support,2000
2000_e89a1913a96080336b57817fe53b3157,2000_ecc6eff41ec55cd0bc1d4a2095f66fdd,T836,T829,We've got four children,I have devoted 24 years of my life to public service,Support,2000
2000_ecc6eff41ec55cd0bc1d4a2095f66fdd,2000_45549271a5e662228e83f4298147e71d,T829,T830,I have devoted 24 years of my life to public service,if you entrust me with the presidency,Support,2000
2000_45549271a5e662228e83f4298147e71d,2000_31e63964f53d659fdf5f5d3fd88451c6,T830,T828,if you entrust me with the presidency,"I may not be the most exciting politician, but I will work hard for you every day",Support,2000
2000_50d19400ff4ec0e941850d8ad3f7e5fd,2000_f5eeefa8b4303c1461f3cc4ad64a6659,T833,T834,I stand here as my own man and I want you to see me for who I really am,Tipper and I have been married for 30 years,Support,2000
2000_5dcb766c7aaae880f707c564e2b2958a,2000_9c0c67959f599b5ed77a6b58c08c4e0e,T831,T832,I will fight for middle-class families and working men and women,I will never let you down,Support,2000
2000_31e63964f53d659fdf5f5d3fd88451c6,2000_5dcb766c7aaae880f707c564e2b2958a,T828,T831,"I may not be the most exciting politician, but I will work hard for you every day",I will fight for middle-class families and working men and women,Support,2000
2000_1572c2957ac333c866a9c34bdf404b13,2000_9bd3eaa82efa68847002a9bdf79c88af,T840,T841,that's the way I've conducted myself as Governor of Texas,that's the way I'll conduct myself as President of the United States,Support,2000
2000_6551fa69aec6f4c9d6eee6868f2031cd,2000_a14513cc7648537f0505592df8ec6f32,T838,T837,I think people need to be held responsible for the actions they take in life,They ought to factor in it when they go to the voting booth,Support,2000
2000_895a0c647787cf9ef8e9ffc17ec34f36,2000_6551fa69aec6f4c9d6eee6868f2031cd,T842,T838,We need to say we each need to be responsible for what we do,I think people need to be held responsible for the actions they take in life,Support,2000
2000_6551fa69aec6f4c9d6eee6868f2031cd,2000_f065312a642f6d02f9bb6feebdf2cc29,T838,T843,I think people need to be held responsible for the actions they take in life,People in the highest office of the land must be responsible for decisions they make in life,Support,2000
2000_f065312a642f6d02f9bb6feebdf2cc29,2000_1572c2957ac333c866a9c34bdf404b13,T843,T840,People in the highest office of the land must be responsible for decisions they make in life,that's the way I've conducted myself as Governor of Texas,Support,2000
2000_29d4af3900b2e8948e3671e1a7be3cb7,2000_31d458feed2a19fa3b02ee19139b9a93,T848,T845,I'm asking you to see me for who I really am,"I think the American people should take into account who we are as individuals, what our experience is, what our positions are on the issues and proposals are",Support,2000
2000_ea4c6275d95824ce20bf70c366b82c77,2000_31d458feed2a19fa3b02ee19139b9a93,T849,T845,"I'm offering you my own vision, my own experience, my own proposals","I think the American people should take into account who we are as individuals, what our experience is, what our positions are on the issues and proposals are",Support,2000
2000_3467cc48247bb9865a964ddf793bf137,2000_0e8d2cfba92347c3d146d447a6402301,T847,T846,This current campaign financing system has not reflected credit on anybody in either party,"if I'm president, the very first bill that Joe Lieberman and I will send to the United States Congress is the McCain-Feingold campaign finance reform bill",Support,2000
2000_3154b5ffd2ed0e0029dd834f31f84c53,2000_5f175f050f172d3373a097e6fee77d6c,T851,T850,if we limit the influence of special interest money,all these other proposals are going to be a lot easier to get passed for the American people,Support,2000
2000_134ac3ed00e063ae986bf35daaa0f6c6,2000_5f175f050f172d3373a097e6fee77d6c,T852,T850,give democracy back to the American people,all these other proposals are going to be a lot easier to get passed for the American people,Support,2000
2000_5f175f050f172d3373a097e6fee77d6c,2000_0e8d2cfba92347c3d146d447a6402301,T850,T846,all these other proposals are going to be a lot easier to get passed for the American people,"if I'm president, the very first bill that Joe Lieberman and I will send to the United States Congress is the McCain-Feingold campaign finance reform bill",Support,2000
2000_021ce1c689f0bf22d3ab26d9ef886529,2000_0e8d2cfba92347c3d146d447a6402301,T853,T846,"all of the other issues, whether prescription drugs for all seniors that are opposed by the drug companies or the patient's bill of rights to take the decisions away from the HMOs and give them to the doctors and nurses, opposed by the HMOs and insurance companies","if I'm president, the very first bill that Joe Lieberman and I will send to the United States Congress is the McCain-Feingold campaign finance reform bill",Support,2000
2000_22f9cb9a0825a0e0ad36489eba6737cb,2000_b19d46f5f4c6cac58f1977f0c879fd9c,T854,T859,this man has no credibility on the issue,I am not going to lay down my arms in the middle of the campaign for somebody who has got no credibility on the issue,Support,2000
2000_420aa0bd240023d0391ebf942b4945c4,2000_dc86e11c4cf6f41f5488989c08fb09ea,T855,T856,"I read in the ""New York Times"" where he said he co-sponsored the McCain-Feingold Campaign Fundraising Bill",But he wasn't in the Senate with Senator Feingold,Support,2000
2000_dc86e11c4cf6f41f5488989c08fb09ea,2000_22f9cb9a0825a0e0ad36489eba6737cb,T856,T854,But he wasn't in the Senate with Senator Feingold,this man has no credibility on the issue,Support,2000
2000_7d6390e063da8dc3ea2816582c934569,2000_22f9cb9a0825a0e0ad36489eba6737cb,T857,T854,I will uphold the law,this man has no credibility on the issue,Attack,2000
2000_3ffc1046902de66d2d75cb406e4436ef,2000_22f9cb9a0825a0e0ad36489eba6737cb,T858,T854,I'm going to have an attorney general that enforces the law,this man has no credibility on the issue,Attack,2000
2000_6ce53b3bc8c0d37a105963cf77a44ac9,2000_e6b50ee910f4233e40ba15a030522bc0,T860,T861,The time for campaign funding reform is after the election,This man has outspent me and the special interests are outspending me,Support,2000
2000_b19d46f5f4c6cac58f1977f0c879fd9c,2000_e6b50ee910f4233e40ba15a030522bc0,T859,T861,I am not going to lay down my arms in the middle of the campaign for somebody who has got no credibility on the issue,This man has outspent me and the special interests are outspending me,Attack,2000
2000_17cc9806708379c1534bddab9436b92d,2000_87d37fdbe64cd9db526531a6cbec2e37,T863,T862,I've campaigned on this since the primaries,I would support an effort to ban corporate soft money and labor union soft money so long as there was dues check-off,Support,2000
2000_bbfd70671f369d9216cbd967d18e40d2,2000_bc5b49bd4d1187a8e32483d228812d4a,T865,T864,I think we need to fully enforce the law,I believe there needs to be instant disclosure on the Internet as to who has given to who,Support,2000
2000_bc5b49bd4d1187a8e32483d228812d4a,2000_87d37fdbe64cd9db526531a6cbec2e37,T864,T862,I believe there needs to be instant disclosure on the Internet as to who has given to who,I would support an effort to ban corporate soft money and labor union soft money so long as there was dues check-off,Support,2000
2000_5f81dcd2b865f746945d9f2aa79d8091,2000_bbfd70671f369d9216cbd967d18e40d2,T866,T865,"I think we need to have an attorney general that says if a law is broken, we'll enforce it",I think we need to fully enforce the law,Support,2000
2000_5f81dcd2b865f746945d9f2aa79d8091,2000_76b683745628011a0b884ff7d6808b69,T866,T867,"I think we need to have an attorney general that says if a law is broken, we'll enforce it",Be strict and firm about it,Support,2000
2000_76b683745628011a0b884ff7d6808b69,2000_87d37fdbe64cd9db526531a6cbec2e37,T867,T862,Be strict and firm about it,I would support an effort to ban corporate soft money and labor union soft money so long as there was dues check-off,Support,2000
2000_508bd637c104ea876ff3207813393d6a,2000_b19d46f5f4c6cac58f1977f0c879fd9c,T869,T859,"Governor Bush, you have attacked my character and credibility and I am not going to respond in kind",I am not going to lay down my arms in the middle of the campaign for somebody who has got no credibility on the issue,Attack,2000
2000_508bd637c104ea876ff3207813393d6a,2000_eee18d32ed92eb71183d655fd4367367,T869,T868,"Governor Bush, you have attacked my character and credibility and I am not going to respond in kind",I think we ought to focus on the problems and not attack each other,Support,2000
2000_9f10cc564c37fa7c59db403b1c08b2c7,2000_319b2e53eadf59f743a5d5ef92f0b8e3,T871,T870,We have to get a handle on it,"One of the serious problems, hear me well, is that our system of government is being undermined by too much influence coming from special interest money",Support,2000
2000_cbcda87ad74e4ff7b97a72d9b6ba3a0e,2000_c84c30e78ee7e76acccf8c9bdb3ee9ae,T873,T872,it's not a new position for me,"like John McCain, I have learned from experience",Support,2000
2000_516f5dd76eeea4fd842be0d304b1e9eb,2000_cbcda87ad74e4ff7b97a72d9b6ba3a0e,T874,T873,24 years ago I supported full public financing of all federal elections,it's not a new position for me,Support,2000
2000_c84c30e78ee7e76acccf8c9bdb3ee9ae,2000_319b2e53eadf59f743a5d5ef92f0b8e3,T872,T870,"like John McCain, I have learned from experience","One of the serious problems, hear me well, is that our system of government is being undermined by too much influence coming from special interest money",Support,2000
2000_319b2e53eadf59f743a5d5ef92f0b8e3,2000_ec397d15efa5c9678345e8fca2aa0fef,T870,T875,"One of the serious problems, hear me well, is that our system of government is being undermined by too much influence coming from special interest money",it will be the first bill I send to the Congress,Support,2000
2000_6e9416a7eb819e21f62ab391a9119d80,2000_3616a8555b83f7c1b7a58fc33bd1fa11,T876,T877,I care passionately about this,I will fight until it becomes law,Support,2000
2000_3616a8555b83f7c1b7a58fc33bd1fa11,2000_ec397d15efa5c9678345e8fca2aa0fef,T877,T875,I will fight until it becomes law,it will be the first bill I send to the Congress,Support,2000
2000_ed9d559d5bfc5dcea57bc3a44aaeb1ef,2000_ec397d15efa5c9678345e8fca2aa0fef,T878,T875,"I'm absolutely, adamently opposed to that",it will be the first bill I send to the Congress,Attack,2000
2000_95f8ff25562221bf1d27976c36fdc978,2000_ed9d559d5bfc5dcea57bc3a44aaeb1ef,T879,T878,I don't want the government financing congressional elections,"I'm absolutely, adamently opposed to that",Support,2000
2000_774b59805b88842e4b0a8bd5d959efef,2000_bd977cb2bc10d33026b64546eafcf1cf,T727,T726,"if we can keep our prosperity going, if we can continue balancing the budget and paying down the debt, then the strong economy keeps generating surpluses",I do disagree,Support,2000
2000_ad22308d34e0dcec25c23de25d0b6b5b,2000_57b3b754c265cd648ee9c5b999da0a48,T734,T735,the interest savings I would put right back into Social Security,That extends the life of Social Security for 55 years,Support,2000
2000_57b3b754c265cd648ee9c5b999da0a48,2000_03866d035b84cc24bdfdae03a2b6b178,T735,T733,That extends the life of Social Security for 55 years,I will keep Social Security in a lockbox and that pays down the national debt,Support,2000
2000_5da8334c5650b514feacab5f819bc528,2000_db87804ef22dcdcdd7f6a3baa6f2a8f8,T728,T729,"I think that it's very important to understand that cutting benefits under Social Security means that people like Winifred Skinner from Des Moines, Iowa, who is here, would really have a much harder time",there are millions of seniors who are living almost hand to mouth,Support,2000
2000_0789638287f312dda30019dda53696c7,2000_f315d4f624d4263a5a5d8711b0896d41,T730,T731,I don't go along with it,I am opposed to it,Support,2000
2000_f315d4f624d4263a5a5d8711b0896d41,2000_5a9bad12263612a56aec049d49293371,T731,T3,I am opposed to it,And you talk about cutting benefits,Attack,2000
2000_c823b0b4cfe6146c7770077c09e009e9,2000_379b14f334fc68cba8a83aa9d4cbfae6,T737,T738,The governor wants to divert 1 out of every $6 off into the stock market,he would drain a trillion dollars out of the Social Security Trust Fund in this generation over the next ten years,Support,2000
2000_379b14f334fc68cba8a83aa9d4cbfae6,2000_f4f501c4d53dfdbc8ac758c6e34c4ca6,T738,T739,he would drain a trillion dollars out of the Social Security Trust Fund in this generation over the next ten years,Social Security under that approach would go bankrupt within this generation,Support,2000
2000_06838552256357ffdd2746417bf87153,2000_eaa398847ff5822ad39d4af42c67f57c,T741,T740,It would borrow up to $3 trillion,"His leading advisor on this plan actually said that would be okay, because then the Social Security Trust Fund could start borrowing",Support,2000
2000_0639c66d2adb224354f8040b2b2eb5c1,2000_06838552256357ffdd2746417bf87153,T742,T741,Social Security has never done that,It would borrow up to $3 trillion,Support,2000
2000_e31ed8459d3fd9b9e21d2b656888b090,2000_eaa398847ff5822ad39d4af42c67f57c,T743,T740,I don't think it should do that,"His leading advisor on this plan actually said that would be okay, because then the Social Security Trust Fund could start borrowing",Attack,2000
2000_e31ed8459d3fd9b9e21d2b656888b090,2000_ac92786612cbd706fba0d5668c004690,T743,T744,I don't think it should do that,I think it should stay in a lockbox,Support,2000
2000_d7859e0f373d4bc057c89d11e564f61c,2000_ac92786612cbd706fba0d5668c004690,T736,T744,Social Security is a trust fund that pays the checks this year with the money that is paid into Social Security this year,I think it should stay in a lockbox,Support,2000
2000_438921ebc25af094659f508ba74c07ef,2000_379b14f334fc68cba8a83aa9d4cbfae6,T732,T738,I'm also opposed to a plan that diverts 1 out of every $6 away from the Social Security Trust Fund,he would drain a trillion dollars out of the Social Security Trust Fund in this generation over the next ten years,Attack,2000
2000_438921ebc25af094659f508ba74c07ef,2000_f4f501c4d53dfdbc8ac758c6e34c4ca6,T732,T739,I'm also opposed to a plan that diverts 1 out of every $6 away from the Social Security Trust Fund,Social Security under that approach would go bankrupt within this generation,Attack,2000
2000_ac92786612cbd706fba0d5668c004690,2000_ec656dfa3a4ec1db2cb4998617a718fc,T744,T745,I think it should stay in a lockbox,I will veto anything that takes money out of Social Security for privatization or anything else other than Social Security,Support,2000
2000_ec656dfa3a4ec1db2cb4998617a718fc,2000_f4f501c4d53dfdbc8ac758c6e34c4ca6,T745,T739,I will veto anything that takes money out of Social Security for privatization or anything else other than Social Security,Social Security under that approach would go bankrupt within this generation,Attack,2000
2000_60ae0928cf607b45bc453c009bcd007a,2000_eac287eb6195a0e3eddc06d26ea9ede9,T747,T746,on the two minutes he spent about a million-and-a-half on my plan,he doesn't want you to know what he's doing is loading up IOUs for future generations,Support,2000
2000_a172971ba8a18ea2d2902af2cff9773d,2000_03866d035b84cc24bdfdae03a2b6b178,T753,T733,He puts no real assets into the Social Security system,I will keep Social Security in a lockbox and that pays down the national debt,Attack,2000
2000_5ba133998679af7c9504533f01ca37a5,2000_06cc42603ec696f8db837f8684be1c4f,T754,T4,The revenues exceed the expenses in Social Security until the year 2015 which means all retirees are going to get the promises made,"For those of you who he wants to scare into the voting booth to vote for him, hear me loud and clear",Support,2000
2000_06cc42603ec696f8db837f8684be1c4f,2000_e4dfea17e91466d8ce862f8b093c1ae0,T4,T5,"For those of you who he wants to scare into the voting booth to vote for him, hear me loud and clear",A promise made will be a promise kept,Support,2000
2000_7172a1bf4363ab106eaf19d8e26926a3,2000_1477d30e8115bbed2c0e2e504b05f5c1,T752,T748,we want to allow younger workers to take some of their own money,The vice president thinks it's the government's money,Attack,2000
2000_8fd81adff60aeac0f712bbd31eabf6ee,2000_f1873ba972b6f6e5ce87c8aa99ad6630,T749,T750,The payroll taxes are your money,"You ought to put it in prudent, safe investments so that $1 trillion over the next ten years grows to be $3 trillion",Support,2000
2000_f1873ba972b6f6e5ce87c8aa99ad6630,2000_f46cfe4b5f541c9f263c869c6ffe587e,T750,T755,"You ought to put it in prudent, safe investments so that $1 trillion over the next ten years grows to be $3 trillion",The money stays within the Social Security system,Support,2000
2000_f46cfe4b5f541c9f263c869c6ffe587e,2000_772ba190ccb458bedd9a8b61d65e3d91,T755,T756,The money stays within the Social Security system,It's a part of the Social Security system,Support,2000
2000_772ba190ccb458bedd9a8b61d65e3d91,2000_451dc831c6ca03be7a34bfa0d25ec8ed,T756,T758,It's a part of the Social Security system,It's your money,Support,2000
2000_a39c5c273be0e083d5a3b6a0663ae6b8,2000_451dc831c6ca03be7a34bfa0d25ec8ed,T759,T758,it's a part of your retirement benefit,It's your money,Support,2000
2000_f46cfe4b5f541c9f263c869c6ffe587e,2000_5fd319b710fb53822dbe1d0810fee10e,T755,T757,The money stays within the Social Security system,He claims it will be out of Social Security,Attack,2000
2000_451dc831c6ca03be7a34bfa0d25ec8ed,2000_4da22cac553275e2c7cf8fde8f06646a,T758,T751,It's your money,I want you to have your own asset that you can call your own,Support,2000
2000_4da22cac553275e2c7cf8fde8f06646a,2000_e2898e65b234acb3fa04d7b07a335cbc,T751,T760,I want you to have your own asset that you can call your own,That you can pass on from one generation to the next,Support,2000
2000_4da22cac553275e2c7cf8fde8f06646a,2000_6201c2987792b7f5d871bb5ca5298fba,T751,T761,I want you to have your own asset that you can call your own,I want to get a better rate of return for your own money than the paltry 2% that the current Social Security Trust gets today,Attack,2000
2000_8fdd043064bf1a93a79b3bfd9b33eb48,2000_09aae524f61fceb4c093d6c831f975b1,T763,T762,that is to get a better rate of return on the Social Security monies coming into the trust,there's a third way,Support,2000
2000_e07ec0d18178fcf0a0cf473e23947bd1,2000_09aae524f61fceb4c093d6c831f975b1,T764,T762,There is $2.3 trillion of surplus that we can use to make sure that younger workers have a Social Security plan in the future,there's a third way,Support,2000
2000_e07ec0d18178fcf0a0cf473e23947bd1,2000_4da22cac553275e2c7cf8fde8f06646a,T764,T751,There is $2.3 trillion of surplus that we can use to make sure that younger workers have a Social Security plan in the future,I want you to have your own asset that you can call your own,Support,2000
2000_fa8d66192430e70b8df1b1ee114b8564,2000_e07ec0d18178fcf0a0cf473e23947bd1,T767,T764,if we understand the power of the compounding rate of interest,There is $2.3 trillion of surplus that we can use to make sure that younger workers have a Social Security plan in the future,Support,2000
2000_9a5a9ce81a8ac8ad542311d513fed472,2000_86106bf85312e4b0a690a76e32df3285,T765,T766,If we're smart,if we trust workers,Support,2000
2000_86106bf85312e4b0a690a76e32df3285,2000_fa8d66192430e70b8df1b1ee114b8564,T766,T767,if we trust workers,if we understand the power of the compounding rate of interest,Support,2000
2000_a02904ae99e1e966b1eb13ac9dc3e243,2000_4da22cac553275e2c7cf8fde8f06646a,T768,T751,"I give a new incentive for younger workers to save their own money and invest their own money, but not at the expense of Social Security, on top of Social Security",I want you to have your own asset that you can call your own,Attack,2000
2000_18b5a894df892715d170306c50aef28a,2000_aa5b8fce3258d1e9fd99092ba749185e,T769,T770,My plan is Social Security plus,The governor's plan is Social Security minus,Attack,2000
2000_18b5a894df892715d170306c50aef28a,2000_a02904ae99e1e966b1eb13ac9dc3e243,T769,T768,My plan is Social Security plus,"I give a new incentive for younger workers to save their own money and invest their own money, but not at the expense of Social Security, on top of Social Security",Support,2000
2000_965fc36572afdacd366cb0de24ee462d,2000_f9b245f0579e66e36b18602a433dc0fd,T771,T772,Your future benefits would be cut by the amount that's diverted into the stock market,"If you make bad investments, that's too bad",Support,2000
2000_f9b245f0579e66e36b18602a433dc0fd,2000_aa5b8fce3258d1e9fd99092ba749185e,T772,T770,"If you make bad investments, that's too bad",The governor's plan is Social Security minus,Support,2000
2000_ea4a04c6757f5c0ec5a561c33408f470,2000_21b09f1b2167b3c43968aed5123f4320,T774,T773,That's how it works,even before then the problem hits because the money contributed to Social Security this year is an entitlement,Support,2000
2000_68cf347f51d807a9007588b6c35378c1,2000_334de1eb5a2d1ce0a9892d492f3c1235,T776,T777,If you cut the amount going in 1 out of every $6,you have to cut the value of each check by 1 out of every $6 unless you come up with the money from somewhere else,Support,2000
2000_21b09f1b2167b3c43968aed5123f4320,2000_c1ef524bd24dcb0ad45ca457096306f1,T773,T775,even before then the problem hits because the money contributed to Social Security this year is an entitlement,the money is used to pay the benefits for seniors this year,Support,2000
2000_c1ef524bd24dcb0ad45ca457096306f1,2000_aa5b8fce3258d1e9fd99092ba749185e,T775,T770,the money is used to pay the benefits for seniors this year,The governor's plan is Social Security minus,Support,2000
2000_334de1eb5a2d1ce0a9892d492f3c1235,2000_aa5b8fce3258d1e9fd99092ba749185e,T777,T770,you have to cut the value of each check by 1 out of every $6 unless you come up with the money from somewhere else,The governor's plan is Social Security minus,Support,2000
2000_960187f5fb94535c3998f77e8d4818b1,2000_c1ef524bd24dcb0ad45ca457096306f1,T779,T775,There's enough money to pay seniors today in the current affairs of Social Security,the money is used to pay the benefits for seniors this year,Attack,2000
2000_336c6840f4378afb8d7066a6f3dbef2c,2000_9df8843c97feabcccee8d35ad2f135be,T781,T780,Surplus is money -- more money than needed,The trillion comes from the surplus,Support,2000
2000_66de46c4214fee3fcd4d296f1041dcb9,2000_18b5a894df892715d170306c50aef28a,T782,T769,"Let me tell you what your plan is. It's not Social Security plus, it's Social Security plus huge debt",My plan is Social Security plus,Support,2000
2000_192c632a8a12d51db13f568562684714,2000_66de46c4214fee3fcd4d296f1041dcb9,T783,T782,You leave future generations with tremendous IOUs,"Let me tell you what your plan is. It's not Social Security plus, it's Social Security plus huge debt",Support,2000
2000_dbc28d5f7382980f90e2d467bdb9ea1b,2000_192c632a8a12d51db13f568562684714,T787,T783,It's time to have a leader that doesn't put off tomorrow what we should do today,You leave future generations with tremendous IOUs,Attack,2000
2000_dbc28d5f7382980f90e2d467bdb9ea1b,2000_5078fc871ee28c81c7f49e8ac48d1611,T787,T788,It's time to have a leader that doesn't put off tomorrow what we should do today,"It's time to have somebody to step up and say look, let's let younger workers take some of their own money and under certain guidelines invest it in the private markets",Support,2000
2000_9c9e01c0ca0078279e2f79466ce0c31b,2000_fb09d51093d39782d1e657553d30dfa5,T789,T790,The safest of federal investments yields 4%,That's twice the amount of rate of return than the current Social Security Trust,Support,2000
2000_fb09d51093d39782d1e657553d30dfa5,2000_f2d587a5eb62196bb3d5f00ca8881cae,T790,T791,That's twice the amount of rate of return than the current Social Security Trust,Younger worker after younger worker hears my call that says I trust you,Support,2000
2000_f2d587a5eb62196bb3d5f00ca8881cae,2000_5078fc871ee28c81c7f49e8ac48d1611,T791,T788,Younger worker after younger worker hears my call that says I trust you,"It's time to have somebody to step up and say look, let's let younger workers take some of their own money and under certain guidelines invest it in the private markets",Support,2000
2000_f34714d0acf66bf246e439aa7f3c3a9e,2000_5078fc871ee28c81c7f49e8ac48d1611,T784,T788,the issue is changing,"It's time to have somebody to step up and say look, let's let younger workers take some of their own money and under certain guidelines invest it in the private markets",Support,2000
2000_e781b436028047781131fcacfb30b3bd,2000_fe04fc4728a392c227d765abd0431ffa,T786,T785,that's exactly what I'm going to do,"Seniors now understand that the promise made will be a promise kept, but younger workers now understand we better have a government that trusts them",Support,2000
2000_fe04fc4728a392c227d765abd0431ffa,2000_f34714d0acf66bf246e439aa7f3c3a9e,T785,T784,"Seniors now understand that the promise made will be a promise kept, but younger workers now understand we better have a government that trusts them",the issue is changing,Support,2000
2000_630602e09fa80b6ec8405d2e8a96c04e,2000_50dbb4e2d604ad9dede24d3dc9e319bd,T795,T794,they called it the full faith and credit of the United States,"When FDR established Social Security, they didn't call them IOUs",Support,2000
2000_7f93e2aa4a96b83ac9739aea8c9bcb11,2000_50dbb4e2d604ad9dede24d3dc9e319bd,T6,T794,"If you don't have trust in that, I do","When FDR established Social Security, they didn't call them IOUs",Support,2000
2000_dec888a04c321e674f1d735694ee9d9c,2000_cd8dbc8331ee60c79c3e046a4e3a8688,T793,T792,If you take it out of the surplus in the trust fund,the trust fund goes bankrupt in this generation within 20 years,Support,2000
2000_8616496436faa73173574055b5cb41b8,2000_aa256fb36b6ddac42ebaea5f024f2bee,T2,T802,It's not,This is a government that thinks a 2% rate of return on your money is satisfactory,Attack,2000
2000_59518a9ba887336572ab09a36ad1c6cf,2000_4004d842413dc0cd7b339579f2930692,T797,T803,We need to think differently about the issue,This is a government that says younger workers can't possibly have their own assets,Attack,2000
2000_bf40c5d48dc0bc1a86d9eee1414fc8a0,2000_491518c6a7bc0b7c306e59dccf244677,T801,T800,to grow from $1 trillion to $3 trillion,If we don't trust younger workers to manage some of their own money with the Social Security surplus,Support,2000
2000_491518c6a7bc0b7c306e59dccf244677,2000_e1beb570463d4da658bcf5ae5e1c321e,T800,T799,If we don't trust younger workers to manage some of their own money with the Social Security surplus,it will be impossible to bridge the gap without it,Support,2000
2000_e1beb570463d4da658bcf5ae5e1c321e,2000_cd8dbc8331ee60c79c3e046a4e3a8688,T799,T792,it will be impossible to bridge the gap without it,the trust fund goes bankrupt in this generation within 20 years,Attack,2000
2000_e1beb570463d4da658bcf5ae5e1c321e,2000_878707510de2405b179a1b058b86d6fd,T799,T804,it will be impossible to bridge the gap without it,What Mr. Gore's plan will do causing huge payroll taxes or major benefit reductions,Support,2000
2000_f325a883a3dd3484881e96c669355b6f,2000_6d9f59da1d9b96cc9b6456b3d52dfc4b,T326,T325,"effective economic sanctions, and a very robust inspection regime was in place under the U.N. auspices","it was able to do a good job of stripping out the capacity to build weapons of mass destruction, the work he had been doing that had not been destroyed during the war in biological and chemical agents, as well as a nuclear program",Support,2000
2000_1865ad913c88e7823a874d3facf667a7,2000_5d16774b6f25f8d6f9d96852ef092803,T328,T329,"We had put them back in the box, so to speak",at the end of the war we had pretty well decimated their military,Support,2000
2000_b50e6ee782a3942f5da7cf9d884b2c98,2000_5d16774b6f25f8d6f9d96852ef092803,T327,T329,We had a strong international coalition raid against them,at the end of the war we had pretty well decimated their military,Support,2000
2000_4c5ffe86fbe6516ee77edd71a7368a59,2000_b0175665940fe59821cd65f32938eedf,T321,T330,"Recently the United Arab Emirates and Bahrain, two Gulf States, have reopened diplomatic relations with Baghdad","now we find ourselves in a situation where that started to fray on us, where the coalition now no longer is tied tightly together",Support,2000
2000_52da668463a12a94a120e328f92807ab,2000_b0175665940fe59821cd65f32938eedf,T322,T330,The Russians and French are flying commercial airliners back into Baghdad and thumbing their nose at the international sanctions regime,"now we find ourselves in a situation where that started to fray on us, where the coalition now no longer is tied tightly together",Support,2000
2000_b0175665940fe59821cd65f32938eedf,2000_b50e6ee782a3942f5da7cf9d884b2c98,T330,T327,"now we find ourselves in a situation where that started to fray on us, where the coalition now no longer is tied tightly together",We had a strong international coalition raid against them,Attack,2000
2000_52da668463a12a94a120e328f92807ab,2000_f325a883a3dd3484881e96c669355b6f,T322,T326,The Russians and French are flying commercial airliners back into Baghdad and thumbing their nose at the international sanctions regime,"effective economic sanctions, and a very robust inspection regime was in place under the U.N. auspices",Attack,2000
2000_b9d5e9902705cd08995b4aef8f4daf18,2000_5a9f1c7968007865520539691fa7579b,T323,T317,U.N. inspectors have been kicked out and there  's been absolutely no response,We're in a situation today where our posture with Iraq is weaker than it was at the end of the war,Support,2000
2000_5a9f1c7968007865520539691fa7579b,2000_49230f0791e2620bb36441870bab966a,T317,T315,We're in a situation today where our posture with Iraq is weaker than it was at the end of the war,We might have no other choice,Support,2000
2000_6d9f59da1d9b96cc9b6456b3d52dfc4b,2000_5d16774b6f25f8d6f9d96852ef092803,T325,T329,"it was able to do a good job of stripping out the capacity to build weapons of mass destruction, the work he had been doing that had not been destroyed during the war in biological and chemical agents, as well as a nuclear program",at the end of the war we had pretty well decimated their military,Support,2000
2000_b2fab7741fdcabaa2f3b08b73a1e6370,2000_5a9f1c7968007865520539691fa7579b,T318,T317,It's unfortunate,We're in a situation today where our posture with Iraq is weaker than it was at the end of the war,Support,2000
2000_e834a28d45cead7176b1f5106a8d37da,2000_49230f0791e2620bb36441870bab966a,T319,T315,I also think it's unfortunate we find ourselves in a position where we don't know for sure what might be transpiring inside Iraq,We might have no other choice,Support,2000
2000_e8c81eab244f7072578888c356fa355f,2000_1289c97734b9c7d46cab302f0e42def2,T320,T314,"if in fact Saddam Hussein were taking steps to try to rebuild nuclear capability or weapons of mass destruction, you would have to give very serious consideration to military action to -- to stop that activity",I don't think you can afford to have a man like Saddam Hussein with nuclear weapons in the Middle East,Support,2000
2000_1289c97734b9c7d46cab302f0e42def2,2000_49230f0791e2620bb36441870bab966a,T314,T315,I don't think you can afford to have a man like Saddam Hussein with nuclear weapons in the Middle East,We might have no other choice,Support,2000
2000_8797fcb8aa23a593a4712377580537f5,2000_49230f0791e2620bb36441870bab966a,T316,T315,We'll have to see if that happens,We might have no other choice,Support,2000
2000_979028fcd0e3906012d76b31c862e8fb,2000_8ed14d9aa672ad8a9f05d26d89a69112,T331,T332,"I think that's a matter of such critical national security importance that it ought to be left to the Commander in Chief, leaders of the military, Secretary of State to make that kind of decision without the heat of a political campaign",I don't think a political campaign is the occasion to declare exactly what we would do in that case,Support,2000
2000_f926e5c837aa399a582bc8ed05bd9965,2000_8ed14d9aa672ad8a9f05d26d89a69112,T335,T332,"It would, of course, be a very serious situation",I don't think a political campaign is the occasion to declare exactly what we would do in that case,Support,2000
2000_d03ef190c8e3b204545a0812b5740ead,2000_8ed14d9aa672ad8a9f05d26d89a69112,T336,T332,"if we had evidence, credible evidence, that Saddam Hussein was developing weapons of mass destruction",I don't think a political campaign is the occasion to declare exactly what we would do in that case,Support,2000
2000_a2ac3820133af590387dedea80631bb3,2000_05b87a748fbc0db260c01592410c040e,T339,T338,Al Gore and I were two of the ten Democrats in the Senate who crossed party lines to support President Bush and Secretary Cheney in that war,The Gulf War was a great victory,Support,2000
2000_8cfbae594148edd5b556ce28efd7a847,2000_a2ac3820133af590387dedea80631bb3,T340,T339,We're both very proud we did that,Al Gore and I were two of the ten Democrats in the Senate who crossed party lines to support President Bush and Secretary Cheney in that war,Support,2000
2000_cc83e64f8c853ba5c45894c0369ecc09,2000_05b87a748fbc0db260c01592410c040e,T341,T338,the war did not end with a total victory,The Gulf War was a great victory,Attack,2000
2000_954b2d05633a24a4ab1ca7c0dcac7947,2000_cc83e64f8c853ba5c45894c0369ecc09,T337,T341,we will not enjoy real stability in the Middle East until Saddam Hussein is gone,the war did not end with a total victory,Support,2000
2000_97730a7e6d82ef794ce3ee91b236881e,2000_cc83e64f8c853ba5c45894c0369ecc09,T342,T341,Saddam Hussein remained there,the war did not end with a total victory,Support,2000
2000_ba5d532ec2047faa46975d4e8814551b,2000_cc83e64f8c853ba5c45894c0369ecc09,T343,T341,we have had almost ten years now of instability,the war did not end with a total victory,Support,2000
2000_55e350f301269541c3b70720388a3f6d,2000_cc83e64f8c853ba5c45894c0369ecc09,T344,T341,We have continued to operate almost all of this time military action to enforce a no-fly zone,the war did not end with a total victory,Support,2000
2000_b01e60329a51257ba6567b01ce98cd67,2000_cc83e64f8c853ba5c45894c0369ecc09,T345,T341,We have been struggling with Saddam about the inspectors,the war did not end with a total victory,Support,2000
2000_869953fc7535f987ac651d38bf4bb62f,2000_b01e60329a51257ba6567b01ce98cd67,T346,T345,"We ought to do, and we're doing everything we can to get the inspectors back in there",We have been struggling with Saddam about the inspectors,Support,2000
2000_1a52be8519b0cbfe979215e6d8d619d8,2000_cc83e64f8c853ba5c45894c0369ecc09,T347,T341,in the end there's not going to be peace until he goes,the war did not end with a total victory,Support,2000
2000_ebf66c23b5815f67229b025d5ac00b34,2000_4d09eba357944f430e9cdd0e44ad32c3,T348,T333,The Vice President met with them earlier this year,"I have kept in touch with the indigenous Iraqi opposition, broad based, to Saddam Hussein",Support,2000
2000_c21e80b3c4cec4643b29388c6ca731f9,2000_a6cc6e278877be6f5bc3f771753b0919,T350,T2,We'll welcome you back into the family of nations where you belong,"We are supporting them in their efforts and will continue to support them until the Iraqi people rise up and do what the people of Serbia have done in the last few days, get rid of a despot",Support,2000
2000_4d09eba357944f430e9cdd0e44ad32c3,2000_a6cc6e278877be6f5bc3f771753b0919,T333,T2,"I have kept in touch with the indigenous Iraqi opposition, broad based, to Saddam Hussein","We are supporting them in their efforts and will continue to support them until the Iraqi people rise up and do what the people of Serbia have done in the last few days, get rid of a despot",Support,2000
2000_a6cc6e278877be6f5bc3f771753b0919,2000_1a52be8519b0cbfe979215e6d8d619d8,T2,T347,"We are supporting them in their efforts and will continue to support them until the Iraqi people rise up and do what the people of Serbia have done in the last few days, get rid of a despot",in the end there's not going to be peace until he goes,Support,2000
2000_20fc6ad69ff93a5446590f357f161c9f,2000_4d09eba357944f430e9cdd0e44ad32c3,T334,T333,I was proud to co-sponsor the Iraq Liberation Act with Senator Trent Lott,"I have kept in touch with the indigenous Iraqi opposition, broad based, to Saddam Hussein",Support,2000
2000_954b2d05633a24a4ab1ca7c0dcac7947,2000_1289c97734b9c7d46cab302f0e42def2,T337,T314,we will not enjoy real stability in the Middle East until Saddam Hussein is gone,I don't think you can afford to have a man like Saddam Hussein with nuclear weapons in the Middle East,Support,2000
2000_d8c00a003961061a2eb5ee4864828976,2000_266d38a0531204e27850b6fac9e2bafc,T1,T526,"Laura and I are proud parents of teenage girls, twin daughters, and I know what you're saying",Government ought to stand on the side of parents,Support,2000
2000_ad4cce961d9c555054e443bfa973ddcc,2000_203af8e89b206f2347248b3632e80309,T540,T541,the message oftentimes gets undermined by the popular culture,Parents are teaching their children right from wrong,Attack,2000
2000_203af8e89b206f2347248b3632e80309,2000_266d38a0531204e27850b6fac9e2bafc,T541,T526,Parents are teaching their children right from wrong,Government ought to stand on the side of parents,Support,2000
2000_f7f60bb719322dab03e0d74ddb11bbd8,2000_7e8d7a0f83ffc712179bf733add86803,T527,T2,We can work with the entertainment industry to provide family hour,there's things that government can do.,Support,2000
2000_5ec46c61e2f5851e5f3ff4fb87676afc,2000_7e8d7a0f83ffc712179bf733add86803,T528,T2,We can have filters on Internets where public money is spent,there's things that government can do.,Support,2000
2000_f212cbb0f7bdeda9562864d46330bf2d,2000_7e8d7a0f83ffc712179bf733add86803,T529,T2,There ought to be filters in public libraries and filters in public schools,there's things that government can do.,Support,2000
2000_f9138e757f8af52ff23d8277c744d85d,2000_f212cbb0f7bdeda9562864d46330bf2d,T530,T529,"if kids get on the Internet, there is not going to be pornography or violence coming in",There ought to be filters in public libraries and filters in public schools,Support,2000
2000_035fa3971ef52351aef0416415228cc5,2000_7e8d7a0f83ffc712179bf733add86803,T531,T2,I think we ought to have character education in our schools,there's things that government can do.,Support,2000
2000_03ec9f32a745d778289ed1637d3ec500,2000_524f843b01fba3c4fff1d9277d99f4b9,T542,T543,it does reinforce the values you're teaching,I know that doesn't directly talk about Hollywood,Attack,2000
2000_4782603afde8ec92716cf9e23c962414,2000_035fa3971ef52351aef0416415228cc5,T545,T531,Greatly expand character education funding,I think we ought to have character education in our schools,Support,2000
2000_035fa3971ef52351aef0416415228cc5,2000_da1b5e81fa0cb987e66d30406b54fd47,T531,T544,I think we ought to have character education in our schools,"public schools will teach children values, values which have stood the test of time",Support,2000
2000_970ab1d08db981175ff6e519bfb752e5,2000_dee1b292485c14d642ec4a5153438c53,T546,T538,There's afterschool money available,I think that afterschool money ought to be available for faith-based programs and charitable programs that exist,Support,2000
2000_972e08835f3a914106eddea7b17a21ae,2000_dee1b292485c14d642ec4a5153438c53,T539,T538,somebody has heard the call to love a neighbor like you would like to be loved yourself,I think that afterschool money ought to be available for faith-based programs and charitable programs that exist,Support,2000
2000_dee1b292485c14d642ec4a5153438c53,2000_574b6841e657ef871936a557dfb8758e,T538,T537,I think that afterschool money ought to be available for faith-based programs and charitable programs that exist,That will help reinforce the values that parents teach at home as well,Support,2000
2000_54132fcfb60a7d1a6a1e429218d1471c,2000_62ae3d06349b2221d56b9ed8356f9e31,T536,T535,we're free,Ours is a great land,Support,2000
2000_54132fcfb60a7d1a6a1e429218d1471c,2000_1edfdcc7e4805de9335ea176682b447d,T536,T534,we're free,I don't support censorship,Support,2000
2000_1edfdcc7e4805de9335ea176682b447d,2000_927377955cacc53796f92890468ebfd9,T534,T532,I don't support censorship,I think we need to have rating systems that are clear,Support,2000
2000_927377955cacc53796f92890468ebfd9,2000_d158552356eba46850ec3a1c46cf1b0c,T532,T533,I think we need to have rating systems that are clear,I do believe that we ought to talk plainly to the Hollywood moguls and people who produce this stuff and explain the consequences,Attack,2000
2000_ff8af97cecb4d96ee02514a312e5f127,2000_a083a1ce25d6f8da5bd0754e38d4372e,T547,T548,you can tune out these programs you don't want in your house,"I happen to like the idea of having technology for the TV, easy for parents to use",Support,2000
2000_2b57953ed78c3e6e9fe0129302184c62,2000_da7e4e8b4407621ce87ed27b3ea1c235,T550,T3,"It's not just movies; television, video games, music, the Internet",Parents now feel like you have to compete with the mass culture in order to raise your kids with the values that you want them to have.,Support,2000
2000_3b75b4552a945c75d102ea2970d38dcb,2000_315459ada4ce316a6d01c686cc8ed8a3,T5,T6,"when she was little, she brought a record home that had some awful lyrics in it and Tipper hit the ceiling.",that launched a campaign to try to get the record companies to put ratings that -- warning labels for parents.,Support,2000
2000_315459ada4ce316a6d01c686cc8ed8a3,2000_c84892b0be474f28dd7d3ca1941b3506,T6,T7,that launched a campaign to try to get the record companies to put ratings that -- warning labels for parents.,I'm so proud of what she accomplished in getting them on there,Support,2000
2000_c30052af49ec98f0779422f50c52c432,2000_c2550370b0a40959f21e52cfff812f3e,T556,T555,if you can check up on them,that's real power,Support,2000
2000_c84892b0be474f28dd7d3ca1941b3506,2000_f94edc815acce4bf9f477ab12887b09d,T7,T549,I'm so proud of what she accomplished in getting them on there,I care a lot about this,Support,2000
2000_c84892b0be474f28dd7d3ca1941b3506,2000_da7e4e8b4407621ce87ed27b3ea1c235,T7,T3,I'm so proud of what she accomplished in getting them on there,Parents now feel like you have to compete with the mass culture in order to raise your kids with the values that you want them to have.,Support,2000
2000_db64917b38dda7b4774b17d48e9d24a1,2000_da7e4e8b4407621ce87ed27b3ea1c235,T553,T3,I've been involved myself in negotiating and helping to move along the negotiations with the Internet service providers to get a parents' protection page every time 95% of the pages come up,Parents now feel like you have to compete with the mass culture in order to raise your kids with the values that you want them to have.,Support,2000
2000_b19ec4e2051ec2cdea635eee12b208ca,2000_1f549e60b0047313e2a8bcb09a5b6743,T554,T4,a feature that allows parents to automatically check with one click what sites your kids have visited lately,"some parents are worried about those filters, that you will have to ask your kids how to put them on there.",Support,2000
2000_1f549e60b0047313e2a8bcb09a5b6743,2000_c30052af49ec98f0779422f50c52c432,T4,T556,"some parents are worried about those filters, that you will have to ask your kids how to put them on there.",if you can check up on them,Support,2000
2000_521198339cdbf3891429b33fd5b572bc,2000_8ceb8737ac74dfcf1d58660a9f312104,T557,T558,recently the Federal Trade Commission pointed out that some of these entertainment companies have warned parents that the material is inappropriate for children,then they've turned around behind the backs of the parents and advertised that same adult material directly to children,Attack,2000
2000_083e3497a55e006bc74bf36b752b4c89,2000_8ceb8737ac74dfcf1d58660a9f312104,T552,T558,That is an outrage,then they've turned around behind the backs of the parents and advertised that same adult material directly to children,Attack,2000
2000_083e3497a55e006bc74bf36b752b4c89,2000_8eaef558af5ae464b1a3aa8e2186e97a,T552,T559,That is an outrage,Joe Lieberman and I gave them six months to clean up their act,Support,2000
2000_8eaef558af5ae464b1a3aa8e2186e97a,2000_e6a5a95d97ac56c912963356dd706c2a,T559,T560,Joe Lieberman and I gave them six months to clean up their act,"if they don't do it, we're gonna ask for tougher authority in the hands of the FTC on the false and deceptive advertising",Support,2000
2000_e6a5a95d97ac56c912963356dd706c2a,2000_083e3497a55e006bc74bf36b752b4c89,T560,T552,"if they don't do it, we're gonna ask for tougher authority in the hands of the FTC on the false and deceptive advertising",That is an outrage,Support,2000
2000_e6a5a95d97ac56c912963356dd706c2a,2000_8ceb8737ac74dfcf1d58660a9f312104,T560,T558,"if they don't do it, we're gonna ask for tougher authority in the hands of the FTC on the false and deceptive advertising",then they've turned around behind the backs of the parents and advertised that same adult material directly to children,Attack,2000
2000_e6a5a95d97ac56c912963356dd706c2a,2000_260e8ba2c9c9292958e3b2d3178e32dc,T560,T551,"if they don't do it, we're gonna ask for tougher authority in the hands of the FTC on the false and deceptive advertising",I want to do something about this,Support,2000
2000_260e8ba2c9c9292958e3b2d3178e32dc,2000_774ed53d1c554948914c1381dc094888,T551,T562,I want to do something about this,Respect the First Amendment,Support,2000
2000_774ed53d1c554948914c1381dc094888,2000_1a22447c9e47217480b06fd7c688553e,T562,T561,Respect the First Amendment,I will do something to help you raise your kids without that garbage,Support,2000
2000_5157f773601386261c250e209f321417,2000_58e11bd9d4f4bfe000416c68d514ff79,T611,T610,I've had a record of bringing people from all walks of life into my administration,my administration is better off for it in Texas,Support,2000
2000_8ffbabdf79c4b12f1e3da280ad6fdbfc,2000_a54b975cf655f0f4a71ec37db2e70399,T614,T613,I think it's important,I want a diverse administration,Support,2000
2000_15baad868a2752b55f991c989227f111,2000_a54b975cf655f0f4a71ec37db2e70399,T612,T613,I'm going to find people that want to serve their country,I want a diverse administration,Support,2000
2000_58e11bd9d4f4bfe000416c68d514ff79,2000_a54b975cf655f0f4a71ec37db2e70399,T610,T613,my administration is better off for it in Texas,I want a diverse administration,Support,2000
2000_a54b975cf655f0f4a71ec37db2e70399,2000_966aaafed7a516708e97f5664cec4854,T613,T624,I want a diverse administration,"I've worked hard in the State of Texas to make sure our institutions reflect the state with good, smart policy",Support,2000
2000_966aaafed7a516708e97f5664cec4854,2000_0757582fe78c70f1bf73221c172567f9,T624,T625,"I've worked hard in the State of Texas to make sure our institutions reflect the state with good, smart policy",Policy that rejects quotas,Attack,2000
2000_0757582fe78c70f1bf73221c172567f9,2000_185d20a15bacdf7da05590c34ec8141b,T625,T623,Policy that rejects quotas,I don't like quotas,Support,2000
2000_185d20a15bacdf7da05590c34ec8141b,2000_1c82e520f0ab569e8590f83422c06b45,T623,T627,I don't like quotas,Quotas are bad for America,Support,2000
2000_1c82e520f0ab569e8590f83422c06b45,2000_049a152bc49f074ae9d50c11a37133ee,T627,T626,Quotas are bad for America,Quotas tend to pit one group of people against another,Attack,2000
2000_3cf24f2bcbb94f31d684c69621569eaf,2000_1c82e520f0ab569e8590f83422c06b45,T622,T627,It's not the way America is all about,Quotas are bad for America,Attack,2000
2000_313c1704835115acf76bb2c62ebf1d03,2000_e329677bfa64de165bb46c8e2d25e7ba,T629,T628,policies that give people a helping hand,they can help themselves,Support,2000
2000_133ca7c507bbf7090a11f1e359e4e834,2000_bec81fb8e80aee157f74c74982fa3be7,T631,T630,"For example, in our State of Texas I worked with the legislature, both Republicans and Democrats, to pass a law that said if you come in the top 10% of your high school class, you're automatically admitted to one of our higher institutions of learning, college","as a result, our universities are now more diverse",Support,2000
2000_bec81fb8e80aee157f74c74982fa3be7,2000_7ed04d77a5b0b4311ae2bdc5bf4046c3,T630,T621,"as a result, our universities are now more diverse",It was a smart thing to do,Support,2000
2000_e329677bfa64de165bb46c8e2d25e7ba,2000_133ca7c507bbf7090a11f1e359e4e834,T628,T631,they can help themselves,"For example, in our State of Texas I worked with the legislature, both Republicans and Democrats, to pass a law that said if you come in the top 10% of your high school class, you're automatically admitted to one of our higher institutions of learning, college",Support,2000
2000_f9c8979973f84ef339f8267230241949,2000_7ed04d77a5b0b4311ae2bdc5bf4046c3,T632,T621,I labeled it affirmative access,It was a smart thing to do,Support,2000
2000_53da63a3be95f9283c263637962aea1f,2000_407edb4226cbdfb8943f116daf52cbcb,T633,T620,"Not with quotas, but help meet a goal of ownership of small businesses, for example",I think the contracting business in government can help,Support,2000
2000_aaac3507088e9a7e61f7e47f01c9f70d,2000_807aaf2092cf5b6de92a1c7facb4fa65,T618,T2,The contracts need to be smaller,the agencies need to recruit and to work hard to find people to bid on the state contracts,Support,2000
2000_807aaf2092cf5b6de92a1c7facb4fa65,2000_407edb4226cbdfb8943f116daf52cbcb,T2,T620,the agencies need to recruit and to work hard to find people to bid on the state contracts,I think the contracting business in government can help,Support,2000
2000_407edb4226cbdfb8943f116daf52cbcb,2000_d524ad6b2017cdad6101b4d3f810eb94,T620,T616,I think the contracting business in government can help,I think we can do that in a way that represents what America is all about,Support,2000
2000_51fb8862222700981b20c7b5b72cfdc3,2000_d524ad6b2017cdad6101b4d3f810eb94,T617,T616,which is equal opportunity and an opportunity for people to realize their potential,I think we can do that in a way that represents what America is all about,Support,2000
2000_f9c8979973f84ef339f8267230241949,2000_c7724403494cdf92251ce85261e25cdd,T632,T7,I labeled it affirmative access,"I support, I guess the way to put it, is affirmative access",Support,2000
2000_c7724403494cdf92251ce85261e25cdd,2000_d524ad6b2017cdad6101b4d3f810eb94,T7,T616,"I support, I guess the way to put it, is affirmative access",I think we can do that in a way that represents what America is all about,Support,2000
2000_d524ad6b2017cdad6101b4d3f810eb94,2000_97f910841be658db20f1ab5ea0e93c95,T616,T615,I think we can do that in a way that represents what America is all about,I'll have an administration that will make you proud,Support,2000
2000_3c692a375379f2128e07c0f16ae28a51,2000_064df777db8e98d125854d4ff741c098,T634,T635,I believe in this goal and effort with all my heart,"I believe that our future as a nation depends upon whether or not we can break down these barriers that have been used to pit group against group, and bring our people together",Support,2000
2000_a87b1e510487754e961e1485e566435e,2000_064df777db8e98d125854d4ff741c098,T8,T635,you establish respect for differences,"I believe that our future as a nation depends upon whether or not we can break down these barriers that have been used to pit group against group, and bring our people together",Support,2000
2000_064df777db8e98d125854d4ff741c098,2000_14f13f56537d8f33fadd97b81088965c,T635,T646,"I believe that our future as a nation depends upon whether or not we can break down these barriers that have been used to pit group against group, and bring our people together",You don't ignore differences,Attack,2000
2000_14f13f56537d8f33fadd97b81088965c,2000_166d2d96ba0b0ae10f0d03bf8aab4891,T646,T647,You don't ignore differences,"It's all too easy for somebody in the majority in the population to say oh, we're just all the same, without an understanding of the different life experience that you've had, that others have had",Support,2000
2000_a87b1e510487754e961e1485e566435e,2000_166d2d96ba0b0ae10f0d03bf8aab4891,T8,T647,you establish respect for differences,"It's all too easy for somebody in the majority in the population to say oh, we're just all the same, without an understanding of the different life experience that you've had, that others have had",Support,2000
2000_166d2d96ba0b0ae10f0d03bf8aab4891,2000_487aa1e082e902d1820066b77fdfebf0,T647,T648,"It's all too easy for somebody in the majority in the population to say oh, we're just all the same, without an understanding of the different life experience that you've had, that others have had","Once you have that understanding and mutual respect, then we can transcend the differences and embrace the highest common denominator of the American spirit",Support,2000
2000_a777164dc9bf7cb8cf09f5b35c4e6f72,2000_fcc336e0f2ed0fa170844410aa9863ac,T644,T645,I do know what affirmative action means,I don't know what affirmative access means,Attack,2000
2000_fcc336e0f2ed0fa170844410aa9863ac,2000_c7724403494cdf92251ce85261e25cdd,T645,T7,I don't know what affirmative access means,"I support, I guess the way to put it, is affirmative access",Attack,2000
2000_a777164dc9bf7cb8cf09f5b35c4e6f72,2000_b878aec46e82b4c946de96ae94afb86e,T644,T650,I do know what affirmative action means,I know the governor is against it,Attack,2000
2000_a777164dc9bf7cb8cf09f5b35c4e6f72,2000_63c26dfd45aa013996cd25a8b146af1c,T644,T649,I do know what affirmative action means,I know that I'm for it,Support,2000
2000_63c26dfd45aa013996cd25a8b146af1c,2000_b878aec46e82b4c946de96ae94afb86e,T649,T650,I know that I'm for it,I know the governor is against it,Attack,2000
2000_112d1de903c1671517058d9900da1366,2000_bdd8c7b6a8547288449b1e38b9affeed,T642,T1,I'm for that proposed law,the governor is against it,Attack,2000
2000_112d1de903c1671517058d9900da1366,2000_4a0bd3fcf4036407f0a2d30c07a37757,T642,T651,I'm for that proposed law,I know what a hate crime statute pending at the national level is all about in the aftermath of James Byrd's death,Support,2000
2000_4a0bd3fcf4036407f0a2d30c07a37757,2000_bdd8c7b6a8547288449b1e38b9affeed,T651,T1,I know what a hate crime statute pending at the national level is all about in the aftermath of James Byrd's death,the governor is against it,Attack,2000
2000_9683b058285a7019ee71ac5d27fe666b,2000_898ab8535add87c529cf872444b3f03e,T9,T641,I am part of an administration that has the finest record on diversity,I know what it means to have a commitment to diversity,Support,2000
2000_714243912e24bea65f23c4721e472c26,2000_9683b058285a7019ee71ac5d27fe666b,T652,T9,I think our success over the last eight years has not been in spite of diversity but because of it,I am part of an administration that has the finest record on diversity,Support,2000
2000_6f9c4c9dc580ca3a17942162fb4fb50a,2000_714243912e24bea65f23c4721e472c26,T653,T652,we're able to draw on the wisdom and experience from different parts of the society that hadn't been tapped in the same way before,I think our success over the last eight years has not been in spite of diversity but because of it,Support,2000
2000_60e1a1bcda7e1e372e8e8921f5227093,2000_9683b058285a7019ee71ac5d27fe666b,T654,T9,Mel Carnahan in Missouri had the finest record on diversity in any governor in the entire history of the State of Missouri,I am part of an administration that has the finest record on diversity,Support,2000
2000_b319b33ab8e6c936214d2e4eb22af6f2,2000_60e1a1bcda7e1e372e8e8921f5227093,T655,T654,I want to honor that among his other achievements here,Mel Carnahan in Missouri had the finest record on diversity in any governor in the entire history of the State of Missouri,Support,2000
2000_bb193298e3ca9feb32ea703510d0954e,2000_1b17e22988d8b635f6cb0daedec9828c,T640,T636,"Now, I just believe that what we have to do is enforce the civil rights laws",I'm against quotas,Attack,2000
2000_c27daf9cbc44f7811a83e5a4a1977909,2000_1b17e22988d8b635f6cb0daedec9828c,T656,T636,that's a red herring,I'm against quotas,Support,2000
2000_2d85ed0c5f1869122bb5562a5cb793ec,2000_c27daf9cbc44f7811a83e5a4a1977909,T638,T656,Affirmative action isn't quotas,that's a red herring,Attack,2000
2000_1b17e22988d8b635f6cb0daedec9828c,2000_43e097f456cb8b7ea23a81fef0479c82,T636,T3,I'm against quotas,I'm against quotas,Support,2000
2000_43e097f456cb8b7ea23a81fef0479c82,2000_766f6b236dc5c97dd2d74334f68e6c58,T3,T637,I'm against quotas,they're illegal,Attack,2000
2000_43e097f456cb8b7ea23a81fef0479c82,2000_736797bbfbb5d4bfaf27fceaebee2017,T3,T657,I'm against quotas,They're against the American way,Attack,2000
2000_58cee1f97ef2aece9a6130c2e0db9c22,2000_bb193298e3ca9feb32ea703510d0954e,T10,T640,"Affirmative action means that you take extra steps to acknowledge the history of discrimination and injustice and prejudice and bring all people into the American dream because it helps everybody, not just those who are directly benefitting","Now, I just believe that what we have to do is enforce the civil rights laws",Support,2000
2000_391f24ae577e4adfac11531faa45b780,2000_2a9cc520eebaf7c33f766dce9cf89f58,T660,T4,If affirmative action means what I just described what I'm for,I'm for it,Support,2000
2000_0302fdbe9df36d4bfc40961af4abf655,2000_c27daf9cbc44f7811a83e5a4a1977909,T658,T656,"If affirmative action means quotas, I'm against it",that's a red herring,Attack,2000
2000_5595c5682ee4666377fb0b6983b1cded,2000_a17c5f2d8a1c18070e0e268e193d7839,T5,T661,You heard what I was for,that's what I support,Support,2000
2000_a17c5f2d8a1c18070e0e268e193d7839,2000_7a6421ead18851bd997e9bc2307d8e13,T661,T663,that's what I support,The vice president keeps saying I'm against things,Attack,2000
2000_460ac6e95cfea1a432558b18954eede9,2000_d7943b3ddb1cb532fb06c22b33929593,T6,T667,No,it doesn't speak for itself,Support,2000
2000_d7943b3ddb1cb532fb06c22b33929593,2000_c7ae578c9cfb09d0fc24cf2d0413983e,T667,T668,it doesn't speak for itself,it speaks for the fact that there are certain rules in this that we all agree to,Support,2000
2000_c7ae578c9cfb09d0fc24cf2d0413983e,2000_3d02a0d629cde4f961ce2c04d45ebcfe,T668,T669,it speaks for the fact that there are certain rules in this that we all agree to,evidently rules don't mean anything,Attack,2000
2000_d7943b3ddb1cb532fb06c22b33929593,2000_2bc507a0b7c9045c78452fbd3af701c9,T667,T666,it doesn't speak for itself,: I think that speaks for itself,Attack,2000
2000_f3d456af4d3842dc9ca289592dd66351,2000_531060f8264a6fc095806dcc39d82450,T453,T454,We've got a bumper crop this year,that's the good news,Support,2000
2000_6254e6c8191d51393b3710f8f2e4e7f1,2000_1dc8d54de0938852b25292fae521ad7f,T1,T465,know what the bad news is that follows on that.,The prices are low,Support,2000
2000_531060f8264a6fc095806dcc39d82450,2000_1dc8d54de0938852b25292fae521ad7f,T454,T465,that's the good news,The prices are low,Attack,2000
2000_da84fd80a19b417f1ce7d29968fbdd26,2000_4a69706f3cb2bb1e7ac8961860bfef5d,T455,T464,I want to change many of its provisions,"In the last several years, the so-called Freedom To Farm Law has, in my view, been mostly a failure",Attack,2000
2000_b6f9734d3dbf4c31d339d6933dfc766c,2000_78a3fe885a7b5a3df08d1f5c3adef1bf,T467,T466,the rest of us wouldn't eat except for them,the 2% of the country that is involved in farming is important,Support,2000
2000_eb3347ada48f3b2609501a90f8e62412,2000_be81d2f3b5bcfa74a19b1a3c1776248e,T463,T462,I want to fight for you,you guys have been having a hard time,Support,2000
2000_be81d2f3b5bcfa74a19b1a3c1776248e,2000_da84fd80a19b417f1ce7d29968fbdd26,T462,T455,you guys have been having a hard time,I want to change many of its provisions,Support,2000
2000_eebf38a639dcc4667e4598573957f3ab,2000_da84fd80a19b417f1ce7d29968fbdd26,T461,T455,I want to change those provisions,I want to change many of its provisions,Support,2000
2000_edd18a98bc9f4f7b681ea22604a3c4c5,2000_eebf38a639dcc4667e4598573957f3ab,T460,T461,I want to restore a meaningful safety net,I want to change those provisions,Support,2000
2000_1be30841b2f84ea7dd96c8bfd8f7db39,2000_ae33b5e48c9b5e823da1e04799b5994a,T469,T470,farmers are the first environmentalists,"when you say there are multiple things accomplished by farmers, you're specifically including conservation and protection of the environment",Support,2000
2000_c94b94701a6fc51852331f2b2891b3a9,2000_88e3c6148363134658a23d7fcee6b363,T472,T471,"when they decide not to plow a field that is vulnerable to soil erosion, that may cost them a little money",it helps the environment,Support,2000
2000_1be30841b2f84ea7dd96c8bfd8f7db39,2000_88e3c6148363134658a23d7fcee6b363,T469,T471,farmers are the first environmentalists,it helps the environment,Support,2000
2000_6a96835bd8bb4f714f8c30a825ea5226,2000_4fae0438eadfd98d16641b233ebf67dc,T2,T459,"I think that the environmental benefits that come from sound management of the land ought to represent a new way for farmers to get some income that will enable them -- enable you to make sensible choices in crop rotation, and when you leave the land fallow and the rest",I think that we ought to have an expanded conservation reserve program,Support,2000
2000_88e3c6148363134658a23d7fcee6b363,2000_4fae0438eadfd98d16641b233ebf67dc,T471,T459,it helps the environment,I think that we ought to have an expanded conservation reserve program,Support,2000
2000_4fae0438eadfd98d16641b233ebf67dc,2000_d8b4122cc0076a4de29308f9828888fa,T459,T473,I think that we ought to have an expanded conservation reserve program,I think we need much more focus on rural economic development programs,Support,2000
2000_3125f0c7ce59e444f3eaf3c50832567b,2000_d8b4122cc0076a4de29308f9828888fa,T474,T473,I see a time when the Internet-based activities are more available in the rural areas and where the extra source of income that farm families used to have from shoe factories is replaced by an extra source of income from working in the information economy,I think we need much more focus on rural economic development programs,Support,2000
2000_c312d6a70ff60af9c4ed5be191b87f91,2000_d8b4122cc0076a4de29308f9828888fa,T456,T473,we need to do a lot of things,I think we need much more focus on rural economic development programs,Support,2000
2000_0b681c87f11d94889d08dba937512ed2,2000_d8b4122cc0076a4de29308f9828888fa,T457,T473,we ought to start with a better safety net,I think we need much more focus on rural economic development programs,Support,2000
2000_2cb828401183914acd8f5bc0e49fc92c,2000_48113b988bd37d422e710eef9ae8b959,T491,T475,I want the farmers feeding the world,I would like our farmers feeding the world,Support,2000
2000_7377ed0e54b815308e584f353402969d,2000_48113b988bd37d422e710eef9ae8b959,T490,T475,We're the best producers in the world,I would like our farmers feeding the world,Support,2000
2000_8f2f031474e0785c58b52f7332ca5e9f,2000_48113b988bd37d422e710eef9ae8b959,T492,T475,We need to open up markets,I would like our farmers feeding the world,Support,2000
2000_bb95872fed6f8a663ed55f87b25fa303,2000_8f2f031474e0785c58b52f7332ca5e9f,T495,T492,"Exports are down, and every time an export number goes down, it hurts the farmer",We need to open up markets,Support,2000
2000_8f2f031474e0785c58b52f7332ca5e9f,2000_dbefd874e07610d872aee572b3cb2730,T492,T493,We need to open up markets,I want the next president to have fast track negotiating authority to open up markets around the world,Support,2000
2000_48113b988bd37d422e710eef9ae8b959,2000_dbefd874e07610d872aee572b3cb2730,T475,T493,I would like our farmers feeding the world,I want the next president to have fast track negotiating authority to open up markets around the world,Support,2000
2000_5ad9b9107006b6fa2e6f676c64832103,2000_78c445e12fb94475ee05ee5b4928fc44,T488,T487,It hurts the farmers,We shouldn't be using food,Support,2000
2000_8b0ec77875bd15886c60765b5a22c27e,2000_78c445e12fb94475ee05ee5b4928fc44,T486,T487,It's not the right thing to do,We shouldn't be using food,Support,2000
2000_29b2789a2c635f51c4e45a2b2e3d2105,2000_7377ed0e54b815308e584f353402969d,T494,T490,Weâ€™re the best and the most efficient farmers,We're the best producers in the world,Support,2000
2000_ef6edbf7bf7956e59683241bf2dc6673,2000_78c445e12fb94475ee05ee5b4928fc44,T476,T487,I don't want to use food as a diplomatic weapon from this point forward,We shouldn't be using food,Support,2000
2000_915806c741386b59559fcbdb6b5e52e8,2000_ac3851244311121568f8425c683f326f,T485,T484,I'm for value-added processing,We need more work on value-added processing,Support,2000
2000_ac3851244311121568f8425c683f326f,2000_ef6edbf7bf7956e59683241bf2dc6673,T484,T476,We need more work on value-added processing,I don't want to use food as a diplomatic weapon from this point forward,Attack,2000
2000_2b2ba6636f1f4cf271d5c2b3c5c6e981,2000_ac3851244311121568f8425c683f326f,T496,T484,"ou take the raw product you produce, I presume you're a farmer, off your farm, and you convert it",We need more work on value-added processing,Support,2000
2000_ac3851244311121568f8425c683f326f,2000_8eaa7c2628fa761e0da48d61e2e4b769,T484,T489,We need more work on value-added processing,Value-added processing is important,Support,2000
2000_b655fc9d3d12d8b09198f2be4f999e49,2000_7309325b84148479f92f298de4001f39,T482,T481,Spending research and development money,we can use our technological base to figure out new uses for farm products,Support,2000
2000_f80a9e0196d60f38e0b447a2c7a34144,2000_7309325b84148479f92f298de4001f39,T483,T481,I'm for research and development,we can use our technological base to figure out new uses for farm products,Support,2000
2000_3f0aca1d60d02dc1e7a0c6121b737323,2000_4f488bcde5c5ef8b7bebe5a2d806fde2,T498,T480,One reason family farmers are forced to sell early is because of the death tax,"I'm for getting rid of the death tax, completely getting rid of the death tax",Support,2000
2000_4f488bcde5c5ef8b7bebe5a2d806fde2,2000_b81b7b677c0c4a9829634046313f42ae,T480,T497,"I'm for getting rid of the death tax, completely getting rid of the death tax",This is a bad tax,Attack,2000
2000_9f448f4079dacc75b0f4a315dbba879e,2000_c22afab5e3c9ec27089b0d3142736dc0,T500,T499,It penalizes the family farmer,It's a tax that taxes people twice,Support,2000
2000_4f488bcde5c5ef8b7bebe5a2d806fde2,2000_ef222d2d462fdcba2f5f7b320a883714,T480,T479,"I'm for getting rid of the death tax, completely getting rid of the death tax",The President shouldn't have vetoed that bill,Attack,2000
2000_c22afab5e3c9ec27089b0d3142736dc0,2000_b81b7b677c0c4a9829634046313f42ae,T499,T497,It's a tax that taxes people twice,This is a bad tax,Support,2000
2000_11b60aaea296fd41eaf5d6c696a863f4,2000_d11c847478f3fdad0a790784243fa73b,T3,T4,I'm from a big farm state,We're the second biggest state -- farming state in the country,Support,2000
2000_d11c847478f3fdad0a790784243fa73b,2000_ebaa700f5203f03e927b5aeb10f8e035,T4,T5,We're the second biggest state -- farming state in the country,And I hear from my farmers and friends all the time,Support,2000
2000_50a05393bf998e6bd897169bd9acbe97,2000_7b8196ee03a0bee4978e7458e9dfe884,T503,T478,The Vice President is right,Every day is earth day if you own the land,Support,2000
2000_ebaa700f5203f03e927b5aeb10f8e035,2000_7b8196ee03a0bee4978e7458e9dfe884,T5,T478,And I hear from my farmers and friends all the time,Every day is earth day if you own the land,Support,2000
2000_d568dbba2cc6ce2c462daf44b458eb5d,2000_7b8196ee03a0bee4978e7458e9dfe884,T6,T478,I like the policies that will encourage farmers to put -- set aside land as well for conservation purpose,Every day is earth day if you own the land,Support,2000
2000_8f2f031474e0785c58b52f7332ca5e9f,2000_69db7598f40257ab316654231b563fd0,T492,T501,We need to open up markets,I want to open up markets,Support,2000
2000_20cbad3956f2bbd7a78d350d2764628f,2000_4f488bcde5c5ef8b7bebe5a2d806fde2,T506,T480,I'm for a massive reform of the estate tax or the death tax,"I'm for getting rid of the death tax, completely getting rid of the death tax",Attack,2000
2000_feba0a2149502d211eacb4aebfb14f93,2000_20cbad3956f2bbd7a78d350d2764628f,T507,T506,"under the plan that I've proposed, 80% of all family farms will be completely exempt from the estate tax",I'm for a massive reform of the estate tax or the death tax,Support,2000
2000_91c0831e78710798501f085fde1f1c0a,2000_ffb45eb66bc4f995a3c13df5aae4b7fc,T509,T508,all of the others would have sharply reduced,the vast majority of all family businesses would be completely exempt,Support,2000
2000_ffb45eb66bc4f995a3c13df5aae4b7fc,2000_20cbad3956f2bbd7a78d350d2764628f,T508,T506,the vast majority of all family businesses would be completely exempt,I'm for a massive reform of the estate tax or the death tax,Support,2000
2000_e934e8f7fe105b042ea1c89583559382,2000_27f0f9abcf4949d2018a0175fb8b2990,T510,T505,"The amount of money that has to be raised in taxes for middle-class families to make up for completely eliminating that on the very wealthiest, the billionaires, that would be an extra heavy burden on middle-class families",now the problem with completely eliminating it goes back to the wealthiest 1%,Support,2000
2000_27f0f9abcf4949d2018a0175fb8b2990,2000_e82d101bd93da83fa05ee36d52698467,T505,T504,now the problem with completely eliminating it goes back to the wealthiest 1%,"so let's do it for most all, but not completely eliminate it for the very top",Support,2000
2000_e82d101bd93da83fa05ee36d52698467,2000_4f488bcde5c5ef8b7bebe5a2d806fde2,T504,T480,"so let's do it for most all, but not completely eliminate it for the very top","I'm for getting rid of the death tax, completely getting rid of the death tax",Attack,2000
2000_1ec7416042842e8036e3fcb7bc197091,2000_7219f661c5df3d8baa54aa3b3542fc44,T512,T511,It's either unfair for some or unfair for all,people shouldn't be taxed twice on their assets,Support,2000
2000_6933688f4ca744fedbfe1c6342d1b1b1,2000_1ec7416042842e8036e3fcb7bc197091,T521,T512,this is just a difference of opinion,It's either unfair for some or unfair for all,Support,2000
2000_5f19871a12613b9b05df191a96b5bd7f,2000_e5ba00177dab44b53a3f30fc21ee4f2e,T519,T520,I don't think that's the role of the president,"If you're from Washington, you want to pick and choose winners",Attack,2000
2000_7219f661c5df3d8baa54aa3b3542fc44,2000_b6e24125f4eae15fdba3520df9afcf08,T511,T518,people shouldn't be taxed twice on their assets,"I think if you're going to have tax relief, everybody benefits",Support,2000
2000_38ea6d97be08c30041f8ef450cac660e,2000_2f89d6e0ba01bbc07884dd36ade7de70,T516,T517,"I know this, 100% will get it if I'm the president",I'm not so sure 80% of the people get the death tax,Attack,2000
2000_38ea6d97be08c30041f8ef450cac660e,2000_3f49534ab0f8c5a63e447666d9a7e751,T516,T515,"I know this, 100% will get it if I'm the president",I just don't think it's fair to tax people's assets twice regardless of your status,Support,2000
2000_322c4f4b4cd78d99133c49604a86d048,2000_3f49534ab0f8c5a63e447666d9a7e751,T514,T515,It's a fairness issue,I just don't think it's fair to tax people's assets twice regardless of your status,Support,2000
2000_e4835bd6a1aebb064d711676f84dc794,2000_3f49534ab0f8c5a63e447666d9a7e751,T513,T515,"It's an issue of principle, not politics",I just don't think it's fair to tax people's assets twice regardless of your status,Support,2000
2000_7219f661c5df3d8baa54aa3b3542fc44,2000_3f49534ab0f8c5a63e447666d9a7e751,T511,T515,people shouldn't be taxed twice on their assets,I just don't think it's fair to tax people's assets twice regardless of your status,Support,2000
2000_2e0e923a91d4b9c935fc8277a547a5f4,2000_62d5300d000968040d35cc0aa04a0c43,T204,T206,"I think the role ought to be limited, there ought to be a time limit on it",There may be occasion when it's appropriate to use them in a peacekeeping role,Attack,2000
2000_2e0e923a91d4b9c935fc8277a547a5f4,2000_b4204e8fbe1617d453075309adbb0381,T204,T203,"I think the role ought to be limited, there ought to be a time limit on it",My preference is to deploy them as warriors,Support,2000
2000_ce1ec5bfd86e2dece381a4aedba635ae,2000_b4204e8fbe1617d453075309adbb0381,T205,T203,The reason we have a military is to be able to fight and win wars,My preference is to deploy them as warriors,Support,2000
2000_501b601351b8ea9354d6464f4b53bcf0,2000_b4204e8fbe1617d453075309adbb0381,T207,T203,to maintain with sufficient strength so that would-be adversaries are deterred from ever launching a war in the first place,My preference is to deploy them as warriors,Support,2000
2000_be5807b3cc556d45d1cae85fa68d0b95,2000_d3f674cf2f9f519c2b7b54ffa3a868c9,T209,T208,We've seen a reduction in our forces far beyond anything that was justified by the end of the Cold War,"I think that the administration has, in fact, in this area failed in a major responsibility",Support,2000
2000_d779356094f3e137bf0f633e72d4f452,2000_d3f674cf2f9f519c2b7b54ffa3a868c9,T210,T208,we've seen a rapid expansion of our commitments around the world as troops have been sent hither and yon,"I think that the administration has, in fact, in this area failed in a major responsibility",Support,2000
2000_fc27e409043bc66a32d4d98a32fe500c,2000_d779356094f3e137bf0f633e72d4f452,T218,T210,There was testimony before the Joint Chiefs of Staff before the Armed Services Committee that pointed out a lot of these problems,we've seen a rapid expansion of our commitments around the world as troops have been sent hither and yon,Support,2000
2000_aef77c2e255d056bfbba3414850c99d3,2000_42b24531c8071090ea7d87bd208239d5,T219,T216,"General Mike Ryan of the Air Force with 40% fewer aircraft, he's now undertaking three times as many deployments on a regular basis as he had to previously",We're overcommitted and underresourced,Support,2000
2000_42b24531c8071090ea7d87bd208239d5,2000_d3f674cf2f9f519c2b7b54ffa3a868c9,T216,T208,We're overcommitted and underresourced,"I think that the administration has, in fact, in this area failed in a major responsibility",Support,2000
2000_4cd6ea2e56ef834211103e0976bf3a60,2000_295a880410ec06f468cd5ce5f49e48ad,T2,T212,I saw a letter the other day from a young captain stationed in Fort Bragg,a graduate of West Point in '95 getting ready to get out of the service because he's only allowed to train with his troops when fuel is available for the vehicles and only allowed to fire their weapons twice a year,Support,2000
2000_295a880410ec06f468cd5ce5f49e48ad,2000_ff743de6ddeaed3b106aee52e1f5b1e2,T212,T217,a graduate of West Point in '95 getting ready to get out of the service because he's only allowed to train with his troops when fuel is available for the vehicles and only allowed to fire their weapons twice a year,This has had some other unfortunate effects,Support,2000
2000_f836ce01b85c43628cead60d14c7c7ed,2000_82bea1e9d840d06ee5cc156dae1c049d,T215,T214,"That is a legitimate concern, this is a very important area",He's concerned that if he had to send them into combat it would mean lives lost,Support,2000
2000_82bea1e9d840d06ee5cc156dae1c049d,2000_ff743de6ddeaed3b106aee52e1f5b1e2,T214,T217,He's concerned that if he had to send them into combat it would mean lives lost,This has had some other unfortunate effects,Support,2000
2000_ff743de6ddeaed3b106aee52e1f5b1e2,2000_d3f674cf2f9f519c2b7b54ffa3a868c9,T217,T208,This has had some other unfortunate effects,"I think that the administration has, in fact, in this area failed in a major responsibility",Support,2000
2000_d3f674cf2f9f519c2b7b54ffa3a868c9,2000_f5f8a9d1bcc64b96f91cda69de1908ea,T208,T221,"I think that the administration has, in fact, in this area failed in a major responsibility",a high priority for myself and Governor Bush to rebuild the U.S. military and to give them the resources they need to do the job we ask them to do for us and give them good leadership,Support,2000
2000_dd287c58d0a0024c3a7bd508406873e3,2000_f5f8a9d1bcc64b96f91cda69de1908ea,T211,T221,The fact that the U.S. military is worse off today than it was eight years ago,a high priority for myself and Governor Bush to rebuild the U.S. military and to give them the resources they need to do the job we ask them to do for us and give them good leadership,Support,2000
2000_218cbc4c072408e911c88a680a6fc2d5,2000_f5f8a9d1bcc64b96f91cda69de1908ea,T220,T221,Major responsibility for us in the future,a high priority for myself and Governor Bush to rebuild the U.S. military and to give them the resources they need to do the job we ask them to do for us and give them good leadership,Support,2000
2000_f47a70ac44fb001e9b2b15dc44200208,2000_d3f674cf2f9f519c2b7b54ffa3a868c9,T222,T208,"I want to assure the American people that the American military is the best-trained, best-equipped, most powerful force in the world","I think that the administration has, in fact, in this area failed in a major responsibility",Attack,2000
2000_f47a70ac44fb001e9b2b15dc44200208,2000_dd287c58d0a0024c3a7bd508406873e3,T222,T211,"I want to assure the American people that the American military is the best-trained, best-equipped, most powerful force in the world",The fact that the U.S. military is worse off today than it was eight years ago,Attack,2000
2000_f47a70ac44fb001e9b2b15dc44200208,2000_9b28e48ed967be83a5cfb741127aaefd,T222,T223,"I want to assure the American people that the American military is the best-trained, best-equipped, most powerful force in the world",Al Gore and I will do whatever it takes to keep them that way,Support,2000
2000_6c9a4635efeea111c38a643238dddbcd,2000_dd287c58d0a0024c3a7bd508406873e3,T225,T211,"it's not good for our military, to run them down essentially in the midst of a partisan political debate",The fact that the U.S. military is worse off today than it was eight years ago,Attack,2000
2000_6c9a4635efeea111c38a643238dddbcd,2000_3f0d170e7a78771b52f949048048e29c,T225,T224,"it's not good for our military, to run them down essentially in the midst of a partisan political debate",It's not right,Support,2000
2000_ecf5fe7a9f0225c3c6259535a237c6c3,2000_2d4dda87ac264c174c99bc809cc49329,T3,T4,"The fact is, judging by its results from Desert Storm to the Balkans, Bosnia and Kosovo, to the operations that are still being conducted to keep Saddam Hussein in a box in Iraq",the American military has performed brilliantly,Support,2000
2000_5ba0bdb8dc26207eb87d8672d6eb2d1b,2000_2d4dda87ac264c174c99bc809cc49329,T227,T4,"Secretary Bill Cohen, a good republican, and Gen. Shelton the chairman of the Joint Chiefs of Staff, will both tell you the American military is ready to meet any threat we may face in the world today",the American military has performed brilliantly,Support,2000
2000_3f0d170e7a78771b52f949048048e29c,2000_d3f674cf2f9f519c2b7b54ffa3a868c9,T224,T208,It's not right,"I think that the administration has, in fact, in this area failed in a major responsibility",Attack,2000
2000_2d4dda87ac264c174c99bc809cc49329,2000_3f0d170e7a78771b52f949048048e29c,T4,T224,the American military has performed brilliantly,It's not right,Support,2000
2000_3f0d170e7a78771b52f949048048e29c,2000_9b28e48ed967be83a5cfb741127aaefd,T224,T223,It's not right,Al Gore and I will do whatever it takes to keep them that way,Support,2000
2000_ff3e8a9ade433d1299635c8bbab6c430,2000_5ba0bdb8dc26207eb87d8672d6eb2d1b,T226,T227,you've got to judge the military by what the military leaders say,"Secretary Bill Cohen, a good republican, and Gen. Shelton the chairman of the Joint Chiefs of Staff, will both tell you the American military is ready to meet any threat we may face in the world today",Support,2000
2000_2ca77eace0a9f76a5010cf1c82f7c2c4,2000_d3f674cf2f9f519c2b7b54ffa3a868c9,T229,T208,This administration has turned around the drop in spending that began in the mid-'80's and right through the Bush-Cheney administration and the early years of the Clinton administration,"I think that the administration has, in fact, in this area failed in a major responsibility",Attack,2000
2000_01d38fcf79f1195cdbd5f0bd0133cd6e,2000_445332ff8e2e421b6fab7793c45e64df,T231,T230,We passed the largest pay increase in a generation for our military,now that  's stopped,Support,2000
2000_fa7dfbe1d48889cce0c3295e692d14fe,2000_b651b63efa4ab3179a33ca4d5352b0e8,T233,T232,$100 billion in additional funding for our military than Governor Bush does,"the reality is if you look at our projected budgets for the next ten years, Al Gore and I actually commit twice as much",Support,2000
2000_b651b63efa4ab3179a33ca4d5352b0e8,2000_f5f8a9d1bcc64b96f91cda69de1908ea,T232,T221,"the reality is if you look at our projected budgets for the next ten years, Al Gore and I actually commit twice as much",a high priority for myself and Governor Bush to rebuild the U.S. military and to give them the resources they need to do the job we ask them to do for us and give them good leadership,Attack,2000
2000_fa7dfbe1d48889cce0c3295e692d14fe,2000_f5f8a9d1bcc64b96f91cda69de1908ea,T233,T221,$100 billion in additional funding for our military than Governor Bush does,a high priority for myself and Governor Bush to rebuild the U.S. military and to give them the resources they need to do the job we ask them to do for us and give them good leadership,Attack,2000
2000_a7b33d028b4bb5c9f2a607acc375e9a2,2000_f5f8a9d1bcc64b96f91cda69de1908ea,T234,T221,their budget allows nothing additional for acquisition of new weapons systems,a high priority for myself and Governor Bush to rebuild the U.S. military and to give them the resources they need to do the job we ask them to do for us and give them good leadership,Attack,2000
2000_bb5d3438f6465f73e6eb697da1295199,2000_912351d46253f5548f2cec56cd8a5815,T236,T235,"they need the new equipment, the new systems that Al Gore and I are committed to giving them",That's something the same Gen. Mike Ryan of the airforce and all the other chiefs of the services will not be happy about,Support,2000
2000_912351d46253f5548f2cec56cd8a5815,2000_a7b33d028b4bb5c9f2a607acc375e9a2,T235,T234,That's something the same Gen. Mike Ryan of the airforce and all the other chiefs of the services will not be happy about,their budget allows nothing additional for acquisition of new weapons systems,Support,2000
2000_d2237038d8039e749c8189e461d54e89,2000_6c9a4635efeea111c38a643238dddbcd,T240,T225,I'm not attacking the military,"it's not good for our military, to run them down essentially in the midst of a partisan political debate",Attack,2000
2000_fe616bafc96a9c68bd6f74a600318234,2000_d2237038d8039e749c8189e461d54e89,T238,T240,I have enormous regard for the men and women of the U.S. military,I'm not attacking the military,Support,2000
2000_3e9f7221b21524533134c344670de46c,2000_fe616bafc96a9c68bd6f74a600318234,T239,T238,I had the privilege of working with them for the four years I was the Secretary of Defense,I have enormous regard for the men and women of the U.S. military,Support,2000
2000_3e9f7221b21524533134c344670de46c,2000_b74ef93fb9d09bbd136ffaaf922b7cda,T239,T237,I had the privilege of working with them for the four years I was the Secretary of Defense,No one has a higher regard than I do for them,Support,2000
2000_b74ef93fb9d09bbd136ffaaf922b7cda,2000_d2237038d8039e749c8189e461d54e89,T237,T240,No one has a higher regard than I do for them,I'm not attacking the military,Support,2000
2000_4632ea556f79784cd875f16ad0618996,2000_6c9a4635efeea111c38a643238dddbcd,T5,T225,"It's irresponsible to suggest we shouldn't have this debate, that we should ignore what is a major, major concern","it's not good for our military, to run them down essentially in the midst of a partisan political debate",Attack,2000
2000_85516b9fd28c733180f0e8e596715806,2000_6f3d3efc9b50ddb756af5a98a85a7b81,T242,T241,"If you look at the data that's available, 40% of our Army helicopters are not combat ready","If you have friends and relatives serving in the U.S. military, you know there's a problem",Support,2000
2000_643035c608babed36b4e8a72954865b0,2000_6f3d3efc9b50ddb756af5a98a85a7b81,T243,T241,The combat readiness level in the Air Force dropped from 85% to 65%,"If you have friends and relatives serving in the U.S. military, you know there's a problem",Support,2000
2000_17d93d950f8e0ee2bd1068237e39f241,2000_6f3d3efc9b50ddb756af5a98a85a7b81,T244,T241,Significant problems of retention,"If you have friends and relatives serving in the U.S. military, you know there's a problem",Support,2000
2000_6f3d3efc9b50ddb756af5a98a85a7b81,2000_2d4dda87ac264c174c99bc809cc49329,T241,T4,"If you have friends and relatives serving in the U.S. military, you know there's a problem",the American military has performed brilliantly,Attack,2000
2000_2231c506f76ac51b8b3a68565ec62132,2000_9e15148c888e06952239f6f33e1da993,T246,T6,"Everybody out there tonight wearing the uniform, standing on guard to protect the United States is there because they volunteered to put on a uniform",The important thing for us to remember is that we're a democracy and we're defended by volunteers,Support,2000
2000_86a0d9e96a4de66f9ca42625e1a45223,2000_5ae99b38a6fa063399c414ac4f8d0137,T250,T251,when we don't give them the kind of leadership that spells out what their mission is and let's them know why they're putting their lives at risk,we undermine that morale,Support,2000
2000_59b767da48240f26ffc5ed51ef3b1b57,2000_5ae99b38a6fa063399c414ac4f8d0137,T249,T251,when we don't give our pilots the flying hours they need to maintain their proficiency,we undermine that morale,Support,2000
2000_1e969f99aacd23e753acded7344f6349,2000_5ae99b38a6fa063399c414ac4f8d0137,T248,T251,When we don't give them the spare parts they need,we undermine that morale,Support,2000
2000_9e15148c888e06952239f6f33e1da993,2000_5ae99b38a6fa063399c414ac4f8d0137,T6,T251,The important thing for us to remember is that we're a democracy and we're defended by volunteers,we undermine that morale,Support,2000
2000_7c69de7dd2b24633142b6054c9a1c8c1,2000_211293e3f56d762c4f8e3f4bc06b0d39,T252,T254,That's an extraordinarily valuable trust,There is no more important responsibility for a President of the United States than his role as Commander in Chief,Support,2000
2000_a8661e935a3b6c318f74dcaef21049f9,2000_bcdf1eec02d380ed4a29715416db7716,T256,T258,When we send them without the right kind of training,we put their lives at risk,Support,2000
2000_441019e474f60bae54326c1816b25a9f,2000_bcdf1eec02d380ed4a29715416db7716,T257,T258,when we send them poorly equipped or with equipment that's old and broken down,we put their lives at risk,Support,2000
2000_ce8f98247040194c4af4a8c1132a0a2c,2000_2db25f942320f6c884ed18f3db94fdb2,T265,T264,we're running now off the buildup of the investment we made during the Reagan years,the issue of procurement is very important,Support,2000
2000_bcdf1eec02d380ed4a29715416db7716,2000_7df751ab1549ad0367cff055d1d12a6d,T258,T259,we put their lives at risk,We will suffer more casualties in the next conflict if we don't look to those basic fundamental problems now,Support,2000
2000_5ae99b38a6fa063399c414ac4f8d0137,2000_7df751ab1549ad0367cff055d1d12a6d,T251,T259,we undermine that morale,We will suffer more casualties in the next conflict if we don't look to those basic fundamental problems now,Support,2000
2000_7df751ab1549ad0367cff055d1d12a6d,2000_6f3d3efc9b50ddb756af5a98a85a7b81,T259,T241,We will suffer more casualties in the next conflict if we don't look to those basic fundamental problems now,"If you have friends and relatives serving in the U.S. military, you know there's a problem",Support,2000
2000_b10d6f2f7cf15adc00a8573678948550,2000_be529b476c261e746fc15caae955f29c,T261,T260,it's available for anybody who wants to look at the record and wants to talk to our men and women in uniform,this administration has a bad track record in this regard,Support,2000
2000_8e92954b4673ecbdb50c5032371cfe25,2000_be529b476c261e746fc15caae955f29c,T262,T260,wants to spend time with the members of the Joint Chiefs,this administration has a bad track record in this regard,Support,2000
2000_5ead8dbe21f1efcb6e79ee68ead636b5,2000_be529b476c261e746fc15caae955f29c,T263,T260,wants to look at readiness levels and other -- other indicators,this administration has a bad track record in this regard,Support,2000
2000_a476523a00eb676d69bcbe861695a8a8,2000_fa86a98a81742b4cb4a420d80f834eb6,T267,T253,"As that equipment gets old, it has to be replaced",We have not been investing in the future of the U.S. military,Support,2000
2000_dec1c628eb7a83172ba494e1b53f9c32,2000_fa86a98a81742b4cb4a420d80f834eb6,T266,T253,We've taken money out of the procurement budget to support other ventures,We have not been investing in the future of the U.S. military,Support,2000
2000_2db25f942320f6c884ed18f3db94fdb2,2000_fa86a98a81742b4cb4a420d80f834eb6,T264,T253,the issue of procurement is very important,We have not been investing in the future of the U.S. military,Support,2000
2000_be529b476c261e746fc15caae955f29c,2000_2d4dda87ac264c174c99bc809cc49329,T260,T4,this administration has a bad track record in this regard,the American military has performed brilliantly,Attack,2000
2000_fa86a98a81742b4cb4a420d80f834eb6,2000_b651b63efa4ab3179a33ca4d5352b0e8,T253,T232,We have not been investing in the future of the U.S. military,"the reality is if you look at our projected budgets for the next ten years, Al Gore and I actually commit twice as much",Attack,2000
2000_bb7669c69be60efd492d65778d7cd695,2000_4632ea556f79784cd875f16ad0618996,T268,T5,"Yes, of course it's an important debate to have as part of this campaign","It's irresponsible to suggest we shouldn't have this debate, that we should ignore what is a major, major concern",Support,2000
2000_05f1e0e38cf2b982643e4c6e82ecd674,2000_bb7669c69be60efd492d65778d7cd695,T269,T268,I don't want either the military to feel uneasy or the American people to feel insecure,"Yes, of course it's an important debate to have as part of this campaign",Attack,2000
2000_18c2c0d7f6f07d8751890a4498fdf12a,2000_c84dbe167b32e1820befd3656af6cb7a,T8,T276,I've visited our fighting forces around the world,we are ready to meet any contingency that might arise,Support,2000
2000_986ddcf36e0a906e19d8ed095b52152f,2000_c84dbe167b32e1820befd3656af6cb7a,T7,T276,"What I'm saying now I'm basing on serving on the Senate Armed Services Committee talking to exactly the people Dick Cheney has mentioned, the Secretary of Defense, the Chiefs of Staff",we are ready to meet any contingency that might arise,Support,2000
2000_c84dbe167b32e1820befd3656af6cb7a,2000_7df751ab1549ad0367cff055d1d12a6d,T276,T259,we are ready to meet any contingency that might arise,We will suffer more casualties in the next conflict if we don't look to those basic fundamental problems now,Attack,2000
2000_a12cb5249fceaf2d23399af0345614ce,2000_c84dbe167b32e1820befd3656af6cb7a,T277,T276,we have met our recruitment targets in each of the services this year,we are ready to meet any contingency that might arise,Support,2000
2000_02c3806ba69db129795d074cc627d557,2000_a3bf5116f686c57476d7aaea29bca408,T273,T272,"they feel a sense of purpose, a sense of mission",the soldiers there have a higher rate of re-enlistment than anywhere else in the service,Support,2000
2000_e305f15fa7ba0bce95fbd2f04590f986,2000_a3bf5116f686c57476d7aaea29bca408,T274,T272,"in the areas where our opponents have said we are overextended, such as the Balkans",the soldiers there have a higher rate of re-enlistment than anywhere else in the service,Support,2000
2000_a3bf5116f686c57476d7aaea29bca408,2000_1042efffa9171c4ed7a4fefad654a4b8,T272,T275,the soldiers there have a higher rate of re-enlistment than anywhere else in the service,"this administration has begun to transform the American military to take it away from being a Cold War force to prepare it to meet the threats of the new generation of tomorrow, of weapons of mass destruction, of ballistic missiles, terrorism, cyber warfare",Support,2000
2000_0e8c523099944d6d056d288e1c670be6,2000_84f9d68834ce01ff023dd3420192cd4d,T278,T279,"Governor Bush recommended in his major policy statement on the military earlier this year that we skip the next generation of military equipment; helicopters, submarines, tactical air fighters, all the rest",That would really cripple our readiness,Support,2000
2000_06dd6a226d5255a6e6089dd132ab86ff,2000_84f9d68834ce01ff023dd3420192cd4d,T280,T279,Exactly the readiness that Dick Cheney is talking about,That would really cripple our readiness,Support,2000
2000_1042efffa9171c4ed7a4fefad654a4b8,2000_e89f617d352bbf476960277b1d7b8313,T275,T270,"this administration has begun to transform the American military to take it away from being a Cold War force to prepare it to meet the threats of the new generation of tomorrow, of weapons of mass destruction, of ballistic missiles, terrorism, cyber warfare","Al Gore and I are committed to continuing this acquisition program, transforming the military",Support,2000
2000_c1a7c71bc642b98a3f1ace766ecd7e58,2000_f1fe3ee9656686eb86a7296f4c69276b,T281,T284,"person-to-person, person-by-person, unit-by-unit, this is the most powerful and effective military",There's still fewer people in uniform today,Attack,2000
2000_a031a24f45babcbfbd4d10f1c5541d6e,2000_c1a7c71bc642b98a3f1ace766ecd7e58,T282,T281,not only in the world today,"person-to-person, person-by-person, unit-by-unit, this is the most powerful and effective military",Support,2000
2000_efd5c3e29ea308535193d506da775449,2000_c1a7c71bc642b98a3f1ace766ecd7e58,T283,T281,in the history of the world,"person-to-person, person-by-person, unit-by-unit, this is the most powerful and effective military",Support,2000
2000_c1a7c71bc642b98a3f1ace766ecd7e58,2000_4b748f32f38186d87806e9d6f59f55de,T281,T271,"person-to-person, person-by-person, unit-by-unit, this is the most powerful and effective military",Al Gore and I will do whatever is necessary to keep it that way,Support,2000
2000_e89f617d352bbf476960277b1d7b8313,2000_4b748f32f38186d87806e9d6f59f55de,T270,T271,"Al Gore and I are committed to continuing this acquisition program, transforming the military",Al Gore and I will do whatever is necessary to keep it that way,Support,2000
2000_84f9d68834ce01ff023dd3420192cd4d,2000_bcdf1eec02d380ed4a29715416db7716,T279,T258,That would really cripple our readiness,we put their lives at risk,Attack,2000
2000_57fe7334a0fa924e3831f26a31e6608e,2000_dcce9078e4c68b0bda2ee665dcd6a5b8,T898,T897,A spirit of cooperation,It is going to require a new spirit,Support,2000
2000_e7702e9c78387803e5c50a946892b67d,2000_dcce9078e4c68b0bda2ee665dcd6a5b8,T899,T897,"It will require the ability of a Republican president to reach out across the partisan divide and to say to Democrats, let's come together to do what is right for America",It is going to require a new spirit,Support,2000
2000_dcce9078e4c68b0bda2ee665dcd6a5b8,2000_1126a209389ec8d4e9c088bebdb9cf6c,T897,T896,It is going to require a new spirit,There is a huge difference of opinion. Mine is I want to empower people in their own lives,Support,2000
2000_dcce9078e4c68b0bda2ee665dcd6a5b8,2000_fe6ef893fcb1286fabb6ed8eb59a4510,T897,T895,It is going to require a new spirit,I also want to go to Washington to get some positive things done,Support,2000
2000_201e2e45d47f054a2046931e9b13a80d,2000_e57083c4383c65a1fd9fa6278f76ff4c,T900,T901,It's been my record as Governor of Texas,it will be how I conduct myself if I'm fortunate enough to earn your vote as President of the United States,Support,2000
2000_e7702e9c78387803e5c50a946892b67d,2000_201e2e45d47f054a2046931e9b13a80d,T899,T900,"It will require the ability of a Republican president to reach out across the partisan divide and to say to Democrats, let's come together to do what is right for America",It's been my record as Governor of Texas,Support,2000
2000_dcce9078e4c68b0bda2ee665dcd6a5b8,2000_201e2e45d47f054a2046931e9b13a80d,T897,T900,It is going to require a new spirit,It's been my record as Governor of Texas,Support,2000
2000_4f805b4f81b184ab252bad884ddb6bfb,2000_ae99ead00e8f67cc6575f6e3d8348db3,T880,T881,I want to finally get something done on Medicare,I want to make sure prescription drugs are available for all seniors,Support,2000
2000_ae99ead00e8f67cc6575f6e3d8348db3,2000_21d252e002fec519d6cf9ba0b67ac700,T881,T882,I want to make sure prescription drugs are available for all seniors,I want seniors to have additional choices when it comes to choosing their health care plans,Support,2000
2000_34314be842db670cbe167ac88e7f728c,2000_c704537df2587aa91093e0e368d8a0a2,T884,T883,I want to make sure the seniors have the promise made will be a promise kept,I want to finally get something done on Social Security,Support,2000
2000_7b99783f138d9596e866ceaf5e8d2adc,2000_e0d35de7d748a3a6059e8da9752eb5b1,T888,T886,I don't want to try to put our troops in all places at all times,I want to rebuild our military to keep the peace,Support,2000
2000_7b99783f138d9596e866ceaf5e8d2adc,2000_f65c654ab88f984bee87ebff025c122c,T888,T889,I don't want to try to put our troops in all places at all times,I don't want to be the world's policeman,Support,2000
2000_e0d35de7d748a3a6059e8da9752eb5b1,2000_e746a87be58532fbfb89148d894868a8,T886,T890,I want to rebuild our military to keep the peace,I want to be the world's peacemaker by having a military of high morale and a military that is well-equipped,Support,2000
2000_f65c654ab88f984bee87ebff025c122c,2000_e746a87be58532fbfb89148d894868a8,T889,T890,I don't want to be the world's policeman,I want to be the world's peacemaker by having a military of high morale and a military that is well-equipped,Support,2000
2000_3841cc1f4b6d9b61e7ea452db3bb92ed,2000_e746a87be58532fbfb89148d894868a8,T891,T890,I want anti-ballistic missile systems to protect ourselves and our allies from a rogue nation that may try to hold us hostage or blackmail our allies and friends,I want to be the world's peacemaker by having a military of high morale and a military that is well-equipped,Support,2000
2000_0b0e9f95c40f2c613a2bb4d2d3e48198,2000_3841cc1f4b6d9b61e7ea452db3bb92ed,T887,T891,I want to have a strong hand when it comes to the United States in world affairs,I want anti-ballistic missile systems to protect ourselves and our allies from a rogue nation that may try to hold us hostage or blackmail our allies and friends,Support,2000
2000_e8cda49b4e89fa260bcb0a71902b126e,2000_c704537df2587aa91093e0e368d8a0a2,T885,T883,"I want younger workers to be able to manage some of their own money, some of their own payroll taxes in the private sector under certain guidelines to get a better rate of return on your own money",I want to finally get something done on Social Security,Support,2000
2000_093b5ccedc0e1d3d76346d4a5a0dfd55,2000_a772066c97f00bd3deed58f9d2300623,T893,T892,I've had a strong record of working with Democrats and Republicans in Texas to make sure no child is left behind,I want to make sure the education system fulfills its hope and promise,Support,2000
2000_72a5d4f3833ea492b14e0e097f1fcab7,2000_a772066c97f00bd3deed58f9d2300623,T894,T892,"I understand the limited role of the federal government, but it could be a constructive role when it comes to reform, by insisting that there be a strong accountability systems",I want to make sure the education system fulfills its hope and promise,Support,2000
2000_00baba4ca589477c58f91dbed2db462c,2000_b26c1ef76530f797575ae79f5d7044c8,T2,T1,I'm asking for your vote,My intentions are to earn your vote and earn your confidence,Support,2000
2000_aa8e8e7ff0388a9d6e37c84fded59b6b,2000_b26c1ef76530f797575ae79f5d7044c8,T3,T1,I want you to be on my team,My intentions are to earn your vote and earn your confidence,Support,2000
2000_fcf66d1ab17eea89a0fc0a6e86cb486b,2000_98762ebb6edf5cd1a537921ca62af138,T912,T913,We're at a fork in the road,"We have this incredible prosperity, but a lot of people have been left behind",Support,2000
2000_98762ebb6edf5cd1a537921ca62af138,2000_ae0c9ce342cec8b7f22c32bd90881f01,T913,T911,"We have this incredible prosperity, but a lot of people have been left behind",this is indeed a crucial time in American history,Support,2000
2000_dbff1ca84b0b508e4b79bed5a0ce6d7d,2000_ae0c9ce342cec8b7f22c32bd90881f01,T914,T911,we have a very important decision to make,this is indeed a crucial time in American history,Support,2000
2000_dbff1ca84b0b508e4b79bed5a0ce6d7d,2000_87a0d54af0a1ea5580f7d023e88ac327,T914,T4,we have a very important decision to make,Will we use the prosperity to enrich all of our families and not just a few?,Attack,2000
2000_c50339031893d5ee8df6930e43725706,2000_9337a0bb6298a80b9687d74f344603d6,T916,T917,"you are the ones who have the hardest time paying taxes, the hardest time making ends meet",You are the ones who are making car payments and mortgage payments and doing right by your kids,Support,2000
2000_c50339031893d5ee8df6930e43725706,2000_835a8350429dcab03a0ce8ff050f9763,T916,T915,"you are the ones who have the hardest time paying taxes, the hardest time making ends meet","Throughout my career in public service, I have fought for the working men and women of this country, middle-class families",Support,2000
2000_9337a0bb6298a80b9687d74f344603d6,2000_835a8350429dcab03a0ce8ff050f9763,T917,T915,You are the ones who are making car payments and mortgage payments and doing right by your kids,"Throughout my career in public service, I have fought for the working men and women of this country, middle-class families",Support,2000
2000_835a8350429dcab03a0ce8ff050f9763,2000_54f93aba6173d5cba6873f56795ee5cf,T915,T918,"Throughout my career in public service, I have fought for the working men and women of this country, middle-class families",a lot of times there are powerful forces that are against you,Attack,2000
2000_9bd340c469c96256263b4489113b1781,2000_54f93aba6173d5cba6873f56795ee5cf,T910,T918,"they do have undue influence in Washington, D.C. and it makes a difference if you have a president who will fight for you",a lot of times there are powerful forces that are against you,Attack,2000
2000_835a8350429dcab03a0ce8ff050f9763,2000_9bd340c469c96256263b4489113b1781,T915,T910,"Throughout my career in public service, I have fought for the working men and women of this country, middle-class families","they do have undue influence in Washington, D.C. and it makes a difference if you have a president who will fight for you",Support,2000
2000_a5742feb2288e89b596fc2effd55aeef,2000_9bd340c469c96256263b4489113b1781,T919,T910,"I know one thing about the position of president, it's the only position in our Constitution that is filled by an individual who is given the responsibility to fight not just for one state or one district or the well-connected or wealthy, but to fight for all of the people, including especially those who most need somebody who will stand up and take on whatever powerful forces might stand in the way","they do have undue influence in Washington, D.C. and it makes a difference if you have a president who will fight for you",Support,2000
2000_f4a6832a19979abb344b0775f20d42c5,2000_d28e17d3ca409eed6ac18bfae97fb2d1,T907,T909,There is a woman named Winifred Skinner here tonight from Iowa,She's 79 years old,Support,2000
2000_d28e17d3ca409eed6ac18bfae97fb2d1,2000_b4f8f52f1620d7fad03d7ca14fc1ae82,T909,T908,She's 79 years old,She has Social Security,Support,2000
2000_b4f8f52f1620d7fad03d7ca14fc1ae82,2000_f3ad20e6197149a4aa38503b7078b23f,T908,T902,She has Social Security,I'm not going to cut her benefits or support any proposal that would,Support,2000
2000_97a193ebcda723791e5b88de5c19ca79,2000_1b67f2ecbeb33d266262670ee60a4117,T905,T906,"She gets a small pension, but in order to pay for her prescription drug benefits, she has to go out seven days a week several hours a day picking up cans",She came all the way from Iowa in a Winnebago with her poodle in order attend here tonight,Support,2000
2000_1b67f2ecbeb33d266262670ee60a4117,2000_3c1d9244900758445ba86f1e698abdb5,T906,T903,She came all the way from Iowa in a Winnebago with her poodle in order attend here tonight,I'll fight for a prescription drug benefit for all seniors,Support,2000
2000_3c1d9244900758445ba86f1e698abdb5,2000_9fdb8801a2cf42f8b159b545fd9a2726,T903,T904,I'll fight for a prescription drug benefit for all seniors,fight for the people of this country for a prosperity that benefits all,Support,2000
2000_f3ad20e6197149a4aa38503b7078b23f,2000_3c1d9244900758445ba86f1e698abdb5,T902,T903,I'm not going to cut her benefits or support any proposal that would,I'll fight for a prescription drug benefit for all seniors,Support,2000
2000_869e5435727001bcb1014be38e2cc6af,2000_d463738633329374170433c326e4aec8,T166,T165,That is a very happy ending to a terrible story,It's the end of a reign of terror,Support,2000
2000_a8ebf946ec7e2f48b8fd3c4654de6d12,2000_d463738633329374170433c326e4aec8,T164,T165,There are some press reports that are unconfirmed that say that Milosevic has actually left Belgrade,It's the end of a reign of terror,Support,2000
2000_8ad08d56392819363476c5ae0434ca0a,2000_d463738633329374170433c326e4aec8,T163,T165,The encouraging news is that the state news agency is reporting that Mr. Kostunica is the president-elect,It's the end of a reign of terror,Support,2000
2000_1c7696b3636cdcb4f8def8b743f859f8,2000_20e3be02fe1852491484945e25748d0f,T167,T168,I'm very proud on this night as it appears that Milosevic is about to or has fallen,the leadership role the United States played in the effort to stop his aggression and genocide in Bosnia and Kosovo,Support,2000
2000_267ed78fc58b782b9dafde7042c8e598,2000_605175a904d58b71d29c983af5d40262,T175,T174,It wasn't,I know our opponents have said they thought it was overreaching,Attack,2000
2000_267ed78fc58b782b9dafde7042c8e598,2000_88528bb48ff0edc1062d643e94b0f3b1,T175,T176,It wasn't,It was a matter of principle in America's national interest and values,Support,2000
2000_20e3be02fe1852491484945e25748d0f,2000_88528bb48ff0edc1062d643e94b0f3b1,T168,T176,the leadership role the United States played in the effort to stop his aggression and genocide in Bosnia and Kosovo,It was a matter of principle in America's national interest and values,Support,2000
2000_368850ae6bcf6020c3a5d108f7b39819,2000_e6d16a940b156baadd09378f739ff3e9,T172,T171,we stopped the genocide,strengthened our relationship with our European allies in NATO,Support,2000
2000_3da5fcd4dc51ec7537d17b4593bf0b35,2000_e6d16a940b156baadd09378f739ff3e9,T170,T171,we stopped the aggression,strengthened our relationship with our European allies in NATO,Support,2000
2000_e6d16a940b156baadd09378f739ff3e9,2000_88528bb48ff0edc1062d643e94b0f3b1,T171,T176,strengthened our relationship with our European allies in NATO,It was a matter of principle in America's national interest and values,Support,2000
2000_84135356e32cc045d3ba8f8399f3eabe,2000_88528bb48ff0edc1062d643e94b0f3b1,T173,T176,made the United States more respected and trusted by our allies and more feared by our enemies,It was a matter of principle in America's national interest and values,Support,2000
2000_fc26c38207e96c3b8326c92211d9ce0e,2000_f57eb631661b5b073037ac8cdcbd9de6,T177,T2,hopefully tonight we're seeing the final results of that bold and brave effort,"I think that Vice President Gore played a critical role, passionate purposive role in leading the administration, along with Republican supporters like Bob Dole and John McCain, to do the right thing in the Balkans",Support,2000
2000_11d10095e98ac5414c5e0d2414610c77,2000_5fee5b43221369cecaa1d078684298cc,T185,T178,"They've taken to the streets to support their democracy, to support their vote",I think probably more than anything else it's a victory for the Serbian people,Support,2000
2000_73ca4ee96eec9db6ef1d7732f65fe6b9,2000_f5f98465c84dc650e693d14e4a848cce,T187,T186,We saw it in Germany,this is a continuation of a process that began ten years ago all across eastern Europe and has only now arrived in Serbia,Support,2000
2000_7e0e2566e63b860e87ecfd7714f92c7d,2000_f5f98465c84dc650e693d14e4a848cce,T188,T186,we saw it in Rumania,this is a continuation of a process that began ten years ago all across eastern Europe and has only now arrived in Serbia,Support,2000
2000_deb075ab4eed9f0dc504b23ea06169f9,2000_f5f98465c84dc650e693d14e4a848cce,T189,T186,we saw it in Czechoslovakia,this is a continuation of a process that began ten years ago all across eastern Europe and has only now arrived in Serbia,Support,2000
2000_24db2bff5780e87d1c74fa58bbe0cfb2,2000_f5f98465c84dc650e693d14e4a848cce,T190,T186,the people of eastern Europe rose up and made their claim for freedom,this is a continuation of a process that began ten years ago all across eastern Europe and has only now arrived in Serbia,Support,2000
2000_1736396722328c764a454821debabb97,2000_b4b1ef73a6237ad5560d5da5576bef64,T191,T181,that would not involve committing U.S. troops,I do think it's noteworthy that there appears to be an effort underway to get the Russians involved,Support,2000
2000_71bbca0cb34bdf0ba6f4006541e5a232,2000_3b91dcaa151b6aefc01f45573f92662a,T192,T194,Governor Bush suggested exactly that we ought to try to get the Russians involved to exercise some leverage over the Serbians,Governor Bush was correct in his assessment and his recommendation,Support,2000
2000_b67fb8832a890834592e90b78faedb58,2000_3b91dcaa151b6aefc01f45573f92662a,T193,T194,that's exactly what they were doing,Governor Bush was correct in his assessment and his recommendation,Support,2000
2000_3b91dcaa151b6aefc01f45573f92662a,2000_11824c4bdc164a6a0ee8cb590cc07360,T194,T195,Governor Bush was correct in his assessment and his recommendation,He has supported the administration on Kosovo,Support,2000
2000_63f845260a8831f3475935bcaf97cf6c,2000_dbc48e06fb20eb265e824089b9a9bc49,T197,T196,"which would have set a specific deadline, one he felt was too soon, for forcing the U.S. troops out",He lobbied actively against passage of the Byrd-Warner provision,Support,2000
2000_b2c8affd942915fe8752dac76bf848b3,2000_4c7077931fbc7b2e30679446a9f5239d,T198,T180,He's been supportive of the policy that we've seen with respect to Yugoslavia,I think he deserves a lot of credit for that,Support,2000
2000_11824c4bdc164a6a0ee8cb590cc07360,2000_4c7077931fbc7b2e30679446a9f5239d,T195,T180,He has supported the administration on Kosovo,I think he deserves a lot of credit for that,Support,2000
2000_dbc48e06fb20eb265e824089b9a9bc49,2000_4c7077931fbc7b2e30679446a9f5239d,T196,T180,He lobbied actively against passage of the Byrd-Warner provision,I think he deserves a lot of credit for that,Support,2000
2000_e18e8192a5089c22a43acd8ba0414630,2000_a8ecbf86c2f1ae8e40a4eff898cc6f76,T199,T179,we ought to find out whether he's committed to democracy,I think this is an opportunity for the United States to test President Putin of Russia,Support,2000
2000_a4608abc587b9212b486af7ea1aa2ddf,2000_a8ecbf86c2f1ae8e40a4eff898cc6f76,T200,T179,Whether or not he's willing to support the forces of freedom and democracy diplomatically there in the area of eastern Europe,I think this is an opportunity for the United States to test President Putin of Russia,Support,2000
2000_305a60ca84a468c0b2baf05e0a25fd32,2000_a8ecbf86c2f1ae8e40a4eff898cc6f76,T202,T179,it's a test for him whether he represents the old guard in the Soviet Union,I think this is an opportunity for the United States to test President Putin of Russia,Support,2000
2000_221ad24c623ab4484855f2947bd95005,2000_abe0b6e299a77da2e14960172f4f48e5,T415,T414,I think somebody who doesn't want me to be president might have run that ad,I don't think I ran the ad,Attack,2000
2000_2909187fcd58603e75c90f2499e9403c,2000_abe0b6e299a77da2e14960172f4f48e5,T416,T414,That wasn't my ad,I don't think I ran the ad,Support,2000
2000_221ad24c623ab4484855f2947bd95005,2000_2909187fcd58603e75c90f2499e9403c,T415,T416,I think somebody who doesn't want me to be president might have run that ad,That wasn't my ad,Attack,2000
2000_2909187fcd58603e75c90f2499e9403c,2000_a02ff3224182da8f2f7448f9394897dd,T416,T417,That wasn't my ad,I think it might have been one of my opponent's ads,Attack,2000
2000_74a809ef365b9b4563cc1d018beb54ad,2000_42754323b7706287fadedb613206b0db,T418,T420,I believe law-abiding citizens ought to be allowed to protect themselves and their families,That's why I'm for instant background checks at gun shows,Support,2000
2000_5f5ea7fc7cabb731f19be3fcc130b2cc,2000_42754323b7706287fadedb613206b0db,T419,T420,I believe that we ought to keep guns out of the hands of people that shouldn't have them,That's why I'm for instant background checks at gun shows,Support,2000
2000_15fa1d1eae508b5a3fecdeae1768ea7f,2000_42754323b7706287fadedb613206b0db,T421,T420,I'm for trigger locks,That's why I'm for instant background checks at gun shows,Support,2000
2000_3ab362481c434f639506b387a254f0e5,2000_15fa1d1eae508b5a3fecdeae1768ea7f,T422,T421,I think that makes sense,I'm for trigger locks,Support,2000
2000_3ab362481c434f639506b387a254f0e5,2000_42754323b7706287fadedb613206b0db,T422,T420,I think that makes sense,That's why I'm for instant background checks at gun shows,Support,2000
2000_1257d89685093d271f18aed0aae767ab,2000_15fa1d1eae508b5a3fecdeae1768ea7f,T424,T421,we distributed free trigger locks in the State of Texas,I'm for trigger locks,Support,2000
2000_1257d89685093d271f18aed0aae767ab,2000_1128bd3d8cfc773c9525a8f6ba77e2e2,T424,T423,we distributed free trigger locks in the State of Texas,people can get them and put them on their guns to make their guns more safe,Support,2000
2000_ea2b3340adf501393cc03adfcca12729,2000_09dc8ed4fbac834435981619a2cc6ee8,T432,T431,where we focused federal taxpayers' money and federal prosecutors and went after people who were illegally using guns,"There is a great program called Project Exile in Richmond, Virginia",Support,2000
2000_09dc8ed4fbac834435981619a2cc6ee8,2000_ed4dee274d0037d36e3b6c1e9de08c3f,T431,T430,"There is a great program called Project Exile in Richmond, Virginia",To me that's how you make society the safest it can be,Support,2000
2000_09dc8ed4fbac834435981619a2cc6ee8,2000_67adc8509edae4227c9d3ff6c53957c9,T431,T434,"There is a great program called Project Exile in Richmond, Virginia","Enforcement of law, and the federal government can help",Support,2000
2000_67adc8509edae4227c9d3ff6c53957c9,2000_ed4dee274d0037d36e3b6c1e9de08c3f,T434,T430,"Enforcement of law, and the federal government can help",To me that's how you make society the safest it can be,Support,2000
2000_7b51b123470fa5601f64ab26ab5aa91d,2000_ed4dee274d0037d36e3b6c1e9de08c3f,T433,T430,"illegally using a gun, there needs to be a consequence",To me that's how you make society the safest it can be,Support,2000
2000_667e238fb3f619fb92bef3b3f70da46c,2000_ed4dee274d0037d36e3b6c1e9de08c3f,T427,T430,"If we catch somebody illegally selling a gun, there needs to be a consequence",To me that's how you make society the safest it can be,Support,2000
2000_f6f36cc0e1c17c15f2c43e321c644ee5,2000_ed4dee274d0037d36e3b6c1e9de08c3f,T426,T430,I also believe strongly that we need to enforce laws on the books that the best way to make sure that we keep our society safe and secure is to hold people accountable for breaking the law,To me that's how you make society the safest it can be,Support,2000
2000_33226820e61b37d8e1382194b2709666,2000_ed4dee274d0037d36e3b6c1e9de08c3f,T425,T430,I think we ought to raise the age at which juveniles can have a gun,To me that's how you make society the safest it can be,Support,2000
2000_a137483ea2c4dc5553358e7f0cf65a83,2000_ed4dee274d0037d36e3b6c1e9de08c3f,T429,T430,I'm for is a safe society,To me that's how you make society the safest it can be,Support,2000
2000_a1e8eff47d0ad037e544a85ac3992f7f,2000_f6f36cc0e1c17c15f2c43e321c644ee5,T428,T426,I'm for enforcing laws on the books,I also believe strongly that we need to enforce laws on the books that the best way to make sure that we keep our society safe and secure is to hold people accountable for breaking the law,Support,2000
2000_a1e8eff47d0ad037e544a85ac3992f7f,2000_ed4dee274d0037d36e3b6c1e9de08c3f,T428,T430,I'm for enforcing laws on the books,To me that's how you make society the safest it can be,Support,2000
2000_ed4dee274d0037d36e3b6c1e9de08c3f,2000_5c853b5bd68f91d141ad2d5374cab81d,T430,T435,To me that's how you make society the safest it can be,that's what is going to happen,Support,2000
2000_9f0c0a19b3d3091979f14b8aaa0bf6a3,2000_a02ff3224182da8f2f7448f9394897dd,T436,T417,"it was not one of my ads, either, Governor",I think it might have been one of my opponent's ads,Attack,2000
2000_a77f8d608a937e7a702b7721ef2748de,2000_de2d28f923248ef766af4466612c1a65,T437,T450,I think that some common sense gun safety measures are certainly needed with the flood of cheap handguns that have sometimes been working their way into the hands of the wrong people,"all of my proposals are focused on that problem, gun safety",Support,2000
2000_d3bf23da4ff9aee8edd7a9145981ce2d,2000_de2d28f923248ef766af4466612c1a65,T452,T450,They're aimed at the real problem,"all of my proposals are focused on that problem, gun safety",Support,2000
2000_c757492b997781ace494365ab66f7b1f,2000_de2d28f923248ef766af4466612c1a65,T451,T450,"None of my proposals would have any effect on hunters, or sportsmen, or people who use rifles","all of my proposals are focused on that problem, gun safety",Support,2000
2000_ab55b64675b36d3b4a1894e6e9e63183,2000_de2d28f923248ef766af4466612c1a65,T442,T450,Let's make our schools safe,"all of my proposals are focused on that problem, gun safety",Support,2000
2000_1ea64224b2e8b186fdc2d1bcf79b008b,2000_de2d28f923248ef766af4466612c1a65,T443,T450,let's make our neighborhoods safe,"all of my proposals are focused on that problem, gun safety",Support,2000
2000_91012919d147740191578520009836ed,2000_de2d28f923248ef766af4466612c1a65,T445,T450,Let's have a three-day waiting period,"all of my proposals are focused on that problem, gun safety",Support,2000
2000_94a8f30539ca2bd77df1520ae0cfd0e0,2000_91012919d147740191578520009836ed,T444,T445,we can have a background check to make sure that criminals and people who really shouldn't have guns don't get them,Let's have a three-day waiting period,Support,2000
2000_1b8f6afe1cfde50a4819379821329b96,2000_1bc1f27a0f7700de7712344e982aa9c1,T438,T1,"Governor, I'm not",a couple of times the governor has said that I am for a bigger governmen,Attack,2000
2000_85806417ac49bcb2f837c06518f0dd05,2000_118235eb64da7bd4f9ad9d2a5296bdd0,T2,T448,For the last eight years I have had the challenge of running the streamlining program called Reinventing Governmen,"The federal government has been reduced in size by more than 300,000 people",Support,2000
2000_023e4ee6b562f6eb7c5eaf538dbf4510,2000_118235eb64da7bd4f9ad9d2a5296bdd0,T3,T448,And it's now the smallest number that we have had since the -- the smallest in size since John Kennedy's administration,"The federal government has been reduced in size by more than 300,000 people",Support,2000
2000_118235eb64da7bd4f9ad9d2a5296bdd0,2000_b8b48032ee056150402813106bf85195,T448,T447,"The federal government has been reduced in size by more than 300,000 people","During the last five years, Texas's government has gone up in size",Attack,2000
2000_118235eb64da7bd4f9ad9d2a5296bdd0,2000_571800cc2d7765ab2a1d1f8aa0524890,T448,T446,"The federal government has been reduced in size by more than 300,000 people","Federal government has gone down, Texas's government has gone up",Attack,2000
2000_571800cc2d7765ab2a1d1f8aa0524890,2000_b8b48032ee056150402813106bf85195,T446,T447,"Federal government has gone down, Texas's government has gone up","During the last five years, Texas's government has gone up in size",Support,2000
2000_1fd867fc21427e4c22adcac2140f1c83,2000_d6ecaebe93738709d90b5447d9001c30,T441,T440,"you can get services online cheaper, better, faster","my plan for the future, I see a time when we have smaller, smarter government where you don't have to wait in line",Support,2000
2000_96ce375655d52e2ed1deadbd96550e9b,2000_d6ecaebe93738709d90b5447d9001c30,T439,T440,We can do that,"my plan for the future, I see a time when we have smaller, smarter government where you don't have to wait in line",Support,2000
2000_118235eb64da7bd4f9ad9d2a5296bdd0,2000_d6ecaebe93738709d90b5447d9001c30,T448,T440,"The federal government has been reduced in size by more than 300,000 people","my plan for the future, I see a time when we have smaller, smarter government where you don't have to wait in line",Support,2000
2000_0f1838658beab7a3cd752eceb915e132,2000_f85b95558c3d7e444c753c8bbd3ce289,T661,T662,here I am even the son of a man who started working the night shift on a bakery truck can end up being a candidate for Vice President of the United States,"That says a lot about the character of this nation and the goodness of you, the American people",Support,2000
2000_f177750eeb6ce91d5f2916744a6403d6,2000_d03fd84031647719032f5a9e2db1eb02,T697,T699,Put together coalitions of Republicans and Democrats,He will make a first rate president,Support,2000
2000_a12b4dc343124a450ba92d905b28e348,2000_d03fd84031647719032f5a9e2db1eb02,T698,T699,"build the kinds of coalitions that will get something done, finally, in Washington",He will make a first rate president,Support,2000
2000_70f8b16ee2a112984ff7ec5c84c99e42,2000_d03fd84031647719032f5a9e2db1eb02,T670,T699,"George Bush is good man, an honorable man, a man of great integrity",He will make a first rate president,Support,2000
2000_0782fe5f45e11be4265692c499ec92fc,2000_d03fd84031647719032f5a9e2db1eb02,T696,T699,we need is to be able to reach across the aisle,He will make a first rate president,Support,2000
2000_b43ccd3b0784c82104129cafc4037bb6,2000_d03fd84031647719032f5a9e2db1eb02,T695,T699,I've seen him do it in Texas,He will make a first rate president,Support,2000
2000_5e38fe6764b6d1b4f5d40bdb2a3499ce,2000_d03fd84031647719032f5a9e2db1eb02,T694,T699,George Bush is the man to do this,He will make a first rate president,Support,2000
2000_438e9c261acbe96d7c4c6b6196d1e86e,2000_5e38fe6764b6d1b4f5d40bdb2a3499ce,T692,T694,They deserve the resources that we need to provide for them,George Bush is the man to do this,Support,2000
2000_e2814152be0c119e983fd59df82dc6a9,2000_5e38fe6764b6d1b4f5d40bdb2a3499ce,T693,T694,they deserve good leadership,George Bush is the man to do this,Support,2000
2000_1982f01f2a9eb769580d95587286e0cd,2000_fd4ea887129dc75db7e0e83ce8e199c5,T688,T669,The military is in trouble,we think it's very important to rebuild the U.S. military,Support,2000
2000_a7eca2980484449ad0105360a2a98a86,2000_fd4ea887129dc75db7e0e83ce8e199c5,T689,T669,The trends are in the wrong direction,we think it's very important to rebuild the U.S. military,Support,2000
2000_e9622b897ad391cbe19910dc671b78d0,2000_4e56dfae3d3b95c59d32216c6a8095a8,T668,T678,"We think it's very important now that we have a surplus, that a portion of that surplus go back to the people who earned it",We also want to reform the tax code,Support,2000
2000_0dd9aed07306118c5eab6304dcee4145,2000_f29f1cbee207c35a6496b023aeb423b9,T690,T691,The finest men and women in uniform that you'll find anyplace in the world,they deserve our support,Support,2000
2000_f29f1cbee207c35a6496b023aeb423b9,2000_5e38fe6764b6d1b4f5d40bdb2a3499ce,T691,T694,they deserve our support,George Bush is the man to do this,Support,2000
2000_0abd79fa807c91512f32235b105a385a,2000_43309e2d5d8a4852813e54a11e7a99d8,T687,T686,we would like to see to it that we provide tax relief for everybody who pays taxes,You're entitled to it,Support,2000
2000_43309e2d5d8a4852813e54a11e7a99d8,2000_4e56dfae3d3b95c59d32216c6a8095a8,T686,T678,You're entitled to it,We also want to reform the tax code,Support,2000
2000_294c63885dfd474c227b98509e78ae53,2000_e9622b897ad391cbe19910dc671b78d0,T680,T668,it's your money,"We think it's very important now that we have a surplus, that a portion of that surplus go back to the people who earned it",Support,2000
2000_9b4ed8a4b618d53290ffaea836f87cc4,2000_e9622b897ad391cbe19910dc671b78d0,T679,T668,It's not the government's money,"We think it's very important now that we have a surplus, that a portion of that surplus go back to the people who earned it",Support,2000
2000_7b2a28d27a7960aa7e9efe81a915ae51,2000_93c74158a58e23ec670cb1f0cf7ffcd3,T684,T683,that every parent has the opportunity to choose what is best for their child,We want to restore our public schools to the greatness they once represented,Support,2000
2000_8f00fd3cad2a1f0ca4bca48cd16d23f4,2000_93c74158a58e23ec670cb1f0cf7ffcd3,T685,T683,that every child has an opportunity to share in the American dream,We want to restore our public schools to the greatness they once represented,Support,2000
2000_93c74158a58e23ec670cb1f0cf7ffcd3,2000_f86a1f1f6fa253804f54150942295180,T683,T677,We want to restore our public schools to the greatness they once represented,We want to reform the education system,Support,2000
2000_67712f72327e73e7adb0ec81bed95121,2000_8d87000e5ed241c917638622800e1980,T682,T676,to provide prescription drug coverage for them and give them a range of choices in terms of the kind of insurance we have,We want to reform the Medicare system to make certain the benefits are there for our senior citizens,Support,2000
2000_f4b8ad3a46dc655396914e3e4c3053db,2000_b4e709d07baeda03bd783a852b9992d3,T681,T675,make it possible for our young people to invest a portion of their payroll tax into a retirement account that they'll control and give them greater control over their own lives,We want to reform the Social Security system to guarantee benefits will be there for our retired folks,Support,2000
2000_b4e709d07baeda03bd783a852b9992d3,2000_0894d9bc3259d6d1a209f607c8d013dc,T675,T674,We want to reform the Social Security system to guarantee benefits will be there for our retired folks,Governor Bush and I want to pursue the new course,Support,2000
2000_8d87000e5ed241c917638622800e1980,2000_0894d9bc3259d6d1a209f607c8d013dc,T676,T674,We want to reform the Medicare system to make certain the benefits are there for our senior citizens,Governor Bush and I want to pursue the new course,Support,2000
2000_f86a1f1f6fa253804f54150942295180,2000_0894d9bc3259d6d1a209f607c8d013dc,T677,T674,We want to reform the education system,Governor Bush and I want to pursue the new course,Support,2000
2000_4e56dfae3d3b95c59d32216c6a8095a8,2000_0894d9bc3259d6d1a209f607c8d013dc,T678,T674,We also want to reform the tax code,Governor Bush and I want to pursue the new course,Support,2000
2000_fd4ea887129dc75db7e0e83ce8e199c5,2000_0894d9bc3259d6d1a209f607c8d013dc,T669,T674,we think it's very important to rebuild the U.S. military,Governor Bush and I want to pursue the new course,Support,2000
2000_93d3478c6a2cb0e01f5f5dcc84b29eae,2000_521ff0bed507a5db3f56f3e83b711585,T672,T671,high taxes and ever more intrusive bureaucracy,We have a fundamental choice between whether or not we continue with our old ways of big government,Support,2000
2000_521ff0bed507a5db3f56f3e83b711585,2000_7b5f58f2d3d5c777074d5efea995860d,T671,T667,We have a fundamental choice between whether or not we continue with our old ways of big government,This is a very important decision you're going to make on November 7,Support,2000
2000_2aaed220d3697c3249356bb59e17c13e,2000_7b5f58f2d3d5c777074d5efea995860d,T673,T667,or whether we take a new course for a new era,This is a very important decision you're going to make on November 7,Support,2000
2000_d7aa5fda1781804f0c874badd22f3a26,2000_5e86009e377294cb531622271a3aff06,T681,T682,"If you make less than $60,000 a year and you decide to invest $1,000 in a savings account, you'll get a tax credit","which means in essence that the federal government will match your $1,000 with another $1,000",Support,2000
2000_a185933b4d1542a6e66825d29b7ac471,2000_bbb9ac7e0e9d60486c54e8f7fb15b0a5,T674,T673,not as generous,"If you make more than $60,000 and up to 100 you'll still get a match",Support,2000
2000_3f9346eecd35040fb45bb007f56a1bdc,2000_6e1c0e45c0d1f4ab521e915a4d85f793,T675,T676,help with tuition if you want to get a new skill or training,You'll get an access to life-long learning and education,Support,2000
2000_d7aa5fda1781804f0c874badd22f3a26,2000_43ba18bcabb97fb2b0af0264136fd6e6,T681,T680,"If you make less than $60,000 a year and you decide to invest $1,000 in a savings account, you'll get a tax credit","If you make less than $30,000 a year and you put $500 in a savings account, the federal government will match it with $1500",Support,2000
2000_43ba18bcabb97fb2b0af0264136fd6e6,2000_bbb9ac7e0e9d60486c54e8f7fb15b0a5,T680,T673,"If you make less than $30,000 a year and you put $500 in a savings account, the federal government will match it with $1500","If you make more than $60,000 and up to 100 you'll still get a match",Support,2000
2000_4f2cb7c8ab458a78417f4bcb411c5ad2,2000_0d0dda79d97bce2f3dab018bd4876af8,T677,T678,"If you want to purchase health insurance, you will get help with that","If you want to participate in some of the dynamic changes that are going on in our country, you will get specific help in doing that",Support,2000
2000_5b43ddb5b1596c42a6e4686f8e0c3e51,2000_0d0dda79d97bce2f3dab018bd4876af8,T1,T678,"If you are part of the -- of the bottom 20% or so of wage earners, then you will get an expanded earned income tax credit","If you want to participate in some of the dynamic changes that are going on in our country, you will get specific help in doing that",Support,2000
2000_d7aa5fda1781804f0c874badd22f3a26,2000_e58134fff7017a5b7568ac706b0c9502,T681,T672,"If you make less than $60,000 a year and you decide to invest $1,000 in a savings account, you'll get a tax credit","Now, the tax relief that I propose is directed specifically at middle-income individuals and families",Support,2000
2000_43ba18bcabb97fb2b0af0264136fd6e6,2000_e58134fff7017a5b7568ac706b0c9502,T680,T672,"If you make less than $30,000 a year and you put $500 in a savings account, the federal government will match it with $1500","Now, the tax relief that I propose is directed specifically at middle-income individuals and families",Support,2000
2000_bbb9ac7e0e9d60486c54e8f7fb15b0a5,2000_e58134fff7017a5b7568ac706b0c9502,T673,T672,"If you make more than $60,000 and up to 100 you'll still get a match","Now, the tax relief that I propose is directed specifically at middle-income individuals and families",Support,2000
2000_5b43ddb5b1596c42a6e4686f8e0c3e51,2000_e58134fff7017a5b7568ac706b0c9502,T1,T672,"If you are part of the -- of the bottom 20% or so of wage earners, then you will get an expanded earned income tax credit","Now, the tax relief that I propose is directed specifically at middle-income individuals and families",Support,2000
2000_7ca3e263268cd52629a0e62dbdc4ccce,2000_0d0dda79d97bce2f3dab018bd4876af8,T670,T678,"if you have an elderly parent or grandparent who needs long-term care, then you will get help with that","If you want to participate in some of the dynamic changes that are going on in our country, you will get specific help in doing that",Support,2000
2000_bae2e247383977123374a3e8818c594e,2000_7ca3e263268cd52629a0e62dbdc4ccce,T671,T670,"$3,000 tax credit to help your expenses in taking care of a loved one who needs long-term care","if you have an elderly parent or grandparent who needs long-term care, then you will get help with that",Support,2000
2000_a0953f13e02ef1690206815577c184e4,2000_f8213f4e0b9ca67de08eb7af67915917,T683,T701,You're going to get a tax relief in my plan,"matching savings here and matching savings there, fully-funded it's gonna cost a whole lot of money, a lot more than we have",Attack,2000
2000_040786026bdb21e481359f0478b68eca,2000_a0953f13e02ef1690206815577c184e4,T699,T683,You're not going to be targeted in or targeted out,You're going to get a tax relief in my plan,Support,2000
2000_7d93b30308b413c0194265f96b06fe6c,2000_a0953f13e02ef1690206815577c184e4,T700,T683,Everybody that pays taxes is going to get tax relief,You're going to get a tax relief in my plan,Support,2000
2000_16c856c62fc187b00995bcb49b974051,2000_7d93b30308b413c0194265f96b06fe6c,T702,T700,"If you take care of an elderly in your home, you're going to get the personal exemption increased",Everybody that pays taxes is going to get tax relief,Support,2000
2000_410040931cc1ec5c9f6e48d9182464ad,2000_71761270415a717964e9cadf804b9e29,T703,T704,You get a plan that will include prescription drugs,a plan that will give you options,Support,2000
2000_71761270415a717964e9cadf804b9e29,2000_ea90db13a7716608136617f1b865c0c8,T704,T706,a plan that will give you options,"Now, I hope people understand that Medicare today is important",Support,2000
2000_ea90db13a7716608136617f1b865c0c8,2000_cd3f9eb79d1d00706a9b53634cdefdf4,T706,T705,"Now, I hope people understand that Medicare today is important",it doesn't keep up with the new medicines,Attack,2000
2000_857219afc767a6cc0126f7a381e9c3d2,2000_cd3f9eb79d1d00706a9b53634cdefdf4,T707,T705,"If you're a Medicare person, on Medicare, you don't get the new procedures",it doesn't keep up with the new medicines,Support,2000
2000_10a7bf939eeafe22925ab0879129c54b,2000_857219afc767a6cc0126f7a381e9c3d2,T708,T707,You're stuck in a time warp in many ways,"If you're a Medicare person, on Medicare, you don't get the new procedures",Support,2000
2000_ea90db13a7716608136617f1b865c0c8,2000_cddd08cfb36c0c7cb4a0717a797d6ace,T706,T698,"Now, I hope people understand that Medicare today is important",it will be a modern Medicare system that trusts you to make a variety of options for you,Support,2000
2000_b0a9704344c586cee2e2f1a561b8a78e,2000_500016138ba8a94918b6732b6aad2541,T691,T697,It will be a world of peace,You're going to live in a peaceful world,Support,2000
2000_a6e97e97b89e77b4243223a0b9ee4af9,2000_b0a9704344c586cee2e2f1a561b8a78e,T692,T691,we're going to have a clear sight of foreign policy based upon a strong military and a mission that stands by our friends,It will be a world of peace,Support,2000
2000_a6e97e97b89e77b4243223a0b9ee4af9,2000_48fe7a01a7197e6fd5505794927584c3,T692,T696,we're going to have a clear sight of foreign policy based upon a strong military and a mission that stands by our friends,A mission that doesn't try to be all things to all people,Attack,2000
2000_e96429e6c54cedf30f5f9ac9dbf7cbfd,2000_500016138ba8a94918b6732b6aad2541,T695,T697,A judicious use of the military which will help keep the peace,You're going to live in a peaceful world,Support,2000
2000_9e955eba3dbdb1edd0519c9577a82904,2000_bc2b098af5f58c69f5ef8e7aae086ca1,T693,T694,it's less likely you'll be harmed in your neighborhood,"You'll live in a world, hopefully, that is more educated",Support,2000
2000_57a4f3a06db3ee78d82002c5bbfc04ac,2000_9e955eba3dbdb1edd0519c9577a82904,T709,T693,an educated child is one much more likely to be hopeful and optimistic,it's less likely you'll be harmed in your neighborhood,Support,2000
2000_c01b3954d218a84fe72c761bd9e01f76,2000_4ce563b9330816f97f28d972122a5fae,T690,T688,You'll be in a world in which fits into my philosophy,"The harder you work, the more you can keep",Support,2000
2000_778f19a9be916797704da540e75d8a7a,2000_4ce563b9330816f97f28d972122a5fae,T689,T688,It's the American way,"The harder you work, the more you can keep",Support,2000
2000_4ce563b9330816f97f28d972122a5fae,2000_5bddf6cdd558791b6b1dc6ce3363c650,T688,T687,"The harder you work, the more you can keep",Government shouldn't be a heavy hand,Attack,2000
2000_405860420418d561290e36ea3e19d93c,2000_845529aa300a6e6c732059fcfa1f0da7,T684,T685,It should be a helping hand,tax relief and the proposals I just described should be a good helping hand,Support,2000
2000_ead79ad35988c0497e982b3eec246ab3,2000_5bddf6cdd558791b6b1dc6ce3363c650,T686,T687,It's what the federal government does to you,Government shouldn't be a heavy hand,Support,2000
2000_c6b8e5c418b2b5bca620e4b882280953,2000_7412703289f13aeda45bfa2759bf83c3,T2,T509,"He ended up, as a result of that activity of his first term, having the top Democrat in the state, Bob Bulloch, endorse George Bush for reelection",democrats and independents and put them to work to achieve good things for the State of Texas,Support,2000
2000_41f0bda806b9c686e81d6ebe19453352,2000_7412703289f13aeda45bfa2759bf83c3,T495,T509,he didn't point the finger of blame looking for scapegoats he was quick to share the credit,democrats and independents and put them to work to achieve good things for the State of Texas,Support,2000
2000_7412703289f13aeda45bfa2759bf83c3,2000_2106f7b177b46eabfcd18b2b00988218,T509,T508,democrats and independents and put them to work to achieve good things for the State of Texas,He managed to reach across partisan lines and unite republicans,Support,2000
2000_2106f7b177b46eabfcd18b2b00988218,2000_33cc67e1f40095ef18edcf95b6637bf7,T508,T490,He managed to reach across partisan lines and unite republicans,I've been so tremendously impressed with what he's done as the Governor of Texas,Support,2000
2000_33cc67e1f40095ef18edcf95b6637bf7,2000_b04d0fb7055ee3ccd79d8a2e8cff3cd7,T490,T507,I've been so tremendously impressed with what he's done as the Governor of Texas,I was eager to sign on when he asked me to become his running mate,Support,2000
2000_c19085c30ecfca1662f52708401f691c,2000_f66746a163b281c0ad2b3ad28e8457a2,T505,T504,They've had enough with the bickering and the partisanship that seems to characterize the debate that goes on in the nation's capital,People are fed up,Support,2000
2000_24dcfe064eab922ab5de063e4017562f,2000_bef3d5a98e7e46e938b7a59b3b64aecf,T511,T491,It is possible to get people to work together and to begin to focus on achieving results,I think it will take new leadership,Support,2000
2000_515ccc1d2e3f412fca46624e451f57f8,2000_bef3d5a98e7e46e938b7a59b3b64aecf,T496,T491,"I don't think you can do it, with all due respect to Al Gore, with somebody who spent all the last 24 years in that Washington environment and who campaigns on the basis of castigating others",I think it will take new leadership,Support,2000
2000_bcb7708128915c38db65e8b802b438c1,2000_515ccc1d2e3f412fca46624e451f57f8,T497,T496,pointing the finger of blame at others in terms of blaming business or various groups for failings,"I don't think you can do it, with all due respect to Al Gore, with somebody who spent all the last 24 years in that Washington environment and who campaigns on the basis of castigating others",Support,2000
2000_fda03f7b5fc756a0ea42caf3cbfecb32,2000_bef3d5a98e7e46e938b7a59b3b64aecf,T494,T491,I think you have to be able to reach out and work together and build coalitions,I think it will take new leadership,Support,2000
2000_db65461c4e1ec674d5e79d1fa251b045,2000_bef3d5a98e7e46e938b7a59b3b64aecf,T493,T491,I think George W. Bush has done it in Texas and can do it at the national level,I think it will take new leadership,Support,2000
2000_f6ebf93b26eec80f04cd3116b92099f7,2000_fe194909942565992bef08a62c3b298d,T512,T513,You're absolutely right,There's too much partisanship in Washington,Support,2000
2000_b4e3edd2d09870d52aa4e84c20c54e46,2000_a6688a4fa2d17cbd81413809f543e934,T516,T514,In my senate career I  've worked with Bob Dole on Bosnia,I certainly think that would be an asset that I could bring to the vice presidency should I be fortunate enough to be elected,Support,2000
2000_7b3dd8571b0f8886527d9442ae5d4fd4,2000_a6688a4fa2d17cbd81413809f543e934,T517,T514,I worked with John McCain on cultural values,I certainly think that would be an asset that I could bring to the vice presidency should I be fortunate enough to be elected,Support,2000
2000_699b76e918c2bea1b9629801db746baa,2000_a6688a4fa2d17cbd81413809f543e934,T518,T514,I worked with Connie Mack on foreign policy,I certainly think that would be an asset that I could bring to the vice presidency should I be fortunate enough to be elected,Support,2000
2000_61a93b03110b619873da1fc98ff03847,2000_a6688a4fa2d17cbd81413809f543e934,T519,T514,Don Nichols on the International Religious Freedom Act,I certainly think that would be an asset that I could bring to the vice presidency should I be fortunate enough to be elected,Support,2000
2000_539c5bd7b9c9dae54c4dbb68e1840d96,2000_a6688a4fa2d17cbd81413809f543e934,T520,T514,That's the way things get done,I certainly think that would be an asset that I could bring to the vice presidency should I be fortunate enough to be elected,Support,2000
2000_eee4475ab4f3f965ecd26d492c1c6845,2000_932f59974799a3c3433c8a135a131fe2,T522,T521,"the most significant accomplishments of this administration in which Al Gore was centrally involved were the result, most of them, of bipartisan agreements","In his years in the house and Senate, he formed similar bipartisan partnerships",Support,2000
2000_932f59974799a3c3433c8a135a131fe2,2000_515ccc1d2e3f412fca46624e451f57f8,T521,T496,"In his years in the house and Senate, he formed similar bipartisan partnerships","I don't think you can do it, with all due respect to Al Gore, with somebody who spent all the last 24 years in that Washington environment and who campaigns on the basis of castigating others",Attack,2000
2000_42935da53686e6bf3e4b991e0fa00130,2000_ba2b2f267cb66528b968cc6fead6e37f,T523,T524,"the Welfare Reform Act, which Al Gore promised to lead the effort on to get people off of welfare to set time limits, to get people to enjoy the dignity of work",That was a bipartisan act that was adopted,Support,2000
2000_ba2b2f267cb66528b968cc6fead6e37f,2000_eee4475ab4f3f965ecd26d492c1c6845,T524,T522,That was a bipartisan act that was adopted,"the most significant accomplishments of this administration in which Al Gore was centrally involved were the result, most of them, of bipartisan agreements",Support,2000
2000_d0b57f1b0c86a29be6853a8e9ca87a40,2000_eee4475ab4f3f965ecd26d492c1c6845,T525,T522,The Anti-Crime Act that has helped to lower crime more than 20% in our country was also bipartisan,"the most significant accomplishments of this administration in which Al Gore was centrally involved were the result, most of them, of bipartisan agreements",Support,2000
2000_24204436f8b4a716e7a44d83e4252254,2000_eee4475ab4f3f965ecd26d492c1c6845,T528,T522,"The Balanced Budget Act of 1997 which was critical to getting our economy to the point and our government to the point of unprecedented surplus we enjoy today also was bipartisan, and Al Gore was involved","the most significant accomplishments of this administration in which Al Gore was centrally involved were the result, most of them, of bipartisan agreements",Support,2000
2000_2c250e4d58b1f7ed5390a54f60bda71a,2000_eee4475ab4f3f965ecd26d492c1c6845,T515,T522,that's exactly the kind of bipartisan leadership that he and I can bring to Washington to get things done,"the most significant accomplishments of this administration in which Al Gore was centrally involved were the result, most of them, of bipartisan agreements",Support,2000
2000_8aaed1e9ab67e1468c6dc5374175ded4,2000_eee4475ab4f3f965ecd26d492c1c6845,T529,T522,there's an awful lot of evidence that there hasn't been any bipartisan leadership out of this administration or Al Gore,"the most significant accomplishments of this administration in which Al Gore was centrally involved were the result, most of them, of bipartisan agreements",Attack,2000
2000_8dbf5516e82b9b164e73b2860402b37e,2000_8aaed1e9ab67e1468c6dc5374175ded4,T534,T529,Medicare problems have not been addressed,there's an awful lot of evidence that there hasn't been any bipartisan leadership out of this administration or Al Gore,Support,2000
2000_83146e15cd8de57dff22f26314a19e00,2000_8aaed1e9ab67e1468c6dc5374175ded4,T535,T529,We have had eight years of problems with prescription drugs not being addressed,there's an awful lot of evidence that there hasn't been any bipartisan leadership out of this administration or Al Gore,Support,2000
2000_51225704a4227e4de538ee5a6ae56ec5,2000_8aaed1e9ab67e1468c6dc5374175ded4,T536,T529,Social Security problem  's not been addressed,there's an awful lot of evidence that there hasn't been any bipartisan leadership out of this administration or Al Gore,Support,2000
2000_d235d8a4d1283f56c050e0c39db522cb,2000_8aaed1e9ab67e1468c6dc5374175ded4,T537,T529,The educational problem has not been addressed,there's an awful lot of evidence that there hasn't been any bipartisan leadership out of this administration or Al Gore,Support,2000
2000_03c4296ee32bb5a3794fd8ad29b3f71f,2000_8aaed1e9ab67e1468c6dc5374175ded4,T538,T529,We  've had eight years of talk but no action,there's an awful lot of evidence that there hasn't been any bipartisan leadership out of this administration or Al Gore,Support,2000
2000_53d7f9f2a682a1ac709b3764e412160f,2000_1126470839d7b28cde9dd56f54b5498f,T540,T539,"The Breaux Commission, a good effort at a bipartisan solution for Medicare whether you bought or didn't buy the answer that was generated",Medicare is a good example,Support,2000
2000_9a6a8bad9095a5b3add31b42d0d840f4,2000_03c4296ee32bb5a3794fd8ad29b3f71f,T532,T538,the administration set it up and pulled the plug on it,We  've had eight years of talk but no action,Support,2000
2000_1126470839d7b28cde9dd56f54b5498f,2000_03c4296ee32bb5a3794fd8ad29b3f71f,T539,T538,Medicare is a good example,We  've had eight years of talk but no action,Support,2000
2000_7cb24c891036eeef975524dd7b850574,2000_03c4296ee32bb5a3794fd8ad29b3f71f,T533,T538,"they would rather have an issue, not a solution",We  've had eight years of talk but no action,Support,2000
2000_ffa419d6f528ff5895a86ba16487ff52,2000_ce71cb6ab0e01ab90879abc8c9469aab,T530,T531,They haven't lead from a bipartisan standpoint,I think Al Gore's record isn't very good,Support,2000
2000_ce71cb6ab0e01ab90879abc8c9469aab,2000_8aaed1e9ab67e1468c6dc5374175ded4,T531,T529,I think Al Gore's record isn't very good,there's an awful lot of evidence that there hasn't been any bipartisan leadership out of this administration or Al Gore,Equivalent,2000
2000_725c9961afba219e7b3ebf6cdc900edb,2000_8aaed1e9ab67e1468c6dc5374175ded4,T541,T529,Dick Cheney must be one of the few people who think nothing has been accomplished in the last eight years,there's an awful lot of evidence that there hasn't been any bipartisan leadership out of this administration or Al Gore,Attack,2000
2000_80fa606ae78e83e454c05070881364b1,2000_03c4296ee32bb5a3794fd8ad29b3f71f,T543,T538,Promises were made and promises were kept,We  've had eight years of talk but no action,Attack,2000
2000_5289af4f7e5c71f2d6bd420a31fb4008,2000_80fa606ae78e83e454c05070881364b1,T544,T543,the 22 million new jobs,Promises were made and promises were kept,Support,2000
2000_fe3cfd21205d813da0c4d941ece2bc4e,2000_80fa606ae78e83e454c05070881364b1,T545,T543,4 million new businesses,Promises were made and promises were kept,Support,2000
2000_6694d0e9cab935019790acf6630981c7,2000_80fa606ae78e83e454c05070881364b1,T546,T543,"the lower interest rates, low rate of inflation, high rate of growth",Promises were made and promises were kept,Support,2000
2000_da4ce990b5d73f8529ad4dd0cd3b7143,2000_80fa606ae78e83e454c05070881364b1,T542,T543,"I think if you asked most people in America today that famous question that Ronald Reagan asked, ""Are you better off today than you were eight years ago?"" Most people would say yes",Promises were made and promises were kept,Support,2000
2000_26ff5b69309f14bd006b7fcdfcda5695,2000_941a237d6d40867663731937504b879a,T547,T3,the government had absolutely nothing to do with it,"I'm pleased to see, Dick, from the newspapers that you're better off than you were eight years ago, too",Attack,2000
2000_941a237d6d40867663731937504b879a,2000_da4ce990b5d73f8529ad4dd0cd3b7143,T3,T542,"I'm pleased to see, Dick, from the newspapers that you're better off than you were eight years ago, too","I think if you asked most people in America today that famous question that Ronald Reagan asked, ""Are you better off today than you were eight years ago?"" Most people would say yes",Support,2000
2000_3889b9436bf7566dbc7fe29809cce8b2,2000_5340663ea27d65cdbc419eb6c42bc528,T896,T897,I think that it's the most important big major change that we can bring in our country,education is my number one priority,Support,2000
2000_9c8404f6511965b03a31e17f26d07741,2000_8560156387d56fe3015c512c85ee41e9,T899,T898,it's about change,This race is about values,Support,2000
2000_f7c84a7aec79528645176e88b7fea8ef,2000_8560156387d56fe3015c512c85ee41e9,T900,T898,it's about giving choices to the American people,This race is about values,Support,2000
2000_b1251125425965bc92c18b43479d3d19,2000_5340663ea27d65cdbc419eb6c42bc528,T901,T897,"we should have new accountability, testing of students",education is my number one priority,Support,2000
2000_c818f26844dbb66397cfd7b9e8820dcb,2000_b1251125425965bc92c18b43479d3d19,T902,T901,"I think that we should require states to test all students, test schools and school districts","we should have new accountability, testing of students",Support,2000
2000_7fc3e8131a339e2cf1d5ac65168697bb,2000_5340663ea27d65cdbc419eb6c42bc528,T903,T897,I think that we should go further and require teacher testing for new teachers also,education is my number one priority,Support,2000
2000_d4885334741df54423df10267aa0ce45,2000_48b6ceb8b59cb7a2d9d2db511db67371,T905,T904,I want to give new choices to parents,"The difference is that while my plan starts with new accountability and maintains local control, it doesn't stop there",Support,2000
2000_48b6ceb8b59cb7a2d9d2db511db67371,2000_5340663ea27d65cdbc419eb6c42bc528,T904,T897,"The difference is that while my plan starts with new accountability and maintains local control, it doesn't stop there",education is my number one priority,Support,2000
2000_102c2d5181f2713f14aa148008b562b3,2000_d4885334741df54423df10267aa0ce45,T906,T905,"send their kids to college with a $10,000 tax deduction for college tuition per child per year",I want to give new choices to parents,Support,2000
2000_f55f060f6969711aad7e539c9d30284c,2000_48b6ceb8b59cb7a2d9d2db511db67371,T907,T904,I want to reduce the size of the classrooms in this country,"The difference is that while my plan starts with new accountability and maintains local control, it doesn't stop there",Support,2000
2000_791b2bfeb7256aee9b617c7650d817ee,2000_f55f060f6969711aad7e539c9d30284c,T908,T907,so that students can get more one-on-one time with teachers,I want to reduce the size of the classrooms in this country,Support,2000
2000_3d4fdc97c2c2da1ff4a2fc021849dca4,2000_f55f060f6969711aad7e539c9d30284c,T909,T907,the way to do that is first to recruit more teachers,I want to reduce the size of the classrooms in this country,Support,2000
2000_aea67a856f778930e744096518b965ec,2000_48b6ceb8b59cb7a2d9d2db511db67371,T910,T904,"I've a plan in my budget to recruit 100,000 new, highly qualified teachers and to help local school districts build new schools","The difference is that while my plan starts with new accountability and maintains local control, it doesn't stop there",Support,2000
2000_1f2fd18119f51dbc5db5debe1762d875,2000_321d6ca9bd3846c448f4d091e1d017e2,T913,T912,if you squander the surplus on a huge tax cut that goes mostly to those at the top,you can't make education the top priority,Support,2000
2000_07d4602cb8a3f6a2e909e297b808f2ca,2000_48b6ceb8b59cb7a2d9d2db511db67371,T911,T904,I think that we have to put more emphasis on early learning and pre-school,"The difference is that while my plan starts with new accountability and maintains local control, it doesn't stop there",Support,2000
2000_f510021cf467d2dc2057b5dea35f36a0,2000_408f14249d7f3acd084b6e75b3a9d0be,T915,T914,"If the tax cut is your number one, two, three and four priority",you can't do education,Support,2000
2000_408f14249d7f3acd084b6e75b3a9d0be,2000_9e45a7f187a546c11eb687c41d20d01f,T914,T917,you can't do education,You have to choose,Support,2000
2000_3bb33e858ff3003858c97a2effd8a769,2000_9e45a7f187a546c11eb687c41d20d01f,T916,T917,You can't do both,You have to choose,Support,2000
2000_9e45a7f187a546c11eb687c41d20d01f,2000_056c8e929aaf961ba791578c227c5a98,T917,T918,You have to choose,"I choose education and health care, the environment and retirement security",Support,2000
2000_846851ce7b5c04735cbd4f71762c9afe,2000_0599346653acdc2c0089ff07f4c90a37,T920,T919,There's too many issues left unresolved,I'm running to get some things done for America,Support,2000
2000_e2e1fa29912f7af2ca76fd5403640c39,2000_0599346653acdc2c0089ff07f4c90a37,T921,T919,"There's been too much finger pointing and too much name calling in Washington, D.C.",I'm running to get some things done for America,Support,2000
2000_6c2e8c778fcd083efa0189a508493223,2000_0599346653acdc2c0089ff07f4c90a37,T922,T919,I would like to unite this country to get an agenda done that will speak to the hopes and aspirations of the future,I'm running to get some things done for America,Support,2000
2000_bf31c5426cfa1da6e42057c5e517886f,2000_b352b0191b8e83f1b409b289a573aae5,T924,T923,No child should be left behind in America,"I want to have an education system that sets high standards, local control of schools and strong accountability",Support,2000
2000_b352b0191b8e83f1b409b289a573aae5,2000_0599346653acdc2c0089ff07f4c90a37,T923,T919,"I want to have an education system that sets high standards, local control of schools and strong accountability",I'm running to get some things done for America,Support,2000
2000_e2da8e6efc808dbc7332da33edcbde13,2000_0599346653acdc2c0089ff07f4c90a37,T925,T919,I want to make sure we rebuild our military to keep the peace,I'm running to get some things done for America,Support,2000
2000_1fc920c0f951aa8d51e796e68d7259f1,2000_e2da8e6efc808dbc7332da33edcbde13,T926,T925,I worry about morale in today's military,I want to make sure we rebuild our military to keep the peace,Support,2000
2000_c1e53942b8712c78b74db510c984bb3c,2000_e2da8e6efc808dbc7332da33edcbde13,T927,T925,The warning signs are clear,I want to make sure we rebuild our military to keep the peace,Support,2000
2000_572023b923d8c5e38d9ac2cec9a76b9f,2000_e0160e2d2098d2e06e433df7be3bdc95,T929,T928,pay our men and women more,It is time to have a new commander in chief who will rebuild the military,Support,2000
2000_224d4da3bf358823c5e47c4c3ba2f480,2000_e0160e2d2098d2e06e433df7be3bdc95,T930,T928,make sure they're housed better,It is time to have a new commander in chief who will rebuild the military,Support,2000
2000_f57dcb9f4820c0bf32de61eef36e8c46,2000_e0160e2d2098d2e06e433df7be3bdc95,T931,T928,have a focused mission for our military,It is time to have a new commander in chief who will rebuild the military,Support,2000
2000_e0160e2d2098d2e06e433df7be3bdc95,2000_e2da8e6efc808dbc7332da33edcbde13,T928,T925,It is time to have a new commander in chief who will rebuild the military,I want to make sure we rebuild our military to keep the peace,Support,2000
2000_73a1f119699faf18d2c29750ad3d9a24,2000_1801526a9bb3158a387194208b2e923e,T933,T932,This issue has been too long on the table because it's been a political issue,I want to do something about Medicare,Support,2000
2000_93aa09609718e874f55fb1a64729a227,2000_1801526a9bb3158a387194208b2e923e,T934,T932,It's time to bring folks together to say that all seniors will get prescription drug coverage,I want to do something about Medicare,Support,2000
2000_1801526a9bb3158a387194208b2e923e,2000_0599346653acdc2c0089ff07f4c90a37,T932,T919,I want to do something about Medicare,I'm running to get some things done for America,Support,2000
2000_d2f95add6ba5fb9b92e30a38fbe71b50,2000_0599346653acdc2c0089ff07f4c90a37,T935,T919,I want to do something about Social Security,I'm running to get some things done for America,Support,2000
2000_769ebd8a30790279da8e338a5e7fbd40,2000_2e1d697edbcc71fbf49e92c093070dd6,T937,T936,now is the time to act,It's an important priority,Support,2000
2000_2e1d697edbcc71fbf49e92c093070dd6,2000_c8ec03e2f39dca0dd25fc3f8886e0c76,T936,T938,It's an important priority,"we're going to say to our seniors, our promises we've made to you will be promises kept",Support,2000
2000_c8ec03e2f39dca0dd25fc3f8886e0c76,2000_d2f95add6ba5fb9b92e30a38fbe71b50,T938,T935,"we're going to say to our seniors, our promises we've made to you will be promises kept",I want to do something about Social Security,Support,2000
2000_5798ab23f43d854d95a23952304c9bc7,2000_93a02f076a14f494fca73de026ae41df,T943,T942,I believe in limited government,"I don't believe, like the vice president does, in huge government",Support,2000
2000_1668d9ba98633199bddfc4b50e2119c8,2000_0db42d609cfc2c61b703a1ccfb31ac58,T945,T944,By having a limited government and a focused government,we can send some of the money back to the people who pay the bills,Support,2000
2000_0db42d609cfc2c61b703a1ccfb31ac58,2000_5798ab23f43d854d95a23952304c9bc7,T944,T943,we can send some of the money back to the people who pay the bills,I believe in limited government,Support,2000
2000_c1fb9f548e6c044f2931464cdd1161f7,2000_597c971aad9e1e13c6af89be9dc26507,T947,T946,you can spend your money more wisely than the federal government can,I want to have tax relief for all people who pay the bills in America,Support,2000
2000_597c971aad9e1e13c6af89be9dc26507,2000_c7e839e30029a58d62a857623b7c9531,T946,T940,I want to have tax relief for all people who pay the bills in America,I do believe in tax relief,Support,2000
2000_375219080afb84ce1b414ac40887fd47,2000_cd1a161721bb9698885da502f4d3dc87,T1,T56,"We're not spending any more than is projected by the experts, unlike our opponents",I'm going to explain tonight how we're going to do all this and remain fiscally responsible,Support,2000
2000_349ccffafa3d2ab76d7fa4d69e477588,2000_cd1a161721bb9698885da502f4d3dc87,T2,T56,We're setting aside $300 billion in a reserve fund in case the projections the nonpartisan experts make aren't quite right,I'm going to explain tonight how we're going to do all this and remain fiscally responsible,Support,2000
2000_fcd4fc708110fae9973abb4d9d641ecf,2000_cd1a161721bb9698885da502f4d3dc87,T3,T56,"We understand that balancing the budget, keeping America out of debt is a way to keep interest rates down and the economy growing",I'm going to explain tonight how we're going to do all this and remain fiscally responsible,Support,2000
2000_ed1ab3376f9c6ccdc1e137f36ef52152,2000_e46902e0df9dcb847c43fb0889a3dfe4,T8,T4,"We're really going to choose between what I consider to be an old way of governing ourselves of high levels of spending, high taxes, ever more intrusive bureaucracy or a new course, a new era, if you will",I think this is an extraordinarily important decision we'll make on November 7th,Support,2000
2000_d25a0273269717c682949b96aaec40e7,2000_29e56438c701d740743466b5c7fca4f8,T12,T9,We're talking about the kinds of fundamental changes in programs and government that are going to affect people's lives for the next 25 or 30 years,we have to make some kind of forecast,Support,2000
2000_719575050524fcb3a276709ef9643f09,2000_29e56438c701d740743466b5c7fca4f8,T11,T9,We can't make 12-month decisions in this business,we have to make some kind of forecast,Support,2000
2000_e14adcf9d44f7d335e0b04a7e72e8f0d,2000_e5287584f3d1f8cf1cf15ac37aef3f1a,T13,T5,it may be a little risky in some respects from an economic standpoint to try to forecast surpluses,I think we have to make some planning assumption to proceed,Attack,2000
2000_29e56438c701d740743466b5c7fca4f8,2000_e5287584f3d1f8cf1cf15ac37aef3f1a,T9,T5,we have to make some kind of forecast,I think we have to make some planning assumption to proceed,Support,2000
2000_f75da056c20cc29f64c8639c86181675,2000_0152148eb28c1d8622e2b505d433d038,T15,T14,"We haven't moved aggressively on Social Security, on Medicare",for the last eight years we ignored a lot of these problems,Support,2000
2000_be51259f794c9b19fda04eb46989d2ef,2000_8ec365e34bbc49430dbfe67455680bfa,T562,T565,I have a few African-American friends who have gone through this horror,the sad fact is that racial profiling occurs in this country,Support,2000
2000_8ec365e34bbc49430dbfe67455680bfa,2000_50e163b04d303ce97f5d0377d528de43,T565,T567,the sad fact is that racial profiling occurs in this country,It is such an assault on the basic promise that America makes that the law will treat individuals as individuals regardless of their status,Support,2000
2000_a368813de5d2735e891701d87e72b000,2000_8ec365e34bbc49430dbfe67455680bfa,T564,T565,it's such an assault on their humanity and their citizenship,the sad fact is that racial profiling occurs in this country,Support,2000
2000_41184cdd56bd94c897cf78b6ab592b33,2000_8ec365e34bbc49430dbfe67455680bfa,T563,T565,it makes me want to kind of hit the wall,the sad fact is that racial profiling occurs in this country,Support,2000
2000_c4316d4ac52880db1c94a26070a086e1,2000_27749b131901dc17b1022db25c5b343c,T561,T2,We can't tolerate it anymore,I  've supported legislation in the first instance in Congress,Support,2000
2000_8ec365e34bbc49430dbfe67455680bfa,2000_27749b131901dc17b1022db25c5b343c,T565,T2,the sad fact is that racial profiling occurs in this country,I  've supported legislation in the first instance in Congress,Support,2000
2000_927ad60f3d9bb10af859cfb4d150b4ca,2000_27749b131901dc17b1022db25c5b343c,T552,T2,it's the most we could get done to do hard studies to make the case of the extent to which racial profiling is occurring in our country,I  've supported legislation in the first instance in Congress,Support,2000
2000_27749b131901dc17b1022db25c5b343c,2000_9c5d6f23eaaf4a4aec650b4e98b8dc3a,T2,T554,I  've supported legislation in the first instance in Congress,"if we're fortunate enough to be elected, an executive order prohibiting racial profiling",Support,2000
2000_93e13e57715edccbcbae941f08bf92c6,2000_9c5d6f23eaaf4a4aec650b4e98b8dc3a,T553,T554,I'm so proud that Al Gore said two things,"if we're fortunate enough to be elected, an executive order prohibiting racial profiling",Support,2000
2000_4b5a0b015d4c2b7d6ea03278bdf31b4c,2000_a725734c7b665eef5a7cdb18baa4d62e,T556,T555,It is just wrong,the first Civil Rights Act legislation we would send to Congress would be a national ban on racial profiling,Support,2000
2000_0e84e3e8d58e706e0075c1ee89828e5c,2000_a725734c7b665eef5a7cdb18baa4d62e,T557,T555,It is unAmerican,the first Civil Rights Act legislation we would send to Congress would be a national ban on racial profiling,Support,2000
2000_8601f694614f8578c025f5bd582864b9,2000_a725734c7b665eef5a7cdb18baa4d62e,T560,T555,to think that in the 21st Century this kind of nonsense is still going on,the first Civil Rights Act legislation we would send to Congress would be a national ban on racial profiling,Support,2000
2000_e37802a308524dba831775a059d64a52,2000_a725734c7b665eef5a7cdb18baa4d62e,T558,T555,We have to stop it,the first Civil Rights Act legislation we would send to Congress would be a national ban on racial profiling,Support,2000
2000_2bb877a8b0af580b27a5b2aa22410fdc,2000_a725734c7b665eef5a7cdb18baa4d62e,T559,T555,The only way to stop it is through the law,the first Civil Rights Act legislation we would send to Congress would be a national ban on racial profiling,Support,2000
2000_a595d7f45dd45ffdc33bc952084cb659,2000_2bb877a8b0af580b27a5b2aa22410fdc,T571,T559,"The law, after all, is meant to express our values and our aspirations for our society",The only way to stop it is through the law,Support,2000
2000_f304809594f9562ca00d11e281b64752,2000_a725734c7b665eef5a7cdb18baa4d62e,T570,T555,our values are violently contradicted by the kind of racial profiling that I know exists,the first Civil Rights Act legislation we would send to Congress would be a national ban on racial profiling,Support,2000
2000_e667ff809fe20a5135ba291136f2796a,2000_f304809594f9562ca00d11e281b64752,T569,T570,"I had a friend a while ago who works in the government, works at the White House, African-American, stopped, surrounded by police for no other cause that anyone can determine than the color of his skin",our values are violently contradicted by the kind of racial profiling that I know exists,Support,2000
2000_aae46ac42274a98dabc74e742e801fe7,2000_f304809594f9562ca00d11e281b64752,T568,T570,That can't be in America anymore,our values are violently contradicted by the kind of racial profiling that I know exists,Support,2000
2000_29a04f09dfacfbae882619a8e4469c22,2000_96f83539b3b24d64d35e9b15809c6eb7,T3,T4,I don't think I can understand fully what it would be like,I would like to answer your question to the best of my ability,Attack,2000
2000_19f2faa1d7c280d5c71aa52ee3896e17,2000_29a04f09dfacfbae882619a8e4469c22,T5,T3,"I try hard to put myself in that position and imagine what it would be like, but I've always been part of the majority, never part of a minority group",I don't think I can understand fully what it would be like,Support,2000
2000_d21ecd06dae818c394736e765577a472,2000_b41b65b8e6422996b8dc22baf9bdddc8,T577,T572,We still have not only the problems we're talking about here tonight in terms of the problems you mentioned in profiling,"I think that we have to recognize that while we've made enormous progress in the U.S. in racial relations and come a great long way, we still have a very long way to go",Support,2000
2000_0158a6cacc4169bf883bc178d22ac885,2000_b41b65b8e6422996b8dc22baf9bdddc8,T578,T572,"we still have an achievement gap in education, income differentials, differences in life span","I think that we have to recognize that while we've made enormous progress in the U.S. in racial relations and come a great long way, we still have a very long way to go",Support,2000
2000_22d7327f0b41bd2924d74b7e92920bc9,2000_b41b65b8e6422996b8dc22baf9bdddc8,T573,T572,"We still have, I think, a society that -- where we haven't done enough yet to live up to that standard that we'd all like to live up to","I think that we have to recognize that while we've made enormous progress in the U.S. in racial relations and come a great long way, we still have a very long way to go",Support,2000
2000_a564e17eb742d3b9d0c6039dbdcd972e,2000_5960ca6eb8849b26f265f0e39378f31d,T575,T574,"As Martin Luther King said, we ought to judge people on the content of their character instead of the color of their skin","I think in terms of equality of opportunity, that we judge people as individuals",Support,2000
2000_5960ca6eb8849b26f265f0e39378f31d,2000_b41b65b8e6422996b8dc22baf9bdddc8,T574,T572,"I think in terms of equality of opportunity, that we judge people as individuals","I think that we have to recognize that while we've made enormous progress in the U.S. in racial relations and come a great long way, we still have a very long way to go",Support,2000
2000_b340c0aca9d7073f1299669d4dd7a26a,2000_c8802f5cb36c267083d4e2e50a74508c,T810,T809,we have seen a time of great challenge for our country,I believe that a lot of people are skeptical about people in politics today,Support,2000
2000_cf86981b59d4789645e9ff8abb073332,2000_c8802f5cb36c267083d4e2e50a74508c,T1,T809,"Since the assassination of our best leaders in the '60's, since the Vietnam War, since Watergate",I believe that a lot of people are skeptical about people in politics today,Support,2000
2000_effa46425078c53e59fbaed70c47d16a,2000_c8802f5cb36c267083d4e2e50a74508c,T811,T809,we need campaign finance reform,I believe that a lot of people are skeptical about people in politics today,Support,2000
2000_31d382cbef033ca14d3b24d3778ca121,2000_18b2692e78e5418767e4e5cb3caff875,T816,T817,I volunteered for the Army,I served in Vietnam,Support,2000
2000_18b2692e78e5418767e4e5cb3caff875,2000_f6473e3bff5607c83f7a761c71e26a6c,T817,T814,I served in Vietnam,I've kept the faith with my country,Support,2000
2000_2fc71e294b77821fb153bef459458bc5,2000_9f7074093e5296902ab0fc1893c7d88a,T2,T819,Tipper and I have been married for 30 years.,We have devoted ourselves to our children and now our nearly one-and-a-half-year-old grandson,Support,2000
2000_9f7074093e5296902ab0fc1893c7d88a,2000_3c14b4b98eff81d9b9f05d0b9648c5d7,T819,T815,We have devoted ourselves to our children and now our nearly one-and-a-half-year-old grandson,I kept the faith with my family,Support,2000
2000_592ceca0a2fd4f1574ae3408a0fffdb9,2000_02a4c220d1655f771a72f1a19051d51b,T823,T824,Nine times I have raised my hand to take an oath to the Constitution,I have never violated that oath,Support,2000
2000_02a4c220d1655f771a72f1a19051d51b,2000_3e84f6adb1c17cf52d19401afa0fa9ff,T824,T818,I have never violated that oath,I have kept the faith with our country,Support,2000
2000_53d08c9f978f12724a9a381b59cfe280,2000_817ef8fb04e800d14b5a7fa419ea9f5c,T827,T826,I have spent the last quarter century fighting for middle-class working men and women in the United States of America,I have not spent the last quarter century in pursuit of personal wealth,Attack,2000
2000_53d08c9f978f12724a9a381b59cfe280,2000_79fc5d5b973af10851da451d55762598,T827,T825,I have spent the last quarter century fighting for middle-class working men and women in the United States of America,I believe very deeply that you have to be willing to stand up and fight no matter what powerful forces might be on the other side,Support,2000
2000_79fc5d5b973af10851da451d55762598,2000_07fac75965a5d371521ae5205bc88fab,T825,T828,I believe very deeply that you have to be willing to stand up and fight no matter what powerful forces might be on the other side,"If you want somebody who is willing to fight for you, I am asking for your support and your vote and, yes, your confidence and your willingness to believe that we can do the right thing in America, and be the better for it",Support,2000
2000_07fac75965a5d371521ae5205bc88fab,2000_2421b4d00132743b9c0458bb11fd1c65,T828,T821,"If you want somebody who is willing to fight for you, I am asking for your support and your vote and, yes, your confidence and your willingness to believe that we can do the right thing in America, and be the better for it",We've made some progress during the last eight years,Support,2000
2000_2421b4d00132743b9c0458bb11fd1c65,2000_aca6eef480df4d9c2e6cad14df7eeac2,T821,T822,We've made some progress during the last eight years,We have seen the strongest economy in the history of the United States,Support,2000
2000_acac9e6eb50554ec3463d9cfd952fe0a,2000_aca6eef480df4d9c2e6cad14df7eeac2,T830,T822,Lower crime rates for eight years in a row,We have seen the strongest economy in the history of the United States,Support,2000
2000_2d3c6405f68b97ca74e4a8677dcf91b7,2000_aca6eef480df4d9c2e6cad14df7eeac2,T831,T822,Highest private home ownership ever,We have seen the strongest economy in the history of the United States,Support,2000
2000_99274f1e8da9d74466c23f7430d9ca60,2000_82452d20923de41e1e2336ab58c38691,T3,T829,I'll make you one promise here,You ain't seen nothing yet,Support,2000
2000_6e914241479e11ee31bbe05472a8c3fa,2000_82452d20923de41e1e2336ab58c38691,T820,T829,I will keep that promise,You ain't seen nothing yet,Support,2000
2000_7b357f26ff61103302a088b805269a26,2000_096eaa5871c3677234b46fc9f9243282,T812,T813,I keep my word,I have kept the faith,Support,2000
2000_0bfe1f1af0c236cda3b81571ab857a23,2000_2e7a811720e3a48d3d73a05f34a0fbc6,T835,T833,It's an agenda that says we're going to reform Medicare to make sure seniors have got prescription drugs and to give seniors different options from which they can choose,I've got an agenda that I want to get done for the country,Support,2000
2000_c4f6da392c4d3efcc1f5644e24439d0d,2000_2e7a811720e3a48d3d73a05f34a0fbc6,T834,T833,"It's an agenda that says we're listen to the young voices in Social Security and say we're going to think differently about making sure we have a system, but also fulfill the promise to the seniors in America",I've got an agenda that I want to get done for the country,Support,2000
2000_eb7bf007dbcc08e6e299ffffd2cbbbae,2000_c4f6da392c4d3efcc1f5644e24439d0d,T4,T834,A promise made will be a promise kept should I be fortunate enough to become your president,"It's an agenda that says we're listen to the young voices in Social Security and say we're going to think differently about making sure we have a system, but also fulfill the promise to the seniors in America",Support,2000
2000_a7663e11167571f00b7a5de95119bc5b,2000_917453854be6063eb1a896bc19292b15,T838,T837,not one child is left behind,I want to make sure the public school system in America keeps its promise,Support,2000
2000_2656443b7b024bcdeed530d841395a53,2000_2e7a811720e3a48d3d73a05f34a0fbc6,T836,T833,I want to have the military keeping the peace,I've got an agenda that I want to get done for the country,Support,2000
2000_917453854be6063eb1a896bc19292b15,2000_2e7a811720e3a48d3d73a05f34a0fbc6,T837,T833,I want to make sure the public school system in America keeps its promise,I've got an agenda that I want to get done for the country,Support,2000
2000_7677c75e63ba01075dab04bec7c15fa6,2000_1d36218a73fa6461d074ca525a4fb75e,T839,T840,"After setting priorities, I want to give some of your money back",I don't think the surplus is the government's money,Attack,2000
2000_5849e8266c70c743c37d45918988f1dc,2000_1d36218a73fa6461d074ca525a4fb75e,T841,T840,I think it's the people's money,I don't think the surplus is the government's money,Attack,2000
2000_7677c75e63ba01075dab04bec7c15fa6,2000_2e7a811720e3a48d3d73a05f34a0fbc6,T839,T833,"After setting priorities, I want to give some of your money back",I've got an agenda that I want to get done for the country,Support,2000
2000_5849e8266c70c743c37d45918988f1dc,2000_7677c75e63ba01075dab04bec7c15fa6,T841,T839,I think it's the people's money,"After setting priorities, I want to give some of your money back",Support,2000
2000_9d52b12e0ffdbcc4f78c29b359015859,2000_5849e8266c70c743c37d45918988f1dc,T843,T841,I think it exists because of the ingenuity and hard work of the American people,I think it's the people's money,Support,2000
2000_9d52b12e0ffdbcc4f78c29b359015859,2000_7ffa9a6765fafd7a5f2057ef5c827193,T843,T842,I think it exists because of the ingenuity and hard work of the American people,I don't think the surplus exists because of the ingenuity and hard work of the federal government,Attack,2000
2000_7990718dc9840fe37fb428e5aedafb51,2000_7677c75e63ba01075dab04bec7c15fa6,T844,T839,you ought to have some of this surplus so you can save and dream and build,"After setting priorities, I want to give some of your money back",Support,2000
2000_7990718dc9840fe37fb428e5aedafb51,2000_9d52b12e0ffdbcc4f78c29b359015859,T844,T843,you ought to have some of this surplus so you can save and dream and build,I think it exists because of the ingenuity and hard work of the American people,Support,2000
2000_a6c5cfb21a717864bcbad59865be4ea4,2000_b82021ec8a48755e0158da61e98df3b6,T712,T711,The death penalty is a very serious business,I'm not proud of that,Attack,2000
2000_a6c5cfb21a717864bcbad59865be4ea4,2000_5355785299be1ae8436d45b53394e8a9,T712,T714,The death penalty is a very serious business,I take my job seriously,Support,2000
2000_89c974b2001f843c18899130e2378b8b,2000_b82021ec8a48755e0158da61e98df3b6,T715,T711,"if you think I was proud of it, I think you misread me",I'm not proud of that,Attack,2000
2000_abda572259059ce6e8d0b1645ec86402,2000_ba2933a99dfe1daefeb605f8ec112be6,T716,T718,I said I did if administered fairly and justly,During the course of the campaign in 1994 I was asked do you support the death penalty,Support,2000
2000_f201f9655ecbd9274d569d150e4c4b3c,2000_abda572259059ce6e8d0b1645ec86402,T717,T716,I believe it saves lives,I said I did if administered fairly and justly,Support,2000
2000_abda572259059ce6e8d0b1645ec86402,2000_bf97d8455cf816f2671713aa4e28101b,T716,T720,I said I did if administered fairly and justly,"If it's administered swiftly, justly and fairly, it saves lives",Support,2000
2000_f201f9655ecbd9274d569d150e4c4b3c,2000_bf97d8455cf816f2671713aa4e28101b,T717,T720,I believe it saves lives,"If it's administered swiftly, justly and fairly, it saves lives",Support,2000
2000_5355785299be1ae8436d45b53394e8a9,2000_6ae7150546add1a5291899e972ef5695,T714,T723,I take my job seriously,"One of the things that happens when you're a governor, at least oftentimes you have to make tough decisions",Support,2000
2000_958e4186f8e4a7f7767f6a1484e3c671,2000_2145eec340f450ce79eb4354de21a7a1,T722,T721,the job is to enforce the law,You can't let public persuasion sway you,Support,2000
2000_6ae7150546add1a5291899e972ef5695,2000_2145eec340f450ce79eb4354de21a7a1,T723,T721,"One of the things that happens when you're a governor, at least oftentimes you have to make tough decisions",You can't let public persuasion sway you,Attack,2000
2000_734e9ed5151c186feb0a6209f70ae0bf,2000_958e4186f8e4a7f7767f6a1484e3c671,T724,T722,that's what I did,the job is to enforce the law,Support,2000
2000_734e9ed5151c186feb0a6209f70ae0bf,2000_6ae7150546add1a5291899e972ef5695,T724,T723,that's what I did,"One of the things that happens when you're a governor, at least oftentimes you have to make tough decisions",Support,2000
2000_e80e132842020365daef605dd8be0947,2000_6ae7150546add1a5291899e972ef5695,T728,T723,There have been some tough cases come across my desk,"One of the things that happens when you're a governor, at least oftentimes you have to make tough decisions",Support,2000
2000_e80e132842020365daef605dd8be0947,2000_880e91009ba288272f8ab91b41f295ba,T728,T729,There have been some tough cases come across my desk,Some of the hardest moments since I've been the governor of the State of Texas is to deal with those cases,Support,2000
2000_880e91009ba288272f8ab91b41f295ba,2000_6ae7150546add1a5291899e972ef5695,T729,T723,Some of the hardest moments since I've been the governor of the State of Texas is to deal with those cases,"One of the things that happens when you're a governor, at least oftentimes you have to make tough decisions",Support,2000
2000_45ff09f8b1cb248b6b9142ef28ab135c,2000_714a45146ddac6ed06857b09b4336cf6,T726,T719,I'm proud of the fact that violent crime is down in the State of Texas,I'm not proud of any record,Attack,2000
2000_45ff09f8b1cb248b6b9142ef28ab135c,2000_f068ed6f852dc528de790ff59c1d8fa1,T726,T727,I'm proud of the fact that violent crime is down in the State of Texas,I'm proud of the fact that we hold people accountable,Support,2000
2000_b2d10cc63de78f2505076720a43718c7,2000_714a45146ddac6ed06857b09b4336cf6,T1,T719,I'm not proud of any record,I'm not proud of any record,Support,2000
2000_880e91009ba288272f8ab91b41f295ba,2000_714a45146ddac6ed06857b09b4336cf6,T729,T719,Some of the hardest moments since I've been the governor of the State of Texas is to deal with those cases,I'm not proud of any record,Support,2000
2000_df0cfdace8e8ed804199c4b7025c3c0f,2000_1b65622ec1d0bb57750c9302c9a80926,T731,T730,"I think that it has to be administered not only fairly with attention to things like DNA evidence, which I think should be used in all capital cases, but also with very careful attention",I support the death penalty,Support,2000
2000_48e25c0c3f5f72ba9fb238feb2688660,2000_0e4f49c962ae2730eba204610092da71,T3,T733,"omebody confesses to the crime and somebody is waiting on death row, there has to be alertness to say wait a minute, have we got the wrong guy?","If the wrong guy is put to death, then that's a double tragedy",Support,2000
2000_97b406d37da3b55b92ec3ac0a5df07f6,2000_d1cb571fc6c7d820f4dcd5cc5db4fa03,T735,T734,in some cases may be still at large,"Not only has an innocent person been executed, but the real perpetrator of the crime has not been held accountable for it",Support,2000
2000_0e4f49c962ae2730eba204610092da71,2000_df0cfdace8e8ed804199c4b7025c3c0f,T733,T731,"If the wrong guy is put to death, then that's a double tragedy","I think that it has to be administered not only fairly with attention to things like DNA evidence, which I think should be used in all capital cases, but also with very careful attention",Support,2000
2000_159f903f867105d43fe8e729b24b6904,2000_1b65622ec1d0bb57750c9302c9a80926,T732,T730,I support the death penalty in the most heinous cases,I support the death penalty,Support,2000
2000_7f10d6fc43c1acc2d9a9c54d5c626eff,2000_3f154cb9241d43e205ef7f4300323d5c,T737,T738,It's the only reason to be for it,I don't think you should support the death penalty to seek revenge,Attack,2000
2000_9f5a8b93e1e312c378519e152e1c4496,2000_3f154cb9241d43e205ef7f4300323d5c,T739,T738,I don't think that's right,I don't think you should support the death penalty to seek revenge,Attack,2000
2000_7f10d6fc43c1acc2d9a9c54d5c626eff,2000_12c05daf99de8f122a2f8a0f64f9af58,T737,T740,It's the only reason to be for it,I think the reason to support the death penalty is because it saves other people's lives,Support,2000
2000_252cba035591aca10585050695102030,2000_12c05daf99de8f122a2f8a0f64f9af58,T741,T740,I think it is a deterrent,I think the reason to support the death penalty is because it saves other people's lives,Support,2000
2000_c6947be376733b268975ca06dcfc9038,2000_252cba035591aca10585050695102030,T742,T741,I do believe it's a deterrent,I think it is a deterrent,Support,2000
2000_c6947be376733b268975ca06dcfc9038,2000_2eae56328a9b972017c3f1a439fc6ac8,T742,T743,I do believe it's a deterrent,I know that's a controversial view,Attack,2000
2000_0e4f49c962ae2730eba204610092da71,2000_1b65622ec1d0bb57750c9302c9a80926,T733,T730,"If the wrong guy is put to death, then that's a double tragedy",I support the death penalty,Attack,2000
2000_d1cb571fc6c7d820f4dcd5cc5db4fa03,2000_0e4f49c962ae2730eba204610092da71,T734,T733,"Not only has an innocent person been executed, but the real perpetrator of the crime has not been held accountable for it","If the wrong guy is put to death, then that's a double tragedy",Support,2000
2000_00f900b1cd603ed05a7f9c63021bdc0d,2000_1cea6a82898d50ed3ed9ab9dc8a85b30,T608,T599,I have been White House Chief of Staff and ran the White House under President Ford,I think the areas that I would bring are the things that Governor Bush emphasized when he picked me,Support,2000
2000_7e9bf0801da7a736f70ece1844d5e1b2,2000_1cea6a82898d50ed3ed9ab9dc8a85b30,T609,T599,"Spent ten years in the House, eight of that in the leadership",I think the areas that I would bring are the things that Governor Bush emphasized when he picked me,Support,2000
2000_aa201b18b96857d79741cc3125957d3a,2000_1cea6a82898d50ed3ed9ab9dc8a85b30,T610,T599,"Served as Secretary of Defense, and then had significant experience in the private sector",I think the areas that I would bring are the things that Governor Bush emphasized when he picked me,Support,2000
2000_55cdfb73d49d97aa5ba565120db56ab8,2000_7a746ea9bf1c7535f8fe92e9e018c112,T606,T605,I clearly have spent a lot of time in executive positions running large organizations both in private business as well as in government,I think that where there are differences between Joe and myself in terms of background and experience,Support,2000
2000_1cea6a82898d50ed3ed9ab9dc8a85b30,2000_554ed4d3e29ebb85505f3d54a236c60c,T599,T607,I think the areas that I would bring are the things that Governor Bush emphasized when he picked me,that is a set of qualifications that Governor Bush found attractive when he selected me,Equivalent,2000
2000_74d8582cbba8e4737e034a7509ce153a,2000_48f60855d16d35c55adef653a6db4760,T616,T611,Growing up in a working class family,I think what I would bring to the office of the vice presidency is a lifetime  's experience,Support,2000
2000_b4e1df6477c35808b33f198ee336a3c9,2000_48f60855d16d35c55adef653a6db4760,T617,T611,having the opportunity to go to a great public school system,I think what I would bring to the office of the vice presidency is a lifetime  's experience,Support,2000
2000_2043bb3e07a1ba470f727bc5eee8d576,2000_48f60855d16d35c55adef653a6db4760,T618,T611,then to go on to college and then to be drawn really by President Kennedy,I think what I would bring to the office of the vice presidency is a lifetime  's experience,Support,2000
2000_a97e25f87459714c751e89b2216894a0,2000_48f60855d16d35c55adef653a6db4760,T619,T611,"as well as the values of service my family gave me, into public life",I think what I would bring to the office of the vice presidency is a lifetime  's experience,Support,2000
2000_4036954828e91a4533d6fb23a7c6b28c,2000_7369ef70518957ccb2d9ba410145e918,T624,T614,He's an outstanding person as a public official and as a private person,As vice president I think he's been the most effective vice president in the history of the United States,Support,2000
2000_314dadabe3de01fa1894110e5f276412,2000_7369ef70518957ccb2d9ba410145e918,T622,T614,He volunteered for service in Vietnam from the beginning,As vice president I think he's been the most effective vice president in the history of the United States,Support,2000
2000_3066c732119d04d442587dfaf3f7c7b2,2000_7369ef70518957ccb2d9ba410145e918,T621,T614,In Congress he's been willing to take on the big interests and fight for average people,As vice president I think he's been the most effective vice president in the history of the United States,Support,2000
2000_ecc497d13690f9748e74f16a5d5d200c,2000_7369ef70518957ccb2d9ba410145e918,T623,T614,His life is built on his faith,As vice president I think he's been the most effective vice president in the history of the United States,Support,2000
2000_c4e74b09921820b39916fdcc51838e0e,2000_7369ef70518957ccb2d9ba410145e918,T615,T614,he has the right program to use the prosperity all the American people have earned to help particularly hard working middle-class families raise up their children to enjoy a better life,As vice president I think he's been the most effective vice president in the history of the United States,Support,2000
2000_f1af388b7dde24e31392e7d0acace0f7,2000_4720e9d1d7f6ef45c96de7a4c92e9298,T628,T631,"the depth of conviction that we had admired before isn't quite as strong as it was, perhaps, in the past",many of us on the Republican side admired him for that,Attack,2000
2000_2cf16ee7573bce5b8d8ce32c4792d4d2,2000_f1af388b7dde24e31392e7d0acace0f7,T627,T628,the view now that having joined with Al Gore on the ticket on the other side,"the depth of conviction that we had admired before isn't quite as strong as it was, perhaps, in the past",Support,2000
2000_6bd23c83c6c7faf68162291f1f2802b9,2000_4720e9d1d7f6ef45c96de7a4c92e9298,T630,T631,the kinds of materials that were being peddled to our children,many of us on the Republican side admired him for that,Support,2000
2000_6e6d5abfdc639aac9b26ca26294cecf7,2000_4720e9d1d7f6ef45c96de7a4c92e9298,T629,T631,"Joe established an outstanding record, I thought, in his work on this whole question of violence in the media",many of us on the Republican side admired him for that,Support,2000
2000_6a0b6fe2bef0d74b28e5f21c71557a37,2000_f1af388b7dde24e31392e7d0acace0f7,T632,T628,"We were especially disturbed, Joe, at a recent fundraiser you attended where there was a comedian that got up and criticized George Bush's religion","the depth of conviction that we had admired before isn't quite as strong as it was, perhaps, in the past",Support,2000
2000_69aa16d317e774dc5b2b04dbe2c62ad5,2000_6a0b6fe2bef0d74b28e5f21c71557a37,T626,T632,I know you're not responsible for having uttered any words of criticism of his religion,"We were especially disturbed, Joe, at a recent fundraiser you attended where there was a comedian that got up and criticized George Bush's religion",Support,2000
2000_b8ea8e9b488a4b0419257645f7a07564,2000_f1af388b7dde24e31392e7d0acace0f7,T625,T628,you haven't been as -- as consistent as you had been in the past,"the depth of conviction that we had admired before isn't quite as strong as it was, perhaps, in the past",Support,2000
2000_5e0c22b85decda1cc5684503416e914f,2000_b8ea8e9b488a4b0419257645f7a07564,T633,T625,your good friends like Bill Bennett and others of us who had admired your firmness of purpose over the years have felt that you're not quite the crusader for that cause that you once were,you haven't been as -- as consistent as you had been in the past,Support,2000
2000_29cad8f8200edb824c0c370d0c39f8ac,2000_6a0b6fe2bef0d74b28e5f21c71557a37,T2,T632,et me talk about that joke about religion which I found very distasteful,"We were especially disturbed, Joe, at a recent fundraiser you attended where there was a comedian that got up and criticized George Bush's religion",Attack,2000
2000_7bde7e3f01005c98ea37bf0cb8a402ce,2000_a4d26351df5744ed442187b66ff003f4,T635,T634,"any offense that was done, I apologize for","if anybody has devoted his life to respecting the role of religion in American life and understands that Americans from the beginning of our history have turned to God for strength and purpose, it's me",Support,2000
2000_a4d26351df5744ed442187b66ff003f4,2000_6a0b6fe2bef0d74b28e5f21c71557a37,T634,T632,"if anybody has devoted his life to respecting the role of religion in American life and understands that Americans from the beginning of our history have turned to God for strength and purpose, it's me","We were especially disturbed, Joe, at a recent fundraiser you attended where there was a comedian that got up and criticized George Bush's religion",Attack,2000
2000_9331e95e0f4334f1531b5ae0d75f7066,2000_d6f5182051304b8e9f36dd10bd18a3f3,T636,T637,"Al Gore and I have felt for a long time, first as parents and then only second as public officials",we cannot let America's parents stand alone in this competition that they feel they're in with Hollywood to raise their own kids and give their kids the faith and values they want to give them,Support,2000
2000_fd88baad1de393859d370aefad68431f,2000_d6f5182051304b8e9f36dd10bd18a3f3,T638,T637,John McCain and I actually requested the Federal Trade Commission report that came out three or four weeks ago,we cannot let America's parents stand alone in this competition that they feel they're in with Hollywood to raise their own kids and give their kids the faith and values they want to give them,Support,2000
2000_8b6fd5a564b04901200f3b890e059449,2000_d6f5182051304b8e9f36dd10bd18a3f3,T641,T637,I've been a consistent crusader on that behalf,we cannot let America's parents stand alone in this competition that they feel they're in with Hollywood to raise their own kids and give their kids the faith and values they want to give them,Support,2000
2000_6a4d992aa4f844fbfed086c77f013e74,2000_fd88baad1de393859d370aefad68431f,T639,T638,which proved conclusively that the entertainment industry was marketing adult-rated products to our children,John McCain and I actually requested the Federal Trade Commission report that came out three or four weeks ago,Support,2000
2000_359b97d2fc80ca5bba094c633e236206,2000_d6f5182051304b8e9f36dd10bd18a3f3,T647,T637,"Al Gore and I said to the entertainment industry, stop it",we cannot let America's parents stand alone in this competition that they feel they're in with Hollywood to raise their own kids and give their kids the faith and values they want to give them,Support,2000
2000_44c53180e274c35b42a0b8c7645f78e7,2000_d6f5182051304b8e9f36dd10bd18a3f3,T648,T637,"If you don't stop it in six months, we'll ask the Federal Trade Commission to take action against you",we cannot let America's parents stand alone in this competition that they feel they're in with Hollywood to raise their own kids and give their kids the faith and values they want to give them,Support,2000
2000_0cbe98f8c1f7cb63266535eeacb98ebe,2000_1362ea0419bb905fe4f03aa96441a387,T643,T642,I repeat it today,We repeated that message when we went to Los Angeles,Support,2000
2000_1362ea0419bb905fe4f03aa96441a387,2000_d6f5182051304b8e9f36dd10bd18a3f3,T642,T637,We repeated that message when we went to Los Angeles,we cannot let America's parents stand alone in this competition that they feel they're in with Hollywood to raise their own kids and give their kids the faith and values they want to give them,Support,2000
2000_fb399fb6abdbccb72f13fe84318c683a,2000_d6f5182051304b8e9f36dd10bd18a3f3,T640,T637,We won't stop until the entertainment industry stops marketing its products to our children,we cannot let America's parents stand alone in this competition that they feel they're in with Hollywood to raise their own kids and give their kids the faith and values they want to give them,Support,2000
2000_0beadac8aca98858d9dd44acb0203287,2000_3668af8328c01a2ef250f850789415a3,T645,T644,I have not changed a single position since Al Gore nominated me to be his vice president,Al Gore and I agree on most everything,Support,2000
2000_9ef446ed47a4f118ccb4a7e1eb7c0041,2000_3668af8328c01a2ef250f850789415a3,T646,T644,"he said to me, be yourself, that  's why I chose you, don't change a single position you have",Al Gore and I agree on most everything,Support,2000
2000_54578c1d678ad4c51d4409434cbfb166,2000_fda3e9440c5487a30a5043993132a029,T131,T2,We want to reduce the incidence of abortion on our society,"Governor Bush and I have emphasized while, while we are clearly both pro-life, that  is what we believe",Support,2000
2000_f94048deb6f407f0edd00600b66f4fa0,2000_54f06399a50c9f7cf87e1bf6cb8d5e54,T133,T132,Even Bill Clinton has advocated reducing abortion to make it as rare as possible,Many on the pro-choice side have said the same thing,Support,2000
2000_6e798876483b16d68bbe5250c067c2bc,2000_f75a5cce2c9a23371dc8dbf65800480a,T6,T5,Such things as promoting adoption as an alternative,What we would like to be able to do is to look for ways to reach across the divide between the two points of view and find things that we can do together to reduce the incidence of abortion,Support,2000
2000_6c224d4abd1094daefca87cd3a1a4aed,2000_f75a5cce2c9a23371dc8dbf65800480a,T7,T5,Encouraging parental notification,What we would like to be able to do is to look for ways to reach across the divide between the two points of view and find things that we can do together to reduce the incidence of abortion,Support,2000
2000_0247c7f4621e2c2447a5d5792de934f3,2000_74d3d080d1ca3ef09c2abbef1d418156,T136,T130,"Congress has twice passed by overwhelming margins, a significant number of votes from both parties, the ban on partial birth abortions",we also think banning the horrific practice of partial birth abortions is an area where there could be agreement,Support,2000
2000_992101f14068f25b552a5c4684828abd,2000_5665b8a7f384005291b9ceed63d0dafe,T138,T137,We would hope eventually they would recognize that's not a good position for them to be in,Twice it's been vetoed by Bill Clinton and Al Gore,Attack,2000
2000_73cd63e13e696407c5a248828fc5a27c,2000_a02bbfab0c5d1f1564147b389b29f373,T140,T139,"the decision they made was on the drug, not the question of whether or not it would support abortion",Governor Bush made it clear the other night he did not anticipate that he would be able to go in and direct the FDA to reverse course on that particular issue,Support,2000
2000_4703b335edd2e025091346af21bd4bd2,2000_f94048deb6f407f0edd00600b66f4fa0,T135,T133,"With respect to the question of RU-486, we believe that That really was a question of whether or not it was safe to be used by women",Even Bill Clinton has advocated reducing abortion to make it as rare as possible,Attack,2000
2000_b8e5f89c1585d604395468f21e2d78d7,2000_4703b335edd2e025091346af21bd4bd2,T4,T135,They didn't address the sort of the question of whether or not there should or should not be abortion in the society so much as evaluate that particular drug,"With respect to the question of RU-486, we believe that That really was a question of whether or not it was safe to be used by women",Support,2000
2000_f75a5cce2c9a23371dc8dbf65800480a,2000_54578c1d678ad4c51d4409434cbfb166,T5,T131,What we would like to be able to do is to look for ways to reach across the divide between the two points of view and find things that we can do together to reduce the incidence of abortion,We want to reduce the incidence of abortion on our society,Equivalent,2000
2000_74d3d080d1ca3ef09c2abbef1d418156,2000_54578c1d678ad4c51d4409434cbfb166,T130,T131,we also think banning the horrific practice of partial birth abortions is an area where there could be agreement,We want to reduce the incidence of abortion on our society,Support,2000
2000_a02bbfab0c5d1f1564147b389b29f373,2000_54578c1d678ad4c51d4409434cbfb166,T139,T131,Governor Bush made it clear the other night he did not anticipate that he would be able to go in and direct the FDA to reverse course on that particular issue,We want to reduce the incidence of abortion on our society,Support,2000
2000_03d49d48fb11dda8b470e873d259a0f3,2000_a02bbfab0c5d1f1564147b389b29f373,T142,T139,I would not support legislation that is being introduced in Congress to override the Food and Drug Administration decision on RU-486,Governor Bush made it clear the other night he did not anticipate that he would be able to go in and direct the FDA to reverse course on that particular issue,Attack,2000
2000_8b69f0d7be6fd7708e5b949573b8c853,2000_03d49d48fb11dda8b470e873d259a0f3,T143,T142,"The administration, FDA worked 12 years on this serious problem",I would not support legislation that is being introduced in Congress to override the Food and Drug Administration decision on RU-486,Support,2000
2000_7bc0594e1d475621bccbe719032cf435,2000_03d49d48fb11dda8b470e873d259a0f3,T147,T142,They made a judgment based on what was good for women's health,I would not support legislation that is being introduced in Congress to override the Food and Drug Administration decision on RU-486,Support,2000
2000_dbd19e071b05147c44815aff3757c280,2000_7bc0594e1d475621bccbe719032cf435,T8,T147,A doctor has to pescribe and care for a woman using it,They made a judgment based on what was good for women's health,Support,2000
2000_81da22a45d34e8c38ae3c39d804516f7,2000_a571c183370249c82aec382305b11a3c,T146,T145,it was made by experts,I think it's a decision we ought to let stand,Support,2000
2000_a571c183370249c82aec382305b11a3c,2000_03d49d48fb11dda8b470e873d259a0f3,T145,T142,I think it's a decision we ought to let stand,I would not support legislation that is being introduced in Congress to override the Food and Drug Administration decision on RU-486,Support,2000
2000_165fdc0f6c398715b3eca31847623fc7,2000_54578c1d678ad4c51d4409434cbfb166,T148,T131,the significant difference here on this issue is that Al Gore and I respect and will protect a woman's right to choose,We want to reduce the incidence of abortion on our society,Attack,2000
2000_165fdc0f6c398715b3eca31847623fc7,2000_9c297ea564517272814388341050bcc2,T148,T149,the significant difference here on this issue is that Al Gore and I respect and will protect a woman's right to choose,Our opponents will not,Attack,2000
2000_26f23a20597a68fe9daa81a169d11e05,2000_0796c670d263d6cbc02430f423939a24,T150,T151,"We know that this is a difficult personal, moral, medical issue","it ought to be left under our law to a woman, her doctor and her God",Support,2000
2000_0796c670d263d6cbc02430f423939a24,2000_165fdc0f6c398715b3eca31847623fc7,T151,T148,"it ought to be left under our law to a woman, her doctor and her God",the significant difference here on this issue is that Al Gore and I respect and will protect a woman's right to choose,Support,2000
2000_850a08ab929f586a38c9eace09fe243a,2000_a43abf3ea26bcfb202629cf9c112cc48,T154,T153,over the last eight years the number of teenage pregnancies has dropped 20%,The number of abortions is actually down in America over the last eight years,Support,2000
2000_214798f1494c900337ec1b6873669080,2000_998454a063390180e4d0b150a2299245,T144,T152,we believe that the government ought to do everything it can to reduce the number of unwanted pregnancies,the number of abortions,Support,2000
2000_a43abf3ea26bcfb202629cf9c112cc48,2000_fcfbc7e02b9f7414f07fe54f535c8502,T153,T155,The number of abortions is actually down in America over the last eight years,it has is that there are good programs out there that Al Gore and I will continue to support,Support,2000
2000_33da24658934730d743c7fa27ddefe1b,2000_fcfbc7e02b9f7414f07fe54f535c8502,T9,T155,such as family planning and programs that encourage abstinence,it has is that there are good programs out there that Al Gore and I will continue to support,Support,2000
2000_18407dab23d248ebf874bda4820a6474,2000_fcfbc7e02b9f7414f07fe54f535c8502,T156,T155,"when the health of a woman is involved, I think the government has to be respectful",it has is that there are good programs out there that Al Gore and I will continue to support,Support,2000
2000_1ab8c0674ba93d3a766bca6348cb6d54,2000_18407dab23d248ebf874bda4820a6474,T157,T156,"I supported, in fact, a bill in the Senate that would have prohibited late-term abortions except in cases where the health or life of the mother was involved","when the health of a woman is involved, I think the government has to be respectful",Support,2000
2000_30a50f88e0785b2a709ec50527249396,2000_3296b7ad8ff1bb9dc2fc9789e38ddbda,T159,T158,it would have prohibited that form of abortion at any stage of the pregnancy regardless of the effect on the health and life of the woman,I did not support the so-called partial birth abortion bill,Support,2000
2000_3296b7ad8ff1bb9dc2fc9789e38ddbda,2000_74d3d080d1ca3ef09c2abbef1d418156,T158,T130,I did not support the so-called partial birth abortion bill,we also think banning the horrific practice of partial birth abortions is an area where there could be agreement,Support,2000
2000_2f66e8fa69f84eb3a5d7605f96da3d53,2000_3a9c1f2ccec9b4b88b92e61d29b4b17e,T87,T86,actually the number I have received 72 cents for every $1 a man receives in a comparable job,"fortunately, great advances have been made by women achieving the kind of equality that they were too long denied",Support,2000
2000_8fe5e7545122aa02594590870fe08378,2000_550c6de1281068d143304439253638aa,T83,T84,Al Gore and I have issued an economic plan in which we've stated specific goals for the future,one of those goals is to eliminate the pay gap between men and women,Support,2000
2000_616f48e4d86f9b580e5db913878ed804,2000_550c6de1281068d143304439253638aa,T85,T84,It's unfair and it's unacceptable,one of those goals is to eliminate the pay gap between men and women,Support,2000
2000_f5e6d5fa524bded27a9321363ec762bd,2000_550c6de1281068d143304439253638aa,T81,T84,which gives women the right to file legal actions against employers who are not treating them fairly and not paying them equally,one of those goals is to eliminate the pay gap between men and women,Support,2000
2000_0c38df18aba72b0a2fd26d99016a0e38,2000_550c6de1281068d143304439253638aa,T80,T84,the first way we will do that is by supporting the Equal Pay Act which has been proposed in Congress,one of those goals is to eliminate the pay gap between men and women,Support,2000
2000_458ae4e4fcc16f31b76470fb29084364,2000_550c6de1281068d143304439253638aa,T2,T84,"Secondly, we're going to do everything we can using governmental support of business agencies such as the Small Business Administration to help women business owners have an opportunity to invest and begin businesses and make larger incomes themselves",one of those goals is to eliminate the pay gap between men and women,Support,2000
2000_616f48e4d86f9b580e5db913878ed804,2000_e19bbbfb4fad91e085f2fd49ded9b0ab,T85,T89,It's unfair and it's unacceptable,this is an unfair and unacceptable situation,Equivalent,2000
2000_88453c415b40a39cc6595d76d7155f30,2000_e19bbbfb4fad91e085f2fd49ded9b0ab,T91,T89,"even though, as the economy has risen in the last eight years, America's women have risen with it and received more income",this is an unfair and unacceptable situation,Support,2000
2000_ff7e89ef18dba80d1044c54c76adb0f0,2000_0e5c89c4f1f1edb50ac97f5e2636f69a,T92,T90,until women are receiving the same amount of pay for the same job they're doing as a man receives,we've not achieved genuine equality in this country,Support,2000
2000_130bc18d07659be08e3012a241ba7a94,2000_70581ea2e04a70e57b8c6cb0d6897871,T94,T96,In so many families women are a significant bread earner or the only bread earner,families and the children as well,Support,2000
2000_7a8d7ea771a6c3cfb6788891e21b3d6a,2000_3df03bf8efebe5469a88b9a47774d471,T95,T93,this cause affects not only the women,Al Gore and I are committed to closing that gap and achieving that equality,Support,2000
2000_70581ea2e04a70e57b8c6cb0d6897871,2000_3df03bf8efebe5469a88b9a47774d471,T96,T93,families and the children as well,Al Gore and I are committed to closing that gap and achieving that equality,Support,2000
2000_0e5c89c4f1f1edb50ac97f5e2636f69a,2000_3df03bf8efebe5469a88b9a47774d471,T90,T93,we've not achieved genuine equality in this country,Al Gore and I are committed to closing that gap and achieving that equality,Support,2000
2000_70561dcb6e850fbebea1b29ff50984ac,2000_3a9c1f2ccec9b4b88b92e61d29b4b17e,T98,T86,We have made progress in recent years,"fortunately, great advances have been made by women achieving the kind of equality that they were too long denied",Support,2000
2000_98a0b5ccf2b6dca3db95896b4e8ff072,2000_70561dcb6e850fbebea1b29ff50984ac,T99,T98,I think we have a ways to go,We have made progress in recent years,Attack,2000
2000_ab1c1ee3cd98008cfc882e4c66f442e2,2000_98a0b5ccf2b6dca3db95896b4e8ff072,T97,T99,I share the view that we ought to have equal pay for equal work regardless of someone's gender,I think we have a ways to go,Support,2000
2000_a44a2ff4e955efa25eace34d07f8526c,2000_98a0b5ccf2b6dca3db95896b4e8ff072,T106,T99,It's not just about the differential with respect to women,I think we have a ways to go,Support,2000
2000_62b203505fff733bbac4dbd9e10b4a36,2000_c0e636b25069dfa13e90c989c4465290,T3,T107,"You, in effect, as a stay-at-home mom get no tax advantage under the Gore tax plan as contrasted with the Bush proposal","If you look at our opponent's tax proposal, they discriminate between stay-at-home moms with children that they take care of themselves and those who go to work or who, in fact, have their kids taken care of outside the home",Support,2000
2000_62b203505fff733bbac4dbd9e10b4a36,2000_02e43289bb437b93372fe2cde00a789a,T3,T108,"You, in effect, as a stay-at-home mom get no tax advantage under the Gore tax plan as contrasted with the Bush proposal",It provides tax relief for absolutely everybody who pays taxes,Support,2000
2000_0d6adfa38f9439ef9bf0c92a5b061d5e,2000_46a80366c3c8e4272cf72ace021195b3,T101,T102,we're trying to change and address in the course of the campaign and what our agenda is for the future,"our plans are for the future, focus very much about giving as much control as we can to individual Americans",Support,2000
2000_46a80366c3c8e4272cf72ace021195b3,2000_02e43289bb437b93372fe2cde00a789a,T102,T108,"our plans are for the future, focus very much about giving as much control as we can to individual Americans",It provides tax relief for absolutely everybody who pays taxes,Support,2000
2000_a9d47eeda0eca6238566fdee5417b9c6,2000_46a80366c3c8e4272cf72ace021195b3,T103,T102,"be they men or women, be they single or married","our plans are for the future, focus very much about giving as much control as we can to individual Americans",Support,2000
2000_b6804231898d22e747a16be4354921e2,2000_46a80366c3c8e4272cf72ace021195b3,T105,T102,especially in the area of taxation,"our plans are for the future, focus very much about giving as much control as we can to individual Americans",Support,2000
2000_46a80366c3c8e4272cf72ace021195b3,2000_7b3d187aeb6d6f56739703f7e1dbd852,T102,T104,"our plans are for the future, focus very much about giving as much control as we can to individual Americans",as much control as possible over their own lives,Equivalent,2000
2000_79f485cceadc8e17118a5c798d40adf4,2000_9cd74896cf90c77bbb9cbb7d8ecd808d,T113,T100,It in effect lays out some 29 separate tax credits,"The proposal we have from Al Gore, basically, doesn't do that",Support,2000
2000_4b126d9b49db711aac5fd3db0354b6fb,2000_9cd74896cf90c77bbb9cbb7d8ecd808d,T110,T100,"If you live your life the way they want you to live your life, if you behave in a certain way, you qualify for a tax credit and at that point you get some relief","The proposal we have from Al Gore, basically, doesn't do that",Support,2000
2000_1795cec47439b09fe05832089752edf4,2000_9cd74896cf90c77bbb9cbb7d8ecd808d,T111,T100,50 million American taxpayers out there get no advantages at all out of the Gore tax proposal,"The proposal we have from Al Gore, basically, doesn't do that",Support,2000
2000_02e43289bb437b93372fe2cde00a789a,2000_588bf663f0a26dd53e39ba281c9147c3,T108,T112,It provides tax relief for absolutely everybody who pays taxes,whereas under the Bush plan everybody who pays taxes will get tax relief,Support,2000
2000_87a20e17394039ceb29de8c8a3a423de,2000_c0e636b25069dfa13e90c989c4465290,T4,T107,"The first thing is the tax relief program that we've proposed, one of the many tax credits for the middle class includes a $500 tax credit for stay-at-home moms just as a way of saying we understand that you are performing a service for our society","If you look at our opponent's tax proposal, they discriminate between stay-at-home moms with children that they take care of themselves and those who go to work or who, in fact, have their kids taken care of outside the home",Attack,2000
2000_87a20e17394039ceb29de8c8a3a423de,2000_ed10d84dea139156c17f04f4f13dff08,T4,T5,"The first thing is the tax relief program that we've proposed, one of the many tax credits for the middle class includes a $500 tax credit for stay-at-home moms just as a way of saying we understand that you are performing a service for our society",We want you to have that tax credit,Support,2000
2000_3e1b0652a11cf9049f7259899be602f7,2000_1795cec47439b09fe05832089752edf4,T6,T111,the number of 50 million Americans not benefitting from our tax cut program is absolutely wrong,50 million American taxpayers out there get no advantages at all out of the Gore tax proposal,Attack,2000
2000_68f74f94ae46c4e6f5be8bed9773c172,2000_3e1b0652a11cf9049f7259899be602f7,T7,T6,It's an estimate done on an earlier form of our tax cut program and it's just plain wrong,the number of 50 million Americans not benefitting from our tax cut program is absolutely wrong,Support,2000
2000_47a00f23d30d477ff8e0aa2be02d3f58,2000_1ad34c5ade1e64d9a32cf0263378b0d2,T9,T8,"as the newspapers indicated earlier this week, the Joint Committee on Taxation, again a nonpartisan group in Congress, says that 27 million Americans don't get what the governor said they would in the tax program","Governor Bush says that his tax cut program, large as it is, gives a tax cut to everybody",Attack,2000
2000_47a00f23d30d477ff8e0aa2be02d3f58,2000_02e43289bb437b93372fe2cde00a789a,T9,T108,"as the newspapers indicated earlier this week, the Joint Committee on Taxation, again a nonpartisan group in Congress, says that 27 million Americans don't get what the governor said they would in the tax program",It provides tax relief for absolutely everybody who pays taxes,Attack,2000
2000_4063435fa1cd3e3e6580500a47c63ae4,2000_3622d3d0de31a6f482ea213648c8c383,T12,T11,We're focusing our tax cut on the middle class in the areas they tell us they need it,We are not going to give it all away in one big tax cut and certainly not to the 1% of the public that doesn't need it now,Support,2000
2000_7b0bf0f29f42161a3fd51b49d0e8e829,2000_4063435fa1cd3e3e6580500a47c63ae4,T13,T12,"Tax credits for better and more expensive child care, tax credits for middle class families that don't have health insurance from their employers",We're focusing our tax cut on the middle class in the areas they tell us they need it,Support,2000
2000_2ba449a952960c2eab3cf48465c9468f,2000_4063435fa1cd3e3e6580500a47c63ae4,T14,T12,"The tax deduction I talked about earlier. Very exciting deduction for up to $10,000 a year in the cost of a college tuition. A $3,000 tax credit for the cost -- well, actually for a family member who stays home with a parent or grandparent who is ill",We're focusing our tax cut on the middle class in the areas they tell us they need it,Support,2000
2000_09301e2e3dd858019cd6fb97d877f694,2000_4063435fa1cd3e3e6580500a47c63ae4,T15,T12,"a very exciting tax credit program that I hope I'll have a chance to talk about later, Bernie, that encourages savings by people early in life and any time in life by having the federal government match savings for the 75 million Americans who make $100,000 or less up to $2,000 a year",We're focusing our tax cut on the middle class in the areas they tell us they need it,Support,2000
2000_2e929d4ea50979a070b25884068e72fd,2000_09301e2e3dd858019cd6fb97d877f694,T16,T15,"if a young couple making $50,000 a year saves $1,000, the government will put another $1,000 in that account","a very exciting tax credit program that I hope I'll have a chance to talk about later, Bernie, that encourages savings by people early in life and any time in life by having the federal government match savings for the 75 million Americans who make $100,000 or less up to $2,000 a year",Support,2000
2000_8f3d1ddf7f4661b589347b977b49fe92,2000_2e929d4ea50979a070b25884068e72fd,T17,T16,"By the time they retire, they'll not only have guaranteed Social Security, but more than $200,000 in that retirement fund","if a young couple making $50,000 a year saves $1,000, the government will put another $1,000 in that account",Support,2000
2000_7c3368ad1a5de04e78e7965a13867bad,2000_f76f7eb33643f994a948a869b7509bd8,T18,T19,You have to be a CPA to understand what he just said,The fact of the matter is the plan is so complex that the ordinary American is never going to ever figure out what they even qualify for,Support,2000
2000_f76f7eb33643f994a948a869b7509bd8,2000_2ba449a952960c2eab3cf48465c9468f,T19,T14,The fact of the matter is the plan is so complex that the ordinary American is never going to ever figure out what they even qualify for,"The tax deduction I talked about earlier. Very exciting deduction for up to $10,000 a year in the cost of a college tuition. A $3,000 tax credit for the cost -- well, actually for a family member who stays home with a parent or grandparent who is ill",Attack,2000
2000_f76f7eb33643f994a948a869b7509bd8,2000_2e929d4ea50979a070b25884068e72fd,T19,T16,The fact of the matter is the plan is so complex that the ordinary American is never going to ever figure out what they even qualify for,"if a young couple making $50,000 a year saves $1,000, the government will put another $1,000 in that account",Attack,2000
2000_f76f7eb33643f994a948a869b7509bd8,2000_8f3d1ddf7f4661b589347b977b49fe92,T19,T17,The fact of the matter is the plan is so complex that the ordinary American is never going to ever figure out what they even qualify for,"By the time they retire, they'll not only have guaranteed Social Security, but more than $200,000 in that retirement fund",Attack,2000
2000_7c3368ad1a5de04e78e7965a13867bad,2000_8f3d1ddf7f4661b589347b977b49fe92,T18,T17,You have to be a CPA to understand what he just said,"By the time they retire, they'll not only have guaranteed Social Security, but more than $200,000 in that retirement fund",Attack,2000
2000_7c3368ad1a5de04e78e7965a13867bad,2000_2e929d4ea50979a070b25884068e72fd,T18,T16,You have to be a CPA to understand what he just said,"if a young couple making $50,000 a year saves $1,000, the government will put another $1,000 in that account",Attack,2000
2000_7c3368ad1a5de04e78e7965a13867bad,2000_09301e2e3dd858019cd6fb97d877f694,T18,T15,You have to be a CPA to understand what he just said,"a very exciting tax credit program that I hope I'll have a chance to talk about later, Bernie, that encourages savings by people early in life and any time in life by having the federal government match savings for the 75 million Americans who make $100,000 or less up to $2,000 a year",Attack,2000
2000_7c3368ad1a5de04e78e7965a13867bad,2000_2ba449a952960c2eab3cf48465c9468f,T18,T14,You have to be a CPA to understand what he just said,"The tax deduction I talked about earlier. Very exciting deduction for up to $10,000 a year in the cost of a college tuition. A $3,000 tax credit for the cost -- well, actually for a family member who stays home with a parent or grandparent who is ill",Attack,2000
2000_da6f487d182fc11a97b58acc04f53c8f,2000_f76f7eb33643f994a948a869b7509bd8,T20,T19,"It's a classic example of wanting to have a program, in this case a tax program, that will, in fact, direct people to live their lives in certain ways rather than empowering them to make decisions for themselves",The fact of the matter is the plan is so complex that the ordinary American is never going to ever figure out what they even qualify for,Support,2000
2000_f76f7eb33643f994a948a869b7509bd8,2000_bb41e412a65989bb68218770bafb73f6,T19,T21,The fact of the matter is the plan is so complex that the ordinary American is never going to ever figure out what they even qualify for,"They like tax credits, we like tax reform and tax cuts",Support,2000
2000_bc7acbfbbf4079655ab95f28a8d005c8,2000_b57dced4705436a99c19fba01dcf8764,T8,T7,"I have friends who are in gay and lesbian partnerships who said to me, isn't it fair",I support,Support,2000
2000_698551ec98fc16e1a582180f9bdb9833,2000_bc7acbfbbf4079655ab95f28a8d005c8,T9,T8,"We don't have legal rights to inheritance, visitation when one partner is ill, to health care benefits","I have friends who are in gay and lesbian partnerships who said to me, isn't it fair",Support,2000
2000_2ba41d2d1ab41563a122a3f396214a0c,2000_b57dced4705436a99c19fba01dcf8764,T10,T7,My mind is open to taking some action that will address those elements of unfairness while respecting the traditional religious and civil institution of marriage,I support,Support,2000
2000_5e27da5fd70f21158d722d1c8f49ac88,2000_bfc865a82de9f962414d3293c62c7109,T6,T5,I've sponsored other pieces of legislation and taken other actions that carry out that ideal,In our time at the frontier of that effort is extending those kinds of rights to gay and lesbian Americans who are citizens of this country and children of the same awesome God just as much as any of the rest of us are,Support,2000
2000_5ecb8c6d44939b5589062534ebed5791,2000_bfc865a82de9f962414d3293c62c7109,T4,T5,I have been an original co-sponsor of the Employment Non-Discrimination Act which aims to prevent gay and lesbian Americans who are otherwise qualified from being discriminated against in the workplace,In our time at the frontier of that effort is extending those kinds of rights to gay and lesbian Americans who are citizens of this country and children of the same awesome God just as much as any of the rest of us are,Support,2000
2000_d69959979f072877ae6a30d98d966626,2000_bfc865a82de9f962414d3293c62c7109,T3,T5,"At the beginning of our history, that promise that ideal was not realized or experienced by all Americans, but over time since then we have extended the orbit of that promise",In our time at the frontier of that effort is extending those kinds of rights to gay and lesbian Americans who are citizens of this country and children of the same awesome God just as much as any of the rest of us are,Support,2000
2000_80078c66535e1a45b2d9daa8d8676b78,2000_bfc865a82de9f962414d3293c62c7109,T2,T5,"Maybe I should begin this answer by going back to the beginning of the country and the Declaration of Independence which says there at the outset that all of us are created equal and that we're endowed not by any bunch of politicians or philosophers, but by our Creator, with those inalienable rights of life, liberty and the pursuit of happiness",In our time at the frontier of that effort is extending those kinds of rights to gay and lesbian Americans who are citizens of this country and children of the same awesome God just as much as any of the rest of us are,Support,2000
2000_bfc865a82de9f962414d3293c62c7109,2000_b57dced4705436a99c19fba01dcf8764,T5,T7,In our time at the frontier of that effort is extending those kinds of rights to gay and lesbian Americans who are citizens of this country and children of the same awesome God just as much as any of the rest of us are,I support,Support,2000
2000_93691424d67e7b3d44beeb3e47b2a930,2000_6b34c523691bce8d4708000398fe7f4c,T16,T17,"I think different states are likely to come to different conclusions, and that's appropriate",I don't think there should necessarily be a federal policy in this area,Support,2000
2000_091e1424c3303ba6584fe4f4eef1c6e4,2000_1cc5602452e0ad771b1f56178dcb4eff,T19,T18,"like Joe, I'm also wrestling with the extent to which there ought to be legal sanction of those relationships",I try to be open minded about it as much as I can and tolerant of those relationships,Support,2000
2000_231cd313bf24074c8b5a5e71586ff541,2000_1cc5602452e0ad771b1f56178dcb4eff,T20,T18,I think we ought to do everything we can to tolerate and accommodate whatever kind of relationships people want to enter into,I try to be open minded about it as much as I can and tolerant of those relationships,Support,2000
2000_aab0dbe8377060ecb720ae21b05a1399,2000_93691424d67e7b3d44beeb3e47b2a930,T15,T16,The fact of the matter is that it is regulated by the states,"I think different states are likely to come to different conclusions, and that's appropriate",Support,2000
2000_e469f76c8f55f62e457a59deb010e837,2000_2d95d40c46a74d7c679552ee37aaf62f,T13,T14,That means people should be free to enter into any kind of relationship they want to enter into,It's no one's business in terms of regulating behavior in that regard,Support,2000
2000_548b219556b5c8ade4f50f6367496cbd,2000_e469f76c8f55f62e457a59deb010e837,T12,T13,"We do n't get to choose, and we shouldn't be able to choose and say you get to live free and you don't",That means people should be free to enter into any kind of relationship they want to enter into,Support,2000
2000_b1f0150b520e6df1da26df8022a4516f,2000_548b219556b5c8ade4f50f6367496cbd,T11,T12,"The fact of the matter is we live in a free society, and freedom means freedom for everybody","We do n't get to choose, and we shouldn't be able to choose and say you get to live free and you don't",Support,2000
2000_92226dc9d715d292881c0d2ec9c09337,2000_66d1f12b3667e67dd71c5359901fa6e3,T22,T21,That's a tougher problem,"The next step then, of course, is the question you ask of whether or not there ought to be some kind of official sanction of the relationships or if these relationships should be treated the same as a traditional marriage",Attack,2000
2000_b5f83f3c2eb41bdbd5f7555fcd313d82,2000_4d8c171699e993023519733acf054280,T746,T1,I think the record shows otherwise,"we've heard a lot about -- from the governor about not much being done in the last eight years, as if the promises that I made eight years ago have not been kept.",Attack,2000
2000_b5f83f3c2eb41bdbd5f7555fcd313d82,2000_dc33d7653742b703745bdfc950553a6d,T746,T745,I think the record shows otherwise,I am a person who keeps promises,Support,2000
2000_e64076b6da321baa39eaeefd673b9788,2000_cd12fd4145d48b1104d0666452ef4e67,T755,T754,"22 million new jobs, very low unemployment nationally","Instead of high unemployment, we now have the lowest African-American unemployment, the lowest Latino unemployment ever measured",Support,2000
2000_7f0a9bfd47c670ba96e1d99d8fad8aac,2000_dc33d7653742b703745bdfc950553a6d,T753,T745,We have gone from the biggest deficits eight years ago to the biggest surpluses in history today,I am a person who keeps promises,Support,2000
2000_cd12fd4145d48b1104d0666452ef4e67,2000_dc33d7653742b703745bdfc950553a6d,T754,T745,"Instead of high unemployment, we now have the lowest African-American unemployment, the lowest Latino unemployment ever measured",I am a person who keeps promises,Support,2000
2000_806e956d1d61d61b1244675ed46f7280,2000_dc33d7653742b703745bdfc950553a6d,T756,T745,"Instead of ballooning the debt and multiplying it four times over, we have seen the debt actually begun to be paid down",I am a person who keeps promises,Support,2000
2000_008529aad4018a4c3825f63a3bced65e,2000_a69c8ba2e71fe357253dcb1234acf97a,T751,T750,I will balance the budget every year,I will pay down the debt every year,Support,2000
2000_008529aad4018a4c3825f63a3bced65e,2000_1357adfa5cedc67dbe8ad26b8d3c7d6c,T751,T748,I will balance the budget every year,I promise you I will keep mine,Support,2000
2000_a69c8ba2e71fe357253dcb1234acf97a,2000_1357adfa5cedc67dbe8ad26b8d3c7d6c,T750,T748,I will pay down the debt every year,I promise you I will keep mine,Support,2000
2000_26aca2963c77d3925663f69e65945cbf,2000_1357adfa5cedc67dbe8ad26b8d3c7d6c,T749,T748,"I will give middle-class Americans tax cuts, meaningful ones",I promise you I will keep mine,Support,2000
2000_051edb42552049f5d0ee2e48ac3a89ef,2000_1357adfa5cedc67dbe8ad26b8d3c7d6c,T757,T748,"I will invest in education, health care, protecting the environment and retirement security",I promise you I will keep mine,Support,2000
2000_2f5472edfff16e741a02b78a42c2def4,2000_88d7de210ea684f3e3e24e76d0131045,T758,T759,Let me tell you about one of the governor's,He has promised a trillion dollars out of the Social Security Trust Fund for young working adults to invest and save on their own,Support,2000
2000_88d7de210ea684f3e3e24e76d0131045,2000_5a6f4e5dc39b6d5b9f336626d67c5966,T759,T760,He has promised a trillion dollars out of the Social Security Trust Fund for young working adults to invest and save on their own,"he's promised seniors that their Social Security benefits will not be cut, and he's promised the same trillion dollars to them",Support,2000
2000_1357adfa5cedc67dbe8ad26b8d3c7d6c,2000_ed4586763a6d04c2e6d9611032affe1c,T748,T2,I promise you I will keep mine,"Reminds me of the line from the movie, ""Show me the money."" Which one of those promises will you keep and which will you break, Governor?",Attack,2000
2000_60c4d6bdbf29302d8a3e28c501c1598f,2000_5a6f4e5dc39b6d5b9f336626d67c5966,T747,T760,this is a show me state,"he's promised seniors that their Social Security benefits will not be cut, and he's promised the same trillion dollars to them",Attack,2000
2000_7c09ef363b18ed6ffb75494d95dfacaf,2000_1897c3e7b26091ce939d4b4ec6bd611f,T762,T763,You asked about promises,"You were promised that Medicare would be reformed, and that Social Security would be reformed",Support,2000
2000_7c09ef363b18ed6ffb75494d95dfacaf,2000_a176f5aa4fdb43551227344c8aa09d65,T762,T764,You asked about promises,You were promised a middle-class tax cut in 1992,Support,2000
2000_213ba0966006adf1718e98b29c6931bc,2000_a176f5aa4fdb43551227344c8aa09d65,T761,T764,It didn't happen,You were promised a middle-class tax cut in 1992,Attack,2000
2000_213ba0966006adf1718e98b29c6931bc,2000_1897c3e7b26091ce939d4b4ec6bd611f,T761,T763,It didn't happen,"You were promised that Medicare would be reformed, and that Social Security would be reformed",Attack,2000
2000_5e10384255fc9e0301ee239228256e8c,2000_1d0b69c2fc7b82394669c0096260b2ff,T765,T767,There's too much bitterness in Washington,There's too much wrangling,Support,2000
2000_51c315aa540d1fe09022b26af1891ceb,2000_1d0b69c2fc7b82394669c0096260b2ff,T766,T767,It's time to have a fresh start,There's too much wrangling,Attack,2000
2000_51c315aa540d1fe09022b26af1891ceb,2000_5e10384255fc9e0301ee239228256e8c,T766,T765,It's time to have a fresh start,There's too much bitterness in Washington,Attack,2000
2000_84feb0579b50d81d7331e70db7e97e6f,2000_1d0b69c2fc7b82394669c0096260b2ff,T768,T767,One of the reasons I was successful as the governor of Texas is because I didn't try to be all things to all people,There's too much wrangling,Attack,2000
2000_cd768aa51d3bb03d19f3f5d9d007f08c,2000_9115b69a04554d80fb3801134ea049a2,T778,T3,I won,"I said I'd do four things; tort reform, education reform, welfare reform and juvenile justice reform",Support,2000
2000_7aa0ef040b1e72863f6f3ea5ac1babbb,2000_9115b69a04554d80fb3801134ea049a2,T776,T3,I had the will of the people in my state behind me,"I said I'd do four things; tort reform, education reform, welfare reform and juvenile justice reform",Support,2000
2000_84feb0579b50d81d7331e70db7e97e6f,2000_5324758ca904d065525946058fb4727b,T768,T779,One of the reasons I was successful as the governor of Texas is because I didn't try to be all things to all people,"When I campaigned in a race, a lot of folks didn't think I could win including, by the way, my mother",Attack,2000
2000_84feb0579b50d81d7331e70db7e97e6f,2000_9115b69a04554d80fb3801134ea049a2,T768,T3,One of the reasons I was successful as the governor of Texas is because I didn't try to be all things to all people,"I said I'd do four things; tort reform, education reform, welfare reform and juvenile justice reform",Support,2000
2000_9115b69a04554d80fb3801134ea049a2,2000_26db7629543d3c70d2413a2e59926038,T3,T777,"I said I'd do four things; tort reform, education reform, welfare reform and juvenile justice reform",then I brought folks together to get it done,Support,2000
2000_e9ea9de1c68ab7e690da7e91769b31d7,2000_26db7629543d3c70d2413a2e59926038,T775,T777,"that's what we need, I think, in this election",then I brought folks together to get it done,Support,2000
2000_951aedcf8f55274b0a7029b26eb3ccd3,2000_26db7629543d3c70d2413a2e59926038,T774,T777,To me that's what it's all about,then I brought folks together to get it done,Support,2000
2000_143cbc481dfbb400b2574c8736719ed1,2000_07af86f6f1107edf66222e92c2e6329f,T784,T782,there's a record,that's what I hope people look at,Support,2000
2000_143cbc481dfbb400b2574c8736719ed1,2000_54527300e2cd27fd7bd6c50c922bbfc0,T784,T783,there's a record,"I'm sure your 6th grade kids are listening and saying, these guys will say anything to get elected",Attack,2000
2000_1be2cbc2477511fee6742a85c0310f57,2000_52113f806e43e9728a53f9132a74620d,T785,T781,Social Security revenue exceeds expenses up until 2015,One of my promises is going to be Social Security reform,Support,2000
2000_d33d49af3a89eafd69a574678a91e3b8,2000_1be2cbc2477511fee6742a85c0310f57,T773,T785,People are going to get paid,Social Security revenue exceeds expenses up until 2015,Support,2000
2000_1be2cbc2477511fee6742a85c0310f57,2000_a6c2b4bd381e278522e7ecd3bf393d00,T785,T780,Social Security revenue exceeds expenses up until 2015,we need to take a trillion dollars out of that $2.4 trillion surplus,Support,2000
2000_104f61fa711b4c1d4a7dfe17fddd9cd4,2000_654ea65199d02fce9515cdd9b1771f50,T787,T786,you bet we're gonna take a trillion dollars of your own money and let you invest it under safe guidelines,you get a better rate of return on the money than the paltry 2% that the federal government gets for you today,Support,2000
2000_a6c2b4bd381e278522e7ecd3bf393d00,2000_104f61fa711b4c1d4a7dfe17fddd9cd4,T780,T787,we need to take a trillion dollars out of that $2.4 trillion surplus,you bet we're gonna take a trillion dollars of your own money and let you invest it under safe guidelines,Support,2000
2000_654ea65199d02fce9515cdd9b1771f50,2000_2d9b6e4bbbbc454453cc1be5c531cc6c,T786,T772,you get a better rate of return on the money than the paltry 2% that the federal government gets for you today,That's one of my promises,Support,2000
2000_d33d49af3a89eafd69a574678a91e3b8,2000_2d9b6e4bbbbc454453cc1be5c531cc6c,T773,T772,People are going to get paid,That's one of my promises,Support,2000
2000_52113f806e43e9728a53f9132a74620d,2000_d7790e6a3853313210da7bcd5b37b7eb,T781,T788,One of my promises is going to be Social Security reform,"if you're a younger worker, if you're younger, you better hope this country thinks differently, otherwise you're gonna be faced with huge payroll taxes or reduced benefits",Attack,2000
2000_d5d976f13b780dff1b6b24bcad9f9015,2000_782e772a4f6e57a0d74735eb4be0c3f5,T770,T771,That's what it requires,it's gonna require people to bring both Republicans and Democrats together to get it done,Support,2000
2000_201debeaccb48cd668b31e439a3bd360,2000_c7c6f7a3ab506e047276502123f9ac61,T790,T789,It was a bipartisan approach,There was a chance to get this done,Support,2000
2000_c7c6f7a3ab506e047276502123f9ac61,2000_d7bfbade50472c43b5d6e1c7120f8268,T789,T791,There was a chance to get this done,it's been rejected,Attack,2000
2000_782e772a4f6e57a0d74735eb4be0c3f5,2000_5976b67bc76b17d81e9aa356a5ae42d3,T771,T769,it's gonna require people to bring both Republicans and Democrats together to get it done,I'm going to bring them together,Support,2000
2000_ab8f3e82a971ffb6aaed7c9117884d78,2000_d8efa39b43600c3b8af8d9ae100c88d4,T792,T793,you cannot keep both promises,the trillion dollars that has been promised to young people has also been promised to older people,Attack,2000
2000_ab8f3e82a971ffb6aaed7c9117884d78,2000_a6c2b4bd381e278522e7ecd3bf393d00,T792,T780,you cannot keep both promises,we need to take a trillion dollars out of that $2.4 trillion surplus,Attack,2000
2000_1c9c295db7b12788aab6593e1c66d880,2000_1b526431ed8b2434e5586263d2616d80,T4,T796,Under my plan it will be -- its solvency will be extended until you're 100,"If you're in your mid-40's under the governor's plan, Social Security will be bankrupt by the time you retire, if he takes it out of the Social Security Trust Fund",Attack,2000
2000_ab8f3e82a971ffb6aaed7c9117884d78,2000_1b526431ed8b2434e5586263d2616d80,T792,T796,you cannot keep both promises,"If you're in your mid-40's under the governor's plan, Social Security will be bankrupt by the time you retire, if he takes it out of the Social Security Trust Fund",Attack,2000
2000_1c9c295db7b12788aab6593e1c66d880,2000_bb04d72d927cb0d1a5dfe15ffd0dbb87,T4,T794,Under my plan it will be -- its solvency will be extended until you're 100,Now that is the difference,Support,2000
2000_aba0bd8911fd1cada85d4999358d6e3e,2000_036d853ec45198fafd585b010cdaa4f3,T797,T798,"This election is not about debating tricks, it is about your future","the governor may not want to answer that question, he may want to call it a high school debating trick",Attack,2000
2000_f6d8c874f2966f566c17fcbd23311d0e,2000_dd3e532c9125e4de68fa1bd82afcd53d,T801,T799,It is also used to give your mothers and fathers the Social Security checks that they live on,it's not a bank account that just pays back money that's invested,Support,2000
2000_f6d8c874f2966f566c17fcbd23311d0e,2000_a4fb0d8fb9bfa66cd35d96242daaa913,T801,T5,It is also used to give your mothers and fathers the Social Security checks that they live on,"If you take a trillion dollars out of that Social Security Trust Fund, how are the checks going to be -- how are you going to keep faith with the seniors",Attack,2000
2000_66c96310d9f0ffe591a739cc903981e2,2000_02ea1ebb45e53de0cd01ce48f0dca1f4,T807,T806,The trillion dollars comes out of the surplus,you can invest some of your own money,Support,2000
2000_02ea1ebb45e53de0cd01ce48f0dca1f4,2000_9c995dcac34afae50310a31eebe7e428,T806,T805,you can invest some of your own money,There's just a difference of opinion,Support,2000
2000_9c995dcac34afae50310a31eebe7e428,2000_bb04d72d927cb0d1a5dfe15ffd0dbb87,T805,T794,There's just a difference of opinion,Now that is the difference,Attack,2000
2000_02ea1ebb45e53de0cd01ce48f0dca1f4,2000_67eb079589265f750c6383a4cacd1ef7,T806,T804,you can invest some of your own money,I want workers to have their own assets,Support,2000
2000_67eb079589265f750c6383a4cacd1ef7,2000_dbb651b2b79603e6afa03e170bab2dea,T804,T803,I want workers to have their own assets,"It's who you trust, government or people",Support,2000
2000_dbb651b2b79603e6afa03e170bab2dea,2000_1c9c295db7b12788aab6593e1c66d880,T803,T4,"It's who you trust, government or people",Under my plan it will be -- its solvency will be extended until you're 100,Attack,2000
2000_6684d60abd5c07fa8a1fb04750d4d711,2000_b31f7aae875444da16eb9e1f9f907ed7,T18,T17,We have achieved extraordinary prosperity,I think this is a very important moment for our country,Support,2000
2000_766e9d610462002a4e04d469eef4bac2,2000_496c1c3720a7ea4e82b2b49499353174,T19,T20,"in this election, America has to make an important choice","Will we use our prosperity to enrich not just the few, but all of our families?",Support,2000
2000_496c1c3720a7ea4e82b2b49499353174,2000_b31f7aae875444da16eb9e1f9f907ed7,T20,T17,"Will we use our prosperity to enrich not just the few, but all of our families?",I think this is a very important moment for our country,Support,2000
2000_b31f7aae875444da16eb9e1f9f907ed7,2000_1a17121397f98118253bf57e6a8b8631,T17,T16,I think this is a very important moment for our country,I believe we have to make the right and responsible choices,Support,2000
2000_496c1c3720a7ea4e82b2b49499353174,2000_1a17121397f98118253bf57e6a8b8631,T20,T16,"Will we use our prosperity to enrich not just the few, but all of our families?",I believe we have to make the right and responsible choices,Support,2000
2000_ba8bd2fafe5669e53456855541e9c316,2000_e2f3087289c8ce6c2a1058120a4f90e8,T8,T7,If we make the right choices,we can have a prosperity that endures and enriches all of our people,Support,2000
2000_9a4dd43cf5db62bc9a382488c3e58a38,2000_f1147e8a745409476ad4184c2bbde470,T1,T75,If I'm entrusted with the presidency,here are the choices that I will make,Support,2000
2000_1a17121397f98118253bf57e6a8b8631,2000_f1147e8a745409476ad4184c2bbde470,T16,T75,I believe we have to make the right and responsible choices,here are the choices that I will make,Support,2000
2000_24bef7cc00c37462de1d3dfba7902244,2000_f1147e8a745409476ad4184c2bbde470,T2,T75,I will balance the budget every year,here are the choices that I will make,Support,2000
2000_f300a59abf511cb2df8990adaceb60c9,2000_f1147e8a745409476ad4184c2bbde470,T3,T75,I will pay down the national debt,here are the choices that I will make,Support,2000
2000_fdc8a0a591fcb51d7861279f3730caf8,2000_f1147e8a745409476ad4184c2bbde470,T4,T75,I will put Medicare and Social Security in a lockbox and protect them,here are the choices that I will make,Support,2000
2000_2db97c31a9593e70cd2fab7788b6a456,2000_f1147e8a745409476ad4184c2bbde470,T5,T75,I will cut taxes for middle-class families,here are the choices that I will make,Support,2000
2000_b9ce44a4329cb157ae8c99ff062624d9,2000_f1147e8a745409476ad4184c2bbde470,T6,T75,I believe it's important to resist the temptation to squander our surplus,here are the choices that I will make,Support,2000
2000_f1147e8a745409476ad4184c2bbde470,2000_e2f3087289c8ce6c2a1058120a4f90e8,T75,T7,here are the choices that I will make,we can have a prosperity that endures and enriches all of our people,Support,2000
2000_2748c7a187eef8a6d207354d07db3a08,2000_afae18e0d5def440be01433c566f4190,T10,T9,If I'm entrusted with the presidency,I will help parents and strengthen families,Support,2000
2000_eab76e7eb33553ff22ef79dda00f87f8,2000_eb057623fc5696a35a27299bb26376c8,T11,T12,"if we have prosperity that grows and grows, we still won't be successful unless we strengthen families by, for example, ensuring that children can always go to schools that are safe",By giving parents the tools to protect their children against cultural pollution,Support,2000
2000_eb057623fc5696a35a27299bb26376c8,2000_afae18e0d5def440be01433c566f4190,T12,T9,By giving parents the tools to protect their children against cultural pollution,I will help parents and strengthen families,Support,2000
2000_afae18e0d5def440be01433c566f4190,2000_35e5c66cad3d168e01ff2b5cf3279e0d,T9,T13,I will help parents and strengthen families,I will make sure that we invest in our country and our families,Support,2000
2000_35e5c66cad3d168e01ff2b5cf3279e0d,2000_f1147e8a745409476ad4184c2bbde470,T13,T75,I will make sure that we invest in our country and our families,here are the choices that I will make,Support,2000
2000_cb14f454a4a47de84704dbd831ec5621,2000_f1147e8a745409476ad4184c2bbde470,T14,T75,"I mean investing in education, health care, the environment, and middle-class tax cuts and retirement security",here are the choices that I will make,Support,2000
2000_f1147e8a745409476ad4184c2bbde470,2000_7d3f01c35a029ecae8b32fdd3eab9cec,T75,T15,here are the choices that I will make,I think that it's not just a question of experience,Support,2000
2000_1f76f7c9567a37b876cfa20324a20bbb,2000_a6a79d524e0afd9115971f784445519d,T22,T21,I come from West Texas,we do come from different places,Support,2000
2000_676452dcc34028b4215a57ef13fd8efa,2000_a6a79d524e0afd9115971f784445519d,T23,T21,The governor is the chief executive officer,we do come from different places,Support,2000
2000_a6a79d524e0afd9115971f784445519d,2000_ffa3f8864c18edd45b469f80826204b9,T21,T25,we do come from different places,I think you'll find the difference reflected in our budgets,Support,2000
2000_8f300378d07e9805112b78fa47f239d0,2000_ffa3f8864c18edd45b469f80826204b9,T24,T25,I want to take one-half of the surplus and dedicate it to Social Security,I think you'll find the difference reflected in our budgets,Support,2000
2000_68c9db8c1ca454d762fba446e7929af2,2000_ffa3f8864c18edd45b469f80826204b9,T26,T25,One-quarter of the surplus for important projects,I think you'll find the difference reflected in our budgets,Support,2000
2000_117596ccfeda7fd5c52b548a9db50dc6,2000_ffa3f8864c18edd45b469f80826204b9,T27,T25,I want to send one-quarter of the surplus back to the people who pay the bills,I think you'll find the difference reflected in our budgets,Support,2000
2000_2f1f9d65d87c5d148a127a932edbdb77,2000_ffa3f8864c18edd45b469f80826204b9,T29,T25,I want everybody who pays taxes to have their tax rates cut,I think you'll find the difference reflected in our budgets,Support,2000
2000_ffa3f8864c18edd45b469f80826204b9,2000_5628257cd8b84baa6ca0ca0210969d8b,T25,T28,I think you'll find the difference reflected in our budgets,"that stands in contrast to my worthy opponent's plan, which will increase the size of government dramatically",Support,2000
2000_5628257cd8b84baa6ca0ca0210969d8b,2000_f1147e8a745409476ad4184c2bbde470,T28,T75,"that stands in contrast to my worthy opponent's plan, which will increase the size of government dramatically",here are the choices that I will make,Attack,2000
2000_4c988f06e7e538b617e0bd07863d0184,2000_5628257cd8b84baa6ca0ca0210969d8b,T30,T28,His plan is three times larger than President Clinton's proposed plan eight years ago,"that stands in contrast to my worthy opponent's plan, which will increase the size of government dramatically",Support,2000
2000_4c988f06e7e538b617e0bd07863d0184,2000_33b1cc6b1fea76b214ad903e3dcb4d8e,T30,T31,His plan is three times larger than President Clinton's proposed plan eight years ago,"It is a plan that will have 200 new programs -- expanded programs and creates 20,000 new bureaucrats",Support,2000
2000_33b1cc6b1fea76b214ad903e3dcb4d8e,2000_b0c5a5b3fbe0afaf8bb3fac1885531df,T31,T32,"It is a plan that will have 200 new programs -- expanded programs and creates 20,000 new bureaucrats",It it empowers Washington,Support,2000
2000_b0c5a5b3fbe0afaf8bb3fac1885531df,2000_5628257cd8b84baa6ca0ca0210969d8b,T32,T28,It it empowers Washington,"that stands in contrast to my worthy opponent's plan, which will increase the size of government dramatically",Support,2000
2000_8427da573142650ed2ca76742dc4de54,2000_a2a95bb4c796008f10768dc2ad634310,T37,T36,"Under Governor Bush's tax cut proposal, he would spend more money on tax cuts for the wealthiest 1% than all of the new spending that he proposes for education, health care, prescription drugs and national defense all combined","his tax cut plan, for example, raises the question of whether it's the right choice for the country",Support,2000
2000_9fe2e0d170abbcb0b62f49fefeb4697a,2000_a2a95bb4c796008f10768dc2ad634310,T38,T36,I think those are the wrong priorities,"his tax cut plan, for example, raises the question of whether it's the right choice for the country",Attack,2000
2000_d56585f52fc2a3efb0c5515d89ffc815,2000_70b304b688fce68457eda611ae32c354,T39,T40,"under my proposal, for every dollar that I propose in spending for things like education and health care, I will put another dollar into middle class tax cuts","for every dollar that I spend in those two categories, I'll put $2 toward paying down the national debt",Support,2000
2000_70b304b688fce68457eda611ae32c354,2000_ab038fc22bd16d6e085621182055106a,T40,T41,"for every dollar that I spend in those two categories, I'll put $2 toward paying down the national debt",I think it's very important to keep the debt going down and completely eliminate it,Support,2000
2000_094a6a00592c7d7527cbb1f36c9786ac,2000_a2525756862befe50b927546a73ed0f6,T43,T42,Our country has cut the welfare rolls in half,I also think it's very important to go to the next stage of welfare reform,Support,2000
2000_094a6a00592c7d7527cbb1f36c9786ac,2000_7964c4a393750bee7bd6ca240908018d,T43,T44,Our country has cut the welfare rolls in half,I fought hard from my days in the Senate and as vice president to cut the welfare rolls,Support,2000
2000_9a1144dd2313818bcbf10f2be605e52f,2000_7964c4a393750bee7bd6ca240908018d,T45,T44,we've moved millions of people in America into good jobs,I fought hard from my days in the Senate and as vice president to cut the welfare rolls,Support,2000
2000_a59703993701f007cfab9bb0be03442f,2000_a2525756862befe50b927546a73ed0f6,T46,T42,"it's now time for the next stage of welfare reform, and include fathers and not only mothers",I also think it's very important to go to the next stage of welfare reform,Support,2000
2000_e1891df4cbda69701589020773ce743a,2000_33f4a5b21ddfe50f599e3283ea9d540d,T57,T56,over the next ten years it is going to be $25 trillion of revenue that comes into our treasurey and we anticipate spending $21 trillion,my plan say why don't we pass 1.3 trillion of that back to the people who pay the bills?,Support,2000
2000_33f4a5b21ddfe50f599e3283ea9d540d,2000_e6313f266a37c352fa48e154291d32cc,T56,T55,my plan say why don't we pass 1.3 trillion of that back to the people who pay the bills?,Surely we can afford 5% of the $25 trillion that are coming into the treasury to the hard working people that pay the bills,Support,2000
2000_ab183570d4bda04233a40ddbbdfd5d86,2000_2dff9b549b47997c371021eed1585754,T52,T47,There is a difference of opinion,My opponent thinks the government -- the surplus is the government's money,Attack,2000
2000_98a18cf00464fef7032a3961a9eb7a1b,2000_2dff9b549b47997c371021eed1585754,T48,T47,That's not what I think,My opponent thinks the government -- the surplus is the government's money,Attack,2000
2000_ab183570d4bda04233a40ddbbdfd5d86,2000_98a18cf00464fef7032a3961a9eb7a1b,T52,T48,There is a difference of opinion,That's not what I think,Support,2000
2000_dd826eba79c32337ee3119628e610fd8,2000_0f4c12ba5f0968e8f95e9d864a254d7c,T50,T49,I want to share some of that money with,I think it's the hard-working people of America's money,Support,2000
2000_afe13aa6166220a7d80d9d12196e3778,2000_dd826eba79c32337ee3119628e610fd8,T51,T50,so you have more money to build and save and dream for your families,I want to share some of that money with,Support,2000
2000_0f4c12ba5f0968e8f95e9d864a254d7c,2000_2dff9b549b47997c371021eed1585754,T49,T47,I think it's the hard-working people of America's money,My opponent thinks the government -- the surplus is the government's money,Attack,2000
2000_ab183570d4bda04233a40ddbbdfd5d86,2000_c76c1ca31039e7fa7f8df0de9a3cbe17,T52,T53,There is a difference of opinion,It's a difference of opinion,Support,2000
2000_29bfaf45ac50603a0786afc414865e09,2000_c76c1ca31039e7fa7f8df0de9a3cbe17,T54,T53,It's a difference between government making decisions for you and you getting more of your money to make decisions for yourself,It's a difference of opinion,Support,2000
2000_29bfaf45ac50603a0786afc414865e09,2000_ab183570d4bda04233a40ddbbdfd5d86,T54,T52,It's a difference between government making decisions for you and you getting more of your money to make decisions for yourself,There is a difference of opinion,Support,2000
2000_ccdfd1a9c6839ce94d0f021599026f55,2000_57721c571a17ea57055e77b36d25c404,T60,T61,I fully recognize I'm not of Washington,I'm from Texas,Support,2000
2000_b2fd45ca015eeec54cc42be932bc3023,2000_c37026fcc26be1a3bef3650d0b1ddf49,T63,T64,I've been the chief executive officer of the second biggest state in the union,"I have a proud record of working with both Republicans and Democrats, which is what our nation needs",Support,2000
2000_c37026fcc26be1a3bef3650d0b1ddf49,2000_ac973d376010a8662b0a4bbf995e4065,T64,T62,"I have a proud record of working with both Republicans and Democrats, which is what our nation needs","he's got a lot of experience, but so do I",Support,2000
2000_c37026fcc26be1a3bef3650d0b1ddf49,2000_35a5c155538a310745613b58de5e266e,T64,T65,"I have a proud record of working with both Republicans and Democrats, which is what our nation needs","Somebody that can come to Washington and say let's forget all the finger pointing and get positive things done on Medicare, prescription drugs, Social Security",Support,2000
2000_35a5c155538a310745613b58de5e266e,2000_ac973d376010a8662b0a4bbf995e4065,T65,T62,"Somebody that can come to Washington and say let's forget all the finger pointing and get positive things done on Medicare, prescription drugs, Social Security","he's got a lot of experience, but so do I",Support,2000
2000_57721c571a17ea57055e77b36d25c404,2000_9c7c91f2f9a746b0fb3ee5a6c9c7fc25,T61,T59,I'm from Texas,I take him for his word,Support,2000
2000_9c7c91f2f9a746b0fb3ee5a6c9c7fc25,2000_9ed87f10aa7158631949f2313dc8dc6f,T59,T66,I take him for his word,I take him for his word,Support,2000
2000_9a884418484f02cf555cb81f231fca4d,2000_6dff041ffd24a08c1cf87e4337ad2b6b,T68,T69,if you look at the plan and add the numbers up,these numbers are correct,Support,2000
2000_6dff041ffd24a08c1cf87e4337ad2b6b,2000_534f3da99f919e29a7cbf34e5e02783a,T69,T67,these numbers are correct,tonight we're going to hear some phony numbers about what I think and what we ought to do,Attack,2000
2000_534f3da99f919e29a7cbf34e5e02783a,2000_7964c4a393750bee7bd6ca240908018d,T67,T44,tonight we're going to hear some phony numbers about what I think and what we ought to do,I fought hard from my days in the Senate and as vice president to cut the welfare rolls,Attack,2000
2000_e6313f266a37c352fa48e154291d32cc,2000_0f4c12ba5f0968e8f95e9d864a254d7c,T55,T49,Surely we can afford 5% of the $25 trillion that are coming into the treasury to the hard working people that pay the bills,I think it's the hard-working people of America's money,Support,2000
2000_4af1623da73b2e112cbb9c38a8326bf6,2000_6dff041ffd24a08c1cf87e4337ad2b6b,T70,T69,"He spends more money for tax cuts for the wealthiest 1% than all of his new spending proposals for health care, prescription drugs, education and national defense all combined",these numbers are correct,Support,2000
2000_5defdd42b28b4c859f727873e86d9591,2000_a493b6b98e62d7feb5c9e9ae9d80cc3a,T71,T72,I agree that the surplus is the American people's money,it's your money,Support,2000
2000_a493b6b98e62d7feb5c9e9ae9d80cc3a,2000_2dff9b549b47997c371021eed1585754,T72,T47,it's your money,My opponent thinks the government -- the surplus is the government's money,Attack,2000
2000_501104de80af1e0afdcf748df634a974,2000_a8a9c2d6a4461e82f2fb8744af63fc71,T74,T73,the other 99% have had an awful lot to do with building the surplus in our prosperity,I don't think we should give nearly half of it to the wealthiest 1%,Support,2000
2000_a493b6b98e62d7feb5c9e9ae9d80cc3a,2000_a8a9c2d6a4461e82f2fb8744af63fc71,T72,T73,it's your money,I don't think we should give nearly half of it to the wealthiest 1%,Support,2000
2000_a8a9c2d6a4461e82f2fb8744af63fc71,2000_2dff9b549b47997c371021eed1585754,T73,T47,I don't think we should give nearly half of it to the wealthiest 1%,My opponent thinks the government -- the surplus is the government's money,Attack,2000
2000_ddf8db59a8a4eecd4096a98811645dc0,2000_f842adc2e3ae4da8dab681e847449754,T177,T176,"it focuses not only on increasing the supply, which I think we have to do, but also on working on the consumption side","My plan has not only a short-term component, but also a long-term component",Support,2000
2000_c4170ca18e2bc74a728a8343597f4b77,2000_f842adc2e3ae4da8dab681e847449754,T178,T176,in the short-term we have to free ourselves from the domination of the big oil companies that have the ability to manipulate the price from OPEC when they want to raise the price,"My plan has not only a short-term component, but also a long-term component",Support,2000
2000_b3513e13f452810b4c4b1cc57515681b,2000_f842adc2e3ae4da8dab681e847449754,T179,T176,"in the long-term we have to give new incentives for the development of domestic resources like deep gas in the western Gulf, like stripper wells for oil, but also renewable sources of energy","My plan has not only a short-term component, but also a long-term component",Support,2000
2000_4331e037cca278a5914e0bf1a5110f60,2000_ecaa65ae9c049a55116b5a7371441b69,T182,T183,"when we sell these new products here, we'll then be able to sell them overseas",There is a ravenous demand for them overseas,Support,2000
2000_ecaa65ae9c049a55116b5a7371441b69,2000_86b66c6ab61ad683a2bd2b032bd9ac24,T183,T181,There is a ravenous demand for them overseas,"I'm proposing a plan that will give tax credits and tax incentives for the rapid development of new kinds of cars and trucks and buses and factories and boilers and furnaces that don't have as much pollution, that don't burn as much energy, and that help us get out on the cutting edge of the new technologies that will create millions of new jobs",Support,2000
2000_86b66c6ab61ad683a2bd2b032bd9ac24,2000_f842adc2e3ae4da8dab681e847449754,T181,T176,"I'm proposing a plan that will give tax credits and tax incentives for the rapid development of new kinds of cars and trucks and buses and factories and boilers and furnaces that don't have as much pollution, that don't burn as much energy, and that help us get out on the cutting edge of the new technologies that will create millions of new jobs","My plan has not only a short-term component, but also a long-term component",Support,2000
2000_5bd7d0b7677f809bccc1a0172a29fe81,2000_3e11cebaedc0c3b720072cec3517bd63,T184,T189,I think that is the wrong choice,"another big difference is Governor Bush is proposing to open up some of our most precious environmental treasures, like the Arctic National Wildlife Refuge for the big oil companies to go in and start producing oil there",Attack,2000
2000_e8586a2f594b869c62cc363f1673ecfe,2000_5bd7d0b7677f809bccc1a0172a29fe81,T185,T184,It would only give us a few months' worth of oil and the oil wouldn't start flowing for many years into the future,I think that is the wrong choice,Support,2000
2000_1fb05eccf5f27a64c832380645fc5256,2000_5bd7d0b7677f809bccc1a0172a29fe81,T186,T184,I don't think it's a fair price to pay to destroy precious parts of America's environment,I think that is the wrong choice,Support,2000
2000_a2321c898679cfdcb9f051dbe29511dd,2000_ad245de4ee7d9a1992afc7763cd5b4b7,T188,T187,"to have a whole new generation of more efficient, cleaner, energy technology",We have to bet on the future and move beyond the current technologies,Support,2000
2000_2346275e16e588ebdab52cea8137a9ec,2000_e21524aa49bc935559baafe89124e032,T191,T190,I was a small oil person for a while in west Texas,It's an issue I know a lot about,Support,2000
2000_d002166228d1013a17117df6217ae1df,2000_757648460a562de2408c4095cc28af00,T204,T205,This is an administration that's had no plan,all of a sudden the results of having no plan have caught up with America,Support,2000
2000_abc9959bf97d0f3aa98a282fd542808a,2000_757648460a562de2408c4095cc28af00,T206,T205,"we have to fully fund LIHEAP which is a way to help low income folks, particularly here in the east to pay for high fuel bills",all of a sudden the results of having no plan have caught up with America,Attack,2000
2000_1da3a56eace466a0508507107acb497a,2000_5bd7d0b7677f809bccc1a0172a29fe81,T207,T184,we need an active exploration program in America,I think that is the wrong choice,Attack,2000
2000_8899d901a7d31c57fd2d9bedbb9dc2c1,2000_1da3a56eace466a0508507107acb497a,T192,T207,The only way to become less dependent on foreign sources of crude oil is to explore at home,we need an active exploration program in America,Support,2000
2000_bc2c546d906da25599a0c094be52ae9c,2000_4e4ccac593c961d3610ab86e890d6fa0,T193,T194,You bet I want to open up a small part of Alaska,When that field is online it will produce one million barrels a day,Support,2000
2000_4e4ccac593c961d3610ab86e890d6fa0,2000_8899d901a7d31c57fd2d9bedbb9dc2c1,T194,T192,When that field is online it will produce one million barrels a day,The only way to become less dependent on foreign sources of crude oil is to explore at home,Support,2000
2000_71edb490fd0d96acfb1d10602985dd99,2000_6625d7fd749f64fde4016f5cc4758854,T195,T196,Today we import one million barrels from Saddam Hussein,"I would rather that a million come from our own hemisphere, our own country as opposed to Saddam Hussein",Support,2000
2000_6625d7fd749f64fde4016f5cc4758854,2000_4e4ccac593c961d3610ab86e890d6fa0,T196,T194,"I would rather that a million come from our own hemisphere, our own country as opposed to Saddam Hussein",When that field is online it will produce one million barrels a day,Support,2000
2000_1a22fd3c7b5b5cbd4e483b783bd7b7d0,2000_dc693954c38a5f073bc4de2d6791dab7,T200,T201,Weâ€™ve got abundant supplies of energy here in America,"weâ€™d better get after it, we better start exploring it",Support,2000
2000_b6d6b42c0672289cfc9adaa6e4faeac8,2000_dc693954c38a5f073bc4de2d6791dab7,T199,T201,Have clean coal technologies,"weâ€™d better get after it, we better start exploring it",Support,2000
2000_f0a72b9d7c314bf2b97395902cdea0be,2000_dc693954c38a5f073bc4de2d6791dab7,T197,T201,I want to build more pipelines to move natural gas throughout this hemisphere,"weâ€™d better get after it, we better start exploring it",Support,2000
2000_2e1e7d94b5a4d0219de2bf41274d6588,2000_dc693954c38a5f073bc4de2d6791dab7,T198,T201,I want to develop the coal resources in America,"weâ€™d better get after it, we better start exploring it",Support,2000
2000_dc693954c38a5f073bc4de2d6791dab7,2000_521e0698341c441260bbda4365964afc,T201,T202,"weâ€™d better get after it, we better start exploring it",otherwise we'll be in deep trouble in the future,Support,2000
2000_521e0698341c441260bbda4365964afc,2000_5bd7d0b7677f809bccc1a0172a29fe81,T202,T184,otherwise we'll be in deep trouble in the future,I think that is the wrong choice,Attack,2000
2000_746ce5fc43224c8f150c8d200c9b9e27,2000_521e0698341c441260bbda4365964afc,T203,T202,because of our dependency upon foreign sources of crude,otherwise we'll be in deep trouble in the future,Support,2000
2000_9eea892b1f6e5b1d0eba879bdee43e92,2000_abc9959bf97d0f3aa98a282fd542808a,T209,T206,"I found one thing in Governor Bush's answer that we certainly agree on, and that's the low income heating assistance program","we have to fully fund LIHEAP which is a way to help low income folks, particularly here in the east to pay for high fuel bills",Support,2000
2000_84b3b9b76ed4b2a1a310d758a3e84869,2000_9eea892b1f6e5b1d0eba879bdee43e92,T1,T209,I commend you for supporting that.,"I found one thing in Governor Bush's answer that we certainly agree on, and that's the low income heating assistance program",Support,2000
2000_c8a83dc1ac4b2a889e5d0fc09a929529,2000_04e7393c9f1ab4242a358fc42193a104,T210,T208,I worked to get $400 million just a couple of weeks ago,I'm for doing something both on the supply side and production side and on the consumption side,Support,2000
2000_49ff8849b8ad846b742b743e0b876d53,2000_04e7393c9f1ab4242a358fc42193a104,T211,T208,And to establish a permanent home heating oil reserve here in the northeast,I'm for doing something both on the supply side and production side and on the consumption side,Support,2000
2000_6e2ad6636ccf5496a77f24d7a866ef3b,2000_406d4bb9e9158866068eed8ad907bafe,T215,T214,They've only approved about 10% of the agenda I've helped to send up there,"The fact is for the last few years in the Congress, we've faced a lot of opposition to them",Support,2000
2000_406d4bb9e9158866068eed8ad907bafe,2000_8f09f9371369ee654c642efebce08200,T214,T213,"The fact is for the last few years in the Congress, we've faced a lot of opposition to them",as for the proposals that I've worked for for renewables and conservation and efficiencies and new technologies,Attack,2000
2000_2ef3191fea3f46deeabf5f52f8788372,2000_192652ba2eb46abba3af162079617910,T216,T217,if you entrust me with the presidency,I will tackle this problem and focus on new technologies that will make us less dependent on big oil or foreign oil,Support,2000
2000_b10ac08ee661b0d54eb6d95e0fcbf098,2000_192652ba2eb46abba3af162079617910,T212,T217,"I think we need to get serious about this energy crisis, both in the Congress and in the White House",I will tackle this problem and focus on new technologies that will make us less dependent on big oil or foreign oil,Support,2000
2000_8f09f9371369ee654c642efebce08200,2000_04e7393c9f1ab4242a358fc42193a104,T213,T208,as for the proposals that I've worked for for renewables and conservation and efficiencies and new technologies,I'm for doing something both on the supply side and production side and on the consumption side,Support,2000
2000_04e7393c9f1ab4242a358fc42193a104,2000_192652ba2eb46abba3af162079617910,T208,T217,I'm for doing something both on the supply side and production side and on the consumption side,I will tackle this problem and focus on new technologies that will make us less dependent on big oil or foreign oil,Support,2000
2000_fcdb3666893bda578e2018e35de1432a,2000_192652ba2eb46abba3af162079617910,T218,T217,he should have been tackling it for the last seven years,I will tackle this problem and focus on new technologies that will make us less dependent on big oil or foreign oil,Attack,2000
2000_f0896c7b78478bc8457595045b759f78,2000_e8a155d16caa1e01bdfc920f1308ee33,T219,T220,the difference is we need to explore at home,the vice president doesn't believe in exploration in Alaska,Attack,2000
2000_e7bdd558f266a0e0eebacd12e55bf8f8,2000_f0896c7b78478bc8457595045b759f78,T221,T219,There's a lot of shut-in gas that we need to be moving out of Alaska by pipeline,the difference is we need to explore at home,Support,2000
2000_06bb73313b8dcd0d6bc8ca3b8d1ff122,2000_f898bbec76ad33cfa1ce4064c5e8e106,T2,T223,Do we remove dams that produce hydroelectric energy?,I'm against removing dams in the northwest,Support,2000
2000_f1c376f07e9b0b07eac196f84e9da2fd,2000_06bb73313b8dcd0d6bc8ca3b8d1ff122,T222,T2,There's an interesting issue up in the northwest as well,Do we remove dams that produce hydroelectric energy?,Support,2000
2000_95c782075e8fb22ae9086fd417925b05,2000_f898bbec76ad33cfa1ce4064c5e8e106,T225,T223,We need to keep that in line,I'm against removing dams in the northwest,Support,2000
2000_af3ba0ab193df35fc2bbb8b0cbb3858d,2000_95c782075e8fb22ae9086fd417925b05,T224,T225,I donâ€™t know where the vice president stands but thatâ€™s a renewable energy source of energy,We need to keep that in line,Support,2000
2000_02fcde7102d4fb7b6141b175a9de4e03,2000_f8a964edc7731e3d88214d3b1f4c1c97,T227,T228,I was in coal country in West Virginia yesterday,There is an abundant supply of coal in America,Support,2000
2000_f8a964edc7731e3d88214d3b1f4c1c97,2000_832c8272799b9ecefb63ee110510890c,T228,T226,There is an abundant supply of coal in America,I know we can do a better job of clean coal technologies,Support,2000
2000_832c8272799b9ecefb63ee110510890c,2000_4e1ebf158e3fb6e48e475ba0b64f11de,T226,T229,I know we can do a better job of clean coal technologies,I'm going to ask the Congress for $2 billion to make sure we have the cleanest coal technologies in the world,Support,2000
2000_f0896c7b78478bc8457595045b759f78,2000_f8f9faed0e1774d1a36c7d5b154394a6,T219,T230,the difference is we need to explore at home,in the short-term we need to get after it here in America,Support,2000
2000_5ecc17b24a3523bb6e77ed6c2dc9158a,2000_f8f9faed0e1774d1a36c7d5b154394a6,T231,T230,We need to explore our resources,in the short-term we need to get after it here in America,Support,2000
2000_92c66cac87a718a9ad73edf69323a386,2000_f8f9faed0e1774d1a36c7d5b154394a6,T232,T230,we need to develop our reservoirs of domestic production,in the short-term we need to get after it here in America,Support,2000
2000_56fe6687ced9954c6e53ff1628f87934,2000_08916beab2994cc927a3b4bd58bb40de,T234,T235,"I brought this up recently with Vincent Fox the newly elected president in Mexico, he's a man I know from Mexico",I talked to him about how best to expedite the exploration of natural gas in Mexico and transport it up to the United States so we become less dependent on foreign sources of crude oil,Support,2000
2000_08916beab2994cc927a3b4bd58bb40de,2000_7c4f6c80fa9d3363af32e16160282265,T235,T233,I talked to him about how best to expedite the exploration of natural gas in Mexico and transport it up to the United States so we become less dependent on foreign sources of crude oil,"We also need to have a hemispheric energy policy where Canada, Mexico and the United States come together",Support,2000
2000_08916beab2994cc927a3b4bd58bb40de,2000_4fa7a44c2274b67b5c056d4df4e3a583,T235,T237,I talked to him about how best to expedite the exploration of natural gas in Mexico and transport it up to the United States so we become less dependent on foreign sources of crude oil,This is a major problem facing America,Attack,2000
2000_30e10256535b2be8c7db37ed23cf7c46,2000_4fa7a44c2274b67b5c056d4df4e3a583,T238,T237,The administration did not deal with it,This is a major problem facing America,Support,2000
2000_91aa712f101106694d3a61fa0c3ed16e,2000_30e10256535b2be8c7db37ed23cf7c46,T236,T238,It's time for a new administration to deal with the energy problem,The administration did not deal with it,Attack,2000
2000_6145697e80fadf924f7dfe30b9224b08,2000_832c8272799b9ecefb63ee110510890c,T239,T226,I strongly support new investments in clean coal technology,I know we can do a better job of clean coal technologies,Support,2000
2000_d6fee474c4266a5a2a74da943a15d0cc,2000_6145697e80fadf924f7dfe30b9224b08,T240,T239,I made a proposal three months ago on this,I strongly support new investments in clean coal technology,Support,2000
2000_0b8fcbb1c9cf68cb21c3d17f3eda4acb,2000_f2c0ed682828c0487e340d01f3e8e440,T242,T241,but not in the environmental treasures of our country,also domestic exploration yes,Attack,2000
2000_d6014aeca91c88c4a0cada25bedc85a7,2000_0b8fcbb1c9cf68cb21c3d17f3eda4acb,T243,T242,We don't have to do that,but not in the environmental treasures of our country,Support,2000
2000_7f2cfc32ad165984ceae6eeafd58478e,2000_0b8fcbb1c9cf68cb21c3d17f3eda4acb,T244,T242,That's the wrong choice,but not in the environmental treasures of our country,Support,2000
2000_772674e06bfdcc2401351b6e58adab66,2000_0b8fcbb1c9cf68cb21c3d17f3eda4acb,T245,T242,it is not the right thing for the future,but not in the environmental treasures of our country,Support,2000
2000_0382d3773c1c61f05fecc4645ef49b3c,2000_772674e06bfdcc2401351b6e58adab66,T246,T245,It's the right thing for the consumers,it is not the right thing for the future,Attack,2000
2000_0382d3773c1c61f05fecc4645ef49b3c,2000_f9d364c84878cb44dc66d1a25741a547,T246,T247,It's the right thing for the consumers,Less dependency upon foreign sources of crude is good for consumers,Support,2000
2000_b89a7ac2a7f747d3274587f6a1279739,2000_f9d364c84878cb44dc66d1a25741a547,T248,T247,we can do so in an environmentally friendly way,Less dependency upon foreign sources of crude is good for consumers,Support,2000
2000_f9d364c84878cb44dc66d1a25741a547,2000_772674e06bfdcc2401351b6e58adab66,T247,T245,Less dependency upon foreign sources of crude is good for consumers,it is not the right thing for the future,Attack,2000
2000_32aabceb5cd27e5e9555694de396940d,2000_b3513e13f452810b4c4b1cc57515681b,T180,T179,domestic sources that are cleaner and better,"in the long-term we have to give new incentives for the development of domestic resources like deep gas in the western Gulf, like stripper wells for oil, but also renewable sources of energy",Support,2000
2000_4c7b970f416973400c9c0018a0fa9f3a,2000_2bf31ef00afd6647538627ddf64e9cb5,T76,T77,eight years ago they campaigned on prescription drugs for seniors,four years ago they campaigned on getting prescription drugs for seniors,Support,2000
2000_2bf31ef00afd6647538627ddf64e9cb5,2000_f62c45468a3477a2ee29cac96e7ba383,T77,T78,four years ago they campaigned on getting prescription drugs for seniors,now they're campaigning on getting prescription drugs for seniors,Support,2000
2000_a748b54e8fef29d5cba716fa3eb8949d,2000_f62c45468a3477a2ee29cac96e7ba383,T75,T78,they can't get it done,now they're campaigning on getting prescription drugs for seniors,Attack,2000
2000_9b8c57d49af477cd21da9d274b820ec2,2000_a748b54e8fef29d5cba716fa3eb8949d,T80,T75,it's time to get somebody in Washington who is going to work with both Republicans and Democrats to get some positive things done when it comes to our seniors,they can't get it done,Attack,2000
2000_3f549ea036ce51b90eca5062ea94a45e,2000_3d2656ccadfbae5b391cbfaa3fc0e00a,T81,T79,They've had a chance,there's been some missed opportunities,Support,2000
2000_61707c7907edeabae50af5675e5cfe87,2000_3d2656ccadfbae5b391cbfaa3fc0e00a,T82,T79,They've had a chance to form consensus,there's been some missed opportunities,Support,2000
2000_885c22db823a0ada8feb9c081433b58e,2000_3cad6ef45565481e65404d6989ee1569,T86,T84,"for example, that's a two-stage plan that says we'll have immediate help for seniors and what I call immediate Helping Hand, a $48 billion program",I've got a plan on Medicare,Support,2000
2000_464f43e0ec42360abc12bea70d847879,2000_3cad6ef45565481e65404d6989ee1569,T1,T84,"I also want to say to seniors, if you're happy with Medicare the way it is, fine, you can stay in the program",I've got a plan on Medicare,Support,2000
2000_aa16f23416aec7556ad49867ff1fb6dc,2000_3cad6ef45565481e65404d6989ee1569,T85,T84,we're going to give you additional choices like they give federal employees in the federal employee health plan,I've got a plan on Medicare,Support,2000
2000_9d7e1dda0cb6e0b6618eac0672eb90f1,2000_aa16f23416aec7556ad49867ff1fb6dc,T87,T85,"They have a variety of choices to choose, so should seniors",we're going to give you additional choices like they give federal employees in the federal employee health plan,Support,2000
2000_9789b1cde7926d00a80531f6d566df9c,2000_ee94426c97fe828e6c2dcdd71533f9ed,T2,T88,That's what I've been critical about the administration for.,"as opposed to politicizing an issue like Medicare, in other words, holding it up as an issue, hoping somebody bites it and try to clobber them over the head with it for political purposes, this year, in the year 2000, it's time to get it done once and for all",Attack,2000
2000_3cad6ef45565481e65404d6989ee1569,2000_ee94426c97fe828e6c2dcdd71533f9ed,T84,T88,I've got a plan on Medicare,"as opposed to politicizing an issue like Medicare, in other words, holding it up as an issue, hoping somebody bites it and try to clobber them over the head with it for political purposes, this year, in the year 2000, it's time to get it done once and for all",Support,2000
2000_9789b1cde7926d00a80531f6d566df9c,2000_1dbe1574796e031edeed74f5d1c99aec,T2,T89,That's what I've been critical about the administration for.,Same with Social Security,Attack,2000
2000_ee94426c97fe828e6c2dcdd71533f9ed,2000_1dbe1574796e031edeed74f5d1c99aec,T88,T89,"as opposed to politicizing an issue like Medicare, in other words, holding it up as an issue, hoping somebody bites it and try to clobber them over the head with it for political purposes, this year, in the year 2000, it's time to get it done once and for all",Same with Social Security,Support,2000
2000_01a123bb61039ef9621fe82898fe67bf,2000_08503fa85cbfafe583f640b81b3b9e02,T91,T83,"Those on Social Security today will have their promise made, but also to give younger workers the option at their choice of being able to manage some of their own money in the private sector to make sure there's a Social Security system around tomorrow",I think there was a good opportunity to bring Republicans and Democrats together to reform the Social Security system so seniors will never go without,Support,2000
2000_08503fa85cbfafe583f640b81b3b9e02,2000_1dbe1574796e031edeed74f5d1c99aec,T83,T89,I think there was a good opportunity to bring Republicans and Democrats together to reform the Social Security system so seniors will never go without,Same with Social Security,Support,2000
2000_60d898135d733790233e7b0babc906ca,2000_01a123bb61039ef9621fe82898fe67bf,T90,T91,"There are a lot of young workers at our rallies we go to that when they hear I'll trust them at their option to be able to manage, under certain guidelines, some of their own money to get a better rate of return so that they'll have a retirement plan in the future, they begin to nod their heads and they want a different attitude in Washington","Those on Social Security today will have their promise made, but also to give younger workers the option at their choice of being able to manage some of their own money in the private sector to make sure there's a Social Security system around tomorrow",Support,2000
2000_01d27f8e04f91c8c253bdd76df48b812,2000_3cad6ef45565481e65404d6989ee1569,T92,T84,under my plan all seniors will get prescription drugs under Medicare,I've got a plan on Medicare,Attack,2000
2000_05511533e8db0c7a1d0006b7532ca4bd,2000_ccaab7d584b0f901eca452ac46f12310,T93,T3,It's not,The governor has described Medicare as a government HMO.,Attack,2000
2000_56c6768fb156fe55dd20d3b63c21d03e,2000_2e5f779b7e4eb9497ccea09dedf502ca,T94,T95,"Under the Medicare prescription drug proposal I'm making, here is how it works, you go to your own doctor",Your doctor chooses your prescription,Support,2000
2000_2e5f779b7e4eb9497ccea09dedf502ca,2000_f20a0869c7fcd79297908a46d009bc8e,T95,T96,Your doctor chooses your prescription,No HMO or insurance company can take those choices away from you,Support,2000
2000_f20a0869c7fcd79297908a46d009bc8e,2000_9ef9f795d73cb9f9f4e70a54e5245b1e,T96,T97,No HMO or insurance company can take those choices away from you,Then you go to your own pharmacy,Support,2000
2000_9ef9f795d73cb9f9f4e70a54e5245b1e,2000_f53ad97667af8a26eea9acc0a23c0e6d,T97,T98,Then you go to your own pharmacy,You fill the prescription and Medicare pays half the cost,Support,2000
2000_f53ad97667af8a26eea9acc0a23c0e6d,2000_836382dd373bba016f6d3dde52a5ae3d,T98,T99,You fill the prescription and Medicare pays half the cost,"If you're in a very poor family or if you have very high costs, Medicare will pay all the costs, a $25 premium, and much better benefits than you can possibly find in the private sector",Support,2000
2000_eeed88af40da8a4933f779fd65ac8459,2000_3cad6ef45565481e65404d6989ee1569,T100,T84,95% of all seniors would get no help whatsoever under my opponent's plan for the first four or five years,I've got a plan on Medicare,Attack,2000
2000_5f6bd58a08ad8df46e2d03162527b873,2000_eeed88af40da8a4933f779fd65ac8459,T4,T100,"why is it that the wealthiest 1% get their tax cuts the first year, but 95% of seniors have to wait four to five years before they get a single penny?",95% of all seniors would get no help whatsoever under my opponent's plan for the first four or five years,Support,2000
2000_6c7eb1184b634cffe471088f451adaf5,2000_f648dc0e604f298d8801e512e46a7655,T102,T101,Trying to frighten people in the voting booth,the man is running on Medi-scare,Support,2000
2000_f648dc0e604f298d8801e512e46a7655,2000_eeed88af40da8a4933f779fd65ac8459,T101,T100,the man is running on Medi-scare,95% of all seniors would get no help whatsoever under my opponent's plan for the first four or five years,Attack,2000
2000_e7ead6105ce28ee2dd7fbbf005954ffa,2000_eeed88af40da8a4933f779fd65ac8459,T103,T100,It's just not the way I think and it's not my intentions and not my plan,95% of all seniors would get no help whatsoever under my opponent's plan for the first four or five years,Attack,2000
2000_3df89b13c6cbfe0f859e9bc0405058cb,2000_e7ead6105ce28ee2dd7fbbf005954ffa,T104,T103,I want all seniors to have prescription drugs in Medicare,It's just not the way I think and it's not my intentions and not my plan,Support,2000
2000_82b26a06494d58a4076256a6212f637b,2000_e7ead6105ce28ee2dd7fbbf005954ffa,T110,T103,We need to reform Medicare,It's just not the way I think and it's not my intentions and not my plan,Support,2000
2000_82b26a06494d58a4076256a6212f637b,2000_9321bfaf92e9ba3b09180e34526e0ea7,T110,T109,We need to reform Medicare,Thereâ€™s been opportunity to do so but this administration has failed to do it,Attack,2000
2000_49d58791bcdfc5ecc61bdb7b55e28111,2000_82b26a06494d58a4076256a6212f637b,T108,T110,"seniors will have not only a Medicare plan where the poor seniors will have prescription drugs paid for, but there will be a variety of options",We need to reform Medicare,Support,2000
2000_5e965958fff9b84f7d2e185ed20baf7a,2000_24a0591a72864f0a9b2e89a48b36ffc7,T112,T111,I really appreciate the intentions of the current system as I mentioned,The current system today has meant a lot for a lot of seniors,Support,2000
2000_24a0591a72864f0a9b2e89a48b36ffc7,2000_78d28e816712ee49e586d6f5e6ff1bc3,T111,T5,The current system today has meant a lot for a lot of seniors,If you're happy with the system you can stay in it,Support,2000
2000_78d28e816712ee49e586d6f5e6ff1bc3,2000_49d58791bcdfc5ecc61bdb7b55e28111,T5,T108,If you're happy with the system you can stay in it,"seniors will have not only a Medicare plan where the poor seniors will have prescription drugs paid for, but there will be a variety of options",Support,2000
2000_0df854076a9d29c2b9a31d64052ec521,2000_6e1bd41c16a9d23f25755318a7200b5b,T114,T113,No prescription drug benefits,there are a lot of procedures that haven't kept up in Medicare with the current times,Support,2000
2000_90a22691043704ee5dee10ba8cabc375,2000_6e1bd41c16a9d23f25755318a7200b5b,T115,T113,no drug therapy,there are a lot of procedures that haven't kept up in Medicare with the current times,Support,2000
2000_1b2d49e9af08ebe2a0eb6fedf240c847,2000_6e1bd41c16a9d23f25755318a7200b5b,T116,T113,no preventative medicines,there are a lot of procedures that haven't kept up in Medicare with the current times,Support,2000
2000_fb43f46f9306c987ae83aca0341020cc,2000_6e1bd41c16a9d23f25755318a7200b5b,T117,T113,no vision care,there are a lot of procedures that haven't kept up in Medicare with the current times,Support,2000
2000_6e1bd41c16a9d23f25755318a7200b5b,2000_49d58791bcdfc5ecc61bdb7b55e28111,T113,T108,there are a lot of procedures that haven't kept up in Medicare with the current times,"seniors will have not only a Medicare plan where the poor seniors will have prescription drugs paid for, but there will be a variety of options",Attack,2000
2000_6e1bd41c16a9d23f25755318a7200b5b,2000_63fc366db7a9b06c84836dc84e4c0a76,T113,T118,there are a lot of procedures that haven't kept up in Medicare with the current times,We need to have a modern system to help seniors,Support,2000
2000_a9273c551a02847891d2d82ca10d84fd,2000_63fc366db7a9b06c84836dc84e4c0a76,T119,T118,"the idea of supporting a federally controlled 132,000-page document bureaucracy as being a compassionate way for seniors, and the only compassionate source of care for seniors is not my vision",We need to have a modern system to help seniors,Attack,2000
2000_d276c79f23a47a9327d32959760eee5b,2000_2393e868dabee3e650f9bba3f6c2aa81,T106,T107,I believe we ought to give seniors more options,I believe we ought to make the system work better,Support,2000
2000_63fc366db7a9b06c84836dc84e4c0a76,2000_d276c79f23a47a9327d32959760eee5b,T118,T106,We need to have a modern system to help seniors,I believe we ought to give seniors more options,Support,2000
2000_bbfcd49fbceee1407cd2ba19b5a1f246,2000_d3e54044055a40c4129f7e9c878d48a1,T121,T120,you've been there for eight years and nothing has been done,"You've had your chance, Vice President",Support,2000
2000_3700239ee0fdef07cd58f8b319dd9d80,2000_d3e54044055a40c4129f7e9c878d48a1,T122,T120,"I know it will require a different kind of leader to go to Washington to say to both Republicans and Democrats, let's come together","You've had your chance, Vice President",Attack,2000
2000_2f5ab5c6778a155ea160e6755a0dc6d9,2000_fe43d4a229ed6fcaf3c5eb248014d944,T124,T123,It's going to require somebody who can work across the partisan divide,"My plan also says it requires a new approach in Washington, D.C.",Support,2000
2000_fe43d4a229ed6fcaf3c5eb248014d944,2000_3700239ee0fdef07cd58f8b319dd9d80,T123,T122,"My plan also says it requires a new approach in Washington, D.C.","I know it will require a different kind of leader to go to Washington to say to both Republicans and Democrats, let's come together",Support,2000
2000_4bf158e6946e4ff1e07b36ecbe7e812c,2000_d276c79f23a47a9327d32959760eee5b,T105,T106,"my plan not only trusts seniors with options, my plan sets aside $3.4 trillion for Medicare over the next ten years",I believe we ought to give seniors more options,Support,2000
2000_4bf158e6946e4ff1e07b36ecbe7e812c,2000_fe43d4a229ed6fcaf3c5eb248014d944,T105,T123,"my plan not only trusts seniors with options, my plan sets aside $3.4 trillion for Medicare over the next ten years","My plan also says it requires a new approach in Washington, D.C.",Support,2000
2000_61e899c40c85120492d05568240aacd6,2000_4ef49b3da50c7963d5dd030a3942d0a9,T125,T126,Under my plan I will put Medicare in an iron clad lockbox and prevent the money from being used for anything other than Medicare,The governor has declined to endorse that idea even though the Republican as well as Democratic leaders in Congress have endorsed it,Attack,2000
2000_4ef49b3da50c7963d5dd030a3942d0a9,2000_3700239ee0fdef07cd58f8b319dd9d80,T126,T122,The governor has declined to endorse that idea even though the Republican as well as Democratic leaders in Congress have endorsed it,"I know it will require a different kind of leader to go to Washington to say to both Republicans and Democrats, let's come together",Attack,2000
2000_e796418c4288c30c44c46371fa789892,2000_371ae99b3069b296ea56e557c9258a18,T127,T6,I donâ€™t think he will,I would be interested to see if he would say this evening he'll put Medicare in a lockbox,Attack,2000
2000_5481b7037d78a0c1706688d6666aba00,2000_e796418c4288c30c44c46371fa789892,T128,T127,under his plan if you work out the numbers Â $100 billion comes out of Medicare just for the wealthiest 1% in the tax cut,I donâ€™t think he will,Support,2000
2000_ae9838b708e7560f20dffb3e275e769a,2000_8cf8d9748ce486e46574e0bd7391b3c8,T130,T7,if you kept the same fee for service that you have now under Medicare,your premiums would go up by between 18% and 47%,Support,2000
2000_8cf8d9748ce486e46574e0bd7391b3c8,2000_d97016dc0cb613badfb4d737d7c9b4d4,T7,T131,your premiums would go up by between 18% and 47%,that is the study of the Congressional plan that he's modeled his proposal on by the Medicare actuaries,Support,2000
2000_44f31faabbb2e4b5f4eb5e1880259045,2000_99fb7d286510bfb59aa4eb1bc9ff5357,T134,T135,Let me give you one quick example,There is a man here tonight named George McKinney from Milwaukee,Support,2000
2000_99fb7d286510bfb59aa4eb1bc9ff5357,2000_2852fdb34b2dee0d33bc71ffaf648346,T135,T137,There is a man here tonight named George McKinney from Milwaukee,"He's 70 years old, has high blood pressure",Support,2000
2000_2852fdb34b2dee0d33bc71ffaf648346,2000_317ba1948937aab43e1dd7007ad658e0,T137,T136,"He's 70 years old, has high blood pressure",his wife has heart trouble,Support,2000
2000_317ba1948937aab43e1dd7007ad658e0,2000_c6c2b979f70b9e5f1a645639995f2aca,T136,T138,his wife has heart trouble,"They have an income of $25,000 a year",Support,2000
2000_c6c2b979f70b9e5f1a645639995f2aca,2000_40610893f84863b9b3da1cb2f3a53f09,T138,T139,"They have an income of $25,000 a year",They can't pay for their prescription drugs and so they're some of the ones that go to Canada regularly in order to get their prescription drugs,Support,2000
2000_40610893f84863b9b3da1cb2f3a53f09,2000_5d18d602c9078774b051ae8ff1849ffa,T139,T132,They can't pay for their prescription drugs and so they're some of the ones that go to Canada regularly in order to get their prescription drugs,"Under my plan, half of their costs would be paid right away",Support,2000
2000_5d18d602c9078774b051ae8ff1849ffa,2000_db260d0a362559e776d8fc95386ae7b2,T132,T133,"Under my plan, half of their costs would be paid right away","Under Governor Bush's plan, they would get not one penny for four to five years and then they would be forced to go into an HMO or to an insurance company and ask them for coverage, but there would be no limit on the premiums or the deductibles or any of the terms and conditions",Attack,2000
2000_2b189d82c26d2319ede52d18928c4c77,2000_e6efea45f6ee9202a9073f216eb45b73,T8,T140,"I cannot let this go by, the old-style Washington politics, of we're going to scare you in the voting booth",Under my plan the man gets immediate help with prescription drugs,Support,2000
2000_7006140fa4582ec3436c00f1eb769e26,2000_e6efea45f6ee9202a9073f216eb45b73,T141,T140,It's called Immediate Helping Hand,Under my plan the man gets immediate help with prescription drugs,Support,2000
2000_e6efea45f6ee9202a9073f216eb45b73,2000_db260d0a362559e776d8fc95386ae7b2,T140,T133,Under my plan the man gets immediate help with prescription drugs,"Under Governor Bush's plan, they would get not one penny for four to five years and then they would be forced to go into an HMO or to an insurance company and ask them for coverage, but there would be no limit on the premiums or the deductibles or any of the terms and conditions",Attack,2000
2000_91aa7c9ce6dc580f5357a86355adeb88,2000_7006140fa4582ec3436c00f1eb769e26,T142,T141,"Instead of squabbling and finger pointing, he gets immediate help",It's called Immediate Helping Hand,Support,2000
2000_8db6694396d1f04090b151a88516eda8,2000_4af92bfd50606cd752e89b0d36c3aed6,T147,T148,this is a man who has great numbers,He talks about numbers,Support,2000
2000_4af92bfd50606cd752e89b0d36c3aed6,2000_7732e630c80b200a98e8b9d1bc8b4b8d,T148,T149,He talks about numbers,"I'm beginning to think not only did he invent the Internet, but he invented the calculator",Support,2000
2000_7732e630c80b200a98e8b9d1bc8b4b8d,2000_7fc01bf14a1900a846a4958b9f546e94,T149,T150,"I'm beginning to think not only did he invent the Internet, but he invented the calculator",It's fuzzy math,Support,2000
2000_7fc01bf14a1900a846a4958b9f546e94,2000_f34b940c7ee7e8bf1c0c745bbc0ba192,T150,T146,It's fuzzy math,he's trying to scare people in the voting booth,Support,2000
2000_f34b940c7ee7e8bf1c0c745bbc0ba192,2000_af3cd88cb7d123817f86999075fa6845,T146,T143,he's trying to scare people in the voting booth,"They get $25,000 a year income, that makes them ineligible",Attack,2000
2000_9be7608f62d426ccdcb4eb49e2352cac,2000_f6f2ea82407808ad4c19dbee63de277f,T145,T144,"Under my tax plan that he continues to criticize, I set one-third",The federal government should take no more than a third of anybody's check,Support,2000
2000_445c7ea3c64150689eb1b57b37fb7a0d,2000_f6f2ea82407808ad4c19dbee63de277f,T151,T144,I also dropped the bottom rate from 15% to 10%,The federal government should take no more than a third of anybody's check,Support,2000
2000_8eab0c56f41107fcf2b0b732adb55c2e,2000_445c7ea3c64150689eb1b57b37fb7a0d,T152,T151,by far the vast majority of the help goes to people at the bottom end of the economic ladder,I also dropped the bottom rate from 15% to 10%,Support,2000
2000_fd4dd257c7cacd58c201e092946f51f2,2000_445c7ea3c64150689eb1b57b37fb7a0d,T153,T151,"If you're a family of four in Massachusetts, making $50,000, you get a 50% cut in the federal income taxes you pay",I also dropped the bottom rate from 15% to 10%,Support,2000
2000_d89145369871715a09bcfb27d3918249,2000_445c7ea3c64150689eb1b57b37fb7a0d,T154,T151,It's from $4000 to about $2000,I also dropped the bottom rate from 15% to 10%,Support,2000
2000_d5dbc85d84224244095fdd8cd4c195b7,2000_301469b660ae5b1fc92c426ab9c364e2,T155,T156,"the difference in our plans is I want that $2,000 to go to you","the vice president would like to be spending the $2,000 on your behalf",Attack,2000
2000_d89145369871715a09bcfb27d3918249,2000_d5dbc85d84224244095fdd8cd4c195b7,T154,T155,It's from $4000 to about $2000,"the difference in our plans is I want that $2,000 to go to you",Support,2000
2000_301469b660ae5b1fc92c426ab9c364e2,2000_db260d0a362559e776d8fc95386ae7b2,T156,T133,"the vice president would like to be spending the $2,000 on your behalf","Under Governor Bush's plan, they would get not one penny for four to five years and then they would be forced to go into an HMO or to an insurance company and ask them for coverage, but there would be no limit on the premiums or the deductibles or any of the terms and conditions",Attack,2000
2000_51906e0cecffce91fc82aa48c9f89171,2000_8f3b7def33adfa5dcc4a84bfb8a6953e,T157,T158,It's just clear you can go to the website and look,"If you make more than $25,000 a year you don't get a penny of help under the Bush prescription drug proposal for at least four to five years",Support,2000
2000_8f3b7def33adfa5dcc4a84bfb8a6953e,2000_d19b5d15ede82155676e50307b3ec6f2,T158,T159,"If you make more than $25,000 a year you don't get a penny of help under the Bush prescription drug proposal for at least four to five years","then you're pushed into a Medicare -- into an HMO or insurance company plan, and there's no limit on the premiums or the deductibles or any of the conditions",Support,2000
2000_27e5e38913cc02b54f14d86efd7e18c8,2000_d19b5d15ede82155676e50307b3ec6f2,T160,T159,the insurance companies say it won't work and they won't offer these plans,"then you're pushed into a Medicare -- into an HMO or insurance company plan, and there's no limit on the premiums or the deductibles or any of the conditions",Support,2000
2000_d19b5d15ede82155676e50307b3ec6f2,2000_e6efea45f6ee9202a9073f216eb45b73,T159,T140,"then you're pushed into a Medicare -- into an HMO or insurance company plan, and there's no limit on the premiums or the deductibles or any of the conditions",Under my plan the man gets immediate help with prescription drugs,Attack,2000
2000_23bf3e668ebb6122736095e3f0a80b88,2000_c86efa6c8714230dd1da6ae4d8e3880e,T162,T161,That's totally false for him to stand up here and say that,The difference is I want to bring it to 100% and he wants to bring it to 5%,Attack,2000
2000_9c4646d6575468956ffa941b252b79d6,2000_c86efa6c8714230dd1da6ae4d8e3880e,T163,T161,They have had their chance to get something done,The difference is I want to bring it to 100% and he wants to bring it to 5%,Attack,2000
2000_9e9d0e9ff6fd011b331aa0e9116242e4,2000_da92b5f27ffc269c21f8eb88ee66bd41,T9,T164,Let me make sure the seniors hear me loud and clear,I'm going to work with Democrats and Republicans to reform the system,Support,2000
2000_0b240e61868cb022377cb09e0f34801c,2000_da92b5f27ffc269c21f8eb88ee66bd41,T165,T164,All seniors will be covered,I'm going to work with Democrats and Republicans to reform the system,Support,2000
2000_3d6ccfd3e351a04c92291a63abde5b58,2000_da92b5f27ffc269c21f8eb88ee66bd41,T166,T164,all poor seniors will have their prescription drugs paid for,I'm going to work with Democrats and Republicans to reform the system,Support,2000
2000_de74f2d161e901ccf24dcab72afc21a4,2000_da92b5f27ffc269c21f8eb88ee66bd41,T167,T164,"in the meantime, we'll have a plan to help poor seniors and in the meantime it could be one year or two years",I'm going to work with Democrats and Republicans to reform the system,Support,2000
2000_54a47e7333a4685febcca2fb9dc8e721,2000_de74f2d161e901ccf24dcab72afc21a4,T168,T167,He said all poor seniors,"in the meantime, we'll have a plan to help poor seniors and in the meantime it could be one year or two years",Attack,2000
2000_41f5d25f7526c5697fcce684f15a146b,2000_809848ecc239a57204783bdc5cfd3c97,T170,T171,If we can get it done in the first year,you bet,Support,2000
2000_809848ecc239a57204783bdc5cfd3c97,2000_282b8bde4d8a31f44b20e82fc5890c9b,T171,T10,you bet,In the first year?,Attack,2000
2000_f58545caf65918cfdceacfaea885f52c,2000_3d6ccfd3e351a04c92291a63abde5b58,T169,T166,All seniors are covered under prescription drugs in my plan,all poor seniors will have their prescription drugs paid for,Support,2000
2000_9fb5d2ad6bc28231cfa580dc92b3d87d,2000_03621dfd7723a917da42aa9627892bd4,T173,T172,It's a two-phase plan,Yours is phased in in eight years,Attack,2000
2000_0a911baf45caa07c05287642e2d5339d,2000_88cfb90b5955839348de5bacc29b09a4,T174,T175,For the first four years -- it takes a year to pass it and for the first four years only the poor are covered,Middle class seniors like George McKinney and his wife are not covered for four to five years,Support,2000
2000_88cfb90b5955839348de5bacc29b09a4,2000_9fb5d2ad6bc28231cfa580dc92b3d87d,T175,T173,Middle class seniors like George McKinney and his wife are not covered for four to five years,It's a two-phase plan,Support,2000
2000_df4ed52337f0f3990757a1621934ad64,2000_aa07c5ad3458f04a1ec9c4d252f08295,T368,T369,"if it's in our vital national interests, and that means whether our territory is threatened or people could be harmed, whether or not the alliances are -- our defense alliances are threatened, whether or not our friends in the Middle East are threatened",That would be a time to seriously consider the use of force,Support,2000
2000_f88604504195ae7a099105b202ffbedb,2000_3cbec58f3cc805354756e1ffc460d2c6,T371,T370,Whether or not it was a clear understanding as to what the mission would be,whether or not the mission was clear,Support,2000
2000_752dfeb0acdf3439e55a89ec1e800c1d,2000_893b60b11de7c89a8b44e4735e01bd9c,T373,T372,Whether or not our forces were of high morale and high standing and well-equipped,whether or not we were prepared and trained to win,Support,2000
2000_263965ef455cb1f6b3f45286efbbee1f,2000_6232a7401a0a8e377d52bb0040313118,T375,T374,I would take the use of force very seriously,whether or not there was an exit strategy,Support,2000
2000_6bd44c6a17fc270a38abafb5088cd3a3,2000_dbf2b759e22fc436cef441079b52ec57,T376,T377,I would be guarded in my approach,I don't think we can be all things to all people in the world,Support,2000
2000_3cbec58f3cc805354756e1ffc460d2c6,2000_aa07c5ad3458f04a1ec9c4d252f08295,T370,T369,whether or not the mission was clear,That would be a time to seriously consider the use of force,Support,2000
2000_893b60b11de7c89a8b44e4735e01bd9c,2000_aa07c5ad3458f04a1ec9c4d252f08295,T372,T369,whether or not we were prepared and trained to win,That would be a time to seriously consider the use of force,Support,2000
2000_6232a7401a0a8e377d52bb0040313118,2000_aa07c5ad3458f04a1ec9c4d252f08295,T374,T369,whether or not there was an exit strategy,That would be a time to seriously consider the use of force,Support,2000
2000_b7afa3ce97498e9e27c19799e7ea3d58,2000_893b60b11de7c89a8b44e4735e01bd9c,T378,T372,I think we've got to be very careful when we commit our troops,whether or not we were prepared and trained to win,Support,2000
2000_f58c6abb583fc7b478dec307623d8566,2000_c754a31d28a7da1fd4b53c457aa3d003,T381,T382,The vice president and I have a disagreement about the use of troops,He believes in nation building,Attack,2000
2000_f58c6abb583fc7b478dec307623d8566,2000_20bf124c032b62b0b937af9d95971078,T381,T383,The vice president and I have a disagreement about the use of troops,I would be very careful about using our troops as nation builders,Attack,2000
2000_9eb3e2cf69251643f33c06bc8162f7be,2000_20bf124c032b62b0b937af9d95971078,T379,T383,I believe the role of the military is to fight and win war and therefore prevent war from happening in the first place,I would be very careful about using our troops as nation builders,Attack,2000
2000_b7afa3ce97498e9e27c19799e7ea3d58,2000_9eb3e2cf69251643f33c06bc8162f7be,T378,T379,I think we've got to be very careful when we commit our troops,I believe the role of the military is to fight and win war and therefore prevent war from happening in the first place,Support,2000
2000_f51427151dda6e2e96af316d43cd3434,2000_d87821032ec03f0979070e24f0505225,T380,T384,I would take my responsibility seriously,it starts with making sure we rebuild our military power,Support,2000
2000_d87821032ec03f0979070e24f0505225,2000_a98d41113ae7280640d4e38ccda7af24,T384,T385,it starts with making sure we rebuild our military power,Morale in today's military is too low,Attack,2000
2000_a98d41113ae7280640d4e38ccda7af24,2000_5629648355d252a853e5d4c903410ab9,T385,T386,Morale in today's military is too low,We're having trouble meeting recruiting goals,Support,2000
2000_b5cd2a334ca59ced4c6f62b961d2c8ec,2000_5629648355d252a853e5d4c903410ab9,T387,T386,"We met the goals this year, but in the previous years we have not met recruiting goals",We're having trouble meeting recruiting goals,Support,2000
2000_d87821032ec03f0979070e24f0505225,2000_5629648355d252a853e5d4c903410ab9,T384,T386,it starts with making sure we rebuild our military power,We're having trouble meeting recruiting goals,Attack,2000
2000_cfa6abc12c4b4497fc082dddbb33505c,2000_d87821032ec03f0979070e24f0505225,T390,T384,I want to rebuild the military power,it starts with making sure we rebuild our military power,Support,2000
2000_eb707f6698defde1e173a2a574f57d91,2000_a98d41113ae7280640d4e38ccda7af24,T388,T385,Some of our troops are not well-equipped,Morale in today's military is too low,Support,2000
2000_d87821032ec03f0979070e24f0505225,2000_0570348e5a6a0e33a46ac3b23f660782,T384,T389,it starts with making sure we rebuild our military power,I believe we're overextended in too many places,Attack,2000
2000_5c6dc369b7da8b94cc6ce5499b78ea30,2000_cfa6abc12c4b4497fc082dddbb33505c,T392,T390,It starts with a billion dollar pay raise for the men and women who wear the uniform,I want to rebuild the military power,Support,2000
2000_c34f568900417986c9b89f38dba4aa4e,2000_5c6dc369b7da8b94cc6ce5499b78ea30,T1,T392,A billion dollars more than the president recently signed into law.,It starts with a billion dollar pay raise for the men and women who wear the uniform,Support,2000
2000_4adda757213d6ab5d3ab1d0a5f53d040,2000_cfa6abc12c4b4497fc082dddbb33505c,T393,T390,It's to make sure our troops are well-housed and well-equipped,I want to rebuild the military power,Support,2000
2000_b4aeb0a7b5d2c80164665a82b4871492,2000_cfa6abc12c4b4497fc082dddbb33505c,T394,T390,Bonus plans to keep some of our high-skilled folks in the services and a commander in chief who clearly sets the mission,I want to rebuild the military power,Support,2000
2000_cfa6abc12c4b4497fc082dddbb33505c,2000_7189ed982ef2575a6dc81b2d837484d5,T390,T391,I want to rebuild the military power,The mission is to fight and win war and therefore prevent war from happening in the first place,Support,2000
2000_7189ed982ef2575a6dc81b2d837484d5,2000_9eb3e2cf69251643f33c06bc8162f7be,T391,T379,The mission is to fight and win war and therefore prevent war from happening in the first place,I believe the role of the military is to fight and win war and therefore prevent war from happening in the first place,Support,2000
2000_6b0264a4995528d9746e8a95e2711a81,2000_46b071c9c5fd7c13a2a1e3eb362d68e3,T2,T398,"Nobody should have any doubt about that, least of all our adversaries or potential adversaries.","our military is the strongest, best-trained, best-equipped, best-led fighting force in the world and in the history of the world",Support,2000
2000_c155c5cb960e1efbec549a90e6e8ce6c,2000_79f5613ee514e0d845e705bfc5ffc1ec,T396,T395,If you entrust me with the presidency,I will do whatever is necessary in order to make sure our forces stay the strongest in the world,Support,2000
2000_46b071c9c5fd7c13a2a1e3eb362d68e3,2000_79f5613ee514e0d845e705bfc5ffc1ec,T398,T395,"our military is the strongest, best-trained, best-equipped, best-led fighting force in the world and in the history of the world",I will do whatever is necessary in order to make sure our forces stay the strongest in the world,Support,2000
2000_2297192b140a72fcef3513ea436e6fdc,2000_15786e8d6c8cd6dbca152967cd92367a,T401,T402,if our national security is at stake,if we have allies,Support,2000
2000_15786e8d6c8cd6dbca152967cd92367a,2000_0f8999856c82d2b96cfb751fdcee77fe,T402,T403,if we have allies,if we've tried every other course,Support,2000
2000_0f8999856c82d2b96cfb751fdcee77fe,2000_735b94f9880e3e5381ec53de38bd6aee,T403,T400,if we've tried every other course,we should get involved,Support,2000
2000_410e9c4e00a2d325c18a1a84d2b2f82a,2000_88a9a9c46206d7290fbb34eec5f7e054,T405,T404,if the costs are proportionate to the benefits,if we're sure military action will succeed,Support,2000
2000_88a9a9c46206d7290fbb34eec5f7e054,2000_735b94f9880e3e5381ec53de38bd6aee,T404,T400,if we're sure military action will succeed,we should get involved,Support,2000
2000_15786e8d6c8cd6dbca152967cd92367a,2000_735b94f9880e3e5381ec53de38bd6aee,T402,T400,if we have allies,we should get involved,Support,2000
2000_2297192b140a72fcef3513ea436e6fdc,2000_735b94f9880e3e5381ec53de38bd6aee,T401,T400,if our national security is at stake,we should get involved,Support,2000
2000_735b94f9880e3e5381ec53de38bd6aee,2000_2ccbcd9a93ad1c7e71756cd0041d5472,T400,T397,we should get involved,I think we should be reluctant to get involved in someplace in a foreign country,Attack,2000
2000_42c3459bc3c8b41978fa59146ff475c7,2000_79f5613ee514e0d845e705bfc5ffc1ec,T399,T395,in my ten-year budget proposal I've set aside more than twice as much for this purpose as Governor Bush has in his proposal,I will do whatever is necessary in order to make sure our forces stay the strongest in the world,Support,2000
2000_418796e229a81ef9e2c18095d8a1d7f6,2000_d7c279ea1ca09902e609e035a6bbe771,T3,T407,I disagree with the proposal that maybe only when oil supplies are at stake that our national security is at risk.,"I think that there are situations like in Bosnia or Kosovo where there's a genocide, where our national security is at stake there",Support,2000
2000_9cc65809a78c2f687efc1be588a6ef68,2000_735b94f9880e3e5381ec53de38bd6aee,T406,T400,just because we don't want to get involved everywhere doesn't mean we should back off anywhere it comes up,we should get involved,Support,2000
2000_0e72f1eb32bc89e2bb7c731ce1190883,2000_b15ee706f91d710172d8ca2ff76330cd,T409,T408,that's not the question,I agree our military is the strongest in the world today,Support,2000
2000_b15ee706f91d710172d8ca2ff76330cd,2000_79f5613ee514e0d845e705bfc5ffc1ec,T408,T395,I agree our military is the strongest in the world today,I will do whatever is necessary in order to make sure our forces stay the strongest in the world,Support,2000
2000_39e9782558d85f7fb17a326e8a7a42c7,2000_b15ee706f91d710172d8ca2ff76330cd,T410,T408,The question is will it be the strongest in the years to come?,I agree our military is the strongest in the world today,Attack,2000
2000_39e9782558d85f7fb17a326e8a7a42c7,2000_91e9dfcd074971b1845afa360738383e,T410,T411,The question is will it be the strongest in the years to come?,The warning signs are real,Support,2000
2000_54f9c37e3fe48230107582e90d41e801,2000_dcb9a6277dc978e1a33113ce3edb526c,T413,T412,"A recent poll was taken among 1,000 enlisted personnel, as well as officers, over half of whom will leave the service when their time of enlistment is up",Everywhere I go on the campaign trail I see moms and dads whose son or daughter may wear the uniform and they tell me about how discouraged their son or daughter may be,Support,2000
2000_dcb9a6277dc978e1a33113ce3edb526c,2000_91e9dfcd074971b1845afa360738383e,T412,T411,Everywhere I go on the campaign trail I see moms and dads whose son or daughter may wear the uniform and they tell me about how discouraged their son or daughter may be,The warning signs are real,Support,2000
2000_fdf9dc5d0f03ce1c7f6af1a96567c04f,2000_91e9dfcd074971b1845afa360738383e,T414,T411,The captains are leaving the service,The warning signs are real,Support,2000
2000_91e9dfcd074971b1845afa360738383e,2000_718fddb2fa54b2fb8ffaa25482a02db2,T411,T415,The warning signs are real,There is a problem,Support,2000
2000_9a054f1c4f83077fcf151e2c9f86f866,2000_718fddb2fa54b2fb8ffaa25482a02db2,T416,T415,it's going to require a new commander in chief to rebuild the military power,There is a problem,Attack,2000
2000_3c191a3be408100707a0e37cd0c9bfe7,2000_9b25736004e8599ee19320b0f816e49e,T417,T418,The other day I was honored to be flanked by Colin Powell and General Norman Schwartzkopf recently stood by me side and agreed with me,"They said even if we are the strongest if we donâ€™t do something if we don't have a clear vision of the military, if we don't stop extending our troops all around the world and nation building missions, then we're going to have a serious problem coming down the road, and I'm going to prevent that",Support,2000
2000_9b25736004e8599ee19320b0f816e49e,2000_2ffaf3fe6d10cfd63e62da0a242cd5c3,T418,T419,"They said even if we are the strongest if we donâ€™t do something if we don't have a clear vision of the military, if we don't stop extending our troops all around the world and nation building missions, then we're going to have a serious problem coming down the road, and I'm going to prevent that",I'm going to rebuild our military power,Support,2000
2000_9a054f1c4f83077fcf151e2c9f86f866,2000_2ffaf3fe6d10cfd63e62da0a242cd5c3,T416,T419,it's going to require a new commander in chief to rebuild the military power,I'm going to rebuild our military power,Support,2000
2000_8601094239e158ae1495527912a44b3d,2000_2ffaf3fe6d10cfd63e62da0a242cd5c3,T420,T419,It's one of the major priorities of my administration,I'm going to rebuild our military power,Support,2000
2000_a463fd028785497b7fb9ec98f2417d88,2000_4f5bea564155f9e6531383118f961f12,T438,T437,"When I was a young man, I volunteered for the Army",I served my country in Vietnam,Support,2000
2000_4f5bea564155f9e6531383118f961f12,2000_ecf26b275ba5023582b817a9c8453db8,T437,T436,I served my country in Vietnam,My father was a senator who strongly opposed the Vietnam War,Support,2000
2000_ecf26b275ba5023582b817a9c8453db8,2000_f1cad0822317aef6ee489ca9fa5149b9,T436,T435,My father was a senator who strongly opposed the Vietnam War,"I went to college in this great city, and most of my peers felt against the war as I did",Support,2000
2000_f1cad0822317aef6ee489ca9fa5149b9,2000_67987a1798bccf933c403bf2603cbbfc,T435,T434,"I went to college in this great city, and most of my peers felt against the war as I did",I went anyway,Support,2000
2000_1a5508feeb9b224578c6353b7a1c2f0a,2000_67987a1798bccf933c403bf2603cbbfc,T433,T434,"I knew if I didn't, somebody else in the small town of Carthage, Tennessee, would have to go in my place",I went anyway,Support,2000
2000_2431911e19c9a71819649a1d6f8de2f5,2000_82e7e33dcd3cd1d65128bdd65f6a2a1d,T432,T431,"I served for eight years in the House of Representatives and I served on the Intelligence Committee, specialized in looking at arms control",I served for eight years in the United States Senate and served on the Armed Services Committee,Support,2000
2000_82e7e33dcd3cd1d65128bdd65f6a2a1d,2000_27ad31539b894dd628a13d0222867c9a,T431,T429,I served for eight years in the United States Senate and served on the Armed Services Committee,For the last eight years I've served on the National Security Council,Support,2000
2000_45a4aa705745b21c78ed1dd09bebd542,2000_4ef626ad07cfbfd234ae4347a78d3241,T430,T428,"when the conflict came up in Bosnia, I saw a genocide in the heart of Europe with the most violent war on the continent of Europe since World War II",that's where World War I started in the Balkans,Support,2000
2000_4ef626ad07cfbfd234ae4347a78d3241,2000_b03562a62d24f0418dbc7d4421c08cd5,T428,T427,that's where World War I started in the Balkans,My uncle was a victim of poisonous gas there,Support,2000
2000_b03562a62d24f0418dbc7d4421c08cd5,2000_9f30711e7079404e5e030d5af32839ac,T427,T426,My uncle was a victim of poisonous gas there,Millions of Americans saw the results of that conflict,Support,2000
2000_9f30711e7079404e5e030d5af32839ac,2000_12f5fa3d4b8466b218600e672ac87ab8,T426,T422,Millions of Americans saw the results of that conflict,I know the value of making sure our troops have the latest technology,Support,2000
2000_27ad31539b894dd628a13d0222867c9a,2000_12f5fa3d4b8466b218600e672ac87ab8,T429,T422,For the last eight years I've served on the National Security Council,I know the value of making sure our troops have the latest technology,Support,2000
2000_0d915ab941f58f7ab716bdaf34f745a0,2000_12f5fa3d4b8466b218600e672ac87ab8,T425,T422,"We have to be willing to make good, sound judgments",I know the value of making sure our troops have the latest technology,Support,2000
2000_12f5fa3d4b8466b218600e672ac87ab8,2000_7415206979c00447218618dc674ed33a,T422,T4,I know the value of making sure our troops have the latest technology,The governor has proposed skipping the next generation of weapons,Attack,2000
2000_313f98497ec8001429654a410101c424,2000_7415206979c00447218618dc674ed33a,T423,T4,I think that's a big mistake,The governor has proposed skipping the next generation of weapons,Attack,2000
2000_aa6ee4045a180d47d473ee0d0e3b90b0,2000_313f98497ec8001429654a410101c424,T424,T423,I think we have to stay at the cutting edge,I think that's a big mistake,Support,2000
2000_0bbd7941a59873a4c224f1c03fcaae68,2000_5cb2799e8e5141aaf08b68aec568c27f,T439,T440,I think you've got to look at how one has handled responsibility in office,Whether or not it's -- the same in domestic policy as well,Support,2000
2000_5cb2799e8e5141aaf08b68aec568c27f,2000_8b2b52fdeb6b14854096a908b9ca005a,T440,T441,Whether or not it's -- the same in domestic policy as well,Whether or not you have the capacity to convince people to follow,Support,2000
2000_8b2b52fdeb6b14854096a908b9ca005a,2000_92233fdecf40bd3f80c904d5dcf2328d,T441,T442,Whether or not you have the capacity to convince people to follow,Whether or not one makes decisions based on sound principles,Support,2000
2000_92233fdecf40bd3f80c904d5dcf2328d,2000_3916eccc5825d092859ce3c42f4376c7,T442,T443,Whether or not one makes decisions based on sound principles,whether or not you rely upon polls and focus groups on how to decide what the course of action is,Attack,2000
2000_fbfca605e0654e3e55be760244e2e98f,2000_3916eccc5825d092859ce3c42f4376c7,T444,T443,We have too much polling and focus groups going on in Washington today,whether or not you rely upon polls and focus groups on how to decide what the course of action is,Support,2000
2000_b7ff26a595730e3bc12fd90031742d35,2000_3916eccc5825d092859ce3c42f4376c7,T445,T443,We need decisions made on sound principles,whether or not you rely upon polls and focus groups on how to decide what the course of action is,Attack,2000
2000_92233fdecf40bd3f80c904d5dcf2328d,2000_b7ff26a595730e3bc12fd90031742d35,T442,T445,Whether or not one makes decisions based on sound principles,We need decisions made on sound principles,Support,2000
2000_b7ff26a595730e3bc12fd90031742d35,2000_2077aa9a2ed66e0e44880d994f3e59ce,T445,T449,We need decisions made on sound principles,I've been the governor of a big state,Support,2000
2000_2077aa9a2ed66e0e44880d994f3e59ce,2000_d995fc4e5d52877846e1159fe74e8397,T449,T450,I've been the governor of a big state,"one of the hallmarks of my relationship in Austin, Texas, is that I've had the capacity to work with both Republicans and Democrats",Support,2000
2000_d995fc4e5d52877846e1159fe74e8397,2000_d2b69f3dfdf9b7cadf1627cdbfc6c8c6,T450,T446,"one of the hallmarks of my relationship in Austin, Texas, is that I've had the capacity to work with both Republicans and Democrats",I think that's an important part of leadership,Support,2000
2000_d2b69f3dfdf9b7cadf1627cdbfc6c8c6,2000_774421d03dfe32ff064a152fac6056c0,T446,T447,I think that's an important part of leadership,I think what it means to build consensus,Support,2000
2000_774421d03dfe32ff064a152fac6056c0,2000_1b58c3dcd70e2a1c4e6e9a63a70de058,T447,T448,I think what it means to build consensus,I've shown I know how to do so,Support,2000
2000_1b58c3dcd70e2a1c4e6e9a63a70de058,2000_528672559a0d0d1ceaa485b7d9d71434,T448,T452,I've shown I know how to do so,I know how to lead,Support,2000
2000_bd0ec6efaf81ddb4f90881e60245bc5f,2000_528672559a0d0d1ceaa485b7d9d71434,T451,T452,"Tonight in the audience there's one elected state senator who is a Democrat, a former state-wide officer who is a Democrat, a lot of Democrats who are here in the debate",I know how to lead,Support,2000
2000_2077aa9a2ed66e0e44880d994f3e59ce,2000_528672559a0d0d1ceaa485b7d9d71434,T449,T452,I've been the governor of a big state,I know how to lead,Support,2000
2000_d2b69f3dfdf9b7cadf1627cdbfc6c8c6,2000_528672559a0d0d1ceaa485b7d9d71434,T446,T452,I think that's an important part of leadership,I know how to lead,Support,2000
2000_265ba0cb43001a0dc1c919d48b3c4839,2000_c7d0c468cd89ca8c8e9cdb35a1a6e664,T456,T457,"When I was in the United States Congress, I worked with former President Reagan to modernize our strategic weaponry and to pursue arms control in a responsible way","When I was in the United States Senate I worked with former President Bush, your father",Support,2000
2000_c7d0c468cd89ca8c8e9cdb35a1a6e664,2000_6a7541ab3b63329e2c5d5060ffa64bcd,T457,T458,"When I was in the United States Senate I worked with former President Bush, your father",I was one of only a few Democrats in the Senate to support the Persian Gulf War,Support,2000
2000_6a7541ab3b63329e2c5d5060ffa64bcd,2000_461328d2e0dce9e3e0db5a7f43dd994c,T458,T453,I was one of only a few Democrats in the Senate to support the Persian Gulf War,I think bipartisanship is a national asset,Support,2000
2000_d5c85700c5093a8d2afe0639d0469e84,2000_461328d2e0dce9e3e0db5a7f43dd994c,T454,T453,We have to find ways to reestablish it in foreign policy and national security policy,I think bipartisanship is a national asset,Support,2000
2000_265ba0cb43001a0dc1c919d48b3c4839,2000_8ab85b5f8f6b7b1c524df639bf850aaf,T456,T455,"When I was in the United States Congress, I worked with former President Reagan to modernize our strategic weaponry and to pursue arms control in a responsible way",One of the key points in foreign policy and national security policy is the need to re-establish the old-fashioned principle that politics ought to stop at the water's edge,Attack,2000
2000_535db8dc85b88dee37eca333a1fc266d,2000_461328d2e0dce9e3e0db5a7f43dd994c,T5,T453,Why haven't they done it in seven years?,I think bipartisanship is a national asset,Attack,2000
2000_129a94710fb968053ea8b7b94914a19d,2000_e4222f6234edd1c026a25f64942d0926,T461,T460,we've got the biggest surpluses in all of American history,This is a very important moment in the history of our country,Support,2000
2000_e4222f6234edd1c026a25f64942d0926,2000_1355bdc4557a030cf78a77ed6fac01c5,T460,T469,This is a very important moment in the history of our country,The key question that has to be answered in this election is will we use that prosperity wisely in a way that benefits all of our people and doesn't go just to the few,Support,2000
2000_1355bdc4557a030cf78a77ed6fac01c5,2000_552d03885384d17992afc90448fb7bcf,T469,T470,The key question that has to be answered in this election is will we use that prosperity wisely in a way that benefits all of our people and doesn't go just to the few,"Almost half of all the tax cut benefits, as I said under Governor Bush's plan, go to the wealthiest 1%",Attack,2000
2000_1355bdc4557a030cf78a77ed6fac01c5,2000_4a7113543dbdc43e6954fa6fc2151184,T469,T462,The key question that has to be answered in this election is will we use that prosperity wisely in a way that benefits all of our people and doesn't go just to the few,I think we have to make the right and responsible choices,Support,2000
2000_e96f7a80c57e98dd54e5170364c1bca9,2000_4a7113543dbdc43e6954fa6fc2151184,T463,T462,"I think we have to invest in education, protecting the environment, health care, a prescription drug benefit that goes to all seniors, not just to the poor, under Medicare, not relying on HMOs and insurance companies",I think we have to make the right and responsible choices,Support,2000
2000_6756789914e1bbcc15c2f6ab984bc2e5,2000_4a7113543dbdc43e6954fa6fc2151184,T464,T462,I think that we have to help parents and strengthen families by dealing with the kind of inappropriate entertainment material that families are just heart sick that their children are exposed to,I think we have to make the right and responsible choices,Support,2000
2000_57e149e6b07570bfd6768ace4739643c,2000_4a7113543dbdc43e6954fa6fc2151184,T465,T462,I think we've got to have welfare reform taken to the next stage,I think we have to make the right and responsible choices,Support,2000
2000_9699a20d6846e8b3c6e93863aba882c2,2000_365744fddd1cee804213178d4694fa4a,T467,T466,under my proposal the national debt will be completely eliminated by the year 2012,"I think that we have got to balance the budget every single year, pay down the national debt",Support,2000
2000_365744fddd1cee804213178d4694fa4a,2000_4a7113543dbdc43e6954fa6fc2151184,T466,T462,"I think that we have got to balance the budget every single year, pay down the national debt",I think we have to make the right and responsible choices,Support,2000
2000_5b12db0bc6e4516de092c5687077b240,2000_4a7113543dbdc43e6954fa6fc2151184,T468,T462,I think we need to put Medicare and Social Security in a lockbox,I think we have to make the right and responsible choices,Support,2000
2000_5b12db0bc6e4516de092c5687077b240,2000_358e7f8c5fcc09cb1f581ccbc50cacee,T468,T471,I think we need to put Medicare and Social Security in a lockbox,The governor will not put Medicare in a lockbox,Attack,2000
2000_bad0790b67a792614e233220acb614a0,2000_e6e0b8363fa55cf68da1d6b7cf06dee9,T473,T472,I think it needs to be moved out of the budget and protected,I don't think it should be used as a piggy bank for other programs,Support,2000
2000_e6e0b8363fa55cf68da1d6b7cf06dee9,2000_5b12db0bc6e4516de092c5687077b240,T472,T468,I don't think it should be used as a piggy bank for other programs,I think we need to put Medicare and Social Security in a lockbox,Support,2000
2000_73a4191b6b4cb6e9149797b91f872a01,2000_5b12db0bc6e4516de092c5687077b240,T474,T468,I'll veto anything that takes money out of Social Security or Medicare for anything other than Social Security or Medicare,I think we need to put Medicare and Social Security in a lockbox,Support,2000
2000_73a4191b6b4cb6e9149797b91f872a01,2000_4a7113543dbdc43e6954fa6fc2151184,T474,T462,I'll veto anything that takes money out of Social Security or Medicare for anything other than Social Security or Medicare,I think we have to make the right and responsible choices,Support,2000
2000_0e5b3c44be2ef209635d05c9caf11208,2000_d63d613404b4d4ef092974562a68bcef,T476,T477,"For every new dollar that I propose for spending on health care, Governor Bush spends $3 for a tax cut for the wealthiest 1%","for every dollar that I propose to spend on education, he spends $5 on a tax cut for the wealthiest 1%",Support,2000
2000_d63d613404b4d4ef092974562a68bcef,2000_02317a6efd3f77b0e35d3e82a740fc86,T477,T478,"for every dollar that I propose to spend on education, he spends $5 on a tax cut for the wealthiest 1%",Those are very clear differences,Support,2000
2000_a130b0774422dc3827444d50918025db,2000_02317a6efd3f77b0e35d3e82a740fc86,T475,T478,the priorities are just very different,Those are very clear differences,Support,2000
2000_af257ee633546595a83d232c49a174b0,2000_02317a6efd3f77b0e35d3e82a740fc86,T479,T478,The man is practicing fuzzy math again,Those are very clear differences,Attack,2000
2000_ca21fa5784a1e0daf249b0febd5895aa,2000_bb9236589ba96cf3c13f20826f93ce3c,T481,T480,"Under Vice President Gore's plan, he is going to grow the federal government in the largest increase since Lyndon Baines Johnson in 1965",There's differences,Support,2000
2000_ca21fa5784a1e0daf249b0febd5895aa,2000_1abb992e2960524d27b00884aa276a92,T481,T482,"Under Vice President Gore's plan, he is going to grow the federal government in the largest increase since Lyndon Baines Johnson in 1965",We're talking about a massive government,Support,2000
2000_1abb992e2960524d27b00884aa276a92,2000_92e34127a4e4637e6203810589491acc,T482,T483,We're talking about a massive government,"We're talking about adding to or increasing 200 programs, 20,000 new bureaucrats",Support,2000
2000_92e34127a4e4637e6203810589491acc,2000_c78194114103bc0edfd0aff906bd5012,T483,T484,"We're talking about adding to or increasing 200 programs, 20,000 new bureaucrats",Imagine how many IRS agents it is going to take to be able to figure out his targeted tax cut for the middle class that excludes 50 million Americans,Support,2000
2000_c78194114103bc0edfd0aff906bd5012,2000_470a415faa8c9e7a2f9e325b0c1c2799,T484,T485,Imagine how many IRS agents it is going to take to be able to figure out his targeted tax cut for the middle class that excludes 50 million Americans,There is a huge difference in this campaign,Support,2000
2000_bb9236589ba96cf3c13f20826f93ce3c,2000_470a415faa8c9e7a2f9e325b0c1c2799,T480,T485,There's differences,There is a huge difference in this campaign,Support,2000
2000_ffcd9e5134ecfee82b726a9c6e57350d,2000_782886ee1b9bb09473c8505e1a3effc9,T487,T486,50 million of you won't receive it,He says he's going to give you tax cuts,Attack,2000
2000_782886ee1b9bb09473c8505e1a3effc9,2000_77dca4a4bbd112d4a3ba1d4330e612e9,T486,T488,He says he's going to give you tax cuts,He said in his speech he wants to make sure the right people get tax relief,Support,2000
2000_b12eb01312d5f3c098b84e4b45d33e02,2000_77dca4a4bbd112d4a3ba1d4330e612e9,T489,T488,That's not the role of a president to decide right and wrong,He said in his speech he wants to make sure the right people get tax relief,Attack,2000
2000_b12eb01312d5f3c098b84e4b45d33e02,2000_190dec71e596b997b5edbae8fcf1d92a,T489,T490,That's not the role of a president to decide right and wrong,Everybody who pays taxes ought to get tax relief,Support,2000
2000_49b39b149cd81b0e211765e6fced8a88,2000_190dec71e596b997b5edbae8fcf1d92a,T491,T490,"After my plan is in place, the wealthiest Americans will pay a higher percentage of taxes then they do today",Everybody who pays taxes ought to get tax relief,Support,2000
2000_d296838036dd55826b9b152ccdcfbc60,2000_190dec71e596b997b5edbae8fcf1d92a,T492,T490,"the poorest of Americans, six million families, won't pay any tax at all",Everybody who pays taxes ought to get tax relief,Support,2000
2000_190dec71e596b997b5edbae8fcf1d92a,2000_c87b20d7ff158668af35f787a3a54ab6,T490,T493,Everybody who pays taxes ought to get tax relief,It's a huge difference,Support,2000
2000_470a415faa8c9e7a2f9e325b0c1c2799,2000_c87b20d7ff158668af35f787a3a54ab6,T485,T493,There is a huge difference in this campaign,It's a huge difference,Support,2000
2000_c87b20d7ff158668af35f787a3a54ab6,2000_02317a6efd3f77b0e35d3e82a740fc86,T493,T478,It's a huge difference,Those are very clear differences,Support,2000
2000_54c128238836cb9852e26f40446ad8f1,2000_c87b20d7ff158668af35f787a3a54ab6,T494,T493,A difference between big exploding federal government that wants to think on your behalf and a plan that meets priorities and liberates working people to be able to make decisions on your own,It's a huge difference,Support,2000
2000_561d50bf09a28af8e4fc603ed52776c1,2000_0759b7bdec3a374b4e81641ec31ec85d,T496,T495,He's called them phony and fuzzy,you haven't heard the governor deny these numbers,Support,2000
2000_0759b7bdec3a374b4e81641ec31ec85d,2000_c87b20d7ff158668af35f787a3a54ab6,T495,T493,you haven't heard the governor deny these numbers,It's a huge difference,Attack,2000
2000_0759b7bdec3a374b4e81641ec31ec85d,2000_35c771300ddd8c02ee95534ec8aa992e,T495,T497,you haven't heard the governor deny these numbers,The fact remains almost 30% of his proposed tax cut goes to -- only to Americans that make more than $1 million per year,Support,2000
2000_35c771300ddd8c02ee95534ec8aa992e,2000_49b39b149cd81b0e211765e6fced8a88,T497,T491,The fact remains almost 30% of his proposed tax cut goes to -- only to Americans that make more than $1 million per year,"After my plan is in place, the wealthiest Americans will pay a higher percentage of taxes then they do today",Attack,2000
2000_08d33b01f388ac5e9f80b70b6f8535bf,2000_1820a86d06c1cab65cefdfa0bccd4dff,T500,T501,"The Strunk family in Allentown, Pennsylvania, I campaigned with them the other day","They make $51,000 combined income, they pay about $3500 in taxes",Support,2000
2000_1820a86d06c1cab65cefdfa0bccd4dff,2000_8d33fda9efeaa27c4ae7ccc9731d3708,T501,T502,"They make $51,000 combined income, they pay about $3500 in taxes","Under my plan, they get $1800 of tax relief",Support,2000
2000_8d33fda9efeaa27c4ae7ccc9731d3708,2000_75413f58aa1ea5c05510d36c66b5786e,T502,T503,"Under my plan, they get $1800 of tax relief","Under Vice President Gore's plan, they get $145 of tax relief",Attack,2000
2000_7c5bfee365a95327c4e715b59525f8a9,2000_8d33fda9efeaa27c4ae7ccc9731d3708,T2,T502,You ask the Strunks whose plan makes more sense,"Under my plan, they get $1800 of tax relief",Support,2000
2000_69824f546c064d5337c46ae7847eb588,2000_35c771300ddd8c02ee95534ec8aa992e,T498,T497,"The facts are after my plan, the wealthiest of Americans pay more taxes of the percentage of the whole than they do today",The fact remains almost 30% of his proposed tax cut goes to -- only to Americans that make more than $1 million per year,Attack,2000
2000_8d33fda9efeaa27c4ae7ccc9731d3708,2000_471504e588ef460b52c7d3f649efd765,T502,T499,"Under my plan, they get $1800 of tax relief","if you're a family of four making $50,000 in Massachusetts, you get a 50% tax cut",Support,2000
2000_af0e27857ff76c64ac550ccdda98ab28,2000_5ff0a6886fab18d81e6675bb1d279cc0,T504,T505,There is a difference of opinion,He would rather spend the family's $1800 and I would rather the Strunks spend their own money,Attack,2000
2000_5ff0a6886fab18d81e6675bb1d279cc0,2000_8d33fda9efeaa27c4ae7ccc9731d3708,T505,T502,He would rather spend the family's $1800 and I would rather the Strunks spend their own money,"Under my plan, they get $1800 of tax relief",Support,2000
2000_4ec8067456d780a05ed24051ef3414d6,2000_19ba57d8f968a61c527de8df74167461,T506,T507,"No, I don't",I'm not going to go to calling names on his facts,Support,2000
2000_19ba57d8f968a61c527de8df74167461,2000_69824f546c064d5337c46ae7847eb588,T507,T498,I'm not going to go to calling names on his facts,"The facts are after my plan, the wealthiest of Americans pay more taxes of the percentage of the whole than they do today",Attack,2000
2000_19ba57d8f968a61c527de8df74167461,2000_5ff0a6886fab18d81e6675bb1d279cc0,T507,T505,I'm not going to go to calling names on his facts,He would rather spend the family's $1800 and I would rather the Strunks spend their own money,Attack,2000
2000_6fe99e37164e7ef7597440609f923faf,2000_c4d79e0cde94826b892b9bae1f10fb69,T509,T508,The analysis that he's talking about leaves out more than half of the tax cuts that I have proposed,I'm just gonna tell you what the real facts are,Support,2000
2000_3438cafa2b958a0bb9624419f4d1313d,2000_eaae0b313c10339518bff94bd59749be,T511,T510,he still hasn't denied it,if you just add the numbers up,Support,2000
2000_eaae0b313c10339518bff94bd59749be,2000_a9356de6ee46c6fc9a6ff32b32aa59ba,T510,T512,if you just add the numbers up,"he spends more money on a tax cut for the wealthiest 1% than all his new proposals for prescription drugs, healthcare, education, and national defense combined",Support,2000
2000_a9356de6ee46c6fc9a6ff32b32aa59ba,2000_c4d79e0cde94826b892b9bae1f10fb69,T512,T508,"he spends more money on a tax cut for the wealthiest 1% than all his new proposals for prescription drugs, healthcare, education, and national defense combined",I'm just gonna tell you what the real facts are,Support,2000
2000_828df00a66b61f67fbe25b151a7e93f8,2000_a9356de6ee46c6fc9a6ff32b32aa59ba,T513,T512,those are the wrong priorities,"he spends more money on a tax cut for the wealthiest 1% than all his new proposals for prescription drugs, healthcare, education, and national defense combined",Attack,2000
2000_828df00a66b61f67fbe25b151a7e93f8,2000_c4d79e0cde94826b892b9bae1f10fb69,T513,T508,those are the wrong priorities,I'm just gonna tell you what the real facts are,Support,2000
2000_55e0bf1e808a563cf4bd05cda09bed48,2000_b43b3eed871b26face2bbaff1f9f80c6,T516,T515,almost 30% of it goes to Americans that make more than $1 million per year,$665 billion over ten years for the wealthiest 1%,Support,2000
2000_828df00a66b61f67fbe25b151a7e93f8,2000_b43b3eed871b26face2bbaff1f9f80c6,T513,T515,those are the wrong priorities,$665 billion over ten years for the wealthiest 1%,Attack,2000
2000_b43b3eed871b26face2bbaff1f9f80c6,2000_c4d79e0cde94826b892b9bae1f10fb69,T515,T508,$665 billion over ten years for the wealthiest 1%,I'm just gonna tell you what the real facts are,Support,2000
2000_c4d79e0cde94826b892b9bae1f10fb69,2000_df0ed3516955c62972167c0457cc87db,T508,T514,I'm just gonna tell you what the real facts are,Every middle class family is eligible for a tax cut under my proposal,Support,2000
2000_36f88ed8a00068a7613da8bb58c3d339,2000_df0ed3516955c62972167c0457cc87db,T517,T514,"I believe college tuition up to $10,000 per year ought to be tax deductible so middle-class families can choose to send their children to college",Every middle class family is eligible for a tax cut under my proposal,Support,2000
2000_3171d3225dc00463abc5c48125da923a,2000_df0ed3516955c62972167c0457cc87db,T518,T514,I believe all senior citizens should be able to choose their own doctors and get prescription drugs from their own pharmacists with Medicare paying half the bill,Every middle class family is eligible for a tax cut under my proposal,Support,2000
2000_0a3ad7abcc7a8c2b51b7b5006099448b,2000_df0ed3516955c62972167c0457cc87db,T519,T514,I believe parents ought to be able to make more choices need more public and charter school choice to send their kids always to a safe school,Every middle class family is eligible for a tax cut under my proposal,Support,2000
2000_1c5bebbd9677d9965627805b67991421,2000_df0ed3516955c62972167c0457cc87db,T520,T514,We need to make education the number one priority in our country and treat teachers like the professionals that they are,Every middle class family is eligible for a tax cut under my proposal,Support,2000
2000_df0ed3516955c62972167c0457cc87db,2000_c2340ce6223e34ba3be2e83fc110f899,T514,T521,Every middle class family is eligible for a tax cut under my proposal,"I have made it a number one priority in my budget, not a tax cut for the wealthy",Support,2000
2000_40e8106751443b7fdd82f78a5a38040a,2000_c2340ce6223e34ba3be2e83fc110f899,T522,T521,This is a man whose plan excludes 50 million Americans,"I have made it a number one priority in my budget, not a tax cut for the wealthy",Attack,2000
2000_69561ece2e2e665133cc3ca445f123c0,2000_40e8106751443b7fdd82f78a5a38040a,T523,T522,Not so,This is a man whose plan excludes 50 million Americans,Attack,2000
2000_5286dd607c688d436ebbdf3b216e3467,2000_8fc002197f6b881cbf17a51649043835,T525,T526,Take for example the marriage penalty,"If you itemize your tax return, you get no marriage penalty relief",Support,2000
2000_4c0bc0df42263638f9a93299cc8f32bb,2000_282edfd39776a36d22713f0556bca634,T527,T528,He picks and chooses,He decides who the right people are,Support,2000
2000_282edfd39776a36d22713f0556bca634,2000_8fc002197f6b881cbf17a51649043835,T528,T526,He decides who the right people are,"If you itemize your tax return, you get no marriage penalty relief",Support,2000
2000_8fc002197f6b881cbf17a51649043835,2000_0a9b61930c183d76c6b33dd4d9791a8a,T526,T524,"If you itemize your tax return, you get no marriage penalty relief",It's a fundamental difference of opinion,Support,2000
2000_aafd089c6001311abbb38f39d4d55d05,2000_351ead88b1318572816d1e2cf77db060,T529,T530,We'll spend $25 trillion -- we'll collect $25 trillion in revenue in the next 10 years and spend $21 trillion,we can send 5% back to you that pay the bills,Support,2000
2000_b2572bcdb5247a0351ac67c86b9444e1,2000_e484b28b1cff741ea0785f5ad938d90b,T531,T532,that is not right,"If you're a single mother making $22,000 a year and you have two children, under this tax code, for every additional dollar you make, you pay a higher marginal rate on that dollar than someone making more than $200,000 a year",Attack,2000
2000_359bd77e6cb2fb778a46017946948f84,2000_0e42c6279b420a5d8982a0adfd1fb49f,T533,T534,"My plan drops the rate from 15% to 10% and increases the child credit from $500 to $1,000 to make the code more fair for everybody, not just a few, not just a handful",Everybody who pays taxes ought to get some relief,Support,2000
2000_615052ae0c891c0858f60ac103fe2a4d,2000_e484b28b1cff741ea0785f5ad938d90b,T4,T532,I want you to hear a problem weâ€™ve got here in the USA,"If you're a single mother making $22,000 a year and you have two children, under this tax code, for every additional dollar you make, you pay a higher marginal rate on that dollar than someone making more than $200,000 a year",Support,2000
2000_b2572bcdb5247a0351ac67c86b9444e1,2000_0e42c6279b420a5d8982a0adfd1fb49f,T531,T534,that is not right,Everybody who pays taxes ought to get some relief,Support,2000
2000_7c4d5b4326b837c575e7d1a655c07c92,2000_f082f10d93a2f3e458a0f1ddaf1c133f,T536,T537,Let me give you a story about public education,"It's about Kipp Academy in Houston, Texas",Support,2000
2000_f082f10d93a2f3e458a0f1ddaf1c133f,2000_aba37dde474bb96b309473d430529d17,T537,T538,"It's about Kipp Academy in Houston, Texas",A charter school run by some people from Teach For America,Support,2000
2000_aba37dde474bb96b309473d430529d17,2000_a4d017bc300c8acd4804786edf76082f,T538,T539,A charter school run by some people from Teach For America,Young folks saying I'm going to do something good for my country,Support,2000
2000_a4d017bc300c8acd4804786edf76082f,2000_6a619fbed0752e4bcd4514dbabd8a4ec,T539,T540,Young folks saying I'm going to do something good for my country,I want to teach,Support,2000
2000_6a619fbed0752e4bcd4514dbabd8a4ec,2000_9aef22157f3b652218992aefd28fde33,T540,T541,I want to teach,A guy named Michael runs the school,Support,2000
2000_9aef22157f3b652218992aefd28fde33,2000_e291688f7a5189938921524b0aefee22,T541,T542,A guy named Michael runs the school,It is a school full of so-called at-risk children,Support,2000
2000_e291688f7a5189938921524b0aefee22,2000_ec33661aeacd6203181c57f0ae6b8b75,T542,T543,It is a school full of so-called at-risk children,It's how we unfortunately label certain children,Support,2000
2000_ec33661aeacd6203181c57f0ae6b8b75,2000_289f4e898794e646c02a50ed3effc3dd,T543,T544,It's how we unfortunately label certain children,Basically it means they can't learn,Support,2000
2000_289f4e898794e646c02a50ed3effc3dd,2000_138466cf9e5891268798097c55dca341,T544,T545,Basically it means they can't learn,It's a school of strong discipline and high standards,Support,2000
2000_138466cf9e5891268798097c55dca341,2000_497d470073f74bd5a99a6928a6553d48,T545,T546,It's a school of strong discipline and high standards,It's one of the best schools in Houston,Support,2000
2000_497d470073f74bd5a99a6928a6553d48,2000_378e95381cccb3d2f15b9c8ab284c64c,T546,T547,It's one of the best schools in Houston,"Here are the key ingredients. High expectations, strong accountabily",Support,2000
2000_e8a3923904d0c00573e0bc1eaf7c4c59,2000_890b4d7afbab3a8c3fd2f5e19b0d952c,T549,T550,"What Michael says, don't put all these rules on us, just let us teach and hold us accountable for every grade. That's what we do","as a result, these mainly Hispanic youngsters are some of the best learners in Houston, Texas",Support,2000
2000_890b4d7afbab3a8c3fd2f5e19b0d952c,2000_378e95381cccb3d2f15b9c8ab284c64c,T550,T547,"as a result, these mainly Hispanic youngsters are some of the best learners in Houston, Texas","Here are the key ingredients. High expectations, strong accountabily",Support,2000
2000_d9312c5381c16313115362066e3d042f,2000_378e95381cccb3d2f15b9c8ab284c64c,T535,T547,We can make a huge difference by saying if you receive federal money we expect you to show results,"Here are the key ingredients. High expectations, strong accountabily",Support,2000
2000_2bbe181523dc4125f88a08896d97f04d,2000_378e95381cccb3d2f15b9c8ab284c64c,T548,T547,That's my vision for public education all around America,"Here are the key ingredients. High expectations, strong accountabily",Support,2000
2000_378e95381cccb3d2f15b9c8ab284c64c,2000_b1280105d6f21d8d207a54298c4adc8d,T547,T562,"Here are the key ingredients. High expectations, strong accountabily","unfortunately, a lot of schools are trapping children in schools that just won't teach and won't change",Attack,2000
2000_ec951490ed265f1e7d221175951aa3d6,2000_b15c655ddd61d2139b4fa397d4c7bc7f,T552,T551,One is to change Head Start to a reading program,Here is the role of the federal government,Support,2000
2000_27167c770ea37502905e3a5020b47d8e,2000_b15c655ddd61d2139b4fa397d4c7bc7f,T553,T551,"Two is to say if you want to access reading money, you can do so",Here is the role of the federal government,Support,2000
2000_1886ee74555d7575f90168f23abb8088,2000_b15c655ddd61d2139b4fa397d4c7bc7f,T560,T551,The goal is for every single child to learn to Read,Here is the role of the federal government,Support,2000
2000_0cc13448112221454b646eaa808297a9,2000_b15c655ddd61d2139b4fa397d4c7bc7f,T561,T551,"there must by K-2 diagnostic teaching tools, teacher training money, available",Here is the role of the federal government,Support,2000
2000_4553a46321e7a35772d47c1899d080f0,2000_b15c655ddd61d2139b4fa397d4c7bc7f,T554,T551,we have to consolidate the federal programs to free districts to free the schools and encourage innovators like Michael,Here is the role of the federal government,Support,2000
2000_7899bb084bf411e043e5cf9a01b4de85,2000_4553a46321e7a35772d47c1899d080f0,T556,T554,Let them reach out beyond the confines of the current structure to recruit teach-for-the-children type teachers,we have to consolidate the federal programs to free districts to free the schools and encourage innovators like Michael,Support,2000
2000_cc24345a3664a8fbe827ee38e2e81494,2000_b15c655ddd61d2139b4fa397d4c7bc7f,T555,T551,"we're going to say if you receive federal money, measure third, fourth, fifth, sixth, seventh and eighth grade",Here is the role of the federal government,Support,2000
2000_391f91ea2485d4560c105f293d08b96d,2000_cc24345a3664a8fbe827ee38e2e81494,T557,T555,"Show us if they are learning to read, write, add and subtract and if so there will be bonus plans","we're going to say if you receive federal money, measure third, fourth, fifth, sixth, seventh and eighth grade",Support,2000
2000_03c0e341db04f667df777daa00cf6f98,2000_b15c655ddd61d2139b4fa397d4c7bc7f,T558,T551,"if not, instead of continuing to subsidize failure, the money will go to -- the federal money will go to the parents for public school or charter school or tutorial or Catholic school",Here is the role of the federal government,Support,2000
2000_1b1722cc6cb5409441c2cdc5267069ce,2000_9e95f21ddfc0fccdd5b2f1aa237962df,T5,T6,What I care about is children,so does Michael Feinberg,Support,2000
2000_9e95f21ddfc0fccdd5b2f1aa237962df,2000_eabe9e9338af07cb906f71b0879a369b,T6,T559,so does Michael Feinberg,It can happen in America with the right kind of leadership,Support,2000
2000_b15c655ddd61d2139b4fa397d4c7bc7f,2000_eabe9e9338af07cb906f71b0879a369b,T551,T559,Here is the role of the federal government,It can happen in America with the right kind of leadership,Support,2000
2000_ab0df9c1de4c5694aae8f3c965992c14,2000_559672946b38be3dc343d132b2e8bb99,T564,T563,I strongly support new accountability,We agree on a couple of things on education,Support,2000
2000_507c3d9a54a9f4c85421ffe6e9eb434b,2000_ab0df9c1de4c5694aae8f3c965992c14,T566,T564,so does Governor Bush,I strongly support new accountability,Support,2000
2000_1cb72d8c939c41fdb34496fc98561a2e,2000_0ed0573c5bbdcbd65408078fd3d806b2,T1,T565,so does Governor Bush,I strongly support local control,Support,2000
2000_0ed0573c5bbdcbd65408078fd3d806b2,2000_559672946b38be3dc343d132b2e8bb99,T565,T563,I strongly support local control,We agree on a couple of things on education,Support,2000
2000_08b4f9253eb8d92733e8ad5b1cdbbbb2,2000_71eefe75e5c74fcd1b4665e530a0c4b6,T569,T568,"Every school and every school district, have every state test the children",I'm in favor of testing as a way of measuring performance,Support,2000
2000_f50fbbef6ed3d8201b51dfec8ce3bfb3,2000_08b4f9253eb8d92733e8ad5b1cdbbbb2,T571,T569,I've also proposed a voluntary national test in the fourth grade and eighth grade,"Every school and every school district, have every state test the children",Support,2000
2000_71eefe75e5c74fcd1b4665e530a0c4b6,2000_559672946b38be3dc343d132b2e8bb99,T568,T563,I'm in favor of testing as a way of measuring performance,We agree on a couple of things on education,Support,2000
2000_71eefe75e5c74fcd1b4665e530a0c4b6,2000_7465ac17f59a331186dfb943bfa1c24c,T568,T7,I'm in favor of testing as a way of measuring performance,a form of testing the governor has not endorsed,Attack,2000
2000_815854a53cf3678e6b59b47be681d1cc,2000_aec889aab4ace4ed54a34f1705f26e0e,T577,T576,I have budgeted for that,"We've got to recruit 100,000 new teachers",Support,2000
2000_9c83961b0cca5ddd0a4ed20e43b06cad,2000_71eefe75e5c74fcd1b4665e530a0c4b6,T570,T568,I think that all new teachers ought to be tested in the subjects that they teach,I'm in favor of testing as a way of measuring performance,Support,2000
2000_50bf52b65b304381e723996e76d41478,2000_4c010efcc9bc15c446aa14d09941a770,T575,T574,so that the student who walks in has more one-on-one time with the teacher,We've got to reduce the class size,Support,2000
2000_5ead8ee602cf9e024bc3673dbac556b1,2000_808d28ae74e8e3dabd26d204e448f6bf,T580,T581,"I got a letter today as I left Sarasota, Florida",I'm here with a group of 13 people from around the country who helped me prepare,Support,2000
2000_808d28ae74e8e3dabd26d204e448f6bf,2000_65cbe5604dd1fd40546d337ff0d3c3bb,T581,T582,I'm here with a group of 13 people from around the country who helped me prepare,Two days ago we ate lunch at a restaurant,Support,2000
2000_65cbe5604dd1fd40546d337ff0d3c3bb,2000_f4f29fc4d8b89b67d4286d0f96642c76,T582,T583,Two days ago we ate lunch at a restaurant,The guy that served us lunch gave me a letter today,Support,2000
2000_f4f29fc4d8b89b67d4286d0f96642c76,2000_22d274d3743e94c7e8291a104940c39c,T583,T584,The guy that served us lunch gave me a letter today,His name is Randy Ellis,Support,2000
2000_22d274d3743e94c7e8291a104940c39c,2000_5859fd02978be6cd427a934051a57c16,T584,T585,His name is Randy Ellis,"He has a 15-year-old daughter named Caley, who is in Sarasota High School",Support,2000
2000_5859fd02978be6cd427a934051a57c16,2000_0cedffcf4ed6244d1c3f3738be6065ad,T585,T586,"He has a 15-year-old daughter named Caley, who is in Sarasota High School",Her science class was supposed to be for 24 students,Support,2000
2000_0cedffcf4ed6244d1c3f3738be6065ad,2000_0be8f3a7333e2103249c9e641471e2bb,T586,T587,Her science class was supposed to be for 24 students,She's the 36th student in that classroom,Support,2000
2000_0be8f3a7333e2103249c9e641471e2bb,2000_0b4237840fb5381c76356bb62f1cffaa,T587,T588,She's the 36th student in that classroom,They sent me a picture of her in the classroom,Support,2000
2000_0b4237840fb5381c76356bb62f1cffaa,2000_01150f3b1232785e049ebabe8d7b93a8,T588,T589,They sent me a picture of her in the classroom,"They can't squeeze another desk in for her, so she has to stand during class",Support,2000
2000_3875107a6255d2063176db4339c28b8b,2000_01150f3b1232785e049ebabe8d7b93a8,T578,T589,"I want the federal government, consistent with local control and new accountability, to make improvement of our schools the number one priority","They can't squeeze another desk in for her, so she has to stand during class",Attack,2000
2000_fcf2829050ec2c2ce882f21c96e6534f,2000_3875107a6255d2063176db4339c28b8b,T579,T578,so Caley will have a desk and can sit down in a classroom where she can learn,"I want the federal government, consistent with local control and new accountability, to make improvement of our schools the number one priority",Support,2000
2000_d43bee28609642c0ef1c3b3e55b65ee6,2000_3875107a6255d2063176db4339c28b8b,T572,T578,We ought to have universal pre-school,"I want the federal government, consistent with local control and new accountability, to make improvement of our schools the number one priority",Support,2000
2000_eb601632bc401e35ecf6f75274d9865f,2000_3875107a6255d2063176db4339c28b8b,T573,T578,"we ought to make college tuition tax deductible, up to $10,000 a year","I want the federal government, consistent with local control and new accountability, to make improvement of our schools the number one priority",Support,2000
2000_61c88d59e6fa716d395a287a562ffde6,2000_3875107a6255d2063176db4339c28b8b,T590,T578,there is no new accountability measures in Vice President Gore's plan,"I want the federal government, consistent with local control and new accountability, to make improvement of our schools the number one priority",Attack,2000
2000_b17538ec6600aafd3b5de578c4857953,2000_7bdab63f583bbb86ddb3f927c09fcfb6,T592,T591,You can't have voluntary testing,He says he's for voluntary testing,Attack,2000
2000_b17538ec6600aafd3b5de578c4857953,2000_61c88d59e6fa716d395a287a562ffde6,T592,T590,You can't have voluntary testing,there is no new accountability measures in Vice President Gore's plan,Support,2000
2000_7652ac2a57c28b317478b143f117d941,2000_b17538ec6600aafd3b5de578c4857953,T593,T592,You must have mandatory testing,You can't have voluntary testing,Attack,2000
2000_e4dcf0b514ec9fb17686109070c6507f,2000_7652ac2a57c28b317478b143f117d941,T594,T593,You must say that if you receive money you must show us whether or not children are learning to read and write and add and subtract,You must have mandatory testing,Support,2000
2000_b7cd8f4f6a73f4d26d6ab6224cfd7663,2000_61c88d59e6fa716d395a287a562ffde6,T597,T590,"You may claim you've got mandatory testing but you don't, Mr. Vice President",there is no new accountability measures in Vice President Gore's plan,Attack,2000
2000_7652ac2a57c28b317478b143f117d941,2000_a07086f9036a354d804cc86f5c89e258,T593,T595,You must have mandatory testing,Testing is the cornerstone of reform,Support,2000
2000_6acc3d6031bb92dfaee797705bde3004,2000_a07086f9036a354d804cc86f5c89e258,T596,T595,it's the cornerstone of reform in the State of Texas,Testing is the cornerstone of reform,Support,2000
2000_a07086f9036a354d804cc86f5c89e258,2000_914b9e2f3c5a93683cfdd0db8323fd5d,T595,T598,Testing is the cornerstone of reform,The cornerstone is to have strong accountability in return for money and in return for flexibility,Support,2000
2000_27dfa6bd769905fefed430fc8311c65b,2000_ae6531b533ab2aa15a0028d5184f9b57,T603,T604,We're going to ask you to show us whether or not -- we ask you to post the results on the Internet,We encourage parents to take a look at the comparative results of schools,Support,2000
2000_ae6531b533ab2aa15a0028d5184f9b57,2000_b3a0f3d301c236882df98f10523054d7,T604,T605,We encourage parents to take a look at the comparative results of schools,We have a strong charter school movement that I signed the legislation to get started in the State of Texas,Support,2000
2000_b3a0f3d301c236882df98f10523054d7,2000_91b1b899998f918a929891ff8f38d58b,T605,T600,We have a strong charter school movement that I signed the legislation to get started in the State of Texas,"I believe if we find poor children trapped in schools that won't teach, we need to free the parents",Support,2000
2000_91b1b899998f918a929891ff8f38d58b,2000_36922b550b22fa6a458aa68f8a08b206,T600,T599,"I believe if we find poor children trapped in schools that won't teach, we need to free the parents",We need to expand education savings accounts,Support,2000
2000_36922b550b22fa6a458aa68f8a08b206,2000_914b9e2f3c5a93683cfdd0db8323fd5d,T599,T598,We need to expand education savings accounts,The cornerstone is to have strong accountability in return for money and in return for flexibility,Support,2000
2000_cc864e20a72ac7e789c9fc780dbc8e71,2000_36922b550b22fa6a458aa68f8a08b206,T601,T599,Something that the vice presidentâ€™s running mate supports,We need to expand education savings accounts,Support,2000
2000_36922b550b22fa6a458aa68f8a08b206,2000_f748c3b388bed4f290d870760eea284c,T599,T602,We need to expand education savings accounts,He won't support freeing local districts from the strings of federal money,Attack,2000
2000_6c527d15157f15517145e9ac51fd5327,2000_b7cd8f4f6a73f4d26d6ab6224cfd7663,T606,T597,I do have mandatory testing,"You may claim you've got mandatory testing but you don't, Mr. Vice President",Attack,2000
2000_a1c1b7c36ad6a8f63f585f3a366ddefd,2000_6c527d15157f15517145e9ac51fd5327,T607,T606,I think the governor may not have heard what I said clearly,I do have mandatory testing,Support,2000
2000_9506f4d570f2c5bb68ccdeabfbe52d93,2000_a1c1b7c36ad6a8f63f585f3a366ddefd,T608,T607,The voluntary national testing is in addition to the mandatory testing that we require of states,I think the governor may not have heard what I said clearly,Support,2000
2000_84d9d2a6f84890a6f6921f6f5b19db35,2000_9506f4d570f2c5bb68ccdeabfbe52d93,T610,T608,"All schools, all school districts, students themselves, and required teacher testing",The voluntary national testing is in addition to the mandatory testing that we require of states,Support,2000
2000_cec641047286b5d603dbb4ec06ff1e26,2000_6c527d15157f15517145e9ac51fd5327,T609,T606,which goes a step farther than Governor Bush has been willing to go,I do have mandatory testing,Support,2000
2000_cec641047286b5d603dbb4ec06ff1e26,2000_914b9e2f3c5a93683cfdd0db8323fd5d,T609,T598,which goes a step farther than Governor Bush has been willing to go,The cornerstone is to have strong accountability in return for money and in return for flexibility,Attack,2000
2000_58d30e3b2bffcca6d116615b39767f98,2000_a09220ac55d4c64a5999ab4b81963914,T9,T8,All of our children have gone to both public schools and private schools,private schools play a great role in our society.,Support,2000
2000_8f1b81d012ade59a619a11aae88a230f,2000_9ea2ce2706ae53d5b11dbf86a46ecbce,T612,T611,Governor Bush is in favor of vouchers which take taxpayer money away from public schools and give them to private schools that are not accountable for how the money is used and don't have to take all applicants,I don't think private schools should have a right to take taxpayer money away from public schools at a time when Caley Ellis is standing in that classroom,Support,2000
2000_9ea2ce2706ae53d5b11dbf86a46ecbce,2000_a09220ac55d4c64a5999ab4b81963914,T611,T8,I don't think private schools should have a right to take taxpayer money away from public schools at a time when Caley Ellis is standing in that classroom,private schools play a great role in our society.,Attack,2000
2000_1d917a8e232a97d587604f925cd725f9,2000_459c8ec88bbf0b63a518400e63c05cec,T614,T613,"I went to a school in Dade County, Florida where the facilities are so overcrowded the children have to eat lunch in shifts with the first shift for lunch starting at 9:30 in the morning",this is a funding crisis all around the country,Support,2000
2000_93c8fc81c47e1cb29a9947d7a62e0bf1,2000_87aa5aaa21a57b29ceaca9a4cb834bfb,T615,T618,There are fewer parents of school-age children as a percentage of the voting population and there is the largest generation of students ever,We're in an information age when learning is more important than ever,Support,2000
2000_64edeb5095115bdcac26fce339f4d231,2000_7b56ffc5fc57f6bb67571975a082308c,T617,T616,90% of our kids go to public schools,We have to make it the number one priority,Support,2000
2000_87aa5aaa21a57b29ceaca9a4cb834bfb,2000_7b56ffc5fc57f6bb67571975a082308c,T618,T616,We're in an information age when learning is more important than ever,We have to make it the number one priority,Support,2000
2000_8816bac8aea24d587c9716350cd0bc03,2000_7b56ffc5fc57f6bb67571975a082308c,T619,T616,Modernize our schools,We have to make it the number one priority,Support,2000
2000_e12c979deea156bf9d326099b5828b07,2000_7b56ffc5fc57f6bb67571975a082308c,T620,T616,reduce class size,We have to make it the number one priority,Support,2000
2000_46670d4e5e9234c1058059bd6748ee6c,2000_7b56ffc5fc57f6bb67571975a082308c,T621,T616,recruit new teachers,We have to make it the number one priority,Support,2000
2000_8b0e11224878c4d743481f8061b64ce4,2000_7b56ffc5fc57f6bb67571975a082308c,T622,T616,"give every child a chance to learn with one-on-one time in a quality -- high-quality, safe school",We have to make it the number one priority,Support,2000
2000_3dba6ee8426fbbe82e09584059b8439c,2000_1e594b7c42fcb953d91f0fe20b70b112,T624,T623,the way Governor Jim Hunt does in North Carolina,"If it's a failing school, shut it down and reopen it under a new principal with a turnaround team of specialists",Support,2000
2000_1e594b7c42fcb953d91f0fe20b70b112,2000_7b56ffc5fc57f6bb67571975a082308c,T623,T616,"If it's a failing school, shut it down and reopen it under a new principal with a turnaround team of specialists",We have to make it the number one priority,Support,2000
2000_ffc51698abdb2f754ef624c81870ab17,2000_6dd29c649f7b4d703d7b5b38cc8e6eab,T625,T626,"The governor, if it's a failing school, would leave the children in that failing school for three years and then give a little bit of money to the parents, a down payment on a down payment for private school tuition, and pretend that that would be enough for them to go out and go to a private school",It's an illusion,Support,2000
2000_ffc51698abdb2f754ef624c81870ab17,2000_36922b550b22fa6a458aa68f8a08b206,T625,T599,"The governor, if it's a failing school, would leave the children in that failing school for three years and then give a little bit of money to the parents, a down payment on a down payment for private school tuition, and pretend that that would be enough for them to go out and go to a private school",We need to expand education savings accounts,Attack,2000
2000_a27dc662fe4338268aca4f26c6cd6b77,2000_0a205546988613d7a95d77bca27e6012,T10,T627,"I'm saying is if you spend money, show us results and test every year, which you do not do, Mr. Vice President.",You don't test every year,Support,2000
2000_cc5e182cdb22db71ff8c188231241134,2000_0a205546988613d7a95d77bca27e6012,T11,T627,"You can say you do to the cameras but you don't, unless you've changed your plan here on the stage",You don't test every year,Support,2000
2000_206704fd60911b8e545162b038926819,2000_cc5e182cdb22db71ff8c188231241134,T628,T11,I didn't say that,"You can say you do to the cameras but you don't, unless you've changed your plan here on the stage",Attack,2000
2000_0c762ff12a760bccaeb3cd0079b05c88,2000_fc44191f04ba5c136dd835afff4c181c,T630,T629,That's how you determine if children are progressing to excellence,You need to test every year,Support,2000
2000_a27dc662fe4338268aca4f26c6cd6b77,2000_fc44191f04ba5c136dd835afff4c181c,T10,T629,"I'm saying is if you spend money, show us results and test every year, which you do not do, Mr. Vice President.",You need to test every year,Support,2000
2000_ad21cb8992a46ebe6477e35bc491757b,2000_025e54b719968ae504efe6b812de92de,T632,T631,If you don't know what you're supposed to know,we'll make sure you do early before it's too late,Support,2000
2000_cdec5c6d4c980ec92c77011061ac5a51,2000_ad21cb8992a46ebe6477e35bc491757b,T636,T632,"Start asking the question, what do you know?",If you don't know what you're supposed to know,Support,2000
2000_dd8fc38f96e3e129a89948557921382c,2000_cdec5c6d4c980ec92c77011061ac5a51,T635,T636,"Stop this business about asking gosh, how old are you? If you're 10 we'll put you here, 12 you put here","Start asking the question, what do you know?",Support,2000
2000_3abe12e7c36db4a99bdd8ac6a9465405,2000_acdb0adc16e697cf70d86123b70562dd,T634,T633,"More money is needed and I spend more money, but step one is to make sure we reform the system to have the system in place that leaves no child behind",one of the things that we have to be careful about in politics is throwing money at a system that has not yet been reformed,Support,2000
2000_63a4c976e660d86267d7b1066c65f8a3,2000_d066905b504d6726d70a8fa1878f3da8,T864,T862,important for the president to be credible with foreign nations,I think credibility is important,Support,2000
2000_9ea64c9968b78e02723d9396330cde3a,2000_d066905b504d6726d70a8fa1878f3da8,T863,T862,It is going to be important for the president to be credible with Congress,I think credibility is important,Support,2000
2000_4327b2787f59cf22985cb758dca9fcfe,2000_d066905b504d6726d70a8fa1878f3da8,T865,T862,I think it's something that people need to consider,I think credibility is important,Support,2000
2000_09e142bd70fe2a0db68e939825ef839c,2000_90e299b1e2aeb8b2c952260ec69aa485,T867,T866,I thought during his debate with Senator Bradley saying he authored the EITC when it didn't happen,"I read a report, or a memo, from somebody in his 1988 campaign -- I forgot the fellow's name -- warning then Senator Gore to be careful about exaggerating claims",Support,2000
2000_59be727c10e70efe9ba0405be281af45,2000_8c422bc4bab45fa98ed9b317e1a1c40f,T868,T869,"he co-sponsored McCain-Feingold, and yet he didn't",I think this is an issue,Support,2000
2000_777cda3c57e50ddd43276e41cf1d4e01,2000_8c422bc4bab45fa98ed9b317e1a1c40f,T870,T869,I found it to be an issue in trying to defend my tax relief package,I think this is an issue,Support,2000
2000_76344acc949c90c9a90fe23039d751f0,2000_8c422bc4bab45fa98ed9b317e1a1c40f,T871,T869,I thought there was some exaggerations about the numbers,I think this is an issue,Support,2000
2000_09e142bd70fe2a0db68e939825ef839c,2000_47781dbd01a3650f64f0a4808bcfa172,T867,T872,I thought during his debate with Senator Bradley saying he authored the EITC when it didn't happen,I am going to continue to defend my record and defend my propositions against what I think are exaggerations,Support,2000
2000_90e299b1e2aeb8b2c952260ec69aa485,2000_47781dbd01a3650f64f0a4808bcfa172,T866,T872,"I read a report, or a memo, from somebody in his 1988 campaign -- I forgot the fellow's name -- warning then Senator Gore to be careful about exaggerating claims",I am going to continue to defend my record and defend my propositions against what I think are exaggerations,Support,2000
2000_8c422bc4bab45fa98ed9b317e1a1c40f,2000_47781dbd01a3650f64f0a4808bcfa172,T869,T872,I think this is an issue,I am going to continue to defend my record and defend my propositions against what I think are exaggerations,Support,2000
2000_3581aa5614cecea24721a095fa2b0e29,2000_88ac82f267d3d85a2e0ff7195b9a87ff,T874,T873,That's what he said the other day,"Exaggerations like, for example, only 5% of seniors receive benefits under my Medicare reform package",Support,2000
2000_88ac82f267d3d85a2e0ff7195b9a87ff,2000_22418bc514982853966a1df36134ab77,T873,T875,"Exaggerations like, for example, only 5% of seniors receive benefits under my Medicare reform package",that's simply not the case,Support,2000
2000_22418bc514982853966a1df36134ab77,2000_47781dbd01a3650f64f0a4808bcfa172,T875,T872,that's simply not the case,I am going to continue to defend my record and defend my propositions against what I think are exaggerations,Support,2000
2000_a76d0534f15eae004b2713bf770fa3da,2000_50f068ffcefee1e1d2ab94607f4d85d2,T877,T876,That's what debates are about,I have every right in the world to defend my record and positions,Support,2000
2000_e9a282bb589de089310f53e8b7a2aa52,2000_50f068ffcefee1e1d2ab94607f4d85d2,T878,T876,that's what campaigns are about,I have every right in the world to defend my record and positions,Support,2000
2000_50f068ffcefee1e1d2ab94607f4d85d2,2000_47781dbd01a3650f64f0a4808bcfa172,T876,T872,I have every right in the world to defend my record and positions,I am going to continue to defend my record and defend my propositions against what I think are exaggerations,Support,2000
2000_0458059e5b7a9b4e99b988b67118f822,2000_c467e3078c6e102b8809685c97d1dd79,T880,T879,I'm sorry about that,I got some of the details wrong last week in some of the examples that I used,Support,2000
2000_c467e3078c6e102b8809685c97d1dd79,2000_358cceebbd98335b6f709a4b17350395,T879,T881,I got some of the details wrong last week in some of the examples that I used,I'm going to try to do better,Support,2000
2000_a3713e1c95c12d24a09b278ad93f08ba,2000_358cceebbd98335b6f709a4b17350395,T882,T881,getting a detail wrong interfered several times with the point that I was trying to make,I'm going to try to do better,Support,2000
2000_244a1a97d560f292a6ced8769dddeecf,2000_b2bdd1eed5b8fdf110a7025f142e3761,T885,T884,More sometimes than people in foreign countries,"There are seniors who pay more for their prescriptions than a lot of other people, more than their pets, sometimes",Support,2000
2000_b2bdd1eed5b8fdf110a7025f142e3761,2000_4e130457d23c69b669f6319fc2085d99,T884,T1,"There are seniors who pay more for their prescriptions than a lot of other people, more than their pets, sometimes",we need to do something about that,Support,2000
2000_ddcbeb407455cb91c249ba29b8a7db13,2000_0315638a772e07b707abc4df596e0053,T888,T889,I can't promise that I will never get another detail wrong,"I can promise you that I will try not to, and hard",Support,2000
2000_0315638a772e07b707abc4df596e0053,2000_34534e0a657ff92f7cc4630825c48dfb,T889,T891,"I can promise you that I will try not to, and hard","I will promise you this with all the confidence in my heart and in the world, that I will do my best if I'm elected president, I'll work my heart out to get the big things right for the American people",Support,2000
2000_ad8af1f2e737962605612a4d134404f9,2000_4e130457d23c69b669f6319fc2085d99,T887,T1,Not with the measure that leaves the majority of them without any real basic help until the next president's term of four years is over. But right away,we need to do something about that,Support,2000
2000_ec12dd075e207751e2b978c64f379c59,2000_4e130457d23c69b669f6319fc2085d99,T890,T1,that means doing it under the Medicare program,we need to do something about that,Support,2000
2000_7bdca743ab381cc887a75bf1ccbaa25d,2000_4c935c8c0c634eee8aa46ee84ff70e24,T894,T893,That's the kind of exaggeration I was just talking about,"I think the point of that is that anybody would have a hard time trying to make a tax cut plan that is so large, that would put us into such big deficits, that gives almost half the benefits to the wealthiest of the wealthy",Attack,2000
2000_7d0a0748a57229a7497e0320d527a29e,2000_87e8f3b21a3cf87d5ab4878d0522aec8,T895,T892,I wasn't the one having trouble explaining it,I think anybody would have a hard time explaining that clearly in a way that makes sense to the average person,Support,2000
2000_7d0a0748a57229a7497e0320d527a29e,2000_7bdca743ab381cc887a75bf1ccbaa25d,T895,T894,I wasn't the one having trouble explaining it,That's the kind of exaggeration I was just talking about,Attack,2000
2000_44ccee4dfe2f708289f781cb5061f8ff,2000_469b4072d7dcf4ed1d80c963d8db2173,T321,T322,Milosevic has lost the election,"His opponent, Kostunica, has won the election",Support,2000
2000_577253afc5bbe8ff46a8d113f01d1cad,2000_469b4072d7dcf4ed1d80c963d8db2173,T323,T322,It's overwhelming,"His opponent, Kostunica, has won the election",Support,2000
2000_0d6d3e9d5e94af482ace931efc86ac63,2000_abb4d4a35781ca7a2f887f6c84ac409f,T324,T325,Milosevic's government refuses to release the vote count,There's now a general strike going on,Support,2000
2000_a9b5899328cb96fb504b85b7285ffe8c,2000_abb4d4a35781ca7a2f887f6c84ac409f,T326,T325,They're demonstrating,There's now a general strike going on,Support,2000
2000_469b4072d7dcf4ed1d80c963d8db2173,2000_abb4d4a35781ca7a2f887f6c84ac409f,T322,T325,"His opponent, Kostunica, has won the election",There's now a general strike going on,Support,2000
2000_abb4d4a35781ca7a2f887f6c84ac409f,2000_35e0693be99ae37c0ca5b145ef4699f6,T325,T320,There's now a general strike going on,"I think we should support the people of Serbia and Yugoslavia, as they call the Serbia plus Montenegro, and put pressure in every way possible to recognize the lawful outcome of the election",Support,2000
2000_15c361a0b0746a4ad176b363965201d3,2000_3b6a93de4159049593784de03e16b101,T330,T329,"we've made it clear, along with our allies, that when Milosevic leaves, then Serbia will be able to have a more normal relationship with the rest of the world",That is a very strong incentive that we've given them to do the right thing,Support,2000
2000_dfbf0e3487aecf40ebb43baf2f34f492,2000_da432aaf5950bec704ad9e94e6061a71,T332,T331,Milosevic has been indicted as a war criminal,he should be held accountable for his actions,Support,2000
2000_532b50c2619f0f948f692140c0658ae7,2000_4e733519a4fc868e2c9e40b14c7505c9,T333,T334,we have to take measured steps,"the sentiment within Serbia is, for understandable reasons, against the United States",Support,2000
2000_6ce4b4f8eb5f54d6dd482b41f45d0b5c,2000_4e733519a4fc868e2c9e40b14c7505c9,T335,T334,"their nationalism -- even if they don't like Milosevic, they still have some feelings lingering from the NATO action there","the sentiment within Serbia is, for understandable reasons, against the United States",Support,2000
2000_8aedaf8376d20185a46b120f653fc516,2000_532b50c2619f0f948f692140c0658ae7,T336,T333,we have to be intelligent in the way we go about it,we have to take measured steps,Support,2000
2000_35e0693be99ae37c0ca5b145ef4699f6,2000_3b6a93de4159049593784de03e16b101,T320,T329,"I think we should support the people of Serbia and Yugoslavia, as they call the Serbia plus Montenegro, and put pressure in every way possible to recognize the lawful outcome of the election",That is a very strong incentive that we've given them to do the right thing,Support,2000
2000_2f7dac6bf9a50240aee9d044c2090a73,2000_3b6a93de4159049593784de03e16b101,T327,T329,The people of Serbia have acted very bravely in kicking this guy out of office,That is a very strong incentive that we've given them to do the right thing,Support,2000
2000_35e0693be99ae37c0ca5b145ef4699f6,2000_c4b7239ba8faad583214b1c34c074ae4,T320,T328,"I think we should support the people of Serbia and Yugoslavia, as they call the Serbia plus Montenegro, and put pressure in every way possible to recognize the lawful outcome of the election",Now he is trying to not release the votes and then go straight to a so-called runoff election without even announcing the results of the first vote,Attack,2000
2000_da432aaf5950bec704ad9e94e6061a71,2000_3b6a93de4159049593784de03e16b101,T331,T329,he should be held accountable for his actions,That is a very strong incentive that we've given them to do the right thing,Support,2000
2000_3b6a93de4159049593784de03e16b101,2000_700c3ea872f40631b82c253bf4f9dcc4,T329,T337,That is a very strong incentive that we've given them to do the right thing,we should do everything we can to see that the will of the Serbian people expressed in this extraordinary election is done,Support,2000
2000_8aedaf8376d20185a46b120f653fc516,2000_700c3ea872f40631b82c253bf4f9dcc4,T336,T337,we have to be intelligent in the way we go about it,we should do everything we can to see that the will of the Serbian people expressed in this extraordinary election is done,Support,2000
2000_532b50c2619f0f948f692140c0658ae7,2000_700c3ea872f40631b82c253bf4f9dcc4,T333,T337,we have to take measured steps,we should do everything we can to see that the will of the Serbian people expressed in this extraordinary election is done,Support,2000
2000_6c7012a0be8ac85aaf741a585b79aafd,2000_700c3ea872f40631b82c253bf4f9dcc4,T3,T337,I hope that he'll be out of office very shortly.,we should do everything we can to see that the will of the Serbian people expressed in this extraordinary election is done,Support,2000
2000_4ca339e2a5e426e04130ac99fe943c4a,2000_6c7012a0be8ac85aaf741a585b79aafd,T338,T3,It's time for the man to go,I hope that he'll be out of office very shortly.,Support,2000
2000_7d471d1153ad9d0543f7aba32b761d01,2000_f12e058522a8d92e71255c5fa29d1490,T339,T341,the United States must have a strong diplomatic hand with our friends in NATO,it's important to make sure our alliances are as strong as they possibly can be to keep the pressure on Mr. Milosevic,Support,2000
2000_6a2b45a4d150d0cff6d28e2778e438ab,2000_1bce3b7a47c09da969e32685c77ded96,T342,T343,this will be an interesting moment for the Russians to step up and lead as well,Be a wonderful time for the Russians to step into the Balkans and convince Mr. Milosevic that it's in his best interest and his country's best interest to leave office,Support,2000
2000_5092c5b572aaf0747e4f9687a086a82d,2000_848a8ce1a17b6013cdef2b251c54c03c,T344,T345,The Russians have a lot of sway in that part of the world,We would like to see the Russians use that sway to encourage democracy to take hold,Support,2000
2000_848a8ce1a17b6013cdef2b251c54c03c,2000_1bce3b7a47c09da969e32685c77ded96,T345,T343,We would like to see the Russians use that sway to encourage democracy to take hold,Be a wonderful time for the Russians to step into the Balkans and convince Mr. Milosevic that it's in his best interest and his country's best interest to leave office,Support,2000
2000_3469b90fc8c845860712a3b822db2ee3,2000_1dfd4796d357f1990697d04d0f791ab1,T346,T340,It's an encouraging election,It's time for the man to leave,Support,2000
2000_1dfd4796d357f1990697d04d0f791ab1,2000_4ca339e2a5e426e04130ac99fe943c4a,T340,T338,It's time for the man to leave,It's time for the man to go,Support,2000
2000_45f74b8dbb20f08e6eed5ebb98c78ea1,2000_80269df6015493ba4d2e50ee5eba8689,T348,T349,we have a lot of sanctions in force against Serbia right now,the people of Serbia know that they can escape all those sanctions if this guy is turned out of power,Support,2000
2000_80269df6015493ba4d2e50ee5eba8689,2000_c538f16857059d4f4d8d0292661d6529,T349,T347,the people of Serbia know that they can escape all those sanctions if this guy is turned out of power,"In this particular situation, no",Support,2000
2000_b08c6946e8d81c4cadfe99a95b87bfad,2000_e814cd836d64c8a794f59ca6e1e2a7bf,T360,T361,they have not yet been willing to recognize Kostunica as the lawful winner of the election,I'm not sure it's right for us to invite the president of Russia to mediate this -- this dispute there,Support,2000
2000_2bcbcf38a6bd95e9307b3f2112064bf7,2000_e814cd836d64c8a794f59ca6e1e2a7bf,T362,T361,we might not like the results that comes out of that,I'm not sure it's right for us to invite the president of Russia to mediate this -- this dispute there,Support,2000
2000_ff0595d1849e17c845e8ef9a3ee84a97,2000_2bcbcf38a6bd95e9307b3f2112064bf7,T363,T362,They currently favor going forward with a runoff election,we might not like the results that comes out of that,Support,2000
2000_a8ea6712af9ce14ee73688096abf49bf,2000_e814cd836d64c8a794f59ca6e1e2a7bf,T350,T361,I think that's the wrong thing,I'm not sure it's right for us to invite the president of Russia to mediate this -- this dispute there,Support,2000
2000_ff0595d1849e17c845e8ef9a3ee84a97,2000_a8ea6712af9ce14ee73688096abf49bf,T363,T350,They currently favor going forward with a runoff election,I think that's the wrong thing,Support,2000
2000_af6acd3e3942bf04bf45eb2b15a9fdec,2000_3453d6a44b9940c5351aa0f17d99f09c,T352,T351,"we have worked with the Russians in a constructive way in Kosovo, for example, to end the conflict there",I think the governor's instinct is not necessarily bad,Support,2000
2000_3453d6a44b9940c5351aa0f17d99f09c,2000_0e62eedb1a0cd02a84a518cb633ee82b,T351,T353,I think the governor's instinct is not necessarily bad,I think we need to be very careful in the present situation before we invite the Russians to play the lead role in mediating,Attack,2000
2000_f29071e477b609b4966ac65a88f31970,2000_c3268226fa7fdc9711c44d4f8303d736,T355,T354,if they didn't agree with our answer,we wouldn't use the Russians,Support,2000
2000_c3268226fa7fdc9711c44d4f8303d736,2000_3453d6a44b9940c5351aa0f17d99f09c,T354,T351,we wouldn't use the Russians,I think the governor's instinct is not necessarily bad,Attack,2000
2000_5327140af3a5efe713d6e045b8b15f1e,2000_f29071e477b609b4966ac65a88f31970,T356,T355,They donâ€™t,if they didn't agree with our answer,Attack,2000
2000_465976fef68d5f1e4081984addfb61ee,2000_6bbea91edc057c21da863e7237313961,T1,T357,I wouldn't use force,I wouldn't use force,Support,2000
2000_6bbea91edc057c21da863e7237313961,2000_bb4f4567e213f2e2fbe6f2174a939573,T357,T364,I wouldn't use force,It's not in our national interest to use force in this case,Support,2000
2000_8711b47684f4c316ac7cfd06b4c8cfa3,2000_9b10cadf6465dc0559b091199c0a3f40,T366,T367,It's up to the people in this region to take control of their country,There is a difference with what the president did in Kosovo which I supported and this,Support,2000
2000_9b10cadf6465dc0559b091199c0a3f40,2000_0a8d1b8d6b39fee6a731308a21f13c01,T367,T365,There is a difference with what the president did in Kosovo which I supported and this,I would use pressure and diplomacy,Support,2000
2000_0a8d1b8d6b39fee6a731308a21f13c01,2000_bb4f4567e213f2e2fbe6f2174a939573,T365,T364,I would use pressure and diplomacy,It's not in our national interest to use force in this case,Support,2000
2000_afd411bd151a81e02a32f710878eeb40,2000_614f288f4848dc2d90f3c1f91e0a756f,T2,T3,I think public education is a solution,"Our desire is to find ways to reform our educational system, to return it to its former glory",Support,2000
2000_b9530c545692815497c704586934eb66,2000_614f288f4848dc2d90f3c1f91e0a756f,T4,T3,"I'm a product of public schools, my family, wife and daughters all went to public schools","Our desire is to find ways to reform our educational system, to return it to its former glory",Support,2000
2000_ad03ed568780b683aa71fc3a886e2d3a,2000_afd411bd151a81e02a32f710878eeb40,T5,T2,We believe very much in the public school system,I think public education is a solution,Equivalent,2000
2000_ac21f6f62af0429e0e1bff825b17c5bc,2000_5d86acc6d5ec58c7bc6a4254469c3511,T6,T10,"For example, the National Assessment of Educational Progress, an independent testing service, shows there's been no progress on reading scores in the last eight years. Almost no progress on math",That's unacceptable from our standpoint,Support,2000
2000_7eb2d414144de79ca3c99025920dab9c,2000_5d86acc6d5ec58c7bc6a4254469c3511,T7,T10,The achievement gap between minority and non-minority students is as big as it's ever been,That's unacceptable from our standpoint,Support,2000
2000_7a0b892542522beb42cc4c5559190bba,2000_5d86acc6d5ec58c7bc6a4254469c3511,T9,T10,it has produced almost no positive results,That's unacceptable from our standpoint,Support,2000
2000_507a1f081c8b1698cb696a3b3613227d,2000_5d86acc6d5ec58c7bc6a4254469c3511,T8,T10,We've had a significant increase in spending for education nationwide,That's unacceptable from our standpoint,Support,2000
2000_2ba812ea0088e36eb290abe4f6353588,2000_1f4f65e5594a9181e4ce2e6d0deef2f2,T12,T13,We've graduated 15 million kids from high school in the last few years who can't read at a significant level,They are permanently sentenced to a lifetime of failure,Support,2000
2000_397630c4318daafc331ff2edf05dd4a5,2000_1f4f65e5594a9181e4ce2e6d0deef2f2,T11,T13,"we now have in our most disadvantaged communities, 70% of our fourth graders can't read at the basic level of understanding",They are permanently sentenced to a lifetime of failure,Support,2000
2000_1f4f65e5594a9181e4ce2e6d0deef2f2,2000_7c818f28aa25e94e7d29c3d9a32b9544,T13,T14,They are permanently sentenced to a lifetime of failure,What we want to do is to change that,Support,2000
2000_5d86acc6d5ec58c7bc6a4254469c3511,2000_7c818f28aa25e94e7d29c3d9a32b9544,T10,T14,That's unacceptable from our standpoint,What we want to do is to change that,Support,2000
2000_bee5e35f0698b2ef09700dec5a3ffb29,2000_1922cf8834e0025fda42b246c52bdd81,T16,T15,Governor Bush has done it in Texas,We think we know how to do it,Support,2000
2000_e3a0aaed56da282975ec82e24c5199a6,2000_1922cf8834e0025fda42b246c52bdd81,T17,T15,We want to emphasize local control,We think we know how to do it,Support,2000
2000_96ba714ae4660c8abab3a7dcfec14a3f,2000_e3a0aaed56da282975ec82e24c5199a6,T18,T17,"so that people here in Danville, KY decide what is best for their kids",We want to emphasize local control,Support,2000
2000_9d09e45a3131b275f37e5ec07f588809,2000_1922cf8834e0025fda42b246c52bdd81,T19,T15,We want to insist on high standards,We think we know how to do it,Support,2000
2000_7dac260143cbdbeaafab00b77863de96,2000_ecf4fb28504656d7f3789d6bbf880a03,T21,T20,"in effect to say to a youngster because of their ethnic background or income level, we don't have the same kind of expectations from you that we have from everybody else",One of the worst things we can do is fail to establish high standards,Support,2000
2000_ecf4fb28504656d7f3789d6bbf880a03,2000_9d09e45a3131b275f37e5ec07f588809,T20,T19,One of the worst things we can do is fail to establish high standards,We want to insist on high standards,Support,2000
2000_b0db97dbab9d8a4e7905157b06eb2cbf,2000_01a570f932e1e482a9913d0042ff110f,T23,T22,We have to test every child every year to know whether or not we're making progress with respect to achieving those goals and objectives,We want accountability,Support,2000
2000_afa637e124e9039da6e7a47468bfa127,2000_01a570f932e1e482a9913d0042ff110f,T24,T22,We think it's extraordinarily important,We want accountability,Support,2000
2000_60a12f9e65085bad5a38e348704d73e7,2000_01a570f932e1e482a9913d0042ff110f,T25,T22,Probably the single most important issue in this campaign,We want accountability,Support,2000
2000_01a570f932e1e482a9913d0042ff110f,2000_1922cf8834e0025fda42b246c52bdd81,T22,T15,We want accountability,We think we know how to do it,Support,2000
2000_b50694a93d060bde9f3c2829ee0e1509,2000_1922cf8834e0025fda42b246c52bdd81,T26,T15,Governor Bush has made it clear that when he's elected this will be his number one priority as a legislative measure to submit to the Congress,We think we know how to do it,Support,2000
2000_25eb655563dd4c080240dd6fff46146d,2000_ac21f6f62af0429e0e1bff825b17c5bc,T29,T6,A lot of progress has been made in recent years,"For example, the National Assessment of Educational Progress, an independent testing service, shows there's been no progress on reading scores in the last eight years. Almost no progress on math",Attack,2000
2000_25eb655563dd4c080240dd6fff46146d,2000_fb5fe83661a0b75b352606c0f6e71970,T29,T28,A lot of progress has been made in recent years,I disagree with what my opponent has said,Support,2000
2000_99a7366368195d43d896104b3fa4dff7,2000_25eb655563dd4c080240dd6fff46146d,T30,T29,"Average testing scores are up and a lot of extraordinary work is being done by tens of thousands of parents, teachers and administrators all around America",A lot of progress has been made in recent years,Support,2000
2000_99a7366368195d43d896104b3fa4dff7,2000_ac21f6f62af0429e0e1bff825b17c5bc,T30,T6,"Average testing scores are up and a lot of extraordinary work is being done by tens of thousands of parents, teachers and administrators all around America","For example, the National Assessment of Educational Progress, an independent testing service, shows there's been no progress on reading scores in the last eight years. Almost no progress on math",Attack,2000
2000_acbfdd6440c3e8198c6c0c4cf0c5fc33,2000_e77ce0df25b7ff8abf7080fe4f000ca9,T31,T33,"I think both of us agree that leaving aside the Social Security and Medicare surpluses, there's $1.8 trillion in surplus available to spend over the next ten years",we're being fiscally responsible about it,Support,2000
2000_569d9e772e34af964335915ee8b6d482,2000_e77ce0df25b7ff8abf7080fe4f000ca9,T34,T33,We're taking $300 billion off the top to put in reserve fund,we're being fiscally responsible about it,Support,2000
2000_049e710e76d405cbe6e9fe445f8f2380,2000_e77ce0df25b7ff8abf7080fe4f000ca9,T35,T33,The rest we'll use for middle class tax cuts and invest in programs like education,we're being fiscally responsible about it,Support,2000
2000_04fb47a65cd0340ee1eaf7f54658093d,2000_04055926405024c12a6cababc4ec4c69,T38,T37,You cannot reform education and improve it in this country without spending some money,We're saving money to invest in education,Support,2000
2000_72353a0281d8bdde4baa4d9ef709761c,2000_04055926405024c12a6cababc4ec4c69,T39,T37,Al Gore and I have committed $170 billion for that purpose,We're saving money to invest in education,Support,2000
2000_2d4023ce06e60f591528c05a4263865e,2000_72353a0281d8bdde4baa4d9ef709761c,T40,T39,"To recruit 100,000 new teachers to reduce the size of classrooms",Al Gore and I have committed $170 billion for that purpose,Support,2000
2000_155a5d5a5d772725341a0b58718a72f2,2000_72353a0281d8bdde4baa4d9ef709761c,T41,T39,To help local school districts build new buildings so our children are not learning in crumbling classrooms,Al Gore and I have committed $170 billion for that purpose,Support,2000
2000_ba243e2f73975ecaf576a5a07139ce1c,2000_04fb47a65cd0340ee1eaf7f54658093d,T42,T38,"we're not just going to stop at high school. We're going to go on and give the middle class the ability to deduct up to $10,000 a year in the cost of college tuition",You cannot reform education and improve it in this country without spending some money,Support,2000
2000_8eccd8c4c5a8fc41a2e9457311eb8591,2000_4c12c9623cdc6013f47d01f72a24c43b,T44,T43,allow them to develop the kinds of skills that will help them succeed in the hi-tech economy of today,that is a tremendous life-saving change which will help people carry on their education,Support,2000
2000_4c12c9623cdc6013f47d01f72a24c43b,2000_04055926405024c12a6cababc4ec4c69,T43,T37,that is a tremendous life-saving change which will help people carry on their education,We're saving money to invest in education,Support,2000
2000_04fb47a65cd0340ee1eaf7f54658093d,2000_e657b8ba3b1ebf5774a52c79f60e2422,T38,T36,You cannot reform education and improve it in this country without spending some money,Our opponents are going to spend $1.6 trillion of the $1.8 trillion surplus projected on that big tax cut that Al Gore talked about the other night so effectively,Attack,2000
2000_04055926405024c12a6cababc4ec4c69,2000_e77ce0df25b7ff8abf7080fe4f000ca9,T37,T33,We're saving money to invest in education,we're being fiscally responsible about it,Support,2000
2000_614f288f4848dc2d90f3c1f91e0a756f,2000_5d86acc6d5ec58c7bc6a4254469c3511,T3,T10,"Our desire is to find ways to reform our educational system, to return it to its former glory",That's unacceptable from our standpoint,Support,2000
2000_fb5fe83661a0b75b352606c0f6e71970,2000_55063f5722d03dd81ef66df002e45339,T28,T27,I disagree with what my opponent has said,Al Gore and I are committed to making America's public schools the best in the world,Support,2000
2000_049e710e76d405cbe6e9fe445f8f2380,2000_55063f5722d03dd81ef66df002e45339,T35,T27,The rest we'll use for middle class tax cuts and invest in programs like education,Al Gore and I are committed to making America's public schools the best in the world,Support,2000
2000_a4206d11d1b3d544facc82d3b2fc9187,2000_e77ce0df25b7ff8abf7080fe4f000ca9,T50,T33,"If you look, frankly, by our numbers and the numbers of the Senate Budget Committee, which has totaled up all the promises that Vice President Gore has made during the course of the campaign, they are some $900 billion in spending over and above that surplus already and we still have a month to go in the campaign",we're being fiscally responsible about it,Attack,2000
2000_55858a3c00bd33e27795abb10a32bb54,2000_e657b8ba3b1ebf5774a52c79f60e2422,T52,T36,Suggestion that somehow all of it is going for tax cuts isn't true,Our opponents are going to spend $1.6 trillion of the $1.8 trillion surplus projected on that big tax cut that Al Gore talked about the other night so effectively,Attack,2000
2000_55858a3c00bd33e27795abb10a32bb54,2000_2bbb4b9f05e8411e12deb12037af5062,T52,T51,Suggestion that somehow all of it is going for tax cuts isn't true,The fact is that the program that we put together we think is very responsible,Support,2000
2000_d8d659af1611d8da72fb4cb7f0959c2e,2000_2bbb4b9f05e8411e12deb12037af5062,T53,T51,Another way to look at it is over the course of the next ten years we'll collect roughly $25 trillion in revenue,The fact is that the program that we put together we think is very responsible,Support,2000
2000_7c15ca62fc55836b6c2ffbb95c0290eb,2000_d8d659af1611d8da72fb4cb7f0959c2e,T54,T53,We want to take about 5% of that and return that to the American taxpayer in the form of tax relief,Another way to look at it is over the course of the next ten years we'll collect roughly $25 trillion in revenue,Support,2000
2000_4a397213dd293555b3e06dcbcb291687,2000_52d212123cd80c4ca6699201f462b19d,T56,T55,"The average American family is paying about 40% in federal, state and local taxes",We have the highest level of taxation now we've had since World War II,Support,2000
2000_52d212123cd80c4ca6699201f462b19d,2000_cc53d08001d19e42759457d8534738ff,T55,T57,We have the highest level of taxation now we've had since World War II,We think it is appropriate to return to the American people,Support,2000
2000_e30b2f3988bb3d900bd0e2e797d118d0,2000_cc53d08001d19e42759457d8534738ff,T58,T57,"so that they can make choices themselves in how that money ought to be spent; whether on education, retirement or on paying their bills",We think it is appropriate to return to the American people,Support,2000
2000_5bddd20e0a3b7f797d6d4829df1ac192,2000_cc53d08001d19e42759457d8534738ff,T59,T57,It is their choice and it is their prerogative,We think it is appropriate to return to the American people,Support,2000
2000_cc53d08001d19e42759457d8534738ff,2000_2bbb4b9f05e8411e12deb12037af5062,T57,T51,We think it is appropriate to return to the American people,The fact is that the program that we put together we think is very responsible,Support,2000
2000_0f9b3c0c863b941e70f50cb30d9253bc,2000_cc53d08001d19e42759457d8534738ff,T60,T57,We want to give them the opportunity to make those kinds of choices for themselves and we think this is a totally reasonable approach,We think it is appropriate to return to the American people,Support,2000
2000_01fea66e0292ca833e1ee72a274c4b6e,2000_a4206d11d1b3d544facc82d3b2fc9187,T61,T50,"With all due respect, the Senate Budget Committee estimates that Dick Cheney has just referred to are the estimates of the partisan Republican staff of the Senate Budget Committee","If you look, frankly, by our numbers and the numbers of the Senate Budget Committee, which has totaled up all the promises that Vice President Gore has made during the course of the campaign, they are some $900 billion in spending over and above that surplus already and we still have a month to go in the campaign",Attack,2000
2000_aca65357da63c1c273dc3904d4f9b81a,2000_01fea66e0292ca833e1ee72a274c4b6e,T62,T61,We're using the numbers presented by the nonpartisan Congressional Budget Office,"With all due respect, the Senate Budget Committee estimates that Dick Cheney has just referred to are the estimates of the partisan Republican staff of the Senate Budget Committee",Support,2000
2000_0f09248d89cfdfcc96f7b78e62e6e0bf,2000_787308b2e241a805c6e6f8af878df468,T67,T66,"In fact, they raid the Medicare trust fund to pay for, well, their tax cut and other programs that they can't afford because they've spent so much on the tax cut",Our opponents do not do that,Support,2000
2000_787308b2e241a805c6e6f8af878df468,2000_35a16713084ade6590054153f7f2b9eb,T66,T64,Our opponents do not do that,That's where the agreement ends,Support,2000
2000_7cd0db0710f4753131b05afad2711df4,2000_35a16713084ade6590054153f7f2b9eb,T65,T64,We also agree and believe and pledge that the surplus in the Medicare trust fund should also be locked up with a sign on it that says politicians keep your hands off,That's where the agreement ends,Support,2000
2000_960867e3dae44d05c47268670bd06246,2000_ffc8a7dc5ac3f2567a830755935b33f7,T69,T70,"Worse than that, when you add on the other spending programs that our opponents have committed to, plus the cost of their plan to privatize Social Security, by our calculations they're $1.1 trillion in debt.","That means we go back down the road to higher interest rates, to higher unemployment, to a kind of self-tax increase on every American family",Support,2000
2000_e043dcf4d62eccc72e782597b5c58629,2000_ffc8a7dc5ac3f2567a830755935b33f7,T68,T70,"The numbers show that $1.6 trillion goes to the big tax cut which, as Al Gore said the other night, sends 43% to the top 1%","That means we go back down the road to higher interest rates, to higher unemployment, to a kind of self-tax increase on every American family",Support,2000
2000_90192214901f26d5d0c2f8c5ce23fb25,2000_ffc8a7dc5ac3f2567a830755935b33f7,T71,T70,"when interest rates go up, so, too, do the cost of mortgage payments, car payments, student loans, credit card transactions","That means we go back down the road to higher interest rates, to higher unemployment, to a kind of self-tax increase on every American family",Support,2000
2000_ffc8a7dc5ac3f2567a830755935b33f7,2000_a6b405550ff6f6ef55a613e598cbdcd7,T70,T72,"That means we go back down the road to higher interest rates, to higher unemployment, to a kind of self-tax increase on every American family","if we've learned anything over the last eight years, it is that one of the most important things the government can do, the federal government, probably the most important, is to be fiscally responsible",Support,2000
2000_a6b405550ff6f6ef55a613e598cbdcd7,2000_23a19ecb2713138db6df43ca2b6f048d,T72,T73,"if we've learned anything over the last eight years, it is that one of the most important things the government can do, the federal government, probably the most important, is to be fiscally responsible",Al Gore and I are committed to balancing the budget every year,Support,2000
2000_5e34efed3fabf82e96cf9da86ac15bf5,2000_23a19ecb2713138db6df43ca2b6f048d,T74,T73,"the paying off the debt by the year 2012, when by our calculation our opponent's economic plan still leaves America $2.8 trillion in debt",Al Gore and I are committed to balancing the budget every year,Support,2000
2000_0931d23bc996592332b6d05d70823fbc,2000_f4fa192ac66fc4e7648f01aec6b0df48,T249,T250,I was disappointed in the ruling,abortions ought to be more rare in America,Support,2000
2000_f4fa192ac66fc4e7648f01aec6b0df48,2000_945d5055ae693e9fd1f02a25411a4caf,T250,T251,abortions ought to be more rare in America,I'm worried that that pill will create more abortions and cause more people to have abortions,Support,2000
2000_945d5055ae693e9fd1f02a25411a4caf,2000_5396b319b50ac549ae508fce4a6cac1f,T251,T252,I'm worried that that pill will create more abortions and cause more people to have abortions,This is a very important topic and it's a very sensitive topic,Support,2000
2000_501e23ec71ab98df192975f68d2555db,2000_5396b319b50ac549ae508fce4a6cac1f,T253,T252,a lot of good people disagree on the issue,This is a very important topic and it's a very sensitive topic,Support,2000
2000_5396b319b50ac549ae508fce4a6cac1f,2000_935954e8ced25ca515497103bad7fd55,T252,T254,This is a very important topic and it's a very sensitive topic,I think what the next president ought to do is to promote a culture of life in America,Support,2000
2000_c3525936ebba4ab6bf3b6e07612bc5a7,2000_935954e8ced25ca515497103bad7fd55,T255,T254,Life of the elderly and life of those living all across the country,I think what the next president ought to do is to promote a culture of life in America,Support,2000
2000_99d385ab1c8e6ddaa150ee75355e3c23,2000_935954e8ced25ca515497103bad7fd55,T256,T254,Life of the unborn,I think what the next president ought to do is to promote a culture of life in America,Support,2000
2000_935954e8ced25ca515497103bad7fd55,2000_4fea727fd92722340236b47c1a805966,T254,T257,I think what the next president ought to do is to promote a culture of life in America,"I think a noble goal for this country is that every child, born or unborn, need to be protected by law and welcomed to life",Support,2000
2000_4fea727fd92722340236b47c1a805966,2000_1a67514cd80d8c9a6f1ccce93dbb1154,T257,T260,"I think a noble goal for this country is that every child, born or unborn, need to be protected by law and welcomed to life",we need to change a lot of minds before we get there in America,Attack,2000
2000_53bbc10c2e2cf7c0486e760779e791ea,2000_4fea727fd92722340236b47c1a805966,T258,T257,"What I do believe is that we can find good, common ground on issues of parental consent or parental notification","I think a noble goal for this country is that every child, born or unborn, need to be protected by law and welcomed to life",Support,2000
2000_71ab3598177d9b90c11edb791a7fcc97,2000_3501a839b1087ec73db3ab6b89b464fb,T1,T259,This is a place where my opponent and I have strong disagreement,we need to ban partial birth abortions,Support,2000
2000_3501a839b1087ec73db3ab6b89b464fb,2000_4fea727fd92722340236b47c1a805966,T259,T257,we need to ban partial birth abortions,"I think a noble goal for this country is that every child, born or unborn, need to be protected by law and welcomed to life",Support,2000
2000_3501a839b1087ec73db3ab6b89b464fb,2000_4532d0b8c216305b26d8d68bf9630fbf,T259,T261,we need to ban partial birth abortions,I believe banning partial birth abortions would be a positive step to reducing the number of abortions in America,Support,2000
2000_1a67514cd80d8c9a6f1ccce93dbb1154,2000_491e8bf18f79bb3b83061e9522d49a64,T260,T262,we need to change a lot of minds before we get there in America,This is an issue that will require a new attitude,Support,2000
2000_2d865279ba78a1d670c071b53109f776,2000_491e8bf18f79bb3b83061e9522d49a64,T263,T262,We've been battling over abortion for a long period of time,This is an issue that will require a new attitude,Support,2000
2000_491e8bf18f79bb3b83061e9522d49a64,2000_b63327c8e9ecb0e90e9785f3e7672d9c,T262,T264,This is an issue that will require a new attitude,Surely this nation can come together to promote the value of life,Support,2000
2000_b63327c8e9ecb0e90e9785f3e7672d9c,2000_f94ff1e62d2cdebc210a1a98bbfca400,T264,T267,Surely this nation can come together to promote the value of life,Surely we can find common ground to reduce the number of abortions in America,Support,2000
2000_bf36e3b817f7e95c064f42a393fd8724,2000_f94ff1e62d2cdebc210a1a98bbfca400,T265,T267,Surely we can fight off these laws that will encourage doctors to -- to allow doctors to take the lives of our seniors,Surely we can find common ground to reduce the number of abortions in America,Support,2000
2000_d1cc4d6d02e105081982e43112109e76,2000_f94ff1e62d2cdebc210a1a98bbfca400,T266,T267,Surely we can work together to create a cultural life so some of these youngsters who feel like they can take a neighbor's life with a gun will understand that that's not the way America is meant to be,Surely we can find common ground to reduce the number of abortions in America,Support,2000
2000_0f0efe026aa6a111e63ae8ef31bf373b,2000_46ed9f6c8ed48988ae80dee8f43f34fd,T2,T3,"As to the drug itself, I mentioned I was disappointed.",I hope the FDA took its time to make sure that American women will be safe who use this drug,Support,2000
2000_7cf7b600f9d30875f527486b10bb19ad,2000_2efce1430592bfc6ba02fc10e5d33824,T269,T268,the FDA took 12 years,I do support that decision,Support,2000
2000_6e5dc0969970951deebc7afd4c56fcde,2000_46ed9f6c8ed48988ae80dee8f43f34fd,T270,T3,They determined it was medically safe for the women who use that drug,I hope the FDA took its time to make sure that American women will be safe who use this drug,Attack,2000
2000_6e5dc0969970951deebc7afd4c56fcde,2000_2efce1430592bfc6ba02fc10e5d33824,T270,T268,They determined it was medically safe for the women who use that drug,I do support that decision,Support,2000
2000_a1845fadcc763677adccbdaeead0637a,2000_88bd38930e4a24240afbcb91b149fe5e,T272,T271,That's not the main issue,"I would sign a law banning that procedure, provided that doctors have the ability to save a woman's life or to act if her health is severely at risk",Attack,2000
2000_4f0cbb4b52e08f52f1cdfcf39d341a02,2000_2efce1430592bfc6ba02fc10e5d33824,T4,T268,This is indeed a very important issue,I do support that decision,Support,2000
2000_bf6ec6801adedfa29a1b4681cfc125ba,2000_e96c51e1fa441fd299efe5d2446d8451,T274,T273,I support a woman's right to choose,The main issue is whether or not the Roe v. Wade decision is going to be overturned,Support,2000
2000_bf6ec6801adedfa29a1b4681cfc125ba,2000_09c6ba3b945a37cb90addc1eab0e73d9,T274,T275,I support a woman's right to choose,My opponent does not,Attack,2000
2000_f49948cdba8f916197907de49c0797f5,2000_26d619640aee9de787c2d95ad9e2e38a,T276,T277,It is important,the next president is going to appoint three and maybe even four justices of the Supreme Court,Support,2000
2000_37b751ba0a4e110b7ae4ad84a5a024cb,2000_4bf2d190f4eef1f31039a4ffe6e682b8,T278,T279,"Governor Bush has declared to the anti-choice groups that he will appoint justices in the mold of Scalia and Clarence Thomas, who are known for being the most vigorous opponents of a woman's right to choose",He trusts the government to order a woman to do what it thinks she ought to do,Support,2000
2000_df8045cdc5cc8b28b74e27b1fe9e8bfb,2000_26656e57bac51bdf634c6f9dd18c0a45,T280,T281,"I trust women to make the decisions that affect their lives, their destinies and their bodies",I think a woman's right to choose ought to be protected and defended,Support,2000
2000_26656e57bac51bdf634c6f9dd18c0a45,2000_4bf2d190f4eef1f31039a4ffe6e682b8,T281,T279,I think a woman's right to choose ought to be protected and defended,He trusts the government to order a woman to do what it thinks she ought to do,Attack,2000
2000_bf6ec6801adedfa29a1b4681cfc125ba,2000_26656e57bac51bdf634c6f9dd18c0a45,T274,T281,I support a woman's right to choose,I think a woman's right to choose ought to be protected and defended,Support,2000
2000_09c6ba3b945a37cb90addc1eab0e73d9,2000_4bf2d190f4eef1f31039a4ffe6e682b8,T275,T279,My opponent does not,He trusts the government to order a woman to do what it thinks she ought to do,Support,2000
2000_37b751ba0a4e110b7ae4ad84a5a024cb,2000_26d619640aee9de787c2d95ad9e2e38a,T278,T277,"Governor Bush has declared to the anti-choice groups that he will appoint justices in the mold of Scalia and Clarence Thomas, who are known for being the most vigorous opponents of a woman's right to choose",the next president is going to appoint three and maybe even four justices of the Supreme Court,Attack,2000
2000_b1d1d215a0280b824fa6edde2b438add,2000_ab64840848463060733c37317ad76acc,T284,T285,I have no litmus test on that issue or any other issue,I'll put competent judges on the bench,Support,2000
2000_ab98cc5692d81ff98f8c4fa095e613dc,2000_ab64840848463060733c37317ad76acc,T286,T285,People who will strictly interpret the Constitution and not use the bench to write social policy,I'll put competent judges on the bench,Support,2000
2000_29aa12069277b27c4899ede75149e14f,2000_ab64840848463060733c37317ad76acc,T290,T285,That is going to be a big difference between my opponent and me,I'll put competent judges on the bench,Support,2000
2000_ab98cc5692d81ff98f8c4fa095e613dc,2000_328279f71b39694fde2ffbfc90152f63,T286,T287,People who will strictly interpret the Constitution and not use the bench to write social policy,I believe that the judges ought not to take the place of the legislative branch of government,Support,2000
2000_3aafa890a085a850a94512596e59a26b,2000_328279f71b39694fde2ffbfc90152f63,T288,T287,That they're appointed for life and that they ought to look at the Constitution as sacred,I believe that the judges ought not to take the place of the legislative branch of government,Support,2000
2000_05c815583764eb52f19791dcf2d0235e,2000_328279f71b39694fde2ffbfc90152f63,T289,T287,They shouldn't misuse their bench,I believe that the judges ought not to take the place of the legislative branch of government,Support,2000
2000_fc639d37563eb509a8c3be1aa8d60b95,2000_1711857d81b30427137b20528554e91c,T292,T293,I believe in strict constructionists,Those are the kind of judges I will appoint,Support,2000
2000_05c815583764eb52f19791dcf2d0235e,2000_ccbc2ee4a819fa6f5ed185940ad83e5e,T289,T291,They shouldn't misuse their bench,I don't believe in liberal activist judges,Attack,2000
2000_328279f71b39694fde2ffbfc90152f63,2000_1711857d81b30427137b20528554e91c,T287,T293,I believe that the judges ought not to take the place of the legislative branch of government,Those are the kind of judges I will appoint,Support,2000
2000_ab64840848463060733c37317ad76acc,2000_1711857d81b30427137b20528554e91c,T285,T293,I'll put competent judges on the bench,Those are the kind of judges I will appoint,Support,2000
2000_25f1fcf7690a917fae90165c2d65f038,2000_6322ac391d20ee2d830484e874ee97d7,T295,T294,"They're good, solid men and women who have made good, sound judgments on behalf of the people of Texas","I've named four supreme court justices in the State of Texas and would ask the people to check out their qualifications, their deliberations",Support,2000
2000_6322ac391d20ee2d830484e874ee97d7,2000_1711857d81b30427137b20528554e91c,T294,T293,"I've named four supreme court justices in the State of Texas and would ask the people to check out their qualifications, their deliberations",Those are the kind of judges I will appoint,Support,2000
2000_544dc68f68148845435f295c1b49e3c2,2000_1711857d81b30427137b20528554e91c,T300,T293,We both use similar language to reach an exactly opposite outcome,Those are the kind of judges I will appoint,Attack,2000
2000_5e15698501fa2d39d2270c15c12513cd,2000_7cd3fc58cf5f289bbb084812b7670fb1,T301,T296,"I don't favor a litmus test, but I know that there are ways to assess how a potential justice interprets the Constitution","in my view, the Constitution ought to be interpreted as a document that grows with our country and our history",Support,2000
2000_7cd3fc58cf5f289bbb084812b7670fb1,2000_fc639d37563eb509a8c3be1aa8d60b95,T296,T292,"in my view, the Constitution ought to be interpreted as a document that grows with our country and our history",I believe in strict constructionists,Attack,2000
2000_c2cf2111bd3e1cb789aaa7a21e43a93d,2000_7cd3fc58cf5f289bbb084812b7670fb1,T299,T296,"I believe, for example, that there is a right of privacy in the Fourth Amendment","in my view, the Constitution ought to be interpreted as a document that grows with our country and our history",Support,2000
2000_7cd3fc58cf5f289bbb084812b7670fb1,2000_da827f9c646fe21d4ad77f53b1447bf9,T296,T298,"in my view, the Constitution ought to be interpreted as a document that grows with our country and our history","when the phrase a strict constructionist is used and when the names of Scalia and Thomas are used as the benchmarks for who would be appointed, those are code words, and nobody should mistake this, for saying the governor would appoint people who would overturn Roe v. Wade",Attack,2000
2000_44c469309bf94cc7c977a98a1c78a9e3,2000_da827f9c646fe21d4ad77f53b1447bf9,T297,T298,I would appoint people that have a philosophy that I think would have it quite likely they would uphold Roe v. Wade,"when the phrase a strict constructionist is used and when the names of Scalia and Thomas are used as the benchmarks for who would be appointed, those are code words, and nobody should mistake this, for saying the governor would appoint people who would overturn Roe v. Wade",Attack,2000
2000_44c469309bf94cc7c977a98a1c78a9e3,2000_7cd3fc58cf5f289bbb084812b7670fb1,T297,T296,I would appoint people that have a philosophy that I think would have it quite likely they would uphold Roe v. Wade,"in my view, the Constitution ought to be interpreted as a document that grows with our country and our history",Support,2000
2000_5a2d6786a05a2e93f3a5d4ebe3bfe8f1,2000_da827f9c646fe21d4ad77f53b1447bf9,T302,T298,It sounds like the vice presidentâ€™s not right very many times tonight,"when the phrase a strict constructionist is used and when the names of Scalia and Thomas are used as the benchmarks for who would be appointed, those are code words, and nobody should mistake this, for saying the governor would appoint people who would overturn Roe v. Wade",Attack,2000
2000_7cdeddf21ff4cebf5eb4894980987cc3,2000_d30203024e918f6ac7a4321bcbf8e299,T303,T304,I just told you the criteria on which I'll appoint judges,I have a record of appointing judges in the State of Texas,Support,2000
2000_83b7daf560506541642d5a8f7bd95df1,2000_405f581b2d4f9f183f4e6dea28584b14,T305,T306,That's what a governor gets to do,A governor gets to name supreme court judges,Support,2000
2000_405f581b2d4f9f183f4e6dea28584b14,2000_d30203024e918f6ac7a4321bcbf8e299,T306,T304,A governor gets to name supreme court judges,I have a record of appointing judges in the State of Texas,Support,2000
2000_8c43a20243380e05eb10c5ff8b3b0a6e,2000_44c469309bf94cc7c977a98a1c78a9e3,T309,T297,It would be likely that they would uphold Roe v. Wade,I would appoint people that have a philosophy that I think would have it quite likely they would uphold Roe v. Wade,Support,2000
2000_025c3f4a42c60ca18a7c1412d8ff441b,2000_4d888f444982a8cf056cfe806e282d58,T311,T310,If you look at the history of a lower court judge's rulings,you can get a pretty good idea of how they'll interpret questions,Support,2000
2000_5598c0ff0b0a5273c8bc7e8d9cd718b5,2000_025c3f4a42c60ca18a7c1412d8ff441b,T308,T311,I do believe it's wrong to use a litmus test,If you look at the history of a lower court judge's rulings,Support,2000
2000_a3658fa531843d69a17bf7c80544a56c,2000_70148c6c0b45c7d689a64b9cb090f0ec,T312,T313,A lot of questions are first impression,these questions that have been seen many times come up in a new context,Support,2000
2000_70148c6c0b45c7d689a64b9cb090f0ec,2000_4d888f444982a8cf056cfe806e282d58,T313,T310,these questions that have been seen many times come up in a new context,you can get a pretty good idea of how they'll interpret questions,Support,2000
2000_f1f6f43e651041a4805dc13070471026,2000_4d888f444982a8cf056cfe806e282d58,T314,T310,this is a very important issue,you can get a pretty good idea of how they'll interpret questions,Support,2000
2000_87b79c4c7f536a5e56f4916d159c09d6,2000_f1f6f43e651041a4805dc13070471026,T315,T314,a lot of young women in this country take this right for granted and it could be lost,this is a very important issue,Support,2000
2000_8cb8aef3c01b67c0178ccd442ae9e9c5,2000_f1f6f43e651041a4805dc13070471026,T316,T314,"t is on the ballot in this election, make no mistake about it",this is a very important issue,Support,2000
2000_cc4177aed9b3158d915ef645c849ea2e,2000_e8eb1729864f88fc6ae2fbb94e7a4b20,T318,T317,that's what he'll do,He'll put liberal activists justices who will use their bench to subvert the legislature,Support,2000
2000_965f7836dcbe862c9d92984a5b5d78c7,2000_e8eb1729864f88fc6ae2fbb94e7a4b20,T319,T317,Thatâ€™s not right,He'll put liberal activists justices who will use their bench to subvert the legislature,Attack,2000
2000_e8eb1729864f88fc6ae2fbb94e7a4b20,2000_8c43a20243380e05eb10c5ff8b3b0a6e,T317,T309,He'll put liberal activists justices who will use their bench to subvert the legislature,It would be likely that they would uphold Roe v. Wade,Attack,2000
2000_337240d735e68736a567337e2c6c52b7,2000_5172f9d8618dcfc79c2bafb6d8d1e64f,T760,T759,I think that in this 21st century we will soon see the consequences of what's called global warming,I do,Support,2000
2000_cf7b588d4d6d06f911a5bb82b15ae681,2000_337240d735e68736a567337e2c6c52b7,T761,T760,There was a study just a few weeks ago suggesting that in summertime the north polar ice cap will be completely gone in 50 years,I think that in this 21st century we will soon see the consequences of what's called global warming,Support,2000
2000_a6a61679d44fbdaa4433852cb1c1c6ec,2000_337240d735e68736a567337e2c6c52b7,T762,T760,Already many people see the strange weather conditions that the old timers say they've never seen before in their lifetimes,I think that in this 21st century we will soon see the consequences of what's called global warming,Support,2000
2000_01ad2355ac531e378eefafad2d23b686,2000_337240d735e68736a567337e2c6c52b7,T763,T760,what's happening is the level of pollution is increasing significantly,I think that in this 21st century we will soon see the consequences of what's called global warming,Support,2000
2000_4622e8d3dde6ce97f9527c44fdf74c71,2000_97515ade37bda56bb5a15e1ec0406b24,T765,T764,"If we take the leadership role and build the new technologies, like the new kinds of cars and trucks that Detroit is itching to build",we can create millions of good new jobs by being first into the market with these new kinds of cars and trucks and other kinds of technologies,Support,2000
2000_c31342c1ccd550567e0ec308783d73b8,2000_0d9790816bd06c299d76d16bdd9d5907,T767,T766,the Japanese are breathing down our necks on this,They're moving very rapidly,Support,2000
2000_db7850f6b6aebe67d9ab66dc42c3f481,2000_0d9790816bd06c299d76d16bdd9d5907,T768,T766,they know that it is a fast-growing world market,They're moving very rapidly,Support,2000
2000_0240d673b97ba912e270f73e50cea78d,2000_c15d25eb7fb69dc0606b894e38045de7,T770,T771,they're looking for ways to satisfy their desire for a better life and still reduce pollution at the same time,I think that holding onto the old ways and the old argument that the environment and the economy are in conflict is really outdated,Support,2000
2000_32040cdfea29da9ad5f66f6c5954b660,2000_7974dccde21ee9b76ab88a473151cbd0,T775,T774,The governor said that he doesn't think this problem is necessarily caused by people,we disagree on this,Support,2000
2000_be2182c4b14f7c98182857de8ac7d163,2000_7974dccde21ee9b76ab88a473151cbd0,T776,T774,He's for letting the oil companies into the Arctic National Wildlife Refuge,we disagree on this,Support,2000
2000_a2d94d40f5f8f7b4f709c6dc64026768,2000_7974dccde21ee9b76ab88a473151cbd0,T777,T774,Houston has just become the smoggiest city in the country,we disagree on this,Support,2000
2000_8906281c7339d21fcb724bc58be1f42e,2000_7974dccde21ee9b76ab88a473151cbd0,T778,T774,Texas is number one in industrial pollution,we disagree on this,Support,2000
2000_c15d25eb7fb69dc0606b894e38045de7,2000_5d72dcc1e738eccb1d95c3500c511cfb,T771,T772,I think that holding onto the old ways and the old argument that the environment and the economy are in conflict is really outdated,We have to be bold,Support,2000
2000_c15d25eb7fb69dc0606b894e38045de7,2000_3cf921a60d04ebdd6396c231949e2a0d,T771,T773,I think that holding onto the old ways and the old argument that the environment and the economy are in conflict is really outdated,We have to provide leadership,Support,2000
2000_7974dccde21ee9b76ab88a473151cbd0,2000_ec3af0f90d11575b656c032fdb9ac2f7,T774,T780,we disagree on this,I will fight for a clean environment in ways that strengthen our economy,Support,2000
2000_3cf921a60d04ebdd6396c231949e2a0d,2000_ec3af0f90d11575b656c032fdb9ac2f7,T773,T780,We have to provide leadership,I will fight for a clean environment in ways that strengthen our economy,Support,2000
2000_5d72dcc1e738eccb1d95c3500c511cfb,2000_ec3af0f90d11575b656c032fdb9ac2f7,T772,T780,We have to be bold,I will fight for a clean environment in ways that strengthen our economy,Support,2000
2000_c15d25eb7fb69dc0606b894e38045de7,2000_ec3af0f90d11575b656c032fdb9ac2f7,T771,T780,I think that holding onto the old ways and the old argument that the environment and the economy are in conflict is really outdated,I will fight for a clean environment in ways that strengthen our economy,Support,2000
2000_79974bf3172a90edc5afc377142598d4,2000_6bae22c0e0836e53e56e93c1ca9357c4,T782,T781,We are a big industrial state,let me start with Texas,Support,2000
2000_e0622214bf3070966c56cc9088413e8c,2000_6bae22c0e0836e53e56e93c1ca9357c4,T783,T781,We reduced our industrial waste by 11%,let me start with Texas,Support,2000
2000_41402ba68ff7af328a92360144a2b4a5,2000_6bae22c0e0836e53e56e93c1ca9357c4,T784,T781,"We cleaned up more brown fields than any other administration in my state's history, 450 of them",let me start with Texas,Support,2000
2000_ebd56747072afd6de950df301d64a99b,2000_6bae22c0e0836e53e56e93c1ca9357c4,T785,T781,Our water is cleaner now,let me start with Texas,Support,2000
2000_e243353f883aec92c7b5f051633e0b1d,2000_a0a1d1a3588c6d6d0dd6c3a76dac2c7b,T787,T788,people are willing to invest capital in the brown fields don't want to do so for fear of lawsuit,"I think we ought to have federal liability protection, depending upon whether or not standards have been met",Support,2000
2000_61723df67417188847971f127d6bfc81,2000_a0a1d1a3588c6d6d0dd6c3a76dac2c7b,T786,T788,A brown field is an abandoned industrial site that just sits idle in some of our urban centers,"I think we ought to have federal liability protection, depending upon whether or not standards have been met",Support,2000
2000_4a877bc66c3c84d998650912be9b2098,2000_d6a54adfe13656f083692a13c98f2364,T792,T793,I think we need to have clean coal technologies,I propose $2 billion worth,Support,2000
2000_ed4c0710d024c02d54057737b13ce34f,2000_d6a54adfe13656f083692a13c98f2364,T791,T793,I believe we ought to fully fund the Land and Water Conservation Fund to -- with half the money going to states so states can make the right decisions for environmental quality,I propose $2 billion worth,Support,2000
2000_694f1c0c553a1170192072dc1eb22764,2000_c3dc3cf41cc64219902599e700022b3e,T789,T790,"The book you mentioned that Vice President Gore wrote, he also called for taxing -- big energy taxes in order to clean up the environment","now that the energy prices are high, I guess he's not advocating those big energy taxes right now",Support,2000
2000_c3dc3cf41cc64219902599e700022b3e,2000_ed4c0710d024c02d54057737b13ce34f,T790,T791,"now that the energy prices are high, I guess he's not advocating those big energy taxes right now",I believe we ought to fully fund the Land and Water Conservation Fund to -- with half the money going to states so states can make the right decisions for environmental quality,Support,2000
2000_27e4c88510c91fe3c4978044eb6cf517,2000_af12b493af9537ac6ff7fb19834d75b0,T794,T795,"I just found out the other day an interesting fact, that there is a national petroleum reserve right next to -- in Prudhoe Bay that your administration opened up for exploration in that pristine area",it was a smart move,Support,2000
2000_fb62c1fb8b55dbca69f7adb6eae38145,2000_af12b493af9537ac6ff7fb19834d75b0,T796,T795,there's gas reserves up there,it was a smart move,Support,2000
2000_102c5707061ce34f2e6bd4653fef3f83,2000_fb62c1fb8b55dbca69f7adb6eae38145,T797,T796,We need gas pipelines to bring the gas down,there's gas reserves up there,Support,2000
2000_e6568313b5ac97bcedde348acddac6fd,2000_e1fcee66c6b23119797de3608ae86563,T799,T798,that's what we did in Texas,"we need to make sure that if we decontrol our plants that there's mandatory -- that the plants must conform to clean air standards, the grandfathered plants",Support,2000
2000_d199bdca325b7bf73d45c6ddf829dbc7,2000_e1fcee66c6b23119797de3608ae86563,T800,T798,No excuses,"we need to make sure that if we decontrol our plants that there's mandatory -- that the plants must conform to clean air standards, the grandfathered plants",Support,2000
2000_c4efc10860465074eac7b48f9b75486b,2000_e1fcee66c6b23119797de3608ae86563,T801,T798,You must conform,"we need to make sure that if we decontrol our plants that there's mandatory -- that the plants must conform to clean air standards, the grandfathered plants",Support,2000
2000_e1fcee66c6b23119797de3608ae86563,2000_50e1795c710c2c2fcc62c936c2d7df66,T798,T802,"we need to make sure that if we decontrol our plants that there's mandatory -- that the plants must conform to clean air standards, the grandfathered plants",there are practical things we can do,Support,2000
2000_21ea622f9ac5ccbc0ab892c34097280f,2000_50e1795c710c2c2fcc62c936c2d7df66,T803,T802,it starts with working in a collaborative effort with states and local folks,there are practical things we can do,Support,2000
2000_8195b3c1077bacce9439eee7f8c5f298,2000_50e1795c710c2c2fcc62c936c2d7df66,T805,T802,People care a lot about their land and care about their environment,there are practical things we can do,Support,2000
2000_a4bb9195403edb8760dd854040b821f4,2000_50e1795c710c2c2fcc62c936c2d7df66,T804,T802,"If you own the land, every day is Earth Day",there are practical things we can do,Support,2000
2000_e0622214bf3070966c56cc9088413e8c,2000_8906281c7339d21fcb724bc58be1f42e,T783,T778,We reduced our industrial waste by 11%,Texas is number one in industrial pollution,Attack,2000
2000_41402ba68ff7af328a92360144a2b4a5,2000_8906281c7339d21fcb724bc58be1f42e,T784,T778,"We cleaned up more brown fields than any other administration in my state's history, 450 of them",Texas is number one in industrial pollution,Attack,2000
2000_c3dc3cf41cc64219902599e700022b3e,2000_1364cb40c5fa45489dcf1370fca4e467,T790,T807,"now that the energy prices are high, I guess he's not advocating those big energy taxes right now",I'm not in favor of energy taxes,Support,2000
2000_1c25930e8648372cd9223abccbb42489,2000_1364cb40c5fa45489dcf1370fca4e467,T808,T807,I am in favor of tax cuts to encourage and give incentives for the quicker development of these new kinds of technologies,I'm not in favor of energy taxes,Support,2000
2000_14d3e26069d345cafcf3083d88a54579,2000_1c25930e8648372cd9223abccbb42489,T809,T808,Detroit is rearing to go on that,I am in favor of tax cuts to encourage and give incentives for the quicker development of these new kinds of technologies,Support,2000
2000_d48be4668f8fb747d761d92ef75a9c7a,2000_27686fc5af58460f81bda30ee0700ac8,T813,T810,We differ on whether or not pollution controls ought to be voluntary,I don't think you can get results that way,Support,2000
2000_27686fc5af58460f81bda30ee0700ac8,2000_2720bc0130dbd1cb8d378d49d26978c5,T810,T811,I don't think you can get results that way,We differ on the kinds of appointments that we would make,Support,2000
2000_3ab53bbe4c7f36bf170dd5f1771380ae,2000_2720bc0130dbd1cb8d378d49d26978c5,T806,T811,"I'm really strongly committed to clean water and clean air, and cleaning up the new kinds of challenges like global warming",We differ on the kinds of appointments that we would make,Support,2000
2000_1c25930e8648372cd9223abccbb42489,2000_2720bc0130dbd1cb8d378d49d26978c5,T808,T811,I am in favor of tax cuts to encourage and give incentives for the quicker development of these new kinds of technologies,We differ on the kinds of appointments that we would make,Support,2000
2000_7e7491a3e193e217ca9e2612bb7a9ab6,2000_b15cf25c920773297fd6532932a9d9d7,T816,T815,I believe Washington ought to set standards,"I don't believe in command and control out of Washington, D.C.",Support,2000
2000_425c5c582788af4a66fbc95e2fb968b9,2000_b15cf25c920773297fd6532932a9d9d7,T817,T815,I think we ought to be collaborative at the local levels,"I don't believe in command and control out of Washington, D.C.",Support,2000
2000_65c46f4c6e7939aa6e42578ccf5bd531,2000_b15cf25c920773297fd6532932a9d9d7,T818,T815,I think we ought to work with people at the local levels,"I don't believe in command and control out of Washington, D.C.",Support,2000
2000_39ef02a13310873a9ccbd6d8d361faff,2000_dc974db337844631509f2296a3e5816b,T820,T819,The electric decontrol bill that I fought for and signed in Texas has mandatory emission standards,That's what we ought to do at the federal level when it comes to grandfathered plants for utilities,Support,2000
2000_4c6de851f006159422c6237e2cb2c5ed,2000_786b42eca4e016b92f53a848d691f2e7,T824,T823,I certainly would have consulted with governors and elected officials before I would have acted unilaterally,That's not the way I would have done it,Support,2000
2000_9e21fd9352d612f0c4363910e66f4674,2000_c50f8063b74a41e2ecf905172b58dc5d,T826,T825,So long as people have input,"Sure, absolutely, so long as they're based upon science and they're reasonable",Support,2000
2000_09871b4dedecf1347970d3710303f3e8,2000_89331290f152396a8aa71034daf1f44a,T828,T827,I don't think we know the solution to global warming yet,I think it's an issue that we need to take very seriously,Support,2000
2000_2b0c31c6dc8da5519e64abe15973256e,2000_b41b2de1fb8e844578712fc59fb41292,T831,T830,Like Kyoto Treaty would have done,I'm not going to let the United States carry the burden for cleaning up the world's air,Support,2000
2000_3ae08a1ce5f9ade79a2180175d780147,2000_b41b2de1fb8e844578712fc59fb41292,T829,T830,I don't think we've got all the facts before we make decisions,I'm not going to let the United States carry the burden for cleaning up the world's air,Support,2000
2000_8ce3ed0b2a7f74854acf18fd42f7dd5a,2000_b41b2de1fb8e844578712fc59fb41292,T832,T830,China and India were exempted from that treaty,I'm not going to let the United States carry the burden for cleaning up the world's air,Support,2000
2000_b41b2de1fb8e844578712fc59fb41292,2000_b6ff902195d5d93aeb699bdf5995d9ee,T830,T833,I'm not going to let the United States carry the burden for cleaning up the world's air,I think we need to be more even-handed,Support,2000
2000_325417636368d58d8e83953797de971a,2000_b6ff902195d5d93aeb699bdf5995d9ee,T834,T833,as evidently 99 senators -- I think it was 99 senators supported that position,I think we need to be more even-handed,Support,2000
2000_7614802a78488126bb25ecf906c49d15,2000_90f3fb66687b6c5559014f3ee393d016,T837,T838,I'm not for command and control techniques either,"I'm for working with the groups, not just with industry but also with the citizen groups and local communities",Support,2000
2000_88315481c02fe15ce41f19fadec27d11,2000_90f3fb66687b6c5559014f3ee393d016,T839,T838,to control sprawl in ways that the local communities themselves come up with,"I'm for working with the groups, not just with industry but also with the citizen groups and local communities",Support,2000
2000_af57e26632af733bc8b1b67075908c71,2000_e8bbd3df1a7c12ebc230f12cbd1a9045,T841,T840,I think that we do,I disagree that we don't know the cause of global warming,Support,2000
2000_e8bbd3df1a7c12ebc230f12cbd1a9045,2000_09871b4dedecf1347970d3710303f3e8,T840,T828,I disagree that we don't know the cause of global warming,I don't think we know the solution to global warming yet,Attack,2000
2000_acca9253264bec7200395882cc03b80f,2000_af57e26632af733bc8b1b67075908c71,T842,T841,"It's pollution, carbon dioxide, and other chemicals that are even more potent, but in smaller quantities, that cause this",I think that we do,Support,2000
2000_e5f96fea7833280c5cada1085f1ef4ba,2000_af57e26632af733bc8b1b67075908c71,T843,T841,the world's temperature is going up,I think that we do,Support,2000
2000_6aa88ddcde464f3ceecef001a0a77948,2000_af57e26632af733bc8b1b67075908c71,T844,T841,weather patterns are changing,I think that we do,Support,2000
2000_74b90477fdf54d6587dd776e4350041d,2000_af57e26632af733bc8b1b67075908c71,T845,T841,storms are getting more violent and unpredictable,I think that we do,Support,2000
2000_9b0da783c0cdb3df82e986beea24bc26,2000_d865907a06bb114b08984d3e54a97c00,T846,T849,What are we going to tell our children?,I believe that -- that we ought to recognize the value to our children and grandchildren of taking steps that preserve the environment in a way that's good for them,Support,2000
2000_7f9090f9e0367b6a7479a1275b78dcbf,2000_d865907a06bb114b08984d3e54a97c00,T847,T849,I'm a grandfather now,I believe that -- that we ought to recognize the value to our children and grandchildren of taking steps that preserve the environment in a way that's good for them,Support,2000
2000_e1123bfd8e5c911fb5850e8ac6de11a0,2000_d865907a06bb114b08984d3e54a97c00,T848,T849,I want to be able to tell my grandson when I'm in my later years that I didn't turn away from the evidence that showed that we were doing some serious harm,I believe that -- that we ought to recognize the value to our children and grandchildren of taking steps that preserve the environment in a way that's good for them,Support,2000
2000_77f690be0439d14b2642e8531a9ff025,2000_d865907a06bb114b08984d3e54a97c00,T850,T849,"In my faith tradition, it is -- it's written in the book of Matthew, ""Where your heart is, there is your treasure also.""",I believe that -- that we ought to recognize the value to our children and grandchildren of taking steps that preserve the environment in a way that's good for them,Support,2000
2000_de36a9b6da6515713ea583a1efd04529,2000_d865907a06bb114b08984d3e54a97c00,T851,T849,I agree,I believe that -- that we ought to recognize the value to our children and grandchildren of taking steps that preserve the environment in a way that's good for them,Support,2000
2000_36c948d800d6514e026414190e124ece,2000_92108f82746602d99ce0e2a2a34a25b8,T853,T852,global warming needs to be taken very seriously,I take it seriously,Support,2000
2000_dc366522acc67f9149fcdb195654104d,2000_23ea6b2aba52a648577701bbafbb9b2d,T854,T855,"But science, there's a lot -- there's differing opinions","before we react, I think it's best to have the full accounting, full understanding of what's taking place",Support,2000
2000_cf17228d8226332e9b42a671fdc6fff2,2000_07ddaef05f630ec6980054c36b36458d,T858,T857,We may have different approaches in terms of how we deal with local folks,We may have different approaches,Support,2000
2000_1ac3afd359c3a3e23dce2f18cf1dbbf6,2000_cf17228d8226332e9b42a671fdc6fff2,T859,T858,I just cited an example of the administration just unilaterally acting without any input,We may have different approaches in terms of how we deal with local folks,Support,2000
2000_3d619629d653d4350b02cab37c4828d6,2000_592ce20d65820cb51712c8fabbe07fba,T860,T861,"I remember you gave a very good answer to New Hampshire about the White Mountains, about how it was important to keep that collaborative effort in place",I feel very strongly the same place,Support,2000
2000_6d6e3ced986df8d2e65ba948be3f6dbf,2000_7974dccde21ee9b76ab88a473151cbd0,T779,T774,We have a very different outlook,we disagree on this,Equivalent,2000
2000_b6243971c24d5ccf90e36a717ab4760c,2000_be2182c4b14f7c98182857de8ac7d163,T812,T776,We differ on the Arctic National Wildlife Refuge,He's for letting the oil companies into the Arctic National Wildlife Refuge,Equivalent,2000
2000_4dd88adba9c705bbafe6207346b3823f,2000_37e58cd399fe3226e6a4894f1c20ed0f,T510,T509,I think marriage is a sacred institution between a man and a woman,I'm not for gay marriage,Support,2000
2000_634680f2715fcf6d6e37189f4fd1c129,2000_4dd88adba9c705bbafe6207346b3823f,T513,T510,I appreciated the way the administration signed the Defense of Marriage Act,I think marriage is a sacred institution between a man and a woman,Support,2000
2000_141b481b9c73f112a4bdb39185a420d1,2000_7ba0efdcb455621af244689c12134f23,T515,T514,I've had a record of doing so in the State of Texas,I'm going to be respectful for people who may disagree with me,Support,2000
2000_8d91dbad7d9ab3e6e4a4652f466afacf,2000_153350e9947571116e3ebe879ccb04fb,T517,T516,I accept other people's points of view,"I've been a person that had been called a uniter, not a divider",Support,2000
2000_03f8972d0e16892bd76d3e7b23e793da,2000_4dd88adba9c705bbafe6207346b3823f,T512,T510,I feel strongly that marriage should be between a man and a woman,I think marriage is a sacred institution between a man and a woman,Support,2000
2000_57c25f6a55bd405d0bde3891baa21047,2000_507cba1d3fc9f480286c6e1bd4daca76,T519,T518,I did support that law,I agree with that,Support,2000
2000_1b02dc5babc1d3f00e79101bb615d8ba,2000_507cba1d3fc9f480286c6e1bd4daca76,T520,T518,I think that we should find a way to allow some kind of civic unions,I agree with that,Support,2000
2000_a141f31cbbcd3a06066fbe34a4817885,2000_1b02dc5babc1d3f00e79101bb615d8ba,T522,T520,I basically agree with Dick Cheney and Joe Lieberman,I think that we should find a way to allow some kind of civic unions,Support,2000
2000_507cba1d3fc9f480286c6e1bd4daca76,2000_e869fb6167b6a95116c4a09236400244,T518,T521,I agree with that,I think the three of us have one view and the Governor has another view,Support,2000
2000_507cba1d3fc9f480286c6e1bd4daca76,2000_37e58cd399fe3226e6a4894f1c20ed0f,T518,T509,I agree with that,I'm not for gay marriage,Attack,2000
2000_bad59ff59b81555341ff360191da0ab5,2000_45c7f3476ee4445545aca97f9007c899,T524,T523,I've been a tolerant person all my life,I will be a tolerant person,Support,2000
2000_565eea1f55e38153abedd4fcb1cfb4a2,2000_ea6cec4a2de29b52bad85c5299fd8292,T528,T527,I think they ought to have the same rights,I don't think they ought to have special rights,Support,2000
2000_ea6cec4a2de29b52bad85c5299fd8292,2000_5abc9503827de374c7c4367247d678b5,T527,T526,I don't think they ought to have special rights,Yes,Support,2000
2000_0c5fe88f8fa6f529d228f3a010be23d0,2000_5975dd41c29ba2c7f71a11f854fa6560,T530,T529,there's a law pending called the Employment Non-Discrimination Act,I strongly support it,Support,2000
2000_1e91123cbe602055b3ea85cc3b3dca99,2000_5975dd41c29ba2c7f71a11f854fa6560,T531,T529,What it says is that gays and lesbians can't be fired from their job because they're gay or lesbian,I strongly support it,Support,2000
2000_a4d81335ebaf41918cbfaebc5707bee3,2000_1e91123cbe602055b3ea85cc3b3dca99,T532,T531,it would be a federal law preventing that,What it says is that gays and lesbians can't be fired from their job because they're gay or lesbian,Support,2000
2000_98d4e1ff6478a58481045d0f7a2957f2,2000_5975dd41c29ba2c7f71a11f854fa6560,T533,T529,it's been blocked by the opponents in the majority in the Congress,I strongly support it,Support,2000
2000_b4d2be17f4f74276d37ededb7b9e7a2e,2000_2ea51c737d4fcb1b90c922c331b55830,T535,T534,I don't know the particulars of this law,I have no idea,Support,2000
2000_9b95544b8c19fcf2b7a65297e6272f85,2000_2ea51c737d4fcb1b90c922c331b55830,T538,T534,"I'm the kind of person, I don't hire or fire somebody based upon their sexual orientation",I have no idea,Support,2000
2000_f67c0f33e5947aa08d31480f972dea79,2000_5827551d6f853e9474766f73a225c409,T539,T536,"I don't really think it's any of my -- you know, any of my concerns what -- how you conduct your sex life",I think that's a private matter,Support,2000
2000_6a08286449fa81c54468ff8f5057d67c,2000_5827551d6f853e9474766f73a225c409,T537,T536,I think that's the way it ought to be,I think that's a private matter,Support,2000
2000_ea207f8cb9343c88a8b2c6a57421f270,2000_63127a0e3a5b319bd49790bd6cf0f756,T540,T2,I support equal rights but not special rights for people,I'm going to be respectful for people,Support,2000
2000_d8eee286ec0beed0c763f0087dc4f38d,2000_63127a0e3a5b319bd49790bd6cf0f756,T542,T2,I'll tolerate people,I'm going to be respectful for people,Support,2000
2000_c2bf9a954810e47f323863621b429d3f,2000_dc79fb070825c06eb8c0ad5c7ce4fcb4,T543,T544,it would be if they're given special protective status,"That doesn't mean we shouldn't fully enforce laws and fully protect people and fully honor people, which I will do as the President of the United States",Support,2000
2000_c9bd27ff534b5e5186778f2d328a129c,2000_4dd88adba9c705bbafe6207346b3823f,T1,T510,But I think marriage is a sacred institution,I think marriage is a sacred institution between a man and a woman,Equivalent,2000
2000_228532b1ddd31eb2926dacb990bc048d,2000_03f8972d0e16892bd76d3e7b23e793da,T525,T512,I just happen to believe strongly that marriage is between a man and a woman,I feel strongly that marriage should be between a man and a woman,Equivalent,2000
2000_ea207f8cb9343c88a8b2c6a57421f270,2000_565eea1f55e38153abedd4fcb1cfb4a2,T540,T528,I support equal rights but not special rights for people,I think they ought to have the same rights,Equivalent,2000
2000_5f1aae9178ea3e9f922f2538c6cb2d52,2000_ddff0eb2ffe60112514e809bd60ece14,T667,T668,That's what governors end up doing,We end up being problem solvers,Support,2000
2000_bf7cfb8f174532c394ee8676c79d8012,2000_f1afd1b9e24c938489bbd3210e757129,T663,T666,"what I would do first and foremost, is I would get in touch with the Federal Reserve Chairman, Alan Greenspan, to find out all the facts and all the circumstances",I would come up with a game plan to deal with it,Support,2000
2000_eb4acf73153b0d2f8d5bfae6beaf3fae,2000_f1afd1b9e24c938489bbd3210e757129,T664,T666,"I would have my Secretary of the Treasury be in touch with the financial centers not only here, but at home",I would come up with a game plan to deal with it,Support,2000
2000_fae1134c8cfdbb6f14f7cf7a6e4133c2,2000_f1afd1b9e24c938489bbd3210e757129,T665,T666,I would make sure that key members of Congress were called in to discuss the gravity of the situation,I would come up with a game plan to deal with it,Support,2000
2000_f1afd1b9e24c938489bbd3210e757129,2000_ddff0eb2ffe60112514e809bd60ece14,T666,T668,I would come up with a game plan to deal with it,We end up being problem solvers,Support,2000
2000_ffce83b2c6ecc4d384e7006772173b01,2000_ddff0eb2ffe60112514e809bd60ece14,T669,T668,"We come up with practical, common sense solutions for problems that we're confronted with",We end up being problem solvers,Support,2000
2000_ddff0eb2ffe60112514e809bd60ece14,2000_2001db0a5b44956d38db754d0058b6b2,T668,T670,We end up being problem solvers,"in the case of a financial crisis, I would gather all the facts before I made the decision as to what the government ought or ought not to do",Support,2000
2000_2e0f6610f81d9a6288bbc67e62b30c49,2000_4defadba916b2a0b82cafddc0b9e1e22,T673,T674,"On the international financial crises that come up, my friend, Bob Rubin, the former Secretary of Treasury is here, he's a close advisor to me and great friend in all respects",I have had a chance to work with him and Alan Greenspan and others on the crisis following the collapse of the Mexican peso,Support,2000
2000_a331f3c6f2d8fe33a05f06df5b1fd4e7,2000_8cbaa606950ba38edd9fe5a8bcc128c2,T672,T671,it's not good enough,We need to do more and better,Support,2000
2000_dd5f6a2f64604b952b9f8757f83f7069,2000_4defadba916b2a0b82cafddc0b9e1e22,T675,T674,When the Asian financial crisis raised the risk of world-wide recession that could affect our economy,I have had a chance to work with him and Alan Greenspan and others on the crisis following the collapse of the Mexican peso,Support,2000
2000_ab8af604a5d1ae577220708ea68865b7,2000_dd5f6a2f64604b952b9f8757f83f7069,T676,T675,"And now, of course, the euro's value has been dropping, but seems to be under control",When the Asian financial crisis raised the risk of world-wide recession that could affect our economy,Support,2000
2000_4defadba916b2a0b82cafddc0b9e1e22,2000_4e1ba7581e79d3049ea861eb0c691363,T674,T677,I have had a chance to work with him and Alan Greenspan and others on the crisis following the collapse of the Mexican peso,"it started for me in the last eight years when I had the honor of casting the tie-breaking vote to end the old economic plan here at home and put into place a new economic plan that has helped us to make some progress, 22 million new jobs, the greatest prosperity ever",Support,2000
2000_a331f3c6f2d8fe33a05f06df5b1fd4e7,2000_4e1ba7581e79d3049ea861eb0c691363,T672,T677,it's not good enough,"it started for me in the last eight years when I had the honor of casting the tie-breaking vote to end the old economic plan here at home and put into place a new economic plan that has helped us to make some progress, 22 million new jobs, the greatest prosperity ever",Attack,2000
2000_e83ed08f90360e006ecda324f2aff3cf,2000_ed698d7fcf393879ae77ad53679f08d2,T679,T678,"There is a difference, though, as to what the economy has meant",there's no difference on that,Attack,2000
2000_e83ed08f90360e006ecda324f2aff3cf,2000_66a7a2d044723b0667ed1b9879bfb9b9,T679,T680,"There is a difference, though, as to what the economy has meant",I think the economy has meant more for the Gore and Clinton folks than the Gore and Clinton folks have meant for the economy,Support,2000
2000_0b71471f70c2312b76416cc59595ea89,2000_66a7a2d044723b0667ed1b9879bfb9b9,T681,T680,most of the economic growth that has taken place is a result of ingenuity and hard work and entrepreneurship and that's the role of goverment to encourage that,I think the economy has meant more for the Gore and Clinton folks than the Gore and Clinton folks have meant for the economy,Attack,2000
2000_e5dedc73cb9c3d3074917764209caa07,2000_ebb4dd18bc0c9f6c7a1fbb4d3bc71593,T683,T682,It's their ingenuity,I think the American people deserve credit for the great economy that we have,Support,2000
2000_877849243ab5a8d37cb21069cac3ea80,2000_ad75fa20aa3b2ad8f465149634c205c4,T684,T685,they were working pretty hard eight years ago,they had ingenuity eight years ago,Support,2000
2000_ad75fa20aa3b2ad8f465149634c205c4,2000_1e75cac559e215a0fdd5d4ac04635fd4,T685,T686,they had ingenuity eight years ago,The difference is we've got a new policy,Support,2000
2000_1981fa45e5cb8c8fb74955270389ae0f,2000_0d44b13b8b39d909bd40896e942757de,T688,T687,I want tax cuts for the middle-class families,instead of concentrating on tax cuts mostly for the wealthy,Attack,2000
2000_1981fa45e5cb8c8fb74955270389ae0f,2000_1e75cac559e215a0fdd5d4ac04635fd4,T688,T686,I want tax cuts for the middle-class families,The difference is we've got a new policy,Support,2000
2000_014b7a43805905efc104b9cd2b50928a,2000_1e75cac559e215a0fdd5d4ac04635fd4,T689,T686,I want to continue the prosperity and make sure that it enriches not just a few but all of our families,The difference is we've got a new policy,Support,2000
2000_1981fa45e5cb8c8fb74955270389ae0f,2000_014b7a43805905efc104b9cd2b50928a,T688,T689,I want tax cuts for the middle-class families,I want to continue the prosperity and make sure that it enriches not just a few but all of our families,Support,2000
2000_2e27d442d694bb5047f4b33100fdd0a1,2000_014b7a43805905efc104b9cd2b50928a,T695,T689,We have gone from the biggest deficits to the biggest surpluses,I want to continue the prosperity and make sure that it enriches not just a few but all of our families,Support,2000
2000_249b4380dae378b0fe133dadecfd6efe,2000_014b7a43805905efc104b9cd2b50928a,T694,T689,We have gone from a triple-dip recession during the previous 12 years to a tripling of the stock market,I want to continue the prosperity and make sure that it enriches not just a few but all of our families,Support,2000
2000_3a68db76f3654cb08e86f506098c6545,2000_014b7a43805905efc104b9cd2b50928a,T693,T689,"Instead of a high unemployment, we have the lowest African-American and Latin American unemployment rates in history and 22 million new jobs",I want to continue the prosperity and make sure that it enriches not just a few but all of our families,Support,2000
2000_54399093e14c37e369ff28e81329a702,2000_9c944903cca5baafe98b708dccf9314a,T692,T691,Too many people have been left behind,It's not good enough,Support,2000
2000_9c944903cca5baafe98b708dccf9314a,2000_d188a2d52d2ff9a46b31c52d5894d920,T691,T690,It's not good enough,We have got to do much more,Support,2000
2000_9c944903cca5baafe98b708dccf9314a,2000_2e27d442d694bb5047f4b33100fdd0a1,T691,T695,It's not good enough,We have gone from the biggest deficits to the biggest surpluses,Attack,2000
2000_9c944903cca5baafe98b708dccf9314a,2000_249b4380dae378b0fe133dadecfd6efe,T691,T694,It's not good enough,We have gone from a triple-dip recession during the previous 12 years to a tripling of the stock market,Attack,2000
2000_9c944903cca5baafe98b708dccf9314a,2000_3a68db76f3654cb08e86f506098c6545,T691,T693,It's not good enough,"Instead of a high unemployment, we have the lowest African-American and Latin American unemployment rates in history and 22 million new jobs",Attack,2000
2000_1c3ed229edaf67b26c972ca104dac05d,2000_8c0a08356639bc6148d05cc104317416,T698,T697,"I'm totally opposed to diverting one out of every six dollars out of the Social Security trust fund, as the Governor has proposed, into the stock market",we have got to preserve Social Security,Attack,2000
2000_8c0a08356639bc6148d05cc104317416,2000_d188a2d52d2ff9a46b31c52d5894d920,T697,T690,we have got to preserve Social Security,We have got to do much more,Support,2000
2000_0302f4f4392d6cfb1bd48bbf9d9d3a72,2000_d188a2d52d2ff9a46b31c52d5894d920,T696,T690,"The key is job training, education, investments in health care and education, environment, retirement security",We have got to do much more,Support,2000
2000_d188a2d52d2ff9a46b31c52d5894d920,2000_5edbbb1bd29b44c4ffbb48891cebffbe,T690,T699,We have got to do much more,"I want new incentives for savings and investment for the young couples who are working hard so they can save and invest on their own on top of Social Security, not at the expense of Social Security, as the governor proposes",Support,2000
2000_a21df7349c7984474f74f23296eee2ba,2000_14afbcb0e92ad28ef3fbce572cdf204f,T702,T703,"I remember the vice president saying, ""Just give us a chance to get up there, we're going to make sure you get tax cuts.""",It didn't happen,Support,2000
2000_68f4ee7c53527c7f0910e34133df95fc,2000_a21df7349c7984474f74f23296eee2ba,T701,T702,a lot of folks are still waiting for that 1992 middle-class tax cut,"I remember the vice president saying, ""Just give us a chance to get up there, we're going to make sure you get tax cuts.""",Support,2000
2000_7d0f9d758ef49f7efeaf4d1bee90fc24,2000_a21df7349c7984474f74f23296eee2ba,T704,T702,Now he's having to say that again,"I remember the vice president saying, ""Just give us a chance to get up there, we're going to make sure you get tax cuts.""",Support,2000
2000_14afbcb0e92ad28ef3fbce572cdf204f,2000_f7a1633e3005759f90395e3f5a71bde4,T703,T700,It didn't happen,They've had their chance to deliver a tax cut to you,Attack,2000
2000_cab95ad5777b7c3b7df115b3f0813653,2000_173bf73f83bfa73d6b546e7883866700,T706,T707,The Senate Budget Committee did a study of the vice president's expenditures,It's been projected that they could conceivably bust the budget by $900 billion,Support,2000
2000_173bf73f83bfa73d6b546e7883866700,2000_2dd8d1987ff7aa33cafb278fe993a032,T707,T708,It's been projected that they could conceivably bust the budget by $900 billion,he'll either have to raise your taxes by $900 billion or go into the Social Security surplus for $900 billion,Support,2000
2000_2dd8d1987ff7aa33cafb278fe993a032,2000_5206d52e281c972127c1d29d33effa36,T708,T705,he'll either have to raise your taxes by $900 billion or go into the Social Security surplus for $900 billion,the surest way to bust this economy is to increase the role and size of the federal budget,Support,2000
2000_5f73b7dc9e978326e08d2e4c187d9d64,2000_39f7a140fa772eeb4bbaf29abd8e437f,T710,T711,it is going to require numerous IRS agents,"His targeted tax cut is so detailed, so much fine print",Attack,2000
2000_9196ec8a71f9e688b5f917bbcb2f5728,2000_2dd8d1987ff7aa33cafb278fe993a032,T709,T708,"This is a plan that is going to increase the bureaucracy by 20,000 people",he'll either have to raise your taxes by $900 billion or go into the Social Security surplus for $900 billion,Support,2000
2000_79377f634e0be849e4bcb6bb2cd5b9ca,2000_93458900c9b1181a37e8c75860f3e40d,T712,T713,We need somebody to simplify the code,to be fair,Support,2000
2000_93458900c9b1181a37e8c75860f3e40d,2000_7d5add1a6e72b55220f74da95ccddc4e,T713,T714,to be fair,"to continue prosperity by sharing some of the surplus with the people who pay the bills, particularly those at the bottom end of the economic ladder",Support,2000
2000_79377f634e0be849e4bcb6bb2cd5b9ca,2000_39f7a140fa772eeb4bbaf29abd8e437f,T712,T711,We need somebody to simplify the code,"His targeted tax cut is so detailed, so much fine print",Attack,2000
2000_f7d006284815a63728ea96d98d37475d,2000_8a35ab97c876cdd472709605b3b191dc,T716,T715,it is a partisan press release by the Republicans on the Senate Budget Committee that's not worth the government -- the taxpayer-paid paper that it's printed on,What he's quoting is not the Senate Budget Commiitte,Support,2000
2000_8a35ab97c876cdd472709605b3b191dc,2000_2dd8d1987ff7aa33cafb278fe993a032,T715,T708,What he's quoting is not the Senate Budget Commiitte,he'll either have to raise your taxes by $900 billion or go into the Social Security surplus for $900 billion,Attack,2000
2000_69c10aba94b25319ce9b83d4c85aa71e,2000_9196ec8a71f9e688b5f917bbcb2f5728,T717,T709,the size of the federal government will go down in a Gore administration,"This is a plan that is going to increase the bureaucracy by 20,000 people",Attack,2000
2000_4ad07e18dc3efb6f2bf6f0722ab76294,2000_69c10aba94b25319ce9b83d4c85aa71e,T718,T717,In the reinventing government program you just look at the numbers,the size of the federal government will go down in a Gore administration,Support,2000
2000_ec7ac8c1ea2458363f23be9387386136,2000_69c10aba94b25319ce9b83d4c85aa71e,T719,T717,"It is 300,000 people smaller today than it was eight years ago",the size of the federal government will go down in a Gore administration,Support,2000
2000_c1d0c316398a875f00046baed3de36f7,2000_7d5add1a6e72b55220f74da95ccddc4e,T720,T714,"having a $1.9 trillion tax cut, almost half of which goes to the wealthy, and a $1 trillion Social Security privatization proposal is the surest way to put our budget into deficit â€“ raise interest rates and put our prosperity at risk","to continue prosperity by sharing some of the surplus with the people who pay the bills, particularly those at the bottom end of the economic ladder",Attack,2000
2000_bdd9f279d6770817a495588456881895,2000_c1d0c316398a875f00046baed3de36f7,T721,T720,It is 1.3 trillion Mr. Vice President,"having a $1.9 trillion tax cut, almost half of which goes to the wealthy, and a $1 trillion Social Security privatization proposal is the surest way to put our budget into deficit â€“ raise interest rates and put our prosperity at risk",Attack,2000
2000_bda49ded696357744547f2618f3b9ed4,2000_bdd9f279d6770817a495588456881895,T722,T721,It will go to everybody who pays taxes,It is 1.3 trillion Mr. Vice President,Support,2000
2000_bdd9f279d6770817a495588456881895,2000_1d03eead1fbf87781b2251b87208a1a8,T721,T723,It is 1.3 trillion Mr. Vice President,I'm not going to be the kind of president that says you get tax relief and you don't,Support,2000
2000_dffe05a864911120c906425f44aa5a19,2000_1d03eead1fbf87781b2251b87208a1a8,T724,T723,I'm not going to be a picker and chooser,I'm not going to be the kind of president that says you get tax relief and you don't,Support,2000
2000_252f2c9d77ff23735650785a8afb1f9e,2000_dffe05a864911120c906425f44aa5a19,T725,T724,What is fair is everybody who pays taxes ought to get relief,I'm not going to be a picker and chooser,Support,2000
2000_b49a8c9df4b05350b7185c466c6cbfd4,2000_201609951c8d07c6fc5f81693a7fb1aa,T642,T643,"When the action in Kosovo was dragging on and we were searching for a solution to the problem, our country had defeated the adversary on the battlefield without a single American life being lost in combat",the dictator Milosevic was hanging on,Support,2000
2000_201609951c8d07c6fc5f81693a7fb1aa,2000_f59b5949f6f9d41d7b4aa989de04bea5,T643,T644,the dictator Milosevic was hanging on,"I invited the former prime minister of Russia to my house and took a risk in asking him to get personally involved, along with the head of Finland, to go to Belgrade and to take a set of proposals from the United States that would constitute basically a surrender by Serbia",Support,2000
2000_f59b5949f6f9d41d7b4aa989de04bea5,2000_33a88b1beff95084b1753e7646500c62,T644,T641,"I invited the former prime minister of Russia to my house and took a risk in asking him to get personally involved, along with the head of Finland, to go to Belgrade and to take a set of proposals from the United States that would constitute basically a surrender by Serbia",it was a calculated risk that paid off,Support,2000
2000_bec850eb51d915cac3b8250ce88f056c,2000_0f89396b466bef8a6d1a474bf6ab6ffb,T648,T647,I have been in public service for 24 years,throughout all that time the people I have fought for have been the middle-class families,Support,2000
2000_1dfb0f895807621f7e1471671949a3df,2000_ad4d7e8a7873a2c44bfd5cf4345208d5,T649,T650,"I have been willing to stand up to powerful interests like the big insurance companies, the drug companies, the HMOs, the oil companies","They have good people and they play constructive roles sometimes, but sometimes they get too much power",Support,2000
2000_0f89396b466bef8a6d1a474bf6ab6ffb,2000_1dbb1fc21084a03647ca766b9868846b,T647,T645,throughout all that time the people I have fought for have been the middle-class families,I cast my lot with the people even when it means that you have to stand up to some powerful interests who are trying to turn the -- the policies and the laws to their advantage,Support,2000
2000_1dfb0f895807621f7e1471671949a3df,2000_1dbb1fc21084a03647ca766b9868846b,T649,T645,"I have been willing to stand up to powerful interests like the big insurance companies, the drug companies, the HMOs, the oil companies",I cast my lot with the people even when it means that you have to stand up to some powerful interests who are trying to turn the -- the policies and the laws to their advantage,Support,2000
2000_1dbb1fc21084a03647ca766b9868846b,2000_ad4d7e8a7873a2c44bfd5cf4345208d5,T645,T650,I cast my lot with the people even when it means that you have to stand up to some powerful interests who are trying to turn the -- the policies and the laws to their advantage,"They have good people and they play constructive roles sometimes, but sometimes they get too much power",Attack,2000
2000_937d372b33d365b7b5344ec53c410111,2000_e6a75b0c97fff63df651d5e2c9628f81,T646,T637,You can see it in this campaign,The big drug companies support Governor Bush's prescription drug proposal,Support,2000
2000_ad4d7e8a7873a2c44bfd5cf4345208d5,2000_937d372b33d365b7b5344ec53c410111,T650,T646,"They have good people and they play constructive roles sometimes, but sometimes they get too much power",You can see it in this campaign,Support,2000
2000_ffb26af1f95dcdb4b5f8b82e71acef85,2000_e6a75b0c97fff63df651d5e2c9628f81,T638,T637,They oppose mine,The big drug companies support Governor Bush's prescription drug proposal,Attack,2000
2000_934abe436da54765d16042dafc71923a,2000_ffb26af1f95dcdb4b5f8b82e71acef85,T639,T638,they don't want to get Medicare involved,They oppose mine,Support,2000
2000_b9fe44290e30d01c50d2c8576e2f9a44,2000_934abe436da54765d16042dafc71923a,T640,T639,they're afraid that Medicare will negotiate lower prices for seniors who currently pay the highest prices of all,they don't want to get Medicare involved,Support,2000
2000_656c0cf87656f16ce30d062a68ba4deb,2000_c29fd74013d1713ecd5f2df1d01a04c9,T657,T656,James Lee Witt of FEMA has done a really good job of working with governors during times of crisis,I have to pay the administration a compliment,Support,2000
2000_4515929f88a88789826abac50f4de8e5,2000_7b3aca75c31ac21468fb0410cd2d9a3f,T652,T658,"as governor, one of the things you have to deal with is catastrophe","that's the time when you're tested not only -- it's the time to test your mettle, a time to test your heart when you see people whose lives have been turned upside down",Support,2000
2000_0e2e009ae9f1873d40039f9de108583e,2000_4515929f88a88789826abac50f4de8e5,T653,T652,"I can remember the fires that swept Parker County, Texas","as governor, one of the things you have to deal with is catastrophe",Support,2000
2000_2c88c644fc6d7108f287854677c1890b,2000_4515929f88a88789826abac50f4de8e5,T654,T652,I remember the floods that swept our state,"as governor, one of the things you have to deal with is catastrophe",Support,2000
2000_f0018852f50688226612d5795dc4420c,2000_2c88c644fc6d7108f287854677c1890b,T655,T654,"I remember going down to Del Rio, Texas",I remember the floods that swept our state,Support,2000
2000_2c88c644fc6d7108f287854677c1890b,2000_c5a988b19c04c5a1c7ffd38cc5d81a7c,T654,T659,I remember the floods that swept our state,It broke my heart to go to the flood scene in Del Rio where a fellow and his family got completely uprooted,Support,2000
2000_876df9d4450b7a7fba8742c20797c05c,2000_f78dcffdf114f98dea52ef013d081afe,T662,T661,That's what governors do,"The only thing I knew to do was to get aid as quickly as possible with state and federal help, and to put my arms around the man and his family and cry with them",Support,2000
2000_f78dcffdf114f98dea52ef013d081afe,2000_c5a988b19c04c5a1c7ffd38cc5d81a7c,T661,T659,"The only thing I knew to do was to get aid as quickly as possible with state and federal help, and to put my arms around the man and his family and cry with them",It broke my heart to go to the flood scene in Del Rio where a fellow and his family got completely uprooted,Support,2000
2000_f78dcffdf114f98dea52ef013d081afe,2000_e0b61564b48ca5c9869067362289836f,T661,T660,"The only thing I knew to do was to get aid as quickly as possible with state and federal help, and to put my arms around the man and his family and cry with them",They are often on the front line of catastrophic situations,Support,2000
2000_e0b61564b48ca5c9869067362289836f,2000_4515929f88a88789826abac50f4de8e5,T660,T652,They are often on the front line of catastrophic situations,"as governor, one of the things you have to deal with is catastrophe",Support,2000
2000_60b11a578ebcfde166b0a1b86f9f2cef,2000_88466bd48c66db4eaf115b1b492559ab,T402,T401,The only thing an executive order can accomplish is to ban it in federal law enforcement agencies,I would also support a law in the Congress that would have the effect of doing the same thing,Support,2000
2000_88466bd48c66db4eaf115b1b492559ab,2000_7a9e4833ece7262098db5f0a3de0f7a1,T401,T400,I would also support a law in the Congress that would have the effect of doing the same thing,"Yes, I would",Support,2000
2000_70af11f1dfb85ca2ed297415d1b4add2,2000_7a9e4833ece7262098db5f0a3de0f7a1,T403,T400,I think that racial profiling is a serious problem,"Yes, I would",Support,2000
2000_9760989b1b0f2d427e8721bfc2d9d336,2000_7a9e4833ece7262098db5f0a3de0f7a1,T404,T400,I think we've now got so many examples around the country that we really have to find ways to end this,"Yes, I would",Support,2000
2000_6bf54392dd0624a057c34cea697d7372,2000_70af11f1dfb85ca2ed297415d1b4add2,T405,T403,I remember when the stories first came out about the stops in New Jersey by the highway patrol there,I think that racial profiling is a serious problem,Support,2000
2000_421bcb29879295b6892fd5aa44ba0700,2000_70af11f1dfb85ca2ed297415d1b4add2,T406,T403,I know it's been going on a long time,I think that racial profiling is a serious problem,Support,2000
2000_cbd6851c0c4cd981e60b4ce4fa018d4d,2000_421bcb29879295b6892fd5aa44ba0700,T407,T406,In some ways this is just a new label for something that has been going on for years,I know it's been going on a long time,Support,2000
2000_afbc430b85814fe65bffff66264edd3b,2000_6bf54392dd0624a057c34cea697d7372,T408,T405,I have to confess that it was the first time that I really focused on it in a new way,I remember when the stories first came out about the stops in New Jersey by the highway patrol there,Support,2000
2000_49609038d320834ca51e84b343cc9769,2000_afbc430b85814fe65bffff66264edd3b,T409,T408,I was surprised at the extent of it,I have to confess that it was the first time that I really focused on it in a new way,Support,2000
2000_1b166b30cf3a854f4e63a46fa86f5987,2000_70af11f1dfb85ca2ed297415d1b4add2,T410,T403,"Imagine what it -- what it is like for someone to be singled out unfairly, unjustly, and feel the unfair force of law simply because of race or ethnicity",I think that racial profiling is a serious problem,Support,2000
2000_bbfa53e07639de67cb806aaf905d5569,2000_1b166b30cf3a854f4e63a46fa86f5987,T413,T410,that runs counter to what the United States of America is all about at our core,"Imagine what it -- what it is like for someone to be singled out unfairly, unjustly, and feel the unfair force of law simply because of race or ethnicity",Support,2000
2000_67a8d4262db086f4b71227b4d3cd755d,2000_3617a053eb2a6acb20aaef788c645836,T412,T411,if I am entrusted with the presidency,it will be the first Civil Rights Act of the 21st century,Support,2000
2000_7a9e4833ece7262098db5f0a3de0f7a1,2000_3617a053eb2a6acb20aaef788c645836,T400,T411,"Yes, I would",it will be the first Civil Rights Act of the 21st century,Support,2000
2000_d62c4cdb2f8f12024f5c3e276b20663c,2000_9fa08ebb009f8a80d18d07c4d14531c0,T416,T430,I can't imagine what it would be like to be singled out because of race and stopped and harassed,Yeah,Support,2000
2000_a43e5ef24a1dd4ff8afec0d01528485d,2000_9fa08ebb009f8a80d18d07c4d14531c0,T415,T430,that's not what America is all about,Yeah,Support,2000
2000_a4aef0c285ab62c87946db3278e3acf2,2000_9fa08ebb009f8a80d18d07c4d14531c0,T414,T430,That's just flat wrong,Yeah,Support,2000
2000_9fa08ebb009f8a80d18d07c4d14531c0,2000_7a9e4833ece7262098db5f0a3de0f7a1,T430,T400,Yeah,"Yes, I would",Support,2000
2000_f6602728fc76ad13861ac01a71ca456c,2000_9fa08ebb009f8a80d18d07c4d14531c0,T417,T430,we ought to do everything we can to end racial profiling,Yeah,Support,2000
2000_8f8db091f059377655ef7c3f6458c3d0,2000_2ac2ae5fcf0dc66fe164d4bcc0216a3e,T419,T418,we need to make sure that internal affairs divisions at the local level do their job and be given a chance to do their job,I don't want to federalize the local police forces,Support,2000
2000_f15efcb2d46fe4f8f341872f03784c76,2000_2ac2ae5fcf0dc66fe164d4bcc0216a3e,T420,T418,obviously in the egregious cases we need to enforce civil rights law,I don't want to federalize the local police forces,Support,2000
2000_0d7cfbb9cec81bcd65d06cc2c6edff84,2000_227620fb6c75d586319deb7ffd514e62,T422,T423,if they don't,there needs to be a consequence at the federal level,Support,2000
2000_227620fb6c75d586319deb7ffd514e62,2000_2ac2ae5fcf0dc66fe164d4bcc0216a3e,T423,T418,there needs to be a consequence at the federal level,I don't want to federalize the local police forces,Support,2000
2000_77b0d4731b1f1e24b18d7abf3f1a8d61,2000_44613d7a29ede467a3d7dbc67d777a41,T425,T424,"most police officers are good, dedicated, honorable citizens who are doing their job, putting their lives at risk who aren't bigoted or aren't prejudiced",it's very important that we not overstep our bounds,Support,2000
2000_2be0e52235f0831bac4283c1cbde374e,2000_309d898e1825b4e346e9861ebd5c708b,T426,T427,I don't think they ought to be held guilty,"I do think we need to find out where racial profiling occurs and do something about it and say to the local folks, get it done",Support,2000
2000_44613d7a29ede467a3d7dbc67d777a41,2000_309d898e1825b4e346e9861ebd5c708b,T424,T427,it's very important that we not overstep our bounds,"I do think we need to find out where racial profiling occurs and do something about it and say to the local folks, get it done",Support,2000
2000_cd99cc2636c1f55cc9087a270b4cbf4c,2000_71e6b3a21f214b37fa3b5a3b78b356fb,T429,T428,if you can't,there will be a federal consequence,Support,2000
2000_8819d700c5843ff89686e614619f6561,2000_71814d220bf8b90ba8a2f06ac03dda2a,T432,T431,"I also agree that most police officers, of course, are doing a good job and hate this practice also",I would agree,Support,2000
2000_4237b55a02b8556964d407dbb6298d85,2000_8819d700c5843ff89686e614619f6561,T433,T432,"I talked to an African-American police officer in Springfield, Massachusetts not long ago who raised this question and said that in his opinion one of the biggest solutions is in the training","I also agree that most police officers, of course, are doing a good job and hate this practice also",Support,2000
2000_9a6f20be3a2423a4983312064fe3e274,2000_4237b55a02b8556964d407dbb6298d85,T434,T433,"not only the training in police procedures, but human relations","I talked to an African-American police officer in Springfield, Massachusetts not long ago who raised this question and said that in his opinion one of the biggest solutions is in the training",Support,2000
2000_71814d220bf8b90ba8a2f06ac03dda2a,2000_71e6b3a21f214b37fa3b5a3b78b356fb,T431,T428,I would agree,there will be a federal consequence,Support,2000
2000_2d6783c44372995f492e7dd2261abfca,2000_de07d4d5f6cc7cfc7b09e0eeb8141b3a,T436,T438,James Byrd was singled out because of his race in Texas,I think we can embody our values by passing a hate crimes law,Support,2000
2000_ff73fce0e49c4248d0ef83af8e37e1d3,2000_de07d4d5f6cc7cfc7b09e0eeb8141b3a,T437,T438,other Americans have been singled out because of their race or ethnicity,I think we can embody our values by passing a hate crimes law,Support,2000
2000_3c6588c2a47cf323188359f3d6a3713d,2000_08f04a084cee58b6988f8c2fe0b80a5a,T441,T440,"they're based on prejudice and hatred, which gives rise to crimes that have not just a single victim, but they're intended to stigmatize and dehumanize a whole group of people",I think they're different,Support,2000
2000_18bf94872dde6bf075a9968d749745ee,2000_a6d793083fb4e40f17a6516559d75d76,T445,T444,"The three men who murdered James Byrd, guess what's going to happen to them? They're going to be put to death",We've got one in Texas,Support,2000
2000_a65a8d9af76c9005fdb20392792550b0,2000_18bf94872dde6bf075a9968d749745ee,T446,T445,A jury found them guilty,"The three men who murdered James Byrd, guess what's going to happen to them? They're going to be put to death",Support,2000
2000_8291f3d9639a213d4b740328991ebe76,2000_18bf94872dde6bf075a9968d749745ee,T447,T445,It's going to be hard to punish them any worse after they get put to death,"The three men who murdered James Byrd, guess what's going to happen to them? They're going to be put to death",Support,2000
2000_7f001e8a16c21f0f756d0cd2e83f7c54,2000_fe8c2d164a1f1e4c82c9733fb8251e05,T448,T449,it's the right cause,It's the right decision,Support,2000
2000_fe8c2d164a1f1e4c82c9733fb8251e05,2000_a998d41b710689acf9499a9566284b9b,T449,T442,It's the right decision,"No, I don't",Support,2000
2000_34cc549c9d31d831cff69a8a6567d0ee,2000_f62aa7718ede21468cdab92966dfc33b,T451,T450,Arab-Americans are racially profiled in what is called secret evidence,there is other forms of racial profiling that goes on in America,Support,2000
2000_9d7bc8051da0431d13977eded1d82449,2000_f62aa7718ede21468cdab92966dfc33b,T453,T450,we have to do something about that,there is other forms of racial profiling that goes on in America,Support,2000
2000_7d2980946d2d88b76cdf6dc4550e2c87,2000_e4805badeaa42b21537c8b49320c752e,T454,T455,"My friend, Senator Spencer Abraham of Michigan, is pushing a law to make sure that Arab-Americans are treated with respect",racial profiling isn't just an issue at local police forces,Support,2000
2000_f62aa7718ede21468cdab92966dfc33b,2000_e4805badeaa42b21537c8b49320c752e,T450,T455,there is other forms of racial profiling that goes on in America,racial profiling isn't just an issue at local police forces,Support,2000
2000_25312d524ff609d874bdc5283e295736,2000_e4805badeaa42b21537c8b49320c752e,T456,T455,It's an issue throughout our society,racial profiling isn't just an issue at local police forces,Support,2000
2000_fc7d2a4408bf8f72cb42f670d7d2b4ab,2000_9f43f9b59dca031efddf1e0ef3ff6da1,T458,T457,we become a diverse society,we're going to have to deal with it more and more,Support,2000
2000_9f43f9b59dca031efddf1e0ef3ff6da1,2000_25312d524ff609d874bdc5283e295736,T457,T456,we're going to have to deal with it more and more,It's an issue throughout our society,Support,2000
2000_b7d9bb9ab1001d6201b57be5b7b5744b,2000_57de8ee9bb150877202ab26e2f75516f,T460,T459,They're tolerant people,"I believe, as sure as I'm sitting here, that most Americans really care",Support,2000
2000_aea3cd25fa2bf6f4dda321ac6774d3b4,2000_57de8ee9bb150877202ab26e2f75516f,T461,T459,"They're good, tolerant people","I believe, as sure as I'm sitting here, that most Americans really care",Support,2000
2000_18013fa5f1f4d4e3aea73e850075e506,2000_308053d1128725f874fc08507807ffb7,T462,T463,It's the very few that create most of the crises,we just have to find them and deal with them,Support,2000
2000_a6728807382a2e15bd293a8595fcfa71,2000_03a92d59fadebddef303ebd3fcb10bbc,T465,T466,"My friend, Phyllis Hunter, is here",She had one of the greatest lines of all lines,Support,2000
2000_a7c3e926e933574201a341947dbc10e3,2000_03a92d59fadebddef303ebd3fcb10bbc,T467,T466,"She said, reading is the new civil right",She had one of the greatest lines of all lines,Support,2000
2000_03a92d59fadebddef303ebd3fcb10bbc,2000_12b190a5a9270082d3a6fbf395660699,T466,T468,She had one of the greatest lines of all lines,She's right,Support,2000
2000_12b190a5a9270082d3a6fbf395660699,2000_f4f9b03e9c75094ef3dd94523281b4ee,T468,T464,She's right,Let me tell you where the biggest discrimination comes. In public education when we just move children through the schools,Support,2000
2000_93e3e97a49da3082c4a87cc8bdc1579c,2000_ffaadb107d152d76a1d4e5e460bc1064,T470,T469,I mean every child,"to make sure our society is as hopeful as it possibly can be, every single child in America must be educated",Support,2000
2000_107b8eb42fc0c41cc9195a9b2499ea57,2000_ffaadb107d152d76a1d4e5e460bc1064,T471,T469,It starts with making sure every child learns to read,"to make sure our society is as hopeful as it possibly can be, every single child in America must be educated",Support,2000
2000_9bff88d45381cf9d403dc922aa6ace45,2000_ffaadb107d152d76a1d4e5e460bc1064,T472,T469,K-2 diagnostic testing so we know whether or not there's a deficiency,"to make sure our society is as hopeful as it possibly can be, every single child in America must be educated",Support,2000
2000_8ef2bf0e00de214a3db6eab010905adb,2000_ffaadb107d152d76a1d4e5e460bc1064,T473,T469,Curriculum that works and phonics needs to be an integral part of our reading curriculum,"to make sure our society is as hopeful as it possibly can be, every single child in America must be educated",Support,2000
2000_7f94d67a34468811ded90aa1eb7c0391,2000_ffaadb107d152d76a1d4e5e460bc1064,T474,T469,"Intensive reading laboratories, teacher retraining","to make sure our society is as hopeful as it possibly can be, every single child in America must be educated",Support,2000
2000_fd01b687b44c75321b9a1fa56c76eff4,2000_ffaadb107d152d76a1d4e5e460bc1064,T475,T469,"there needs to be a wholesale effort against racial profiling, which is illiterate children","to make sure our society is as hopeful as it possibly can be, every single child in America must be educated",Support,2000
2000_3f03e1380ec13b8bcd7d3875feeaf782,2000_c0245034a2b7735835fa667e0c1ba1ef,T477,T476,We can close an achievement gap,We can do better in our public schools,Support,2000
2000_bc18614125f4e658c3586ab906ccd641,2000_c0245034a2b7735835fa667e0c1ba1ef,T478,T476,it starts with making sure we have strong accountability,We can do better in our public schools,Support,2000
2000_daa32200087eb248adce7202d44592d5,2000_bc18614125f4e658c3586ab906ccd641,T479,T478,"One of the cornerstones of reform, and good reform, is to measure",it starts with making sure we have strong accountability,Support,2000
2000_641a85a28dde5b97877f67fabe695c4d,2000_daa32200087eb248adce7202d44592d5,T480,T479,"when you measure you can ask the question, do they know? Is anybody being profiled? Is anybody being discriminated against?","One of the cornerstones of reform, and good reform, is to measure",Support,2000
2000_02729a5cf443fef8c53440dc0b76d2fc,2000_daa32200087eb248adce7202d44592d5,T481,T479,"It becomes a tool, a corrective tool","One of the cornerstones of reform, and good reform, is to measure",Support,2000
2000_79c79f21ab2721fdd2be1f6d634c1cb3,2000_0e0c104a805dd417642b5814c47e46ba,T485,T484,"if they're not, there has to be a consequence","if they are, fine",Support,2000
2000_73651965d6cf4a65cd15aad3294bade6,2000_51a19bb4b13f00d9f98dfe1372f0fa13,T487,T486,There is nothing more prejudiced than not educating a child,make sure we end up getting rid of basic structural prejudice is education,Support,2000
2000_51a19bb4b13f00d9f98dfe1372f0fa13,2000_f4f9b03e9c75094ef3dd94523281b4ee,T486,T464,make sure we end up getting rid of basic structural prejudice is education,Let me tell you where the biggest discrimination comes. In public education when we just move children through the schools,Support,2000
2000_ffaadb107d152d76a1d4e5e460bc1064,2000_f4f9b03e9c75094ef3dd94523281b4ee,T469,T464,"to make sure our society is as hopeful as it possibly can be, every single child in America must be educated",Let me tell you where the biggest discrimination comes. In public education when we just move children through the schools,Support,2000
2000_d2d4e39b0007dfac72b413ac97d86952,2000_861ed78c708f33f7582ed7d8c71251f3,T489,T488,I think we still need affirmative action,I think we need tough enforcement of the civil rights laws,Support,2000
2000_e7fea90d88635132d9da8f5b8d5159af,2000_861ed78c708f33f7582ed7d8c71251f3,T490,T488,I would pass a hate crimes law,I think we need tough enforcement of the civil rights laws,Support,2000
2000_8863a2712a04da08649dd9b1a8f16d52,2000_2dce1c3492eb3102ab95865f947b2020,T492,T491,"the law that was proposed in Texas that had the support of the Byrd family and a whole lot of people in Texas did, in fact, die in committee",I may have been misled by all the news reports about this matter,Support,2000
2000_e3b423c727415446701189f333c41a60,2000_e931533d4239a878c81ee30275c470a5,T495,T493,"There may be some other statute that was already on the books, but certainly the advocates of the hate crimes law felt that a tough new law was needed",it's important,Support,2000
2000_b4051d19345e0c94efd8b7b0aa4c608e,2000_e931533d4239a878c81ee30275c470a5,T494,T493,"not just because of Texas, but because this mirrors the national controversy",it's important,Support,2000
2000_b98c93b76361267bfea7541c1cbeac1c,2000_77124ed44ed55f02a8dc36a62c4cb7b9,T497,T496,because of James Byrd,There is pending now in the Congress a national hate crimes law,Support,2000
2000_e1da4092e612a0cfbb8ecbb99d5b97cd,2000_77124ed44ed55f02a8dc36a62c4cb7b9,T498,T496,"because of Matthew Shepard, who was crucified on a split rail fence by bigots",There is pending now in the Congress a national hate crimes law,Support,2000
2000_fae5081c2e969d4a1a3229427b8e792f,2000_77124ed44ed55f02a8dc36a62c4cb7b9,T499,T496,because of others,There is pending now in the Congress a national hate crimes law,Support,2000
2000_77124ed44ed55f02a8dc36a62c4cb7b9,2000_e931533d4239a878c81ee30275c470a5,T496,T493,There is pending now in the Congress a national hate crimes law,it's important,Support,2000
2000_72a7970572b5adba43e0e53db8fde578,2000_6d7ebadb5e61dd1b656c1dd884d87719,T501,T500,because of the same kind of opposition,that law has died in committee,Support,2000
2000_e931533d4239a878c81ee30275c470a5,2000_22cc10caf4d135be970e79dc2489bb62,T493,T502,it's important,Absolutely,Support,2000
2000_5bc5e781c8bbee6533b0d0014ee0d1ee,2000_d529ae0d4ad101921c634be370a1e3f1,T505,T504,if you have a state that fully supports the law like we do in Texas,we're going to go after all crime,Support,2000
2000_b9ca63aab124c9b8ae4fdce7f82a275c,2000_152c2719364c50b1c8bcf84ed9f10b7e,T508,T506,in this case we can't enhance the penalty any more than putting those three thugs to death,we're going to make sure people get punished for the crime,Support,2000
2000_152c2719364c50b1c8bcf84ed9f10b7e,2000_5ed6df0d00b14a363d422fd4838feef4,T506,T507,we're going to make sure people get punished for the crime,that's what's gonna happen in the State of Texas,Support,2000
2000_d529ae0d4ad101921c634be370a1e3f1,2000_5ed6df0d00b14a363d422fd4838feef4,T504,T507,we're going to go after all crime,that's what's gonna happen in the State of Texas,Support,2000
2000_71e6b3a21f214b37fa3b5a3b78b356fb,2000_227620fb6c75d586319deb7ffd514e62,T428,T423,there will be a federal consequence,there needs to be a consequence at the federal level,Equivalent,2000
2000_08f04a084cee58b6988f8c2fe0b80a5a,2000_bc5aeff442916a9f85012729d0b0a8b5,T440,T439,I think they're different,I think these crimes are different,Equivalent,2000
2000_c2ad7b23aee3dbbb7d098ff81e8ddad4,2000_a6354cb62b8c2c61ec83c1b66e4febc2,T546,T545,the governor made an extensive statement on it and I have a very different view than the one he expressed,I hope that we can come back to the subject of education,Support,2000
2000_24c7283640b128ce58d76963e3b4d9d2,2000_15f87c0ab8638fbdfde3b81bf67cd0ae,T548,T547,I think that homeowners have to be respected and their right to have a gun if they wish to,I will not do anything to affect the rights of hunters or sportsmen,Support,2000
2000_198b6382b13c262ef8ff497ff2ca6c6f,2000_508d1b14d4cce82933c046d746324bb7,T550,T551,"The problem I see is that there are too many guns getting into the hands of children, and criminals","people who, for whatever reason, some kind of history of stalking or domestic abuse really should not be able to get guns",Support,2000
2000_3e24bd7c39c1af9418321d2da682651e,2000_7ca0c4770479c65baae12446304b7365,T549,T560,I think these assault weapons are a problem,I favor closing the gun show loophole,Support,2000
2000_508d1b14d4cce82933c046d746324bb7,2000_7ca0c4770479c65baae12446304b7365,T551,T560,"people who, for whatever reason, some kind of history of stalking or domestic abuse really should not be able to get guns",I favor closing the gun show loophole,Support,2000
2000_072df770d132c4ed02fbd5d8841049ec,2000_7ca0c4770479c65baae12446304b7365,T561,T560,"I cast the tie-breaking vote to close it, but then the majority in the House of Representatives went the other way",I favor closing the gun show loophole,Support,2000
2000_3999bc688fae01926045d380b3818ac5,2000_072df770d132c4ed02fbd5d8841049ec,T562,T561,That's still pending,"I cast the tie-breaking vote to close it, but then the majority in the House of Representatives went the other way",Support,2000
2000_2a975ba67435897fa8e06bde3c3d349b,2000_072df770d132c4ed02fbd5d8841049ec,T563,T561,"If we could get agreement on that, maybe they could pass that in the final days of this Congress","I cast the tie-breaking vote to close it, but then the majority in the House of Representatives went the other way",Support,2000
2000_d55c97d772e9a3fd1f16ba63d8adc9a3,2000_38bb57a9b870666e127e718f760490f0,T552,T553,I think we ought to restore the three-day waiting period under the Brady Law,I think we should toughen the enforcement of gun laws,Support,2000
2000_b44a462a3567d15ca14b3c47a5415817,2000_38bb57a9b870666e127e718f760490f0,T554,T553,so that the ones that are already on the books can be enforced much more effectively,I think we should toughen the enforcement of gun laws,Support,2000
2000_1f67d1cb3bf0df6e3e6152ea97fea783,2000_766f4569635508c2ed589aa7aeb580b3,T557,T558,Have a gun-free zone around every school in this country,I think that measures like these are important,Support,2000
2000_a0ff19166c1ba3c2d9cc679f7c7dd808,2000_766f4569635508c2ed589aa7aeb580b3,T556,T558,I think that we ought to make all schools gun free,I think that measures like these are important,Support,2000
2000_9ad56553d3bd1e9707749653b1633033,2000_766f4569635508c2ed589aa7aeb580b3,T559,T558,"Child safety trigger locks on a mandatory basis, and others",I think that measures like these are important,Support,2000
2000_766f4569635508c2ed589aa7aeb580b3,2000_38bb57a9b870666e127e718f760490f0,T558,T553,I think that measures like these are important,I think we should toughen the enforcement of gun laws,Support,2000
2000_2a8dae099a4dcb1bfec70d29f1f1b0c1,2000_628f95c8b0a80e878e1ca31e5b2cf60b,T565,T564,"When you say loud and clear to somebody if you're going to carry a gun illegally, we're going to arrest you",it starts with enforcing law,Support,2000
2000_b37a7cb1afdef18141484988f2de36f0,2000_628f95c8b0a80e878e1ca31e5b2cf60b,T568,T564,"If you're going to sell a gun illegally, you need to be arrested",it starts with enforcing law,Support,2000
2000_0a9b1c318ec437305d91fdb726fd7fb9,2000_628f95c8b0a80e878e1ca31e5b2cf60b,T569,T564,"If you commit a crime with a gun, there needs to be absolute certainty in the law",it starts with enforcing law,Support,2000
2000_628f95c8b0a80e878e1ca31e5b2cf60b,2000_2e872b30235a958b31068a9e1062ae80,T564,T566,it starts with enforcing law,the local law enforcement officials need help at the federal level,Support,2000
2000_b05f13c6e52ddce65a00356854c79264,2000_fc5a22ea663affbc62323db8b8a7cda1,T570,T571,we haven't done a very good job of that at the federal level recently,I'm going to make it a priority,Support,2000
2000_68281e6da9bca560425c19a0b518c2e2,2000_fc5a22ea663affbc62323db8b8a7cda1,T567,T571,Programs like Project Exile where the federal government intensifies arresting people who illegally use guns,I'm going to make it a priority,Support,2000
2000_40f0c17b983466adeaa6e9a8492b60cb,2000_60b57a73390fba02896916c9e450689a,T572,T573,I don't think we ought to be selling guns to people who shouldn't have them,I support instant background checks at gun shows,Support,2000
2000_610aa92841218cdc43e3f92c0a936093,2000_60b57a73390fba02896916c9e450689a,T574,T573,One of the reasons we have an instant background check is so that we instantly know whether or not somebody should have a gun or not,I support instant background checks at gun shows,Support,2000
2000_0014d79776b66d4e180ecfea59ec937e,2000_edff6b3d7197d626930c5b4f62de45d4,T576,T575,There's a lot of talk about trigger locks being on guns sold in the future,In Texas I tried to do something innovative,Support,2000
2000_edff6b3d7197d626930c5b4f62de45d4,2000_d858a06789107bb37eab8c77fc25ac12,T575,T577,In Texas I tried to do something innovative,I support that,Support,2000
2000_ceb91f9d6df5d896ed436a33df94f8a9,2000_d858a06789107bb37eab8c77fc25ac12,T578,T577,"I said if you want a trigger lock to make your gun safe, come and get one for free",I support that,Support,2000
2000_57995d565369b696a29d68d3921f0705,2000_ceb91f9d6df5d896ed436a33df94f8a9,T579,T578,So we're distributing in our State of Texas for free,"I said if you want a trigger lock to make your gun safe, come and get one for free",Support,2000
2000_050c03ceccde2861d4d9fb6946476fab,2000_56feffa2c6565797a868c7308fe690df,T586,T585,He is for registration of guns,I disagree with the vice president on this issue,Support,2000
2000_e761c22941e103bb2e9beb5df1691f7c,2000_124fa7530c8694c051f677e5280ab7b3,T582,T581,"The criminal is not going to show up and say hey, give me my I.D. card","I think the only people that are going to show up to register or get a license -- I guess licensing like a driver's license for a gun, the only people that are going to show up are law-abiding citizens",Support,2000
2000_fd25b2226bb0bed4596f19970b2fc554,2000_124fa7530c8694c051f677e5280ab7b3,T583,T581,It's the law-abiding citizens who will do that,"I think the only people that are going to show up to register or get a license -- I guess licensing like a driver's license for a gun, the only people that are going to show up are law-abiding citizens",Support,2000
2000_124fa7530c8694c051f677e5280ab7b3,2000_20ae6c9694274a8b6deffed08615d0cf,T581,T584,"I think the only people that are going to show up to register or get a license -- I guess licensing like a driver's license for a gun, the only people that are going to show up are law-abiding citizens",I don't think that is going to be an effective tool to make the -- keep our society safe,Support,2000
2000_5428408a515d1d3d4c166f6f3d332157,2000_56feffa2c6565797a868c7308fe690df,T587,T585,I'm not for registration,I disagree with the vice president on this issue,Attack,2000
2000_2faba0c24e3e2de037a22970a59ee8e1,2000_5428408a515d1d3d4c166f6f3d332157,T588,T587,I am for licensing by states of new handgun purchases,I'm not for registration,Support,2000
2000_d2193ace65b2628ff53af7860ce372d5,2000_39b54729aeb316a0e58f5335553794ae,T591,T590,too many criminals are getting guns,I think states should do that for new handguns,Support,2000
2000_36e06e0c586e65a4a3a6d345e364f5e8,2000_39b54729aeb316a0e58f5335553794ae,T592,T590,There was a recent investigation of the number in Texas who got -- who were given concealed weapons permits in spite of the fact that they had records,I think states should do that for new handguns,Support,2000
2000_de95076a6b46cec0e9483de07932252c,2000_36e06e0c586e65a4a3a6d345e364f5e8,T593,T592,"the ""Los Angeles Times"" spent a lot of ink going into that",There was a recent investigation of the number in Texas who got -- who were given concealed weapons permits in spite of the fact that they had records,Support,2000
2000_081b28252b278fa8650bf8ed1e8f5b4d,2000_09fb10d8417616d39bbe86184f40c5e7,T598,T596,"this is in the aftermath of Columbine, and Paducah, and all the places in our country where the nation has been shocked by these weapons in the hands of the wrong people","The woman who bought the guns for the two boys who did that killing at Columbine said that if she had had to give her name and fill out a form there, she would not have bought those guns",Support,2000
2000_09fb10d8417616d39bbe86184f40c5e7,2000_3359698b26dc41ee72b566852fb63ed9,T596,T597,"The woman who bought the guns for the two boys who did that killing at Columbine said that if she had had to give her name and fill out a form there, she would not have bought those guns",That conceivably could have prevented that tragedy,Support,2000
2000_c43b6ed2de1d1504d9fe39961a2d7b85,2000_2faba0c24e3e2de037a22970a59ee8e1,T599,T588,I'm not for photo licensing,I am for licensing by states of new handgun purchases,Attack,2000
2000_261dbabba063ee63f8fbd8c1c365fe2d,2000_5def1391a3a173994fa3841b3aa314e1,T601,T600,He says we ought to have gun-free schools,Everybody believes that,Support,2000
2000_54a5530c7c661e46131a8533e4d01590,2000_5def1391a3a173994fa3841b3aa314e1,T602,T600,I'm sure every state in the union has got them,Everybody believes that,Support,2000
2000_833073f98d55e731c731b960c9107a99,2000_5def1391a3a173994fa3841b3aa314e1,T603,T600,You can't carry a gun into a school,Everybody believes that,Support,2000
2000_c41f7caedbc8d9f9a4e9f4b9f4c26936,2000_96a2afe3d03a15e07120fffbf6c09798,T607,T606,Columbine spoke to a larger issue,It's really a matter of culture,Support,2000
2000_1888d68c10e751a44b063d16ba138071,2000_96a2afe3d03a15e07120fffbf6c09798,T608,T606,It's a culture that somewhere along the line we've begun to disrespect life,It's really a matter of culture,Support,2000
2000_9de4787d34d4058687c284ab9418edde,2000_1888d68c10e751a44b063d16ba138071,T609,T608,Where a child can walk in and have their heart turned dark as a result of being on the Internet and walk in and decide to take somebody else's life,It's a culture that somewhere along the line we've begun to disrespect life,Support,2000
2000_96a2afe3d03a15e07120fffbf6c09798,2000_ab78792e393492aebf1f7f67cb9ad98a,T606,T610,It's really a matter of culture,gun laws are important,Support,2000
2000_c7f62276dc5302dbd1291c160281fad4,2000_272f4155e8448f818d3e21f9d8528041,T612,T611,"Some desperate child needs to have somebody put their arm around them and say, we love you","so is loving children, and character education classes, and faith-based programs being a part of after-school programs",Support,2000
2000_63dd13269bf73f883168d6119eab705a,2000_67259f42e6cb67e98177baaeb077323f,T616,T614,"there seems to be a lot of preoccupation on -- not certainly only in this debate, but just in general on law",there's a larger law,Support,2000
2000_f6c6e04fcb66eff0a250755fc7ee5322,2000_63dd13269bf73f883168d6119eab705a,T615,T616,we can enforce law,"there seems to be a lot of preoccupation on -- not certainly only in this debate, but just in general on law",Support,2000
2000_d2cfdb03f57e55281cbfd71e6557c588,2000_67259f42e6cb67e98177baaeb077323f,T617,T614,Love your neighbor like you would like to be loved yourself,there's a larger law,Support,2000
2000_d64958149f38d562446eaec3569f9b9a,2000_67259f42e6cb67e98177baaeb077323f,T618,T614,that's where our society must head,there's a larger law,Support,2000
2000_7bc704e43ea64f57fa31ef1b728d0084,2000_d64958149f38d562446eaec3569f9b9a,T619,T618,if we're going to be a peaceful and prosperous society,that's where our society must head,Support,2000
2000_9b0138f128f81d72d6559b75eee91872,2000_0a034679d8ad2943105345a25b4e2453,T621,T620,I agree with a lot of the other things that the governor has said,I also believe in the Golden Rule,Support,2000
2000_17b3b80957c3c44e75a47f7353b34264,2000_96a2afe3d03a15e07120fffbf6c09798,T622,T606,We do have a serious problem in our culture,It's really a matter of culture,Support,2000
2000_5093c7b143535d1bd4a27f22103a78ea,2000_f1800738783538fd960e38fa18893332,T626,T625,She's worked on it longer than I have,Tipper and I have worked on the problem of violence in entertainment aimed at children,Support,2000
2000_089e44f746bf21c56e8dec99ed34cfff,2000_f1800738783538fd960e38fa18893332,T627,T625,I feel very strongly about that,Tipper and I have worked on the problem of violence in entertainment aimed at children,Support,2000
2000_f1800738783538fd960e38fa18893332,2000_08fbeb92d63de53711b8470a89e0529d,T625,T623,Tipper and I have worked on the problem of violence in entertainment aimed at children,"if I'm elected president, I will do something about that",Support,2000
2000_08fbeb92d63de53711b8470a89e0529d,2000_17b3b80957c3c44e75a47f7353b34264,T623,T622,"if I'm elected president, I will do something about that",We do have a serious problem in our culture,Support,2000
2000_47ddec7d27c5287ec08d4fd416c2651b,2000_272f4155e8448f818d3e21f9d8528041,T629,T611,I don't think that we can ignore the role played by guns,"so is loving children, and character education classes, and faith-based programs being a part of after-school programs",Attack,2000
2000_bd0bfdbaaa38706db8bf000aa4f7d9de,2000_47ddec7d27c5287ec08d4fd416c2651b,T97,T629,"even though no state wants them, there are guns in some schools",I don't think that we can ignore the role played by guns,Support,2000
2000_6f0909e5ca2a90b95182e527846198fe,2000_54401ef0e161f17088a5c9fd4dac17a0,T265,T106,in recent years there has been a flood of cheap handguns that are so widely available that kids are finding ways to get ahold of them,it's so difficult for schools to control that,Support,2000
2000_1b5f50faf16d0f02d4b5b3dc6696fa26,2000_60c81f9e7216586fd49842a2f42b7a96,T630,T624,if you look at the situation as it exists here in the United States compared to any other country in the world,we do need some common sense gun safety steps to stem this flood of guns that are getting into the wrong hands,Support,2000
2000_60c81f9e7216586fd49842a2f42b7a96,2000_54401ef0e161f17088a5c9fd4dac17a0,T624,T106,we do need some common sense gun safety steps to stem this flood of guns that are getting into the wrong hands,it's so difficult for schools to control that,Support,2000
2000_e1a09b34d0ce1c5086165ce9d4f6d191,2000_9098c02fd10cc51689ae236f3d87c2b6,T636,T637,"Some kid who feels like -- doesn't matter where the gun comes from, it could be a cheap gun, expensive gun",What matters is something in this person's head says there is not going to be a consequence,Support,2000
2000_9098c02fd10cc51689ae236f3d87c2b6,2000_31de191d99415d07e78175657861f8f0,T637,T631,What matters is something in this person's head says there is not going to be a consequence,there also needs to be strong enforcement of the law,Support,2000
2000_76453c01d1dc2db63c5101f7f853fd18,2000_5b2c26d1f5a54c7a4cdd09e191b4e160,T635,T632,in my state we toughen up the juvenile justice laws,We're tough,Support,2000
2000_4fee1a825cb38f66878c5bae18b0c287,2000_5b2c26d1f5a54c7a4cdd09e191b4e160,T634,T632,We added beds,We're tough,Support,2000
2000_c34f249e5be007238cdd2b819b9c26c0,2000_5b2c26d1f5a54c7a4cdd09e191b4e160,T633,T632,We believe in tough love,We're tough,Support,2000
2000_179a3dca6bf82a9cd8aca9a7a5d5fb5b,2000_5b2c26d1f5a54c7a4cdd09e191b4e160,T638,T632,"We say, if you get caught carrying a gun, you're automatically detained",We're tough,Support,2000
2000_c6ddbc3807639ffa8896516750ddf494,2000_5b2c26d1f5a54c7a4cdd09e191b4e160,T639,T632,that's what needs to happen,We're tough,Support,2000
2000_a2b67dc70ca5b6d2148aa57b23f002b7,2000_6190d246db5ac3ee4ada0e10701a753a,T642,T641,"If laws need to be strengthened, like instant background checks",that's important,Support,2000
2000_e369042d138e43cfdffe28462b7243a2,2000_5b2c26d1f5a54c7a4cdd09e191b4e160,T640,T632,We've got laws,We're tough,Support,2000
2000_6190d246db5ac3ee4ada0e10701a753a,2000_5b2c26d1f5a54c7a4cdd09e191b4e160,T641,T632,that's important,We're tough,Support,2000
2000_0344bcd7306e497b677ea87f323d060a,2000_15f87c0ab8638fbdfde3b81bf67cd0ae,T594,T547,"I am not for doing anything that would affect hunters or sportsmen, rifles, shotguns, existing handguns",I will not do anything to affect the rights of hunters or sportsmen,Equivalent,2000
2000_d94d68007a81a3647ead66a19bfbde54,2000_ed49377c8ae19924c0e96e415dcec86b,T645,T643,there's some who should be buying health care who choose not to,I've got a plan to do something about that. It's to make health care affordable and available this way,Support,2000
2000_a761f4dc2b8b5ec006d4745a050ef118,2000_496fcd49eeca5d90738dfbf3abf9599d,T646,T644,"Some of the healthy folks, healthy young kids say I'll never get sick, therefore I don't need health care right now",For those what I think we need to do is to develop an investment-type vehicle that would be an incentive for them to invest,Support,2000
2000_ea5d86bf361d246d5aafcd0a9682cf14,2000_496fcd49eeca5d90738dfbf3abf9599d,T647,T644,like medical savings accounts with rollover capacity,For those what I think we need to do is to develop an investment-type vehicle that would be an incentive for them to invest,Support,2000
2000_f5a7ddb74e1317a6d78fe7ff4d7d4dcc,2000_496fcd49eeca5d90738dfbf3abf9599d,T648,T644,"In other words, you say to a youngster, it will be in your financial interest to start saving for future illness",For those what I think we need to do is to develop an investment-type vehicle that would be an incentive for them to invest,Support,2000
2000_add3419d6a4a08ebc8a4571d8fe78a09,2000_41a386ecd78f4e781da0c497449f2bf1,T650,T649,we need more community health centers,"for the working folks that do want to have health care that can't afford it, a couple of things we need to do",Support,2000
2000_fb3a0d9ae64142355d3c84592ab9ff84,2000_add3419d6a4a08ebc8a4571d8fe78a09,T651,T650,I've developed -- put out money in my budget to expand community health centers all around the country,we need more community health centers,Support,2000
2000_e8eede3129a126a68a48c23aff078584,2000_fb3a0d9ae64142355d3c84592ab9ff84,T652,T651,These are places where people can get primary care,I've developed -- put out money in my budget to expand community health centers all around the country,Support,2000
2000_2046935e4e093848e4fecbe69b8bfa71,2000_fb3a0d9ae64142355d3c84592ab9ff84,T653,T651,and they're good,I've developed -- put out money in my budget to expand community health centers all around the country,Support,2000
2000_95533c73131545e74d9c2974f86f191d,2000_2046935e4e093848e4fecbe69b8bfa71,T654,T653,They're very important parts of the safety net of health care,and they're good,Support,2000
2000_5f988435e41c637d6f458f6b1f484cdb,2000_c15589ab886dee6ec09d9606790b17b0,T656,T655,It will be a huge down payment for a pretty darn good system,"you get a $2,000 rebate from the government if you're a family of $30,000 or less -- it scales down as you get higher -- that you can use to purchase health care in the private markets",Support,2000
2000_4a321a243b79921bba0ab8420469627e,2000_00fbee0bbc1c4788ebcfdc78c4f8cc24,T659,T658,to make health care more affordable,allow business associations like the National Federal of Independent Business or the Chamber of Commerce or the National Restaurant Association to write association plans across jurisdictional lines,Support,2000
2000_6db2038be579346380b95bcfb33aca34,2000_00fbee0bbc1c4788ebcfdc78c4f8cc24,T660,T658,so that small businesses have got the capacity to have national pooling to drive the cost of insurance down,allow business associations like the National Federal of Independent Business or the Chamber of Commerce or the National Restaurant Association to write association plans across jurisdictional lines,Support,2000
2000_00fbee0bbc1c4788ebcfdc78c4f8cc24,2000_d3f88ad18d8936117ebf7d4f506872ed,T658,T661,allow business associations like the National Federal of Independent Business or the Chamber of Commerce or the National Restaurant Association to write association plans across jurisdictional lines,I think that's the very best way to go,Support,2000
2000_c7aa27ecd5750e35eeb3c2367e00b50c,2000_d3f88ad18d8936117ebf7d4f506872ed,T657,T661,"If you allow -- also allow -- convince states to -- allow states to allow the mother to match some of the children's health insurance money with it, the pool purchasing power",I think that's the very best way to go,Support,2000
2000_197e71e58c4ffa16adffff45d2a36f51,2000_d3f88ad18d8936117ebf7d4f506872ed,T663,T661,it trusts people,I think that's the very best way to go,Support,2000
2000_c2f70f93e24cd2b079c76b41d406817e,2000_d3f88ad18d8936117ebf7d4f506872ed,T662,T661,It empowers people,I think that's the very best way to go,Support,2000
2000_a811113ba9714472d50fc4d2e83e5836,2000_d3f88ad18d8936117ebf7d4f506872ed,T664,T661,it's a practical way to encourage people to purchase health care insurance,I think that's the very best way to go,Support,2000
2000_4ff00d513fc35f31d74cec8f4fe8299b,2000_6308126ed3a4978dbb3486266decba97,T667,T666,I would like to see eventually in this country some form of universal health care,I'm not for a government-run system,Support,2000
2000_e29f005464cb1d80375819202cde2b02,2000_6308126ed3a4978dbb3486266decba97,T668,T666,I'm for shrinking the size of government,I'm not for a government-run system,Support,2000
2000_d9b22a0e7ad81b31e3a0f24659aea33e,2000_6308126ed3a4978dbb3486266decba97,T669,T666,I want a smaller and smarter government,I'm not for a government-run system,Support,2000
2000_247aca4e8f4704daa325035d4ecdb3e3,2000_d9b22a0e7ad81b31e3a0f24659aea33e,T670,T669,"I have been in charge of this reinventing government streamlining project that's reduced the size of government by more than 300,000 people in the last several years",I want a smaller and smarter government,Support,2000
2000_78c3e4116f51f790341153b71281f5bb,2000_d9b22a0e7ad81b31e3a0f24659aea33e,T671,T669,"the budget plan that I've put out, according to the ""Los Angeles Times"" again, the way these things are typically measured as a percentage of the GDP, will bring government spending down to the lowest level in 50 years",I want a smaller and smarter government,Support,2000
2000_c2523f6d41303981d062d12e1fc5e2b4,2000_eab79e0d4e2b0be7ec5ffd6f5940bfea,T673,T672,it's intolerable that we have so many millions of children without any health insurance,I think we should start by greatly expanding the so-called child health insurance or CHIP program to give health insurance to every single child in this country,Support,2000
2000_78ab851d40859e05ebb628b1398ed165,2000_eab79e0d4e2b0be7ec5ffd6f5940bfea,T674,T672,it's one of my top priorities,I think we should start by greatly expanding the so-called child health insurance or CHIP program to give health insurance to every single child in this country,Support,2000
2000_80e09045d575b2093fe5ab9d6a18442c,2000_addd7d119b641df6a3294d67b8a742e3,T678,T677,Texas ranks 49th out of the 50 states in health care -- in children with health care,there is a record here,Support,2000
2000_21443b2e0e891583afed3e508ac7e3ab,2000_addd7d119b641df6a3294d67b8a742e3,T680,T677,50th for families with health care,there is a record here,Support,2000
2000_c4f3032e0e0760f01a39095024936f07,2000_addd7d119b641df6a3294d67b8a742e3,T679,T677,49th for women with health care,there is a record here,Support,2000
2000_addd7d119b641df6a3294d67b8a742e3,2000_ec8ebb4cdf44e4646c7a1222def6401b,T677,T681,there is a record here,it is a priority for me,Support,2000
2000_0d2e93c3cab76d2407743a3c25b6bcad,2000_5c361b9c326ffa8346dcb062d978d7ad,T684,T683,It was fortunately stopped in its tracks,that's exactly what he and Mrs. Clinton and them fought for in 1993 was a government-run health care system,Support,2000
2000_c313c62faa4006aa24734937f21eecfd,2000_801cbb705a4dc299adcbc90c82609be7,T689,T688,"Our rate of uninsured, the percentage of uninsured in Texas has gone down, while the percentage of uninsured in America has gone up",we spend $4.7 billion a year on the uninsured in the State of Texas,Support,2000
2000_323453676c18a243f59bf822647319fa,2000_92bf5e1b049bea9c8d175d864f0143ca,T691,T690,our government meets only four months out of every two years,Our CHIPS program got a late start,Support,2000
2000_a0e1d7954fb6901e39e3e0620752734a,2000_0c4135d59ffddcd954a3223718ee03ab,T693,T692,"Congress passes the bill after our session in 1997 ended, we passed an enabling legislation in 1999",limited government can work in the second largest state in the union,Support,2000
2000_113107636fb186968345e0204b020584,2000_ecbf1e61f30f70b475ea39754da39836,T695,T685,"For comparable states our size, we're signing them up as fast as any other state",we care about our people in Texas,Support,2000
2000_5038c96aba421cebc1808a5fa4b5dd07,2000_ecbf1e61f30f70b475ea39754da39836,T694,T685,"We've signed up over 110,000 children to the CHIPS program",we care about our people in Texas,Support,2000
2000_4112d39caaea40af207a8db9bbabb426,2000_ecbf1e61f30f70b475ea39754da39836,T686,T685,We spent a lot of money to make sure people get health care in the State of Texas,we care about our people in Texas,Support,2000
2000_65b0570a390e7216687b6ba14fb97e07,2000_4112d39caaea40af207a8db9bbabb426,T687,T686,we're doing a better job than they are at the national level for reducing uninsured,We spent a lot of money to make sure people get health care in the State of Texas,Support,2000
2000_6abae6d21de59a9f8a2d8c56cf082434,2000_88bc11238db5a424338ec392a645cb26,T699,T700,He declared the need for a new tax cut for the oil companies in Texas an emergency need,the money was taken away from the CHIP program,Support,2000
2000_155362476db769a5b0440fd3dd2e8ad2,2000_6abae6d21de59a9f8a2d8c56cf082434,T698,T699,"instead directed the money toward a tax cut, a significant part of which went to wealthy interests",He declared the need for a new tax cut for the oil companies in Texas an emergency need,Support,2000
2000_04b070ce9862eed6f306ffa8c3c439f0,2000_88bc11238db5a424338ec392a645cb26,T697,T700,"as for why it happened, I'm no expert on the Texas procedures, but what my friends there tell me is that the governor opposed a measure put forward by Democrats in the legislature to expand the number of children that would be covered",the money was taken away from the CHIP program,Support,2000
2000_29ff60e4a851875aad58165779011dc3,2000_1576f404020f759b111004dd64afa0fe,T703,T702,"600,000 of whom, and maybe some of those have since gotten it, but as of a year ago 600,000 of them were actually eligible for it but they couldn't sign up for it because of the barriers that they had set up",there are 1.4 million children in Texas who do not have health insurance,Support,2000
2000_55ea01f555d3cee9022b7ff58b3696e4,2000_9e52ee6e804eab035ec0d2def66bb177,T705,T704,We've spent $4.7 billion a year in the State of Texas for uninsured people,"If he's trying to allege that I'm a hard-hearted person and I don't care about children, he's absolutely wrong",Support,2000
2000_a362430ad6c19d4718fa930bebe8ce32,2000_55ea01f555d3cee9022b7ff58b3696e4,T706,T705,they get health care,We've spent $4.7 billion a year in the State of Texas for uninsured people,Support,2000
2000_f4c21227c2e5629baf16a9ebda8dd20b,2000_e448e1f29cdc92e1025bab723034f5f9,T717,T716,Let me just tell you who the jury is,The people of Texas,Support,2000
2000_dca1cf2cb4f88aedb099bafcab219341,2000_e448e1f29cdc92e1025bab723034f5f9,T715,T716,"There's only been one governor ever elected to back-to-back four-year terms, and that was me",The people of Texas,Support,2000
2000_8aab6785f7838d92c6d2afaee160ccc5,2000_e8eb988e4bc5c0ea28c11246eabeb844,T714,T713,"I was able to do so with a lot of Democrat votes, nearly 50% of the Hispanic vote, about 27% of the African-American vote",people know I'm a conservative person and a compassionate person,Support,2000
2000_dca1cf2cb4f88aedb099bafcab219341,2000_e8eb988e4bc5c0ea28c11246eabeb844,T715,T713,"There's only been one governor ever elected to back-to-back four-year terms, and that was me",people know I'm a conservative person and a compassionate person,Support,2000
2000_61646d530c44f7509b87dbc306cd175c,2000_0b4aea4c1331986d3661d2d07512d8fa,T712,T711,We come together both Republicans and Democrats,I'm just telling you our state comes together to do what is right,Support,2000
2000_22ab03faf69bc5fc71139f271e0013c5,2000_c9508e8acb477cb0547f7fa15011a76d,T720,T719,I don't claim to know his heart,it's not a statement about his heart,Support,2000
2000_378dfeed797f0689984319f99d7f5b21,2000_31cf58d8c6099a1a84cdafaca4eece5f,T722,T721,I make no allegations about that,I think he's a good person,Support,2000
2000_ef17852408e0a6c84812daf6caf085c4,2000_31cf58d8c6099a1a84cdafaca4eece5f,T723,T721,I believe him when he says that he has a good heart,I think he's a good person,Support,2000
2000_0c8eeaa079139c3f5944c7020314f1fc,2000_ef17852408e0a6c84812daf6caf085c4,T725,T723,I know enough about your story to admire a lot of the things that you have done as a person,I believe him when he says that he has a good heart,Support,2000
2000_224933c3634d14e662f74491c943e540,2000_77bf8bc52018c65b39a29a6a17210812,T727,T1,"if you were the governor of a state that was dead last in health care for families, and all of a sudden you found yourself with the biggest surplus your state had ever had in its history, wouldn't you want to maybe use some of it to climb from 50th to, say, 45 or 40 or something or maybe better?",I would,Support,2000
2000_77bf8bc52018c65b39a29a6a17210812,2000_b018889aada2eb917669cacf5f4a6d0f,T1,T724,I would,I think it's about his priorities,Support,2000
2000_9e33e46a8baf6e32434ea6ba56aa51a4,2000_77bf8bc52018c65b39a29a6a17210812,T729,T1,it's directly relevant,I would,Support,2000
2000_d59309cc4ee6a4c78556fc9063191227,2000_9e33e46a8baf6e32434ea6ba56aa51a4,T730,T729,"by his own budget numbers, his proposals for spending on tax cuts for the wealthiest of the wealthy are more than the new spending proposals that he has made for health care and education and national defense all combined",it's directly relevant,Support,2000
2000_ddbac99e5a547f2fe9091e15429e03dd,2000_d59309cc4ee6a4c78556fc9063191227,T731,T730,According to his own numbers,"by his own budget numbers, his proposals for spending on tax cuts for the wealthiest of the wealthy are more than the new spending proposals that he has made for health care and education and national defense all combined",Support,2000
2000_60220445c38ec89a19558d0ac340eb32,2000_b018889aada2eb917669cacf5f4a6d0f,T732,T724,it's not a question of his heart,I think it's about his priorities,Support,2000
2000_331c05973bae5b9c21191762741007d5,2000_b018889aada2eb917669cacf5f4a6d0f,T726,T724,It's a question of priorities and values,I think it's about his priorities,Support,2000
2000_e5ee49360aa9949bb693a9ebcb295365,2000_d59309cc4ee6a4c78556fc9063191227,T3,T730,that's simply not true what he just said That we spent -- the top 1% receive 223 as opposed to 445 billion in new spending,"by his own budget numbers, his proposals for spending on tax cuts for the wealthiest of the wealthy are more than the new spending proposals that he has made for health care and education and national defense all combined",Attack,2000
2000_5c19a807df07993fee108ee81c08aadb,2000_e5ee49360aa9949bb693a9ebcb295365,T734,T3,The top 1% will pay one-third of all the federal income taxes,that's simply not true what he just said That we spent -- the top 1% receive 223 as opposed to 445 billion in new spending,Support,2000
2000_4c5e1eba59508bc4852d2d5e270ac7fb,2000_e5ee49360aa9949bb693a9ebcb295365,T735,T3,let's talk about my tax plan,that's simply not true what he just said That we spent -- the top 1% receive 223 as opposed to 445 billion in new spending,Support,2000
2000_fa321d1d1286f3418261a99bf679ad10,2000_e5ee49360aa9949bb693a9ebcb295365,T736,T3,"in return, get one-fifth of the benefits, because most of the tax reductions go to the people at the bottom end of the economic ladder",that's simply not true what he just said That we spent -- the top 1% receive 223 as opposed to 445 billion in new spending,Support,2000
2000_cda8fab438bc2626a445179db4268e67,2000_451fcfb91237213796c92945a138b554,T737,T738,"That stands in stark contrast, by the way, to a man who is going to leave 50 million -- 50 million Americans out of tax relief",We just have a different point of view,Support,2000
2000_8f51ec52dedcbc91716e772c956756e8,2000_451fcfb91237213796c92945a138b554,T740,T738,He believes only the right people ought to get tax relief,We just have a different point of view,Support,2000
2000_2a2f55776b814f78fd537934010436d3,2000_451fcfb91237213796c92945a138b554,T741,T738,I believe everybody who pays taxes ought to get tax relief,We just have a different point of view,Support,2000
2000_dbd5b7e2d49b14ed470b915116d22653,2000_dc977da988b647fb0e929626f8066f61,T743,T742,We pay 4.7 billion,"Let me go back to Texas, for example, for a minute",Support,2000
2000_52a5c2977d6f0918b2afc99b53c6d28a,2000_dbd5b7e2d49b14ed470b915116d22653,T744,T743,I can't emphasize to you how much,We pay 4.7 billion,Support,2000
2000_369f7988a489fdca499f613a34b9121c,2000_dc977da988b647fb0e929626f8066f61,T745,T742,I signed a bill that puts CHIPS in place,"Let me go back to Texas, for example, for a minute",Support,2000
2000_d7473073675e1137f30dc0fb4b3a528e,2000_369f7988a489fdca499f613a34b9121c,T746,T745,The bill finally came out at the end of the 1999 session,I signed a bill that puts CHIPS in place,Support,2000
2000_dc977da988b647fb0e929626f8066f61,2000_87b7359f1ad82cc010aa621fb809b270,T742,T747,"Let me go back to Texas, for example, for a minute",We're working hard to sign up children,Support,2000
2000_b3aed61e073645165a7ecc0f16b2d389,2000_87b7359f1ad82cc010aa621fb809b270,T748,T747,"We're doing it faster than any other state our size, comparable state",We're working hard to sign up children,Support,2000
2000_60c570bbb8abaeaaa5b537cca0ec93d2,2000_87b7359f1ad82cc010aa621fb809b270,T749,T747,We're making really good progress,We're working hard to sign up children,Support,2000
2000_fd2370cb1976920942f1adaca78b695d,2000_87b7359f1ad82cc010aa621fb809b270,T750,T747,our state cares a lot about our children,We're working hard to sign up children,Support,2000
2000_87b7359f1ad82cc010aa621fb809b270,2000_451fcfb91237213796c92945a138b554,T747,T738,We're working hard to sign up children,We just have a different point of view,Support,2000
2000_f492af1ed999c00c7079c95d41be525d,2000_3368fb93e84e4afe6e5f26f38af5ef3a,T752,T753,"These folks have had eight years to get something done in Washington, D.C. on the uninsured",They have not done it,Support,2000
2000_c31795bd48663b1887549ec63b5944dc,2000_02054a6e997f5016f1302db930801ad2,T754,T755,They've had eight years to get something done on Medicare,they have not got it done,Support,2000
2000_f55b6fef5fa2e82bd6a865466de1c43d,2000_27c99f45ce4bd106b5e0e852ebce430a,T757,T756,if you want change,you need to get somebody that knows how to bring Republicans and Democrats together to get positive things done for America,Support,2000
2000_c120490ded9b5a7fad39953c061f5906,2000_27c99f45ce4bd106b5e0e852ebce430a,T758,T756,"if you're happy with inactivity, stay with the horse",you need to get somebody that knows how to bring Republicans and Democrats together to get positive things done for America,Support,2000
2000_8d6a03cf78d0719bf6b6178a9918dce4,2000_ec8ebb4cdf44e4646c7a1222def6401b,T682,T681,I think it ought to be a top priority,it is a priority for me,Equivalent,2000
2000_55ea01f555d3cee9022b7ff58b3696e4,2000_801cbb705a4dc299adcbc90c82609be7,T705,T688,We've spent $4.7 billion a year in the State of Texas for uninsured people,we spend $4.7 billion a year on the uninsured in the State of Texas,Equivalent,2000
2000_be47519df3b2f8fc78b38d04f09771d0,2000_c313c62faa4006aa24734937f21eecfd,T708,T689,the number of uninsured in America during their watch has increased,"Our rate of uninsured, the percentage of uninsured in Texas has gone down, while the percentage of uninsured in America has gone up",Equivalent,2000
2000_fe5c563cc9f9100d5d635890fb3bc2fb,2000_451fcfb91237213796c92945a138b554,T739,T738,It's a totally different point of view,We just have a different point of view,Equivalent,2000
2000_d83f22aebd2d861c4645a24a3954b04d,2000_569e5b7e20fa8037f317135e35aa3796,T165,T156,I thought the president made the right decision in joining NATO and bombing Serbia,I think it's a triumph,Support,2000
2000_d91b6ce8c2a52ea2615706fedb158065,2000_d83f22aebd2d861c4645a24a3954b04d,T166,T165,I supported them when they did so,I thought the president made the right decision in joining NATO and bombing Serbia,Support,2000
2000_19870cc768fe18eb87445d12ad58a353,2000_53e5098455d54aad7212c3b18658205b,T158,T157,it worked,I think it's good public policy,Support,2000
2000_53e5098455d54aad7212c3b18658205b,2000_d83f22aebd2d861c4645a24a3954b04d,T157,T165,I think it's good public policy,I thought the president made the right decision in joining NATO and bombing Serbia,Support,2000
2000_453fca6095c7f813f3931997fd84b1aa,2000_53e5098455d54aad7212c3b18658205b,T162,T157,I called upon the Congress not to hamstring the administration,I think it's good public policy,Support,2000
2000_a502d9640ed6cdd7b86c9a74e7947254,2000_53e5098455d54aad7212c3b18658205b,T163,T157,in terms of forcing troop withdrawals on a timetable that wasn't necessarily in our best interest or fit our nation's strategy,I think it's good public policy,Support,2000
2000_98131b159e0134023775e742eda90ddc,2000_d83f22aebd2d861c4645a24a3954b04d,T160,T165,I'm pleased the president made the decision he made,I thought the president made the right decision in joining NATO and bombing Serbia,Support,2000
2000_19b2e6dbfd074dd02f944fff6df266bc,2000_d83f22aebd2d861c4645a24a3954b04d,T159,T165,I'm pleased I took -- made the decision I made,I thought the president made the right decision in joining NATO and bombing Serbia,Support,2000
2000_685a82ad0e4acf3fe99184f94ff147c7,2000_98131b159e0134023775e742eda90ddc,T161,T160,freedom took hold in that part of the world,I'm pleased the president made the decision he made,Support,2000
2000_8324c8c59324a72ff06fc16ab95ded8c,2000_7de2bdc676a27dc954b67990193b3fb5,T168,T167,Absolutely,"Yes, I think it is",Support,2000
2000_89caad9b9e0618aebac98d91c601bc8b,2000_7de2bdc676a27dc954b67990193b3fb5,T169,T167,I don't think he would have fallen had we not used the force,"Yes, I think it is",Support,2000
2000_2ca6e928eb6dfb2596b8f1d3806e193a,2000_feb37d66c5c3f1ced6f3a208b437987f,T172,T171,"nevertheless, it worked",I didn't think he necessarily made the right decision to take land troops off the table right before we committed ourselves offensively,Support,2000
2000_feb37d66c5c3f1ced6f3a208b437987f,2000_ae4cc12bd2db2fe63aadb2a2a1bf76d7,T171,T170,I didn't think he necessarily made the right decision to take land troops off the table right before we committed ourselves offensively,I thought he made the right decision to do so,Support,2000
2000_311466fab4dfb9fd7a70273a8c8aa172,2000_87139c07d1d3a9747abfa309178ab925,T174,T173,It is important for NATO to have it work,The administration deserves credit for having made it work,Support,2000
2000_97933f014a1220bab3d2ad60d39fd66c,2000_87139c07d1d3a9747abfa309178ab925,T175,T173,It's important for NATO to be strong and confident and to help keep the peace in Europe,The administration deserves credit for having made it work,Support,2000
2000_7de2bdc676a27dc954b67990193b3fb5,2000_87139c07d1d3a9747abfa309178ab925,T167,T173,"Yes, I think it is",The administration deserves credit for having made it work,Support,2000
2000_9c4366340822f495d316c5449cb40e3b,2000_968cf4dba1c3cdd271b5b7584893872a,T177,T176,because of our relations with NATO,I felt so strongly that the United States needed to participate,Support,2000
2000_3bd0dc4ed8158832fe1c04e8001429b9,2000_968cf4dba1c3cdd271b5b7584893872a,T178,T176,NATO is going to be an important part of keeping the peace in the future,I felt so strongly that the United States needed to participate,Support,2000
2000_1c19e2cd32fb6b36205c308b74def7a4,2000_50bbaa1cb79f80bf55f18d129d3b59d4,T181,T180,"Remains to be seen, however, whether or not there's going to be a political settlement in Kosovo",I certainly hope there is one,Support,2000
2000_50bbaa1cb79f80bf55f18d129d3b59d4,2000_3af9b44067c9ae11ea74a4bb0aac9f0e,T180,T179,I certainly hope there is one,there's more work to do,Support,2000
2000_1b60fb67b41cf1498389572554a9c95e,2000_ba1c5291380096a631221c07db634e6f,T184,T183,so that we can withdraw our troops and focus our military on fighting and winning war,I hope that they put the troops on the ground,Support,2000
2000_ba1c5291380096a631221c07db634e6f,2000_8b4fcf38c82f04ba40b8a59ad555b5c4,T183,T182,I hope that they put the troops on the ground,I hope our European friends become the peacekeepers in Bosnia and in the Balkans,Support,2000
2000_4bd4038bb49ec970317972054582813b,2000_bcc89d4b0313df38e379ea8d9fd91c2d,T187,T186,He caused the death of so many people,When I was in the senate before I became vice president I was pushing for stronger action against Milosevic,Support,2000
2000_bcc89d4b0313df38e379ea8d9fd91c2d,2000_e2299ae9e3fb69d11a02c57ddf9fe9ee,T186,T185,When I was in the senate before I became vice president I was pushing for stronger action against Milosevic,I've been kind of a hard-liner on this issue for more than eight years,Support,2000
2000_e2299ae9e3fb69d11a02c57ddf9fe9ee,2000_7de2bdc676a27dc954b67990193b3fb5,T185,T167,I've been kind of a hard-liner on this issue for more than eight years,"Yes, I think it is",Support,2000
2000_e8a7d68617af196e6b630b8a39cb54aa,2000_bcc89d4b0313df38e379ea8d9fd91c2d,T188,T186,He was the last communist party boss there,When I was in the senate before I became vice president I was pushing for stronger action against Milosevic,Support,2000
2000_3ed801735a0452e850f18be75f69a123,2000_bcc89d4b0313df38e379ea8d9fd91c2d,T189,T186,then he became a dictator that by some other label he was still essentially a communist dictator,When I was in the senate before I became vice president I was pushing for stronger action against Milosevic,Support,2000
2000_cb734d6fee689781e723dded21490d6a,2000_e2299ae9e3fb69d11a02c57ddf9fe9ee,T194,T185,He should be held accountable,I've been kind of a hard-liner on this issue for more than eight years,Support,2000
2000_fb387467651c9a39a0f6d7502eef85e0,2000_41c4d8f67c3ba0e2730a92cbd5871d42,T191,T190,just today the members of his political party said that they were going to ignore the orders of the new president of Serbia,unfortunately now he is trying to reassert himself in Serbian politics,Support,2000
2000_b3840f5b581493b948abf0fc16a3ebf3,2000_fb387467651c9a39a0f6d7502eef85e0,T192,T191,that they question his legitimacy,just today the members of his political party said that they were going to ignore the orders of the new president of Serbia,Support,2000
2000_91d1efdf3e2083a9a4575638bcab42eb,2000_41c4d8f67c3ba0e2730a92cbd5871d42,T193,T190,he's still going to try to be actively involved,unfortunately now he is trying to reassert himself in Serbian politics,Support,2000
2000_41c4d8f67c3ba0e2730a92cbd5871d42,2000_e2299ae9e3fb69d11a02c57ddf9fe9ee,T190,T185,unfortunately now he is trying to reassert himself in Serbian politics,I've been kind of a hard-liner on this issue for more than eight years,Support,2000
2000_611693ba54d3fd51b16b1a8e6534fc03,2000_bcc89d4b0313df38e379ea8d9fd91c2d,T195,T186,He is an indicted war criminal,When I was in the senate before I became vice president I was pushing for stronger action against Milosevic,Support,2000
2000_63bdd1ac01249bbb7b35032cc2b03ab3,2000_53726cd9f7fa9f36afdc58c9aa1665cc,T197,T196,it's based on our values,"by itself, that to me can bring into play a fundamental American strategic interest",Support,2000
2000_df1064800c26247050881a2e002be6e8,2000_53726cd9f7fa9f36afdc58c9aa1665cc,T198,T196,"In some of the discussions we've had about when it's appropriate for the U.S. to use force around the world, at times the standards that you've laid down have given me the impression that if it's something like a genocide taking place or what they called ethnic cleansing in Bosnia, that that alone would not be, that that wouldn't be the kind of situation that would cause you to think that the U.S. ought to get involved with troops","by itself, that to me can bring into play a fundamental American strategic interest",Support,2000
2000_53726cd9f7fa9f36afdc58c9aa1665cc,2000_7de2bdc676a27dc954b67990193b3fb5,T196,T167,"by itself, that to me can bring into play a fundamental American strategic interest","Yes, I think it is",Support,2000
2000_14c56e49318d8a3c159f76277054a863,2000_75a6f918d2afa4c17fd296421c59fddb,T200,T199,If I think it's in our nation's strategic interest,I'll commit troops,Support,2000
2000_a8e1c2e923b05dc33115cc26cbf6fac8,2000_36482db2540336b46bb3047bf126ccca,T202,T201,because of our relations in NATO,I thought it was in our strategic interests to keep Milosevic in check,Support,2000
2000_8aa751a1e71ecd93b7eea430af30805b,2000_8e4fe904c7f9c3365443a755584a5056,T204,T203,I felt like unchecked Milosevic would harm NATO,I think it's important for NATO to be strong and confident,Support,2000
2000_4d18b993a5e6d4f79ee1d72d7c2a40e7,2000_38eb06137f9e1d6b476d3de38b3a6fc8,T212,T211,I voted for it,supported it,Support,2000
2000_e80e3cf286b2e677c0db189199ff4768,2000_b51708d575b65df3ca7a99d53091ab4d,T208,T207,I did support it at the time,"I think in retrospect the lessons there are ones that we should take very, very seriously",Support,2000
2000_b51708d575b65df3ca7a99d53091ab4d,2000_fb40f240a121a92f76eb3e5776e19c67,T207,T206,"I think in retrospect the lessons there are ones that we should take very, very seriously",I think that that was ill-considered,Support,2000
2000_6097b97b486dba85b2b82f35a60c2b05,2000_e449b77bdba63ff666cc41147f79442f,T217,T216,Started off as a humanitarian mission and it changed into a nation-building mission,that's where the mission went wrong,Support,2000
2000_0e89404bc8243037d4aeb9d5edb6b22e,2000_6097b97b486dba85b2b82f35a60c2b05,T218,T217,The mission was changed,Started off as a humanitarian mission and it changed into a nation-building mission,Support,2000
2000_e449b77bdba63ff666cc41147f79442f,2000_7b957219104053875540c40aad24349b,T216,T219,that's where the mission went wrong,"as a result, our nation paid a price",Support,2000
2000_8788ac667c8795ab8761cefec80cc7d3,2000_e449b77bdba63ff666cc41147f79442f,T220,T216,I don't think our troops ought to be used for what's called nation-building,that's where the mission went wrong,Support,2000
2000_b9986f0b11a679e4e68e6eb70ea3d44e,2000_8788ac667c8795ab8761cefec80cc7d3,T221,T220,I think our troops ought to be used to fight and win war,I don't think our troops ought to be used for what's called nation-building,Support,2000
2000_a6677872f17aeaea185a27e009a64d74,2000_8788ac667c8795ab8761cefec80cc7d3,T222,T220,I think our troops ought to be used to help overthrow the dictator when it's in our best interests,I don't think our troops ought to be used for what's called nation-building,Support,2000
2000_82173bf68689ffa534b4f130cf71b6a3,2000_8788ac667c8795ab8761cefec80cc7d3,T223,T220,in this case it was a nation-building exercise,I don't think our troops ought to be used for what's called nation-building,Support,2000
2000_175c96b004acc1bc9f6e872af24a923f,2000_82173bf68689ffa534b4f130cf71b6a3,T224,T223,same with Haiti,in this case it was a nation-building exercise,Support,2000
2000_8788ac667c8795ab8761cefec80cc7d3,2000_6a5f03e376d234e9cfb6c4609d445702,T220,T225,I don't think our troops ought to be used for what's called nation-building,I wouldn't have supported either,Support,2000
2000_bb13f831c8f49c246590d1d252accbdf,2000_3dbe0fa8b3f1e7b6cb56523e557cf760,T238,T237,no one liked to see it on our TV screens,It was a horrible situation,Support,2000
2000_6822b028f9de610fceea94587e77719a,2000_13cf7fa621c1433127dd97827597759b,T240,T239,it's a case where we need to make sure we have an early warning system in place in places where there could be ethnic cleansing and genocide the way we saw it there in Rwanda,we need to use our influence to have countries in Africa come together and help deal with the situation,Support,2000
2000_3dbe0fa8b3f1e7b6cb56523e557cf760,2000_13cf7fa621c1433127dd97827597759b,T237,T239,It was a horrible situation,we need to use our influence to have countries in Africa come together and help deal with the situation,Support,2000
2000_9ade645a768e402802abe7118a0ec238,2000_afa09b54f5f1d08d802755f0f6d77b46,T236,T235,the administration made the right decision on training Nigerian troops for situations just such as this in Rwanda,I thought they made the right decision not to send U.S. troops into Rwanda,Support,2000
2000_d0e70585f424d3aba9907619e2287b28,2000_bc710a6055e8397ed3a7c5537a3e95fe,T244,T241,"We did, actually, send troops into Rwanda to help with the humanitarian relief measures",I think in retrospect we were too late getting in there,Support,2000
2000_82e281317487ecf6ba60ba84ce7da7bb,2000_d0e70585f424d3aba9907619e2287b28,T245,T244,"My wife Tipper, who is here, actually went on a military plane with General Sholicatchvieli on one of those flights","We did, actually, send troops into Rwanda to help with the humanitarian relief measures",Support,2000
2000_0fdd0496ac373e26e8896f7a847497a9,2000_bc710a6055e8397ed3a7c5537a3e95fe,T242,T241,We could have saved more lives if we had acted earlier,I think in retrospect we were too late getting in there,Support,2000
2000_26ae6e9ee95c45e09f53c777121b6f5a,2000_1283fc8326b5e60fe839dfcbc82f8210,T246,T243,"One of the criteria that I think is important in deciding when and if we should ever get involved around the world is whether or not our national security interest is involved, if we can really make the difference with military forces. If we tried everything else, if we have allies",I do not think that it was an example of a conflict where we should have put our troops in to try to separate the parties for this reason,Support,2000
2000_b86c24ff06bd9602ed93014127dfd35c,2000_2c30552806a77456a0514a562adb5600,T248,T247,In Africa we did not,"In the Balkans we have allies, NATO, ready, willing and able to go and carry a big part of the burden",Support,2000
2000_47e9801a100bf0c8982668c10d234376,2000_04b46e5df707f2f6efe02d88862d3ae3,T254,T253,"We have had some luck with Nigeria, but in Sierra Leon, and now that Nigeria has become a democracy, and we hope it stays that way, then maybe we can build on that","our country has tried to create an Africa crisis response team there, and we've met some resistance",Support,2000
2000_54834138edb6b7b2fb0a3174a3615e02,2000_c53b5e29ddd4dc840b595d612804ad2e,T252,T249,it was very unclear that we could actually accomplish what we would want to accomplish about putting military forces there,"I think it was the right thing not to jump in, as heartbreaking as it was",Support,2000
2000_1308269fab89980df0bb55648667a8ee,2000_c53b5e29ddd4dc840b595d612804ad2e,T251,T249,we had no allies,"I think it was the right thing not to jump in, as heartbreaking as it was",Support,2000
2000_c53b5e29ddd4dc840b595d612804ad2e,2000_418f781c07f8694dbba571164a71955f,T249,T229,"I think it was the right thing not to jump in, as heartbreaking as it was",I think the administration did the right thing in that case,Support,2000
2000_bc710a6055e8397ed3a7c5537a3e95fe,2000_e5eb6dbdb3da329855172c2da5f619a0,T241,T250,I think in retrospect we were too late getting in there,I think we should have come in much quicker with the humanitarian mission,Support,2000
2000_3fe164b3cedb35e427f929e690051677,2000_5eef7f921c884e0165e4af45254c068f,T256,T255,Vice President mentioned Nigeria is a fledgling democracy,we've got to do a lot of work in Africa to promote democracy and trade,Support,2000
2000_43d4ed262ecc31a320742818eae627b4,2000_5eef7f921c884e0165e4af45254c068f,T257,T255,We have to work with Nigeria,we've got to do a lot of work in Africa to promote democracy and trade,Support,2000
2000_f65f0f2ed289168bd4857e37e7ed51b4,2000_5eef7f921c884e0165e4af45254c068f,T258,T255,Itâ€™s an important continent,we've got to do a lot of work in Africa to promote democracy and trade,Support,2000
2000_b875990a371412f252eba1347d458b5e,2000_c5174cffe59e39ac915f62e44abfba50,T263,T260,for a lot of reasons,Middle East is a priority,Support,2000
2000_cf915f5e1d384b26051758ebfa17a84d,2000_c5174cffe59e39ac915f62e44abfba50,T259,T260,there's got to be priorities,Middle East is a priority,Support,2000
2000_d80a82c76e450ffdf05645ccbce1fbf2,2000_c5174cffe59e39ac915f62e44abfba50,T261,T260,as is Europe and the Far East,Middle East is a priority,Support,2000
2000_a9d6457aab36d30c89273f40cfe30ab8,2000_d80a82c76e450ffdf05645ccbce1fbf2,T262,T261,our own hemisphere,as is Europe and the Far East,Support,2000
2000_455488c6e83706a9e9331a5bf0ca3a31,2000_5f5c9aafb93393749cfa17a6eaf9bf8d,T273,T264,not to say we won't be engaged nor work hard to get other nations to come together to prevent atrocity,those are my four top priorities should I be the president,Support,2000
2000_98d8d6603aa6adc6133a90fad0e42f17,2000_0b0c5d622082ce21d08d3766c78c84ba,T274,T266,"I thought the best example of a way to handle the situation was East Timor when we provided logistical support to the Australians, support that only we can provide",I thought that was a good model,Support,2000
2000_befb7bd2ddc5da4c78dd9b373ce2226c,2000_af410233b9cc33cef04f51cb07da82ac,T275,T276,we can't be all things to all people in the world,I think that's where maybe the vice president and I begin to have some differences,Support,2000
2000_5ec206050c7aa19959e5877f279233ac,2000_af410233b9cc33cef04f51cb07da82ac,T278,T276,I'm worried about overcommitting our military around the world,I think that's where maybe the vice president and I begin to have some differences,Support,2000
2000_0b2f15e53fedf85f82db34c14c4e4d67,2000_af410233b9cc33cef04f51cb07da82ac,T277,T276,I want to be judicious in its use,I think that's where maybe the vice president and I begin to have some differences,Support,2000
2000_4b3233a1d298fcd48277aaec26b05a98,2000_af410233b9cc33cef04f51cb07da82ac,T267,T276,I wouldn't have sent troops to Haiti,I think that's where maybe the vice president and I begin to have some differences,Support,2000
2000_38110d07d01c7482ba73566ba36ee1cd,2000_4b3233a1d298fcd48277aaec26b05a98,T268,T267,I didn't think it was a mission worthwhile,I wouldn't have sent troops to Haiti,Support,2000
2000_1ca6228e57b261d0d41409690f5b0b2c,2000_38110d07d01c7482ba73566ba36ee1cd,T269,T268,It was a nation building mission,I didn't think it was a mission worthwhile,Support,2000
2000_ba27d1969114ee81c935c5b0b859433b,2000_38110d07d01c7482ba73566ba36ee1cd,T270,T268,it was not very successful,I didn't think it was a mission worthwhile,Support,2000
2000_c89ddfc80714f0e438246a4a94971eaa,2000_38110d07d01c7482ba73566ba36ee1cd,T271,T268,"It cost us billions, a couple billions of dollars",I didn't think it was a mission worthwhile,Support,2000
2000_6bc582472c52bf0dc5afefbc334e5f2f,2000_38110d07d01c7482ba73566ba36ee1cd,T272,T268,I'm not so sure democracy is any better off in Haiti than it was before,I didn't think it was a mission worthwhile,Support,2000
2000_3ab858444089aec4eb4d34d011bcc21a,2000_18c007ebc60beea2b4ef7e804e45294b,T281,T279,I would certainly also be judicious in evaluating any potential use of American troops overseas,I don't think we agree on that,Support,2000
2000_398c500f54c2919ca4228b1d84164b7e,2000_3ab858444089aec4eb4d34d011bcc21a,T280,T281,I think we have to be very reticent about that,I would certainly also be judicious in evaluating any potential use of American troops overseas,Support,2000
2000_84fdc3b45e5fd8deb881351752fe9824,2000_776102e98b9ec4da2afdf0e137f3a031,T284,T282,the world is getting much closer together,the United States is now the natural leader of the world,Support,2000
2000_07bdbc0a069f2732aac9f488996000a1,2000_776102e98b9ec4da2afdf0e137f3a031,T283,T282,the world is changing so rapidly,the United States is now the natural leader of the world,Support,2000
2000_06e8ceb5ee829921867e40d9a13cc549,2000_776102e98b9ec4da2afdf0e137f3a031,T285,T282,All these other countries are looking to us,the United States is now the natural leader of the world,Support,2000
2000_2d8e99c1dac78648c86e51279c331fae,2000_776102e98b9ec4da2afdf0e137f3a031,T286,T282,"just because we cannot be involved everywhere, and shouldn't be, doesn't mean that we should shy away from going in anywhere",the United States is now the natural leader of the world,Support,2000
2000_18c007ebc60beea2b4ef7e804e45294b,2000_af410233b9cc33cef04f51cb07da82ac,T279,T276,I don't think we agree on that,I think that's where maybe the vice president and I begin to have some differences,Support,2000
2000_2d8e99c1dac78648c86e51279c331fae,2000_4b3233a1d298fcd48277aaec26b05a98,T286,T267,"just because we cannot be involved everywhere, and shouldn't be, doesn't mean that we should shy away from going in anywhere",I wouldn't have sent troops to Haiti,Attack,2000
2000_0c434275e11d9d3999d7dc1831433a6f,2000_1dedc4bfcd15d396d6cf611e9d63614f,T290,T288,This idea of nation building is kind of a pejorative phrase,"During the years between World War I and World War II, a great lesson was learned by our military leaders and the people of the United States",Support,2000
2000_18844d89aa34408ba183fbcdd208254b,2000_1dedc4bfcd15d396d6cf611e9d63614f,T291,T288,"The lesson was that in the aftermath of World War I, we kind of turned our backs and left them to their own devices and they brewed up a lot of trouble that quickly became World War II","During the years between World War I and World War II, a great lesson was learned by our military leaders and the people of the United States",Support,2000
2000_dcfb4ac75ad7a6668223ad40abc71416,2000_912f548c745820e0d7f573e83daaec03,T292,T289,"acting upon that lesson in the aftermath of our great victory in World War II, we laid down the Marshall Plan, President Truman did",We were nation building,Support,2000
2000_582c7facbd37bfae7a9eb53e42b0d3ef,2000_912f548c745820e0d7f573e83daaec03,T293,T289,We got intimately involved in building NATO and other structures there,We were nation building,Support,2000
2000_c084028a05d74efc29206ab328317a22,2000_912f548c745820e0d7f573e83daaec03,T294,T289,We still have lots of troops in Europe,We were nation building,Support,2000
2000_773ba88ae034b06a65d505a306c5d7eb,2000_912f548c745820e0d7f573e83daaec03,T295,T289,it was economic,We were nation building,Support,2000
2000_6900ebc0b53f177a4d2b85b39c641943,2000_912f548c745820e0d7f573e83daaec03,T296,T289,it was also military,We were nation building,Support,2000
2000_7a41e7b56daef06689b0e0b84710ac0d,2000_912f548c745820e0d7f573e83daaec03,T297,T289,the confidence that those countries recovering from the wounds of war had by having troops there,We were nation building,Support,2000
2000_2c6e9cb64d4a8807606a1ec2fb1729ac,2000_912f548c745820e0d7f573e83daaec03,T298,T289,We had civil administrators come in to set up their ways of building their towns back,We were nation building,Support,2000
2000_edee77883ec11fc23360a9f4f8912e01,2000_8c793868284a660ab195a4c32749ad2e,T300,T299,we can't do that,I think one of the lessons in between World War I and World War II is we let our military atrophy,Support,2000
2000_65b598a0ad9190ab391cb33e19afc738,2000_edee77883ec11fc23360a9f4f8912e01,T301,T300,We've got to rebuild our military,we can't do that,Support,2000
2000_6a2a0d4aa77149a5fc48c4dfa52e3b02,2000_0d694b22243124f9b145412f16a0aabf,T303,T302,"I mentioned one, and that's the Balkans",one of the problems we have in the military is we're in a lot of places around the world,Support,2000
2000_2940b1d8fbf8765d39f5b9ff1460335f,2000_6a2a0d4aa77149a5fc48c4dfa52e3b02,T304,T303,I would very much like to get our troops out of there,"I mentioned one, and that's the Balkans",Support,2000
2000_c67ffd8baf31c9336206c7dcfa17fdc3,2000_844a1ad39c8fb02231fc3d906ed5edf9,T306,T305,That would be an abrogation of our agreement with NATO,we can't do it now,Support,2000
2000_3ddddaccf7026358fc274e22351c54b1,2000_90cc5fbb0b0b8b566139c1360e6d89c2,T308,T307,there is an example,I think it ought to be one of our priorities to work with our European friends to convince them to put troops on the ground,Support,2000
2000_39e9b83241ef437decf28e045389b5df,2000_0d694b22243124f9b145412f16a0aabf,T309,T302,Haiti is another example,one of the problems we have in the military is we're in a lot of places around the world,Support,2000
2000_26f0ae1fedf78a62c834bb611cbaf23e,2000_4bc043fa1e36cdc33268ebeb765f22b8,T311,T310,The hemisphere is in our interest to have a peaceful Columbia,I think it's important for us to be training Columbians in that part of the world,Support,2000
2000_404272c8a009d28a362358db136ff66a,2000_6b70cd6a0a5bc93c3a6526e1e93a1e49,T313,T312,I think what we need to do is convince people who live in the lands they live in to build the nations,I don't think so,Support,2000
2000_3da39a7f396132761b404f3c028b7504,2000_2ce11aa3fdbc3c7c4513fd138301464f,T316,T314,Our military is meant to fight and win war,Absolutely not,Support,2000
2000_558820f484219de66fde8725993fe978,2000_3da39a7f396132761b404f3c028b7504,T317,T316,That's what it's meant to do,Our military is meant to fight and win war,Support,2000
2000_4aa399718c047782cf53df680af840de,2000_2ce11aa3fdbc3c7c4513fd138301464f,T315,T314,"when it gets overextended, morale drops",Absolutely not,Support,2000
2000_a0d6aeaf239f35b8d868d5040107ad67,2000_d79e7ade74854ebbf65dd5175bc8ac5c,T319,T318,"not only to keep the peace in the peninsula, but to keep regional stability",I strongly believe we need to have a military presence in the Korean peninsula,Support,2000
2000_a90c0e3a4257f068c0d266c60bd0366f,2000_b98ce05cce5e3b405b6f10557069c235,T321,T320,I'm going to be judicious as to how to use the military,I strongly believe we need to keep a presence in NATO,Support,2000
2000_05dd1435d80f94701036c6c6bb0988a9,2000_2ce11aa3fdbc3c7c4513fd138301464f,T322,T314,It needs to be in our vital interest,Absolutely not,Support,2000
2000_33996b2fc78d7aed2d9d62be40e3e796,2000_2ce11aa3fdbc3c7c4513fd138301464f,T323,T314,the mission needs to be clear,Absolutely not,Support,2000
2000_68eb1c08d2d8a1f728483ba483918e82,2000_2ce11aa3fdbc3c7c4513fd138301464f,T324,T314,the extra strategy obvious,Absolutely not,Support,2000
2000_1734bf1106cdc42f67930f667ef57c1a,2000_2ce11aa3fdbc3c7c4513fd138301464f,T325,T314,I don't disagree with that,Absolutely not,Support,2000
2000_3f375034d8079a57b2d8b946e72c2cac,2000_05c629cefe4de2a587f6b0eff2094d05,T327,T326,That's what we did in Haiti,"we ought to get our troops home from places like the Balkans as soon as we can, as soon as the mission is complete",Support,2000
2000_86cea7c85adb59760a623ccdaa3c7771,2000_3f375034d8079a57b2d8b946e72c2cac,T328,T327,There are no more than a handful of American military personnel in Haiti now,That's what we did in Haiti,Support,2000
2000_b52937fdfa52e14322faaa30534d64a6,2000_3f375034d8079a57b2d8b946e72c2cac,T331,T327,we gave them a chance to restore democracy,That's what we did in Haiti,Support,2000
2000_bf70b7023a61bdbe894b430099cddfa2,2000_3f375034d8079a57b2d8b946e72c2cac,T330,T327,Haitians have their problems,That's what we did in Haiti,Support,2000
2000_05c629cefe4de2a587f6b0eff2094d05,2000_5c8f4e4b47affd929a5dca416aca40cb,T326,T329,"we ought to get our troops home from places like the Balkans as soon as we can, as soon as the mission is complete",That's really about all we can do,Support,2000
2000_630db5714fbb680f53a68d11081fe1bf,2000_5f3ad660b0e52c30e450e07a43d095b9,T333,T332,"if you have a situation like that right in our backyard with chaos about to break out and flotillas forming to come across the water, and all kinds of violence there, right in one of our neighboring countries there",I think that we did the right thing there,Support,2000
2000_59fccd916dcbf38f3614e653d4ef87a7,2000_b868f16627db59b121b0082a13d4c5e3,T335,T334,I certainly agree with that,we can't allow ourselves to get overextended,Support,2000
2000_59fccd916dcbf38f3614e653d4ef87a7,2000_4aa399718c047782cf53df680af840de,T335,T315,I certainly agree with that,"when it gets overextended, morale drops",Support,2000
2000_59fccd916dcbf38f3614e653d4ef87a7,2000_dd91e2dd48c0f51cab26a13381ac72e0,T335,T336,I certainly agree with that,I've supported building up our capacity,Support,2000
2000_750e937d6fe5a02209668a13eb83a1a7,2000_dd91e2dd48c0f51cab26a13381ac72e0,T337,T336,"I've devoted in the budget I've proposed, as I said last week, more than twice as much as the governor has proposed",I've supported building up our capacity,Support,2000
2000_7f50ff27f12bbee452bb82b4cb1d6864,2000_dd91e2dd48c0f51cab26a13381ac72e0,T338,T336,I think that it's in better shape now than he generally does,I've supported building up our capacity,Support,2000
2000_4cc3845699d2632c4fff519cba51c84a,2000_dd91e2dd48c0f51cab26a13381ac72e0,T341,T336,we have to continue building up readiness and military strength,I've supported building up our capacity,Support,2000
2000_05c629cefe4de2a587f6b0eff2094d05,2000_b5ed996c70b9e8128733b6024d27a075,T326,T342,"we ought to get our troops home from places like the Balkans as soon as we can, as soon as the mission is complete",we have to also be very cautious in the way we use our military,Support,2000
2000_b5ed996c70b9e8128733b6024d27a075,2000_2ce11aa3fdbc3c7c4513fd138301464f,T342,T314,we have to also be very cautious in the way we use our military,Absolutely not,Support,2000
2000_0aea134e8a83738953eed5d0db2cc443,2000_824e9e152dd60e9b50fb4855de3fa6af,T343,T339,"That's a place where we can use our generosity to influence in a positive way, influence nations",I believe we ought to have foreign aid,Support,2000
2000_cda8814ccab5ff9b0e177f21f61f9325,2000_824e9e152dd60e9b50fb4855de3fa6af,T340,T339,I don't think we ought to just have foreign aid for the sake of foreign aid,I believe we ought to have foreign aid,Support,2000
2000_8e14675758f2af84851fdf877926b24f,2000_824e9e152dd60e9b50fb4855de3fa6af,T344,T339,I think foreign aid needs to be used to encourage markets and reform,I believe we ought to have foreign aid,Support,2000
2000_d853bf2a8709c78382ab859b2278dc43,2000_cda8814ccab5ff9b0e177f21f61f9325,T345,T340,I think a lot of times we just spend aid and say we feel better about it and it ends up being spent the wrong way,I don't think we ought to just have foreign aid for the sake of foreign aid,Support,2000
2000_153c70c6457aad997b51174056662d31,2000_d853bf2a8709c78382ab859b2278dc43,T346,T345,there's some pretty egregious examples recently,I think a lot of times we just spend aid and say we feel better about it and it ends up being spent the wrong way,Support,2000
2000_73de1bbb2e125ef66cccc3438a3a6706,2000_153c70c6457aad997b51174056662d31,T347,T346,"One being Russia, where we had IMF loans that ended up in the pockets of a lot of powerful people and didn't help the nation",there's some pretty egregious examples recently,Support,2000
2000_040fefcac80450bbdc5644cabf9aab02,2000_9fe27d566fe701f205f42099e9c6881d,T350,T349,"I don't want to see the IMF out there as a way to say to world bankers, if you make a bad loan, we'll bail you out",I think the IMF has got a role in the world,Support,2000
2000_9fe27d566fe701f205f42099e9c6881d,2000_824e9e152dd60e9b50fb4855de3fa6af,T349,T339,I think the IMF has got a role in the world,I believe we ought to have foreign aid,Support,2000
2000_a7e1e66f08300475ad8acdf97e1d29e5,2000_9fe27d566fe701f205f42099e9c6881d,T348,T349,It needs to be available for emergency situations,I think the IMF has got a role in the world,Support,2000
2000_3fa9e8e0c6953f37c7b49ca7fdf82151,2000_187282647e800a1d16b0d422d7336bc1,T354,T353,I just want to make sure the return is good,I'll look at every place where we're investing money,Support,2000
2000_b67401bd292bf8a6754c03728477d8ca,2000_187282647e800a1d16b0d422d7336bc1,T352,T353,I don't think the IMF ought to be a stop loss for people who ought to be able to evaluate risks themselves,I'll look at every place where we're investing money,Support,2000
2000_824e9e152dd60e9b50fb4855de3fa6af,2000_9935da5d5d925066ec833facd23b8dfb,T339,T351,I believe we ought to have foreign aid,I thought the President did the right thing with Mexico and was very strongly supportive of the administration in Mexico,Support,2000
2000_73508dbb6a4b7826a7609506784cd023,2000_4fca2c4ab51686c60ac4fc8b00885afc,T356,T9,I would make some changes,No,Support,2000
2000_beb28a4b56f46ae2199d5e97baf991f2,2000_73508dbb6a4b7826a7609506784cd023,T357,T356,I think there need to be reforms in the IMF,I would make some changes,Support,2000
2000_bdb901cd2c3577d37228084cfef9c4fd,2000_beb28a4b56f46ae2199d5e97baf991f2,T358,T357,"I've generally supported it, but I've seen them make some calls that I thought were highly questionable",I think there need to be reforms in the IMF,Support,2000
2000_9cea12f334e8526fc22726dd29a61861,2000_beb28a4b56f46ae2199d5e97baf991f2,T359,T357,there's a general agreement in many parts of the world now that there ought to be changes in the IMF,I think there need to be reforms in the IMF,Support,2000
2000_b4504cf9d63a3645155c94f08162bfe4,2000_89dc23bd40f3798eb874ec8a37180316,T363,T361,The governor mentioned it earlier,I think one of the big issues here that doesn't get nearly enough attention is the issue of corruption,Support,2000
2000_89dc23bd40f3798eb874ec8a37180316,2000_4fca2c4ab51686c60ac4fc8b00885afc,T361,T9,I think one of the big issues here that doesn't get nearly enough attention is the issue of corruption,No,Support,2000
2000_2a03737d38c9646640bedf02899e2fd7,2000_89dc23bd40f3798eb874ec8a37180316,T362,T361,I've worked on this issue,I think one of the big issues here that doesn't get nearly enough attention is the issue of corruption,Support,2000
2000_4d518973cbf7b40d9229354706dd13dd,2000_89dc23bd40f3798eb874ec8a37180316,T365,T361,It's an enormous problem,I think one of the big issues here that doesn't get nearly enough attention is the issue of corruption,Support,2000
2000_5d2c739d1ec2f362e183b2562562e7ac,2000_89dc23bd40f3798eb874ec8a37180316,T364,T361,"corruption in official agencies, like militaries and police departments around the world, customs officials, that's one of the worst forms of it",I think one of the big issues here that doesn't get nearly enough attention is the issue of corruption,Support,2000
2000_335bc0657e1d4196fadf7aee6babd3f7,2000_6d003ad05bea0d0536bb6afc6cd98ff3,T370,T369,help these other countries that are trying to straighten out their situations find the tools in order to do it,we have got to again lead by example,Support,2000
2000_d9b11335866f3fa1f86e53adc8d0f4c5,2000_e9d20d5e31845be2151e92266972b77f,T368,T366,The worldâ€™s coming together,"I just think, Jim, that this is an absolutely unique period in world history",Support,2000
2000_64c0234881102b5def222e7f07f4fc6d,2000_e9d20d5e31845be2151e92266972b77f,T367,T366,they're looking to us,"I just think, Jim, that this is an absolutely unique period in world history",Support,2000
2000_e9d20d5e31845be2151e92266972b77f,2000_1ff3c4b6a5ef98cf56a4f14edca99d34,T366,T371,"I just think, Jim, that this is an absolutely unique period in world history",we have a fundamental choice to make,Support,2000
2000_ab0ea851b5063da10b172522ba7f4c9d,2000_1ff3c4b6a5ef98cf56a4f14edca99d34,T372,T371,"Are we going to step up to the plate as a nation the way we did after World War II, the way that generation of heroes said okay, the United States is going to be the leader",we have a fundamental choice to make,Support,2000
2000_bc4b376677896836a35853b18ca73f7e,2000_ab0ea851b5063da10b172522ba7f4c9d,T373,T372,the world benefitted tremendously from the courage that they showed in those post-war years,"Are we going to step up to the plate as a nation the way we did after World War II, the way that generation of heroes said okay, the United States is going to be the leader",Support,2000
2000_e9abeceb148956055fc62421b38d893d,2000_07178eb3474b10a86f9337eb471bcb76,T10,T374,to step up to the plate,"I think that in the aftermath of the Cold War, it's time for us to do something very similar",Support,2000
2000_ab9e7981530c101865d030289bb43a6c,2000_07178eb3474b10a86f9337eb471bcb76,T376,T374,"to provide the leadership on the environment, leadership to make sure the world economy keeps moving in the right direction","I think that in the aftermath of the Cold War, it's time for us to do something very similar",Support,2000
2000_9be24da448f2e616b1a04743ce11a3d9,2000_07178eb3474b10a86f9337eb471bcb76,T377,T374,that means not running big deficits here and not squandering our surplus,"I think that in the aftermath of the Cold War, it's time for us to do something very similar",Support,2000
2000_bc8e511faa53d4803d7ea0dfe476c681,2000_07178eb3474b10a86f9337eb471bcb76,T379,T374,It means having intelligent decisions that keep our prosperity going and shepherds that economic strength,"I think that in the aftermath of the Cold War, it's time for us to do something very similar",Support,2000
2000_115de25110b5fc90077d6c961a7bbfc8,2000_bc8e511faa53d4803d7ea0dfe476c681,T378,T379,so that we can provide that leadership role,It means having intelligent decisions that keep our prosperity going and shepherds that economic strength,Support,2000
2000_a30d18a0f57a77092aa5ebc3305fd0f5,2000_ff256d7bdb013ab3350cbddb10a34d17,T383,T381,"maybe it's just our difference in government, the way we view government",We can help,Support,2000
2000_7c63cf697a319c7fc79b39ecab821733,2000_07178eb3474b10a86f9337eb471bcb76,T380,T374,I'm not so sure the role of the United States is to go around the world and say this is the way it's got to be,"I think that in the aftermath of the Cold War, it's time for us to do something very similar",Attack,2000
2000_2404090481c10bb2192b1ec3885eb3fd,2000_67a67caab0a70c6ca6944990b10a1f64,T384,T382,"I want to help people help themselves, not have government tell people what to do",I want to empower the people,Support,2000
2000_3a0bd0a6f4c92ff3bf029e9f38ebbbd4,2000_7c63cf697a319c7fc79b39ecab821733,T385,T380,"I just don't think it's the role of the United States to walk into a country and say, â€œwe do it this way, so should you",I'm not so sure the role of the United States is to go around the world and say this is the way it's got to be,Support,2000
2000_afb3b9d3088279cb1edaeb3411ec8f76,2000_3a501f6af59cbfcb4081630d964f0f17,T388,T387,"take Russia, for example",I know we've got to encourage democracy in the marketplaces,Support,2000
2000_560ff49ee2ef7b7bb46cc2f8ce8bedb2,2000_afb3b9d3088279cb1edaeb3411ec8f76,T389,T388,"We went into Russia, we said here is some IMF money, and it ended up in Viktor Chemomyrdin's pocket, and others, and yet we played like there was reform","take Russia, for example",Support,2000
2000_ddfdc3f7a5118ac44b75f0d38fe78f67,2000_afb3b9d3088279cb1edaeb3411ec8f76,T390,T388,The only people that are going to reform Russia are Russia,"take Russia, for example",Support,2000
2000_afb3b9d3088279cb1edaeb3411ec8f76,2000_3c1e4a629122f8c06d27346d4776cdeb,T388,T391,"take Russia, for example",They're going to have to make the decision themselves,Support,2000
2000_bfca99bc2950b2a8aab361ae629ca25b,2000_3c1e4a629122f8c06d27346d4776cdeb,T392,T391,"Mr. Putin is going to have to make the decision as to whether or not he wants to adhere to rule of law and normal accounting practices so that if countries and/or entities invest capital, there's a reasonable rate of return, a way to get the money out of the economy",They're going to have to make the decision themselves,Support,2000
2000_b972e0fef4bf92205aa09b3113b3079d,2000_5f1239445139fb41702eef2371c41b63,T394,T395,"We can work with them on security matters, for example",it's their call to make,Support,2000
2000_5f1239445139fb41702eef2371c41b63,2000_3c1e4a629122f8c06d27346d4776cdeb,T395,T391,it's their call to make,They're going to have to make the decision themselves,Support,2000
2000_1252469057a279bdae651a8ca00e9920,2000_6faad8f0320f1eead03c5ae001f2fb81,T398,T397,we trust freedom,"I think the United States must be humble and must be proud and confident of our values, but humble in how we treat nations that are figuring out how to chart their own course",Support,2000
2000_e442c7adba35cc73b9e699531149e48b,2000_6faad8f0320f1eead03c5ae001f2fb81,T399,T397,"We know freedom is a powerful, powerful, powerful force, much bigger than the United States of America, as we saw recently in the Balkans","I think the United States must be humble and must be proud and confident of our values, but humble in how we treat nations that are figuring out how to chart their own course",Support,2000
2000_cefe79b6409ccfa3bf6808377e66890e,2000_6faad8f0320f1eead03c5ae001f2fb81,T396,T397,"I think one way for us to end up being viewed as the ugly American is for us to go around the world saying, â€œwe do it this way, so should you","I think the United States must be humble and must be proud and confident of our values, but humble in how we treat nations that are figuring out how to chart their own course",Support,2000
2000_6faad8f0320f1eead03c5ae001f2fb81,2000_07178eb3474b10a86f9337eb471bcb76,T397,T374,"I think the United States must be humble and must be proud and confident of our values, but humble in how we treat nations that are figuring out how to chart their own course","I think that in the aftermath of the Cold War, it's time for us to do something very similar",Attack,2000
2000_ae4cc12bd2db2fe63aadb2a2a1bf76d7,2000_d83f22aebd2d861c4645a24a3954b04d,T170,T165,I thought he made the right decision to do so,I thought the president made the right decision in joining NATO and bombing Serbia,Equivalent,2000
2000_1854206547e8853fa4626b4cb881da39,2000_418f781c07f8694dbba571164a71955f,T8,T229,I do,I think the administration did the right thing in that case,Equivalent,2000
2000_50137d623699920aca1315df50b1eccf,2000_ff256d7bdb013ab3350cbddb10a34d17,T386,T381,I think we can help,We can help,Equivalent,2000
2000_97965723c2c631ee04f4afea8e286b49,2000_3c1e4a629122f8c06d27346d4776cdeb,T393,T391,Russia has to make the decision,They're going to have to make the decision themselves,Equivalent,2000
2000_3931b3e7b483d08bdce6fa376ca54977,2000_fb62d7bba7b102c5fd956b6be4b6212a,T79,T78,We need to call upon Syria to release the three Israeli soldiers who have been captured,"The first priority has to be on ending the violence, dampening down the tensions that have arisen there",Support,2000
2000_4f426a4c7d588bdddced54846b003ca7,2000_fb62d7bba7b102c5fd956b6be4b6212a,T80,T78,We need to insist that Arafat send out instructions to halt some of the provocative acts of violence that have been going on,"The first priority has to be on ending the violence, dampening down the tensions that have arisen there",Support,2000
2000_f0d405454fb96f1701b3ab98a24a87b4,2000_fb62d7bba7b102c5fd956b6be4b6212a,T81,T78,I think that we also have to keep a weather eye toward Saddam Hussein,"The first priority has to be on ending the violence, dampening down the tensions that have arisen there",Support,2000
2000_28ca3ee353f473751433375b20083378,2000_f0d405454fb96f1701b3ab98a24a87b4,T82,T81,he is taking advantage of this situation to once again make threats,I think that we also have to keep a weather eye toward Saddam Hussein,Support,2000
2000_ca0005e81f0c5a18a946146f8872a512,2000_f0d405454fb96f1701b3ab98a24a87b4,T83,T81,"he needs to understand that he's not only dealing with Israel, he is dealing -- he's dealing with us if he is making the kind of threats that he's talking about there",I think that we also have to keep a weather eye toward Saddam Hussein,Support,2000
2000_101c71cc08df49a290d7ef09514fab0d,2000_f0d405454fb96f1701b3ab98a24a87b4,T91,T81,It's a very tense situation there,I think that we also have to keep a weather eye toward Saddam Hussein,Support,2000
2000_4de36265cb59ba2909608c73439f0ccd,2000_101c71cc08df49a290d7ef09514fab0d,T90,T91,in the last 24 hours there has been some subsiding of the violence there,It's a very tense situation there,Support,2000
2000_c015987c75d6f5bcf225e059e81b0ae8,2000_101c71cc08df49a290d7ef09514fab0d,T89,T91,Our country has been very active with regular conversations with the leaders there,It's a very tense situation there,Support,2000
2000_41d6f4f805481d04580f860aa76c08ab,2000_a8ddaae1329aa1fe3557f583e9f4d57c,T87,T84,they are enduring,Our bonds with Israel are larger than agreements or disagreements on some details of diplomatic initiatives,Support,2000
2000_72e5d0d34877c5b8f5ce83479c06fdd7,2000_a8ddaae1329aa1fe3557f583e9f4d57c,T86,T84,they are strong,Our bonds with Israel are larger than agreements or disagreements on some details of diplomatic initiatives,Support,2000
2000_6ddd8bbee99d9f49ff3238dd27cde4ac,2000_a8ddaae1329aa1fe3557f583e9f4d57c,T85,T84,They are historic,Our bonds with Israel are larger than agreements or disagreements on some details of diplomatic initiatives,Support,2000
2000_aa65ad2b266b2318a6c2d5c9cea8e241,2000_fb62d7bba7b102c5fd956b6be4b6212a,T88,T78,our ability to serve as an honest broker is something that we need to shepherd,"The first priority has to be on ending the violence, dampening down the tensions that have arisen there",Support,2000
2000_fae41f573c15a59e44f84adef0e4495a,2000_bb8ae2a134607f27fcec04f32839fff0,T95,T96,should I be the president Israel's going to be our friend,I'm going to stand by Israel,Support,2000
2000_c2f1b85ced299e4981b62a75c0379ad5,2000_bb8ae2a134607f27fcec04f32839fff0,T94,T96,I think credibility is going to be very important in the future in the Middle East,I'm going to stand by Israel,Support,2000
2000_9b308c281ce2a0cc7e397ecaf0a5c004,2000_3fb9ddf2f30b2f6cc8a23429f106df61,T93,T92,I appreciate the way the administration has worked hard to calm the tensions,"I think during the campaign, particularly now during this difficult period, we ought to be speaking with one voice",Support,2000
2000_87b8334bb9dfa2593f9e964472ea852b,2000_c2f1b85ced299e4981b62a75c0379ad5,T98,T94,I call on Chairman Arafat to have his people pull back to make the peace,I think credibility is going to be very important in the future in the Middle East,Support,2000
2000_e25b828e38e9987dcea54cc6a0b8b28f,2000_613a9acdf15f4350e99eadbde67461ab,T100,T99,It's important to be friends with people when you don't need each other so that when you do there's a strong bond of friendship,"I think it's important to reach out to moderate Arab nations, like Jordan and Egypt, Saudi Arabia and Kuwait",Support,2000
2000_2256ed0cfad1a850ccecbd97d3fa3351,2000_613a9acdf15f4350e99eadbde67461ab,T107,T99,"that's going to be particularly important in dealing not only with situations such as now occurring in Israel, but with Saddam Hussein","I think it's important to reach out to moderate Arab nations, like Jordan and Egypt, Saudi Arabia and Kuwait",Support,2000
2000_127d72190a21822e0ecac8c5bb9c04c2,2000_0d29e1496046f840236656fdf0812d08,T102,T101,The sanctions are being violated,The coalition against Saddam has fallen apart or it's unraveling,Support,2000
2000_503a32eb9bb2680d573c0661cecd2ba1,2000_0d29e1496046f840236656fdf0812d08,T103,T101,We don't know whether he's developing weapons of mass destruction,The coalition against Saddam has fallen apart or it's unraveling,Support,2000
2000_0af843860d6860a49e5a77b3359a568c,2000_ba5fffc1d7b0f7a507a48f66761b72d1,T105,T104,He better not be,there's going to be a consequence should I be the president,Support,2000
2000_0d29e1496046f840236656fdf0812d08,2000_ba5fffc1d7b0f7a507a48f66761b72d1,T101,T104,The coalition against Saddam has fallen apart or it's unraveling,there's going to be a consequence should I be the president,Support,2000
2000_200a6e03c7311d588b557603f7c0a75f,2000_75f16fdbc40228855a4f72c8031a0832,T109,T108,credibility is formed by being strong with your friends and resolute in your determination,it's important to have credibility,Support,2000
2000_c1096743b325a500bfe7b24615b4a1b7,2000_6a4cdb936bc5c7828b14266a93d14e66,T112,T110,if need be to keep the peace,I think it's important for this nation to develop an anti-ballistic missile system that we can share with our allies in the Middle East,Support,2000
2000_467c7dac90ea82d93310c0f0b2000a01,2000_6a4cdb936bc5c7828b14266a93d14e66,T113,T110,"to be able to say to the Saddam Husseinâ€™s of the world or the Iranians, don't dare threaten our friends",I think it's important for this nation to develop an anti-ballistic missile system that we can share with our allies in the Middle East,Support,2000
2000_ebaf7c2527dd2f14918479374f12b192,2000_43135015aa2d41520b63a148a14018ee,T114,T111,because of the energy crisis we're now in,"It's also important to keep strong ties in the Middle East, credible ties",Support,2000
2000_2b7da39bfd025cf95d6942f46d6ae732,2000_43135015aa2d41520b63a148a14018ee,T115,T111,a lot of the energy is produced from the Middle East,"It's also important to keep strong ties in the Middle East, credible ties",Support,2000
2000_bb8ae2a134607f27fcec04f32839fff0,2000_a8ddaae1329aa1fe3557f583e9f4d57c,T96,T84,I'm going to stand by Israel,Our bonds with Israel are larger than agreements or disagreements on some details of diplomatic initiatives,Support,2000
2000_9993bf562352e3f3a8bd19afe54fee43,2000_97a79aef03c17f42c31858a248d0020e,T117,T116,we have maintained the ability to serve as an honest broker,we stand with Israel,Support,2000
2000_810ac697de8000507360ebb494e7c2be,2000_309eb409228b2632d94329c16e198a45,T119,T118,"Israel cannot have direct dialogue with some of the people on the other side of conflicts, especially during times of tension, unless that dialogue comes through us",that's important,Support,2000
2000_f04254c365429d2f0bfb6dc872a1139b,2000_116337de66edf5fc34698da68e164685,T121,T120,if we throw away that ability to serve as an honest broker,we will have thrown away a strategic asset that's important not only to us but also to Israel,Support,2000
2000_116337de66edf5fc34698da68e164685,2000_aa65ad2b266b2318a6c2d5c9cea8e241,T120,T88,we will have thrown away a strategic asset that's important not only to us but also to Israel,our ability to serve as an honest broker is something that we need to shepherd,Support,2000
2000_aa81db6a0dea5df31286ac668022c70b,2000_75391606e863949010df45bd7c1c4d99,T124,T123,"It's got to be a timetable that all parties can agree to, like the Palestinians and Israelis",it can't be the United States timetable as to how discussions take place,Support,2000
2000_ffb3fd98e1e33a5584efaa7bdbe220cc,2000_75391606e863949010df45bd7c1c4d99,T126,T123,any lasting peace is going to have to be a peace that's good for both sides,it can't be the United States timetable as to how discussions take place,Support,2000
2000_75391606e863949010df45bd7c1c4d99,2000_98f833fa56fa40aebb9af7a2f09eae7b,T123,T125,it can't be the United States timetable as to how discussions take place,the term honest broker makes sense,Support,2000
2000_cbb4c0842a3a6975cb2a1ee9b94b5f21,2000_85107ed8ff38ed9d51d5266a213670a5,T128,T127,This current administration's worked hard to keep the parties at the table,I will try to do the same thing,Support,2000
2000_27315b40746048446509c48ba683aa5b,2000_f00d86da18037246890f34308fe7e4fd,T130,T129,it will be on the timetable that people are comfortable with in the Middle East,it won't be on my timetable,Support,2000
2000_f00d86da18037246890f34308fe7e4fd,2000_85107ed8ff38ed9d51d5266a213670a5,T129,T127,it won't be on my timetable,I will try to do the same thing,Support,2000
2000_75391606e863949010df45bd7c1c4d99,2000_85107ed8ff38ed9d51d5266a213670a5,T123,T127,it can't be the United States timetable as to how discussions take place,I will try to do the same thing,Support,2000
2000_7c4e6c983bfc9c6e92a345055ec8d652,2000_6fd8580964e9e40550466698d08260fa,T150,T149,People watching here tonight are very interested in Middle East policy,they want to base their vote on differences between the two of you as president how you would handle Middle East policy,Support,2000
2000_7bd5e3b45ea471328423de3bafad1900,2000_0f28fdca3adadb6f667d6cdb2edcb6f3,T135,T137,He is a danger,"it's going to be hard, it's going to be important to rebuild that coalition to keep the pressure on him",Support,2000
2000_445f09a4e4b27f90353a3f1ad7aad1db,2000_0f28fdca3adadb6f667d6cdb2edcb6f3,T133,T137,there are no inspectors now in Iraq,"it's going to be hard, it's going to be important to rebuild that coalition to keep the pressure on him",Support,2000
2000_ee5397e482dcaa84c729c0fb5189f5cc,2000_0f28fdca3adadb6f667d6cdb2edcb6f3,T134,T137,the coalition that was in place isn't as strong as it used to be,"it's going to be hard, it's going to be important to rebuild that coalition to keep the pressure on him",Support,2000
2000_43c64fb4a8c17efd2f12d514ef3fa061,2000_0f28fdca3adadb6f667d6cdb2edcb6f3,T136,T137,We don't want him fishing in troubled waters in the Middle East,"it's going to be hard, it's going to be important to rebuild that coalition to keep the pressure on him",Support,2000
2000_ae10b62433e4d20aa3a64844268455cc,2000_33838e87dfbbde092e204f5db7011c44,T141,T139,"at the end of that war, for whatever reason, it was not finished in a way that removed Saddam Hussein from power",that's the situation that was left when I got there,Support,2000
2000_690b8785a170734394262d1bf5e5c393,2000_33838e87dfbbde092e204f5db7011c44,T140,T139,"when I got to be a part of the current administration, it was right after -- I was one of the few members of my political party to support former President Bush in the Persian Gulf War resolution",that's the situation that was left when I got there,Support,2000
2000_33838e87dfbbde092e204f5db7011c44,2000_7b40c68eb312edbf5d9be61910d1a9b4,T139,T138,that's the situation that was left when I got there,I want to go further,Support,2000
2000_11f5174a8e9643c7eca7f5873ed8e83e,2000_7b40c68eb312edbf5d9be61910d1a9b4,T142,T138,I want to give robust support to the groups that are trying to overthrow Saddam Hussein,I want to go further,Support,2000
2000_4c5b7bd78fc16fa0e26434f23ba59836,2000_11f5174a8e9643c7eca7f5873ed8e83e,T143,T142,there are allegations that they're too weak to do it,I want to give robust support to the groups that are trying to overthrow Saddam Hussein,Support,2000
2000_c432346136b335e57613d84b1004cfc8,2000_4c5b7bd78fc16fa0e26434f23ba59836,T144,T143,but that's what they said about the forces that were opposing Milosevic in Serbia,there are allegations that they're too weak to do it,Support,2000
2000_4eb3c1d46ab8a8b27c124d4aed7afb89,2000_c432346136b335e57613d84b1004cfc8,T145,T144,the policy of enforcing sanctions against Serbia has just resulted in a spectacular victory for democracy just in the past week,but that's what they said about the forces that were opposing Milosevic in Serbia,Support,2000
2000_ef54cc8e75897c6d534474d2ee511cd0,2000_4eb3c1d46ab8a8b27c124d4aed7afb89,T146,T145,"it seems to me that having taken so long to see the sanctions work there, building upon the policy of containment that was successful over a much longer period of time against the former Soviet Union in the communist block",the policy of enforcing sanctions against Serbia has just resulted in a spectacular victory for democracy just in the past week,Support,2000
2000_27cf037feaa17d8cac919ca7d32a92e7,2000_0f912648e9faf954ad7f519211213877,T152,T151,they're trying to break out of the box,I don't think they should be allowed to,Support,2000
2000_b8ce85d7624311f2f56c6f4d3d629fd9,2000_0f912648e9faf954ad7f519211213877,T148,T151,"all of these flights that have come in, all of them have been in accordance with the sanctions regime, I'm told, except for three where they notified",I don't think they should be allowed to,Support,2000
2000_bd947fc570b479141d66d55d5e2405bc,2000_7a236de0496cb23fe54dd4ef29fded72,T155,T153,I want them to be tougher,"No, of course not",Support,2000
2000_7a236de0496cb23fe54dd4ef29fded72,2000_2c4e22a0a5e0df62a16a5ea0bf0ee827,T153,T147,"No, of course not",seems a little early to declare that we should give up on the sanctions,Attack,2000
2000_2c4e22a0a5e0df62a16a5ea0bf0ee827,2000_7b40c68eb312edbf5d9be61910d1a9b4,T147,T138,seems a little early to declare that we should give up on the sanctions,I want to go further,Support,2000
2000_0534cc8a438c4644fadcb953f718745a,2000_7a236de0496cb23fe54dd4ef29fded72,T154,T153,absolutely not,"No, of course not",Equivalent,2000
2000_6f3af427733426c5b75da12382fa269d,2000_ea90d8a32df1591e43f65f192860d352,T3,T1,First question is what's in the best interests of the United States,"I have, I have",Support,2000
2000_52c6432dee9928eac1a6fe8e1c071f5b,2000_ea90d8a32df1591e43f65f192860d352,T4,T1,What's in the best interests of our people,"I have, I have",Support,2000
2000_025519b5d5195f20774d7dd425fb365b,2000_6b8953e21ae3fab6841d12135e2b19c0,T5,T2,Is it in our nation's interests,When it comes to foreign policy that will be my guiding question,Support,2000
2000_4ad3ffb1c8fc7ba9139805c651c027e8,2000_6b8953e21ae3fab6841d12135e2b19c0,T8,T2,Peace in the Middle East is in our nation's interests,When it comes to foreign policy that will be my guiding question,Support,2000
2000_cfbebad9df8ed742b0debd5125326d9e,2000_6b8953e21ae3fab6841d12135e2b19c0,T9,T2,Having a hemisphere that is free for trade and peaceful is in our nation's interests,When it comes to foreign policy that will be my guiding question,Support,2000
2000_ed742e2070ce2bffac9a58d7c91b1c82,2000_6b8953e21ae3fab6841d12135e2b19c0,T10,T2,Strong relations in Europe is in our nation's interest,When it comes to foreign policy that will be my guiding question,Support,2000
2000_6b8953e21ae3fab6841d12135e2b19c0,2000_ea90d8a32df1591e43f65f192860d352,T2,T1,When it comes to foreign policy that will be my guiding question,"I have, I have",Support,2000
2000_be4dd34f5ab995d0ba683109daf86bc1,2000_ea90d8a32df1591e43f65f192860d352,T6,T1,I've thought a lot about what it means to be the president,"I have, I have",Support,2000
2000_84b13d234da202bbb7ebeff461ccd4db,2000_9d42082c5b93b015c25dfdee86dc615f,T12,T11,"an administration is dedicated citizens who are called by the president to serve the country, to serve a cause greater than self",I also understand that an administration is not one person,Support,2000
2000_be4dd34f5ab995d0ba683109daf86bc1,2000_9d42082c5b93b015c25dfdee86dc615f,T6,T11,I've thought a lot about what it means to be the president,I also understand that an administration is not one person,Support,2000
2000_1b55bf8e79e6e3187a2e49a749b46df0,2000_66d02c56658f4df351e2ae004b5c2ed6,T14,T13,"I haven't started naming names except for one person, and that's Mr. Richard Cheney who I thought did a great job the other night","I've thought about an administration of people who represent all America, but people who understand my compassionate and conservative philosophy",Support,2000
2000_8597c3524b5c4712ad3dd1a536091140,2000_d82b3663dfb0bc5b003203c10ecd9a60,T16,T15,He's man of solid judgment,I think people got to see why I picked him,Support,2000
2000_5186118c3ba77c802f3e3728cad1f05e,2000_d82b3663dfb0bc5b003203c10ecd9a60,T17,T15,he's going to be a person to stand by my side,I think people got to see why I picked him,Support,2000
2000_d82b3663dfb0bc5b003203c10ecd9a60,2000_9d42082c5b93b015c25dfdee86dc615f,T15,T11,I think people got to see why I picked him,I also understand that an administration is not one person,Support,2000
2000_c94db359e80dcf68fa3cb83497205e90,2000_80e2c476dae365b6ee52cd5a14195df8,T19,T18,I've been able to set clear goals,One of the things I've done in Texas is I've been able to put together a good team of people,Support,2000
2000_80e2c476dae365b6ee52cd5a14195df8,2000_9d42082c5b93b015c25dfdee86dc615f,T18,T11,One of the things I've done in Texas is I've been able to put together a good team of people,I also understand that an administration is not one person,Support,2000
2000_35ea73d6283c8c9cf80d0c76b6420861,2000_ea90d8a32df1591e43f65f192860d352,T20,T1,"The goals ought to be an education system that leaves no child behind, Medicare for our seniors, a Social Security system that's safe and secure, foreign policy that's in our nation's interest, and a strong military, and then bring people together to achieve those goals","I have, I have",Support,2000
2000_be46659e5aaada7085a42a22375f19f1,2000_893f1f99d834b1ee5258929c97d2cb76,T37,T36,It is a great tribute to our founders that 224 years later this nation is now looked to by the peoples on every other continent and the peoples from every part of this earth as a kind of model for what their future could be,I see it as a question of values,Support,2000
2000_30395982b4a233beafa8880bdfb3a65c,2000_fca005ae273a005a867f4b04294cdccd,T22,T21,"It's really true, even the ones that sometimes shake their fists at us",I don't think that's just the kind of exaggeration that we take pride in as Americans,Support,2000
2000_5d8ee5ecf0b2d5760b795d50e25e787b,2000_fca005ae273a005a867f4b04294cdccd,T23,T21,"As soon as they have a change that allows the people to speak freely, they're wanting to develop some kind of blueprint that will help them be like us more, freedom, free markets, political freedom",I don't think that's just the kind of exaggeration that we take pride in as Americans,Support,2000
2000_b48d02b6f240416f1f4e314af34cb829,2000_13af894875bc22cec61c17ebabc292e6,T26,T35,The power of example is America's greatest power in the world,I see our greatest national strength coming from what we stand for in the world,Support,2000
2000_64b030d4fdd492dd4f4eb048f6127a64,2000_b48d02b6f240416f1f4e314af34cb829,T27,T26,"that means, for example, standing up for human rights",The power of example is America's greatest power in the world,Support,2000
2000_664572b93e2c50e6e7591f3497bb52cb,2000_b48d02b6f240416f1f4e314af34cb829,T28,T26,"It means addressing the problems of injustice and inequity, along the lines of race and ethnicity here at home",The power of example is America's greatest power in the world,Support,2000
2000_cedf46e46ba2fe0d85b308672e9a6bd8,2000_664572b93e2c50e6e7591f3497bb52cb,T29,T28,"in all these other places around the world where they're having these terrible problems, when they feel hope, it is often because they see in us a reflection of their potential","It means addressing the problems of injustice and inequity, along the lines of race and ethnicity here at home",Support,2000
2000_b12cc7614c7655f132bc50c5da02c179,2000_b48d02b6f240416f1f4e314af34cb829,T25,T26,we've got to enforce our civil rights laws,The power of example is America's greatest power in the world,Support,2000
2000_6684e759855e5422f834f2b525267e2f,2000_b48d02b6f240416f1f4e314af34cb829,T30,T26,We've got to deal with things like racial profiling,The power of example is America's greatest power in the world,Support,2000
2000_323ac2b1b136173049113d67aee29e66,2000_b48d02b6f240416f1f4e314af34cb829,T31,T26,we have to keep our military strong,The power of example is America's greatest power in the world,Support,2000
2000_d4a59034a18fc9836e23bc7e7ede74c2,2000_fc9d1ca709d18ed59ccdafaa3afcaf51,T32,T33,We have the strongest military,"I'll do whatever is necessary, if I'm president, to make sure that it stays that way",Support,2000
2000_fc9d1ca709d18ed59ccdafaa3afcaf51,2000_323ac2b1b136173049113d67aee29e66,T33,T31,"I'll do whatever is necessary, if I'm president, to make sure that it stays that way",we have to keep our military strong,Support,2000
2000_0d3a1098385152570e6f55b07f17ab61,2000_893f1f99d834b1ee5258929c97d2cb76,T34,T36,"our real power comes, I think, from our values",I see it as a question of values,Support,2000
2000_68000b2c3a2bd4c524404ccee7709762,2000_098dc482a2a1af98ad528491564c2b2d,T42,T41,If we're an arrogant nation,they'll resent us,Support,2000
2000_dffdd1b039edec39711b94cf772ea289,2000_e53f757c55c5a06ba0ec26721ed813a2,T44,T43,"If we're a humble nation, but strong",they'll welcome us,Support,2000
2000_8d2e5ee739c9b765ddef91dcc91577aa,2000_eac91132bd0d9fd86135f423817e6bcc,T40,T39,It really depends upon how our nation conducts itself in foreign policy,I don't think they'll look at us with envy,Support,2000
2000_098dc482a2a1af98ad528491564c2b2d,2000_eac91132bd0d9fd86135f423817e6bcc,T41,T39,they'll resent us,I don't think they'll look at us with envy,Support,2000
2000_e53f757c55c5a06ba0ec26721ed813a2,2000_eac91132bd0d9fd86135f423817e6bcc,T43,T39,they'll welcome us,I don't think they'll look at us with envy,Support,2000
2000_2caff82377f3998090259b54059c3049,2000_68fd288361ac21d1d304dd962b7c9303,T46,T45,our nation stands alone right now in the world in terms of power,we have to be humble,Support,2000
2000_68fd288361ac21d1d304dd962b7c9303,2000_eac91132bd0d9fd86135f423817e6bcc,T45,T39,we have to be humble,I don't think they'll look at us with envy,Support,2000
2000_8d77f0a904c663f2efafddffb671424d,2000_59c02bc56edca0db424ef901d8bb2cca,T48,T47,I don't think they ought to look at us in any way other than what we are,And yet project strength in a way that promotes freedom,Support,2000
2000_22d52da8b0ba90c59d5e8135fa8f92ff,2000_544b22e5a318f14ff6dbfed240f5fc07,T50,T51,if we're an arrogant nation,they'll view us that way,Support,2000
2000_735fe47a1a4a9d33522fac13f3cf9d97,2000_59b15946816f6a91a4eebf3d63969c44,T52,T53,if we're a humble nation,they'll respect us,Support,2000
2000_00b2fa48960fb073664790182a77c0d0,2000_8d77f0a904c663f2efafddffb671424d,T54,T48,I agree with that,I don't think they ought to look at us in any way other than what we are,Support,2000
2000_087ed0ec54e3ad03bf237f44a0d2e59b,2000_d410adb3f6084a005385ff173a77e28e,T56,T57,"one of the problems that we have faced in the world is that we are so much more powerful than any single nation has been in relationship to the rest of the world than at any time in history, that I know about, anyway. That there is some resentment of U.S. power",I think that the idea of humility is an important one,Support,2000
2000_d410adb3f6084a005385ff173a77e28e,2000_68fd288361ac21d1d304dd962b7c9303,T57,T45,I think that the idea of humility is an important one,we have to be humble,Support,2000
2000_86128465f6d92ab8ab105f852584b28c,2000_395ea9507c26c06dee9636230506f567,T59,T58,We have to protect our capacity to push forward what America's all about,I think that we also have to have a sense of mission in the world,Support,2000
2000_d0886df121aea04fa1679506214de2e6,2000_395ea9507c26c06dee9636230506f567,T60,T58,"not only military strength and our values, it also means keeping our economy strong",I think that we also have to have a sense of mission in the world,Support,2000
2000_7b317fac0e5a19b95be91a22616188fb,2000_cda03656d05e14f33eeec7029eb871aa,T61,T64,"in the last, or two decades ago, it was routine for leaders of foreign countries to come over here and say you guys have got to do something about these horrendous deficits because it's causing tremendous problems for the rest of the world",The fact that we have the strongest economy in history today is not good enough,Support,2000
2000_ee4e6c979ebf302226d2f52749b964f7,2000_cda03656d05e14f33eeec7029eb871aa,T62,T64,we were lectured to all the time,The fact that we have the strongest economy in history today is not good enough,Support,2000
2000_cda03656d05e14f33eeec7029eb871aa,2000_0d7fc0967bfd888462578e2568590ee7,T64,T63,The fact that we have the strongest economy in history today is not good enough,We need to do more,Support,2000
2000_0d7fc0967bfd888462578e2568590ee7,2000_395ea9507c26c06dee9636230506f567,T63,T58,We need to do more,I think that we also have to have a sense of mission in the world,Support,2000
2000_4779463b786438f86fc0013c0bcc1b2d,2000_3ab993093d872307f20536581d97808a,T67,T66,"Take, for example, Third World debt","Yes, it does",Support,2000
2000_7b7c548209011b8e2c0faa67e709d89b,2000_3ab993093d872307f20536581d97808a,T68,T66,I think we ought to be forgiving Third World debt under certain conditions,"Yes, it does",Support,2000
2000_3ab993093d872307f20536581d97808a,2000_0d7fc0967bfd888462578e2568590ee7,T66,T63,"Yes, it does",We need to do more,Support,2000
2000_89ab7fe13739525ed24bd16da580ac3d,2000_7b7c548209011b8e2c0faa67e709d89b,T69,T68,"for example, if we're convinced that a Third World country that's got a lot of debt would reform itself",I think we ought to be forgiving Third World debt under certain conditions,Support,2000
2000_99192c6d209d57e4fb736ea9f055b4f4,2000_7b7c548209011b8e2c0faa67e709d89b,T70,T68,that the money wouldn't go into the hands of a few but would go to help people,I think we ought to be forgiving Third World debt under certain conditions,Support,2000
2000_7b7b6e5c8a2d0be1bb1f160b76719aee,2000_7b7c548209011b8e2c0faa67e709d89b,T71,T68,"I think it makes sense for us to use our wealth in that way, or to trade debt for valuable rain forest lands, makes that much sense, yes",I think we ought to be forgiving Third World debt under certain conditions,Support,2000
2000_e660656ac6232314781891ebb3bedc77,2000_c09a1f1ea045daabc8870fa57808f808,T76,T75,we can't put our troops all around the world,"We do have an obligation, but we can't be all things to all people",Support,2000
2000_5396400c3a3089b19b15e40f4ae15360,2000_c09a1f1ea045daabc8870fa57808f808,T74,T75,We can help build coalitions,"We do have an obligation, but we can't be all things to all people",Support,2000
2000_90532a6e34ebca40d89f814f5ec6f356,2000_c09a1f1ea045daabc8870fa57808f808,T72,T75,We can lend money but we have to do it wisely,"We do have an obligation, but we can't be all things to all people",Support,2000
2000_db0ad662296012b9afb4a8888ff31154,2000_c09a1f1ea045daabc8870fa57808f808,T73,T75,We shouldn't be lending money to corrupt officials,"We do have an obligation, but we can't be all things to all people",Support,2000
2000_31e3189370abb56ce41b9c80b7836a26,2000_c09a1f1ea045daabc8870fa57808f808,T77,T75,we got to be guarded in our generosity,"We do have an obligation, but we can't be all things to all people",Support,2000
2000_c09a1f1ea045daabc8870fa57808f808,2000_3ab993093d872307f20536581d97808a,T75,T66,"We do have an obligation, but we can't be all things to all people","Yes, it does",Support,2000
2000_be4dd34f5ab995d0ba683109daf86bc1,2000_b01443368d288672b58c514893b49c33,T6,T7,I've thought a lot about what it means to be the president,I've thought long and hard about the honor of being the President of the United States,Equivalent,2000
2000_2b0da496173fa3225194aa19a933c7f7,2000_00b2fa48960fb073664790182a77c0d0,T55,T54,I agree with that,I agree with that,Equivalent,2000
2000_fdeeeb6157c468d65733d40508e64823,2000_74f96cf5c78bdd06daa8eba5ffd36f12,T105,T104,I am not in favor of government doing it all,I think that we should move step-by-step toward universal health coverage,Attack,2000
2000_13175530294366f094536e68a0e202cb,2000_555250931251bce56c51f557e6cd31c2,T106,T109,That is a national outrage,That adds up to 44 million people,Attack,2000
2000_760867be663dd4785fba21b7ef2b0c2e,2000_339f712593c29fa12d530f93d78af848,T107,T108,"We've spent 65 years now on the development of a hybrid system, partly private, partly public","85% of our people have health insurance, 15% don't",Support,2000
2000_339f712593c29fa12d530f93d78af848,2000_555250931251bce56c51f557e6cd31c2,T108,T109,"85% of our people have health insurance, 15% don't",That adds up to 44 million people,Support,2000
2000_e1932914936e6da48cf2287b913f6287,2000_3cb852370a8170201cf13e5293d2b737,T123,T122,that's been left out,we have got to fill in the gaps in coverage by finally bringing parity for the treatment of mental illness,Support,2000
2000_3cb852370a8170201cf13e5293d2b737,2000_a2206ac7852c0c1bbba96c02704e50c9,T122,T119,we have got to fill in the gaps in coverage by finally bringing parity for the treatment of mental illness,We have got to deal with long-term care,Support,2000
2000_2e5fb977fe7f32448e4e940bc7df484c,2000_a2206ac7852c0c1bbba96c02704e50c9,T120,T119,We have got to get health coverage for those who do not have it,We have got to deal with long-term care,Support,2000
2000_eb640a48a3fb3fceed11da78f0e59bbe,2000_a2206ac7852c0c1bbba96c02704e50c9,T121,T119,"we've got to improve the quality for those who do with a patient's bill of rights that's real and that works, the Dingle-Norwood bill",We have got to deal with long-term care,Support,2000
2000_a2206ac7852c0c1bbba96c02704e50c9,2000_13175530294366f094536e68a0e202cb,T119,T106,We have got to deal with long-term care,That is a national outrage,Support,2000
2000_5a643c311a3fa9c3cf644620fba33f8c,2000_b38e7606e860c3265a7672a936b47eba,T117,T118,then we'll fill other gaps by covering the parents of those children when the family is poor or up to two and a half times the poverty rate,I will make a commitment to bring health care coverage of high quality that is affordable to every single child in America within four years,Support,2000
2000_e8ddbd94d04c83411e09e03b4df8aafe,2000_ed236b56668b82f52807a46f106d9117,T115,T116,"I want to give small business employers a tax credit, 25%, to encourage the providing of health insurance for the employees in small businesses",I want to give a tax credit for the purchase of individual health insurance plans,Support,2000
2000_fd447c14eee470c9ba5708589a902fcf,2000_fe02104c33a343bb7ab456b8cc49eb02,T112,T111,I don't like that term,"I want to give seniors who are, well, the near elderly",Attack,2000
2000_6d8bd59d95a09388606438ec4fa30a03,2000_fd447c14eee470c9ba5708589a902fcf,T113,T112,I am just about in that category,I don't like that term,Support,2000
2000_ab97604180fc7c78b8e3ec8039a0ae85,2000_fe02104c33a343bb7ab456b8cc49eb02,T114,T111,those 55 to 65 ought to be able to buy into Medicare for premiums that are reasonable and fair and significantly below what they have to get now,"I want to give seniors who are, well, the near elderly",Support,2000
2000_662289264f564a1dfc9b6d827e197005,2000_c230c0bd6a6fa59adfd4acb07e08124d,T124,T110,you need to know the record here,"Now, we have a big difference on this",Support,2000
2000_c230c0bd6a6fa59adfd4acb07e08124d,2000_e2384a817bc12221b070bad3ea31d122,T110,T125,"Now, we have a big difference on this","Under Governor Bush, Texas has sunk to be 50th out of 50 in health care -- in health insurance for their citizens",Attack,2000
2000_fc0287a935c956975e46cccd3b4fbee9,2000_e4d98ea7eb03d19b16b1e08f949785f2,T134,T126,I don't want the federal government making decisions for consumers or for providers,I'm absolutely opposed to a national health care plan,Support,2000
2000_21c3a92d74d978118064450f142e1ed5,2000_93be3a44749c69475d7a14d7f1909ca4,T136,T137,I remember what the administration tried to do in 1993,They tried to have a national health care plan,Support,2000
2000_033a076f2d9e51415e46b85945302101,2000_bbc481d26677a34a19dba2779814fa88,T138,T139,I trust people,I don't trust the federal government,Attack,2000
2000_bbc481d26677a34a19dba2779814fa88,2000_fc0287a935c956975e46cccd3b4fbee9,T139,T134,I don't trust the federal government,I don't want the federal government making decisions for consumers or for providers,Support,2000
2000_26d4991e57ffbcf71ea5c9d4453bf042,2000_93be3a44749c69475d7a14d7f1909ca4,T135,T137,"fortunately, it failed",They tried to have a national health care plan,Attack,2000
2000_26d4991e57ffbcf71ea5c9d4453bf042,2000_bbc481d26677a34a19dba2779814fa88,T135,T139,"fortunately, it failed",I don't trust the federal government,Support,2000
2000_5310990c10d6cde3fee5f23c908a5de0,2000_bbc481d26677a34a19dba2779814fa88,T140,T139,It's going to be one of the themes you hear tonight,I don't trust the federal government,Support,2000
2000_8edf42b7ecbf4be1947cc7657b893d19,2000_5310990c10d6cde3fee5f23c908a5de0,T141,T140,I don't want the federal government making decisions on behalf of everybody,It's going to be one of the themes you hear tonight,Support,2000
2000_077e9e9deed650da790a77ab31c151c7,2000_f1657a40630b0c2323b63e4dbc40b719,T148,T142,we have uninsured people in my state,"There is an issue with the uninsured, there sure is",Support,2000
2000_8e3e7a1cbc2f99ec32cec9c4d74d1173,2000_077e9e9deed650da790a77ab31c151c7,T149,T148,"Ours is a big state, a fast-growing state",we have uninsured people in my state,Support,2000
2000_f1657a40630b0c2323b63e4dbc40b719,2000_fd5dfd7b6f5878962a168191bd48d9cb,T142,T147,"There is an issue with the uninsured, there sure is",we're providing health care for our people,Attack,2000
2000_72ff11f428bb7644625298bfec2453f3,2000_e7a93ea25d530205f1746d49d974f5b4,T144,T143,"we have a strong safety net, and there needs to be a safety net in America","The question is, are people getting health care",Support,2000
2000_3736136c89e64514c18829218b015058,2000_7918e6bb53b034788e8ce793516b7ee2,T145,T146,There needs to be more community health clinics where the poor can go get health care,We need a program for the uninsured,Support,2000
2000_7918e6bb53b034788e8ce793516b7ee2,2000_f1657a40630b0c2323b63e4dbc40b719,T146,T142,We need a program for the uninsured,"There is an issue with the uninsured, there sure is",Attack,2000
2000_8b303172b927d08021ac72a2c77238c6,2000_8a2a7a0a0116fc9ac92274914da4de18,T131,T130,they can get in the marketplace and start purchasing insurance,"We need a $2,000 credit, rebate for people, working people that don't have insurance",Support,2000
2000_fa6d9d1364006b8903be8797c8043cd2,2000_aa6d196daf4ba4f5200690a4d1bff6b6,T133,T129,"small business can afford health care, small restaurants can afford health care",health care needs to be affordable and available,Support,2000
2000_8a2a7a0a0116fc9ac92274914da4de18,2000_aa6d196daf4ba4f5200690a4d1bff6b6,T130,T129,"We need a $2,000 credit, rebate for people, working people that don't have insurance",health care needs to be affordable and available,Support,2000
2000_aa6d196daf4ba4f5200690a4d1bff6b6,2000_bd99ad082f8006fad663403dab8f07a0,T129,T128,health care needs to be affordable and available,We have to trust people to make decisions with their lives,Support,2000
2000_cb6708397214db74f278249f1f79740a,2000_f6071d9a63dc2c8ac1ef0264ef8e0b21,T151,T150,that's fine,"In the Medicare reform I talk about it says if you are a senior, you can stay in Medicare if you like it",Support,2000
2000_9c717b87af6f9e5e5a887ef42ceb8f17,2000_f6071d9a63dc2c8ac1ef0264ef8e0b21,T152,T150,"we're going to give you other choices to choose if you want to do so, just like they do the federal employees","In the Medicare reform I talk about it says if you are a senior, you can stay in Medicare if you like it",Attack,2000
2000_bd99ad082f8006fad663403dab8f07a0,2000_9c717b87af6f9e5e5a887ef42ceb8f17,T128,T152,We have to trust people to make decisions with their lives,"we're going to give you other choices to choose if you want to do so, just like they do the federal employees",Support,2000
2000_a104c8d04f7edd5294c98e78e0f03a03,2000_745af7cb1b3d54e2fff982393959c12b,T1,T127,"The people that work in Washington, D.C. for the U.S. Congress or the United States senate. Get a variety of choices to make in their lives",that's what we ought to do for all people in America,Support,2000
2000_9c717b87af6f9e5e5a887ef42ceb8f17,2000_745af7cb1b3d54e2fff982393959c12b,T152,T127,"we're going to give you other choices to choose if you want to do so, just like they do the federal employees",that's what we ought to do for all people in America,Support,2000
2000_aa6d196daf4ba4f5200690a4d1bff6b6,2000_745af7cb1b3d54e2fff982393959c12b,T129,T127,health care needs to be affordable and available,that's what we ought to do for all people in America,Support,2000
2000_bd99ad082f8006fad663403dab8f07a0,2000_745af7cb1b3d54e2fff982393959c12b,T128,T127,We have to trust people to make decisions with their lives,that's what we ought to do for all people in America,Support,2000
2000_90886550c3bb0c145a6f2da0c087b6cf,2000_3e8edebf62b2d2c62b06d03aeee1c095,T62,T59,"when they have to try to purchase drugs they do so on their own, there's no kind of collective bargaining, no power of purchasing among seniors","I think one of the problems we have, particularly for seniors, is there is no prescription drug coverage in Medicare",Support,2000
2000_a956ef1326a90f30ec816b60ecf8dab1,2000_90886550c3bb0c145a6f2da0c087b6cf,T60,T62,I think step one to make sure prescription drugs is more affordable for seniors,"when they have to try to purchase drugs they do so on their own, there's no kind of collective bargaining, no power of purchasing among seniors",Attack,2000
2000_a956ef1326a90f30ec816b60ecf8dab1,2000_434565899331aa3eb985268e48b703d1,T60,T61,I think step one to make sure prescription drugs is more affordable for seniors,"those are the folks who really rely upon prescription drugs a lot these days, is to reform the Medicare system, is to have prescription drugs as an integral part of Medicare once and for all",Support,2000
2000_434565899331aa3eb985268e48b703d1,2000_333c3973741130b9e606fd4ae3a4bbf3,T61,T70,"those are the folks who really rely upon prescription drugs a lot these days, is to reform the Medicare system, is to have prescription drugs as an integral part of Medicare once and for all","The problem we have today is like the patient's bill of rights, particularly with health care, there's a lot of bickering in Washington, D.C",Attack,2000
2000_c09b09fe9af6836f9dfbe8a7c466ecd7,2000_333c3973741130b9e606fd4ae3a4bbf3,T71,T70,It's kind of like a political issue as opposed to a people issue,"The problem we have today is like the patient's bill of rights, particularly with health care, there's a lot of bickering in Washington, D.C",Support,2000
2000_466509a30a8ebabeca8fd3cb5a13f6b3,2000_333c3973741130b9e606fd4ae3a4bbf3,T69,T70,"I want to call upon Republicans and Democrats to forget all the arguing and finger pointing, and come together and take care of our seniors' prescription drug program, that says we'll pay for the poor seniors, we'll help all seniors with prescription drugs","The problem we have today is like the patient's bill of rights, particularly with health care, there's a lot of bickering in Washington, D.C",Attack,2000
2000_d11a1bef00007f0522e484b33d4c6dde,2000_c1a342b324a8891d1c6a5200139e2b47,T67,T68,"I think it's important to have what's called Immediate Helping Hand, which is direct money to states","seniors, poor seniors, don't have to choose between food and medicine",Support,2000
2000_39da2dae59f7428e4bf6e0f24fa73b4a,2000_d11a1bef00007f0522e484b33d4c6dde,T72,T67,That's part of an overall overhaul,"I think it's important to have what's called Immediate Helping Hand, which is direct money to states",Support,2000
2000_d11a1bef00007f0522e484b33d4c6dde,2000_466509a30a8ebabeca8fd3cb5a13f6b3,T67,T69,"I think it's important to have what's called Immediate Helping Hand, which is direct money to states","I want to call upon Republicans and Democrats to forget all the arguing and finger pointing, and come together and take care of our seniors' prescription drug program, that says we'll pay for the poor seniors, we'll help all seniors with prescription drugs",Support,2000
2000_ca7d8007851c7d9463d628fd50461f4b,2000_5450d79b9e4bf773f3d23f4f82a6ed58,T63,T64,I think price controls would hurt our ability to continue important research and development,I'm against price controls,Support,2000
2000_211f2206565e3bee3cc02c55c8d098e8,2000_ca7d8007851c7d9463d628fd50461f4b,T2,T63,Drug therapies are replacing a lot of medicines as we used to know it,I think price controls would hurt our ability to continue important research and development,Support,2000
2000_96de163c056919f39a34b4dc9f3a99e0,2000_ca7d8007851c7d9463d628fd50461f4b,T73,T63,One of the most important things is to continue the research and development component,I think price controls would hurt our ability to continue important research and development,Support,2000
2000_d7ac0ec44de19b62db71c6778ad3fe96,2000_5450d79b9e4bf773f3d23f4f82a6ed58,T1,T64,I'm against price controls,I'm against price controls,Support,2000
2000_4a4856006552e538b75533952e22e0cd,2000_1952ddff3fe41d648e36790245ec6288,T75,T76,"Allowing the new bill that was passed in the Congress made sense to allow for, you know, drugs that were sold overseas to come back and other countries to come back into the United States","Expediting drugs through the FDA makes sense, of course",Support,2000
2000_095a3e239c692426ea23a68533c19082,2000_1952ddff3fe41d648e36790245ec6288,T74,T76,That makes sense,"Expediting drugs through the FDA makes sense, of course",Support,2000
2000_50747936cbcdaece36efcd80bd06893b,2000_434565899331aa3eb985268e48b703d1,T66,T61,the best thing to do is to reform Medicare,"those are the folks who really rely upon prescription drugs a lot these days, is to reform the Medicare system, is to have prescription drugs as an integral part of Medicare once and for all",Support,2000
2000_e3a86093d56d380d94ce51f505532846,2000_447c895bedad86543d6c09ffd0852a61,T86,T85,if you want someone who will spend a lot of words describing a whole convoluted process and then end up supporting legislation that is supported by the big drug companies,this is your man,Support,2000
2000_447c895bedad86543d6c09ffd0852a61,2000_50747936cbcdaece36efcd80bd06893b,T85,T66,this is your man,the best thing to do is to reform Medicare,Attack,2000
2000_1535df5390d86f408176511114175e86,2000_33af5bab2fba8b972fc694d484a461ff,T88,T87,"If you want someone who will fight for you and who will fight for the middle-class families and working men and women, who are sick and tired of having their parents and grandparents pay higher prices for prescription drugs than anybody else",I want to fight for you,Support,2000
2000_33af5bab2fba8b972fc694d484a461ff,2000_447c895bedad86543d6c09ffd0852a61,T87,T85,I want to fight for you,this is your man,Attack,2000
2000_58febf21503b850ab20008685f9496d4,2000_9077f43d3243b6b40155124b77e5a85f,T93,T92,They do some great things,that's great,Support,2000
2000_e474e4bad3805f24855b5d57b0847a94,2000_9077f43d3243b6b40155124b77e5a85f,T94,T92,They discover great new cures,that's great,Support,2000
2000_9077f43d3243b6b40155124b77e5a85f,2000_e4db63a9336b6cb685170dea89573e24,T92,T95,that's great,We want them to continue that,Support,2000
2000_1b407ad4b7fe7d8f17575eea24d52789,2000_52fc443b526f2927ec517c4b0a043319,T99,T98,they are now spending more money on advertising and promotion,You see all these ads,Support,2000
2000_52fc443b526f2927ec517c4b0a043319,2000_a0e79099689c707070ab18e1da974529,T98,T100,You see all these ads,Than they are on research and development,Attack,2000
2000_ef48615e0e658fb6703ef37d2c9cb533,2000_b8bee6a092b1f1537fe746a6e7889717,T97,T96,they are trying artificially extend the monopoly patent protection,they can keep charging these very high prices,Support,2000
2000_432504fc3bb4e48b252ac0391b525733,2000_c48fdc6cde948da2f2fda302d7ab0b0f,T77,T78,I want to streamline the approval of the competing generic drugs and the new kinds of treatments that can compete with them,we bring the price down for everybody,Support,2000
2000_c48fdc6cde948da2f2fda302d7ab0b0f,2000_b8bee6a092b1f1537fe746a6e7889717,T78,T96,we bring the price down for everybody,they can keep charging these very high prices,Support,2000
2000_e56146733e1aa3f84a02eafedd48676c,2000_fb2447da80396eba889a6eb7063f8137,T89,T91,it's not only seniors,for 24 years I have never been afraid to take on the big drug companies,Support,2000
2000_d156cbfe9abc28edb21b1c319da2c52c,2000_e56146733e1aa3f84a02eafedd48676c,T90,T89,you asked a great question,it's not only seniors,Support,2000
2000_1b407ad4b7fe7d8f17575eea24d52789,2000_e4db63a9336b6cb685170dea89573e24,T99,T95,they are now spending more money on advertising and promotion,We want them to continue that,Attack,2000
2000_fb2447da80396eba889a6eb7063f8137,2000_c48fdc6cde948da2f2fda302d7ab0b0f,T91,T78,for 24 years I have never been afraid to take on the big drug companies,we bring the price down for everybody,Support,2000
2000_49ff88d5c9f514ae5cca4a3da0a8b578,2000_9ddc23aedc94976360bf2c3eb70bfeb6,T102,T84,"You pick your own doctor, and nobody can take that away from you",The doctor chooses the prescription that you need,Support,2000
2000_9ddc23aedc94976360bf2c3eb70bfeb6,2000_4938279c653ced290c1071b40a671384,T84,T83,The doctor chooses the prescription that you need,nobody can overrule your doctor,Support,2000
2000_4938279c653ced290c1071b40a671384,2000_dc7033d527692454e3e32882d9c88d37,T83,T101,nobody can overrule your doctor,I propose a real prescription drug benefit under Medicare for all seniors,Support,2000
2000_e9593f18423dca30dd30db060b5dcea7,2000_4a2293748492a5cd51a19908b47b1332,T103,T82,You go to your own pharmacy and then Medicare pays half the price,"If you're poor, they pay all of it",Support,2000
2000_e9593f18423dca30dd30db060b5dcea7,2000_212284b5d01118d1fa24321de462bae9,T103,T81,You go to your own pharmacy and then Medicare pays half the price,"If you have extraordinarily high cost, then they pay all over $4,000 out-of-pocket",Support,2000
2000_071bb42e0422ace5dd1c3cc1f1e70192,2000_2f61bd0e68a2e69f804472228ef233f2,T80,T79,I'll bring new competition to bring the price down,"if you pass the big drug companies' bill, nothing will happen",Attack,2000
2000_212284b5d01118d1fa24321de462bae9,2000_dc7033d527692454e3e32882d9c88d37,T81,T101,"If you have extraordinarily high cost, then they pay all over $4,000 out-of-pocket",I propose a real prescription drug benefit under Medicare for all seniors,Support,2000
2000_4a2293748492a5cd51a19908b47b1332,2000_dc7033d527692454e3e32882d9c88d37,T82,T101,"If you're poor, they pay all of it",I propose a real prescription drug benefit under Medicare for all seniors,Support,2000
2000_071bb42e0422ace5dd1c3cc1f1e70192,2000_dc7033d527692454e3e32882d9c88d37,T80,T101,I'll bring new competition to bring the price down,I propose a real prescription drug benefit under Medicare for all seniors,Support,2000
2000_1392d37300db08a7de599a07514e6379,2000_6f2e6c56b1543b0fb637bb1943bc54e1,T2,T1,"That specific charge was made in a press statement by Gore campaign spokesman Mark Fabiani, not in a TV Guide",I was wrong when I said Vice President Gore's campaign commercials had called Governor Bush a bumbler,Support,2000
2000_c68c56554d4ef4ebd081f1d58d1545fd,2000_c409fbcab1c1a54fd6c0c62e2bf44dd4,T6,T5,he loved the vigorous discussion of ideas in our democracy,I would just like to say that this debate in a way is a living tribute to Mel Carnahan,Support,2000
2000_19d510a5c235fb737e816514d9e3a636,2000_c409fbcab1c1a54fd6c0c62e2bf44dd4,T7,T5,He was a fantastic governor of Missouri,I would just like to say that this debate in a way is a living tribute to Mel Carnahan,Support,2000
2000_89840390c533a0c593223fbea3c0571d,2000_19d510a5c235fb737e816514d9e3a636,T8,T7,This state became one of the top five in the nation for health care coverage for children under his leadership,He was a fantastic governor of Missouri,Support,2000
2000_70fc163c6cf51c4f17ce707c83735ae4,2000_19d510a5c235fb737e816514d9e3a636,T10,T7,One of the best in advancing all kinds of benefits for children to grow up healthy and strong,He was a fantastic governor of Missouri,Support,2000
2000_92407a9eb2505ab70153a7813014858b,2000_6a6c0c9c5df3eef9d094822df19dadf7,T12,T11,"of course, this debate also takes place at a time when the tragedy of the USS Cole is on our minds and hearts and insofar as the memorial service is tomorrow","I would like to also extend sympathy to the families of those who have died and those who are still missing, and the injured",Support,2000
2000_1d0acfb748cdc4a2a24818d6af207143,2000_eae6049b40ea980ae6a0096740d0334c,T4,T3,I think we ought to have a patient's bill of rights to take the medical decisions away from the HMOs and give them back to the doctors and nurses,"Mr. Hankins, I don't feel good about it",Attack,2000
2000_eae6049b40ea980ae6a0096740d0334c,2000_afe0cc2453d319f4bd66ccdd9f100348,T3,T13,"Mr. Hankins, I don't feel good about it","Mr. Hankins, I think that the situation that you describe has gotten completely out of hand",Support,2000
2000_17647aa5c172fe59a9d08c91eb8333f7,2000_afe0cc2453d319f4bd66ccdd9f100348,T14,T13,"Doctors are giving prescriptions, they're recommending treatments, and then their recommendations are being overruled by HMOs and insurance companies","Mr. Hankins, I think that the situation that you describe has gotten completely out of hand",Support,2000
2000_6658057b23196bd8024bcb095d6c0446,2000_afe0cc2453d319f4bd66ccdd9f100348,T15,T13,That is unacceptable,"Mr. Hankins, I think that the situation that you describe has gotten completely out of hand",Support,2000
2000_1d0acfb748cdc4a2a24818d6af207143,2000_5338c93883e0e0f6b2f9262dc6346775,T4,T9,I think we ought to have a patient's bill of rights to take the medical decisions away from the HMOs and give them back to the doctors and nurses,I support a strong national patient's bill of rights,Support,2000
2000_85c2d927a86ad297cbc0ba9ba5d58717,2000_14a3616c744fae8584c13d2431d76f8c,T16,T17,It is actually a disagreement between us,"a national law that is pending on this, the Dingle-Norwood bill, a bipartisan bill, is one that I support and that the governor does not",Support,2000
2000_44ded2a5bcdb28f300f385b1f5e3b662,2000_422d4560903db129901b09fc9e630e67,T19,T18,"I, too, want to extend my prayers and blessings, God's blessings on the families whose lives were overturned yes -- tod -- last night",It's a tragic moment,Support,2000
2000_422d4560903db129901b09fc9e630e67,2000_6a6c0c9c5df3eef9d094822df19dadf7,T18,T11,It's a tragic moment,"I would like to also extend sympathy to the families of those who have died and those who are still missing, and the injured",Support,2000
2000_027831543155888313c176c527616619,2000_14a3616c744fae8584c13d2431d76f8c,T20,T17,"Actually, Mr. Vice President, it's not true","a national law that is pending on this, the Dingle-Norwood bill, a bipartisan bill, is one that I support and that the governor does not",Attack,2000
2000_4b8430c8c4cfbd5886a8f1abc6e393a1,2000_027831543155888313c176c527616619,T21,T20,I do support a national patient's bill of rights,"Actually, Mr. Vice President, it's not true",Support,2000
2000_151ba87754b967bf9c1bfda20ffdbda0,2000_4b8430c8c4cfbd5886a8f1abc6e393a1,T31,T21,"As a matter of fact, I brought Republicans and Democrats together to do just that in the State of Texas to get a patient's bill of rights through",I do support a national patient's bill of rights,Support,2000
2000_f51fd6b7b0ff48d930898266a6e3ca91,2000_0f36b6afd7cd71f14b97370d64960504,T32,T33,that's what we did in my state,"in order to get something done on behalf of the people, you have to put partisanship aside",Support,2000
2000_852033a3eb218e9557509b4645844530,2000_0f36b6afd7cd71f14b97370d64960504,T22,T33,"It requires a different kind of leadership style to do it, though","in order to get something done on behalf of the people, you have to put partisanship aside",Support,2000
2000_0f36b6afd7cd71f14b97370d64960504,2000_f3a452d154f3897c50b73cc6dcfccc6b,T33,T34,"in order to get something done on behalf of the people, you have to put partisanship aside",We have one of the most advanced patient's bill of rights,Support,2000
2000_ba62200c2f02319a1a2ec0c677cac388,2000_f3a452d154f3897c50b73cc6dcfccc6b,T35,T34,"It says, for example, that a woman doesn't have to go through a gate keeper to go to her gynecologist",We have one of the most advanced patient's bill of rights,Support,2000
2000_98cdabe70a7ff09c6acde88a43d8d78e,2000_f3a452d154f3897c50b73cc6dcfccc6b,T36,T34,"It says that you can't gag a doctor, doctor can advise you",We have one of the most advanced patient's bill of rights,Support,2000
2000_5b3c975684eed52a9efaef8f56dc41d9,2000_f3a452d154f3897c50b73cc6dcfccc6b,T37,T34,"The HMO, the insurance company, can't gag that doctor from giving you full advice",We have one of the most advanced patient's bill of rights,Support,2000
2000_b6eadf59e48f692e4cf358dd12fdd3ac,2000_f3a452d154f3897c50b73cc6dcfccc6b,T38,T34,"this particular bill, it allows patients to choose a doctor, their own doctor if they want to",We have one of the most advanced patient's bill of rights,Support,2000
2000_a76c08d62d89b740045fe7440ccb6c18,2000_de69cbfbae34a0b1c6400ba38b2a1403,T39,T40,we did something else that was interesting,We're one of the first states that said you can sue an HMO for denying you proper coverage,Support,2000
2000_eeb76571079cf0c6248b055b27aedf88,2000_de69cbfbae34a0b1c6400ba38b2a1403,T41,T40,Now there's what's called an Independent Review Organization that you have to go through first,We're one of the first states that said you can sue an HMO for denying you proper coverage,Support,2000
2000_172449499e575437bc0f8f8d1734b2e5,2000_eeb76571079cf0c6248b055b27aedf88,T30,T41,"It says if youâ€™ve got a complaint with your insurance company, you can take your complaint to an objective body",Now there's what's called an Independent Review Organization that you have to go through first,Support,2000
2000_172449499e575437bc0f8f8d1734b2e5,2000_db3207cd9c54f05af14ab4947154fcd7,T30,T29,"It says if youâ€™ve got a complaint with your insurance company, you can take your complaint to an objective body","If the objective body rules on your behalf, the insurance company must follow those rules",Support,2000
2000_db3207cd9c54f05af14ab4947154fcd7,2000_a8009d11dbff883aa45b48a5b66c8b97,T29,T28,"If the objective body rules on your behalf, the insurance company must follow those rules","if the insurance company doesn't follow the findings of the IRO, then that becomes a cause of action in a court of law",Support,2000
2000_a8009d11dbff883aa45b48a5b66c8b97,2000_f3a452d154f3897c50b73cc6dcfccc6b,T28,T34,"if the insurance company doesn't follow the findings of the IRO, then that becomes a cause of action in a court of law",We have one of the most advanced patient's bill of rights,Support,2000
2000_de69cbfbae34a0b1c6400ba38b2a1403,2000_f3a452d154f3897c50b73cc6dcfccc6b,T40,T34,We're one of the first states that said you can sue an HMO for denying you proper coverage,We have one of the most advanced patient's bill of rights,Support,2000
2000_e04850c2349f7694d073c7f71b7a742e,2000_048949017b42db77adbb488f9f549b37,T26,T27,It's time for our nation to come together and do what's right for the people,I think this is right for the people,Support,2000
2000_f3a452d154f3897c50b73cc6dcfccc6b,2000_048949017b42db77adbb488f9f549b37,T34,T27,We have one of the most advanced patient's bill of rights,I think this is right for the people,Support,2000
2000_d488d6be9c8c3fbb77a3336b5b2f9ea2,2000_225300679f724beaaa35c86cdb9a5e29,T24,T25,I support a national patient's bill of rights,"Mr. Vice President, and I want all people covered",Support,2000
2000_048949017b42db77adbb488f9f549b37,2000_225300679f724beaaa35c86cdb9a5e29,T27,T25,I think this is right for the people,"Mr. Vice President, and I want all people covered",Support,2000
2000_d488d6be9c8c3fbb77a3336b5b2f9ea2,2000_4b8430c8c4cfbd5886a8f1abc6e393a1,T24,T21,I support a national patient's bill of rights,I do support a national patient's bill of rights,Support,2000
2000_225300679f724beaaa35c86cdb9a5e29,2000_578508bd11d3823b6db856f7795626f6,T25,T23,"Mr. Vice President, and I want all people covered",I don't want the law to supersede good law like we've got in Texas,Attack,2000
2000_ff2d40955a26bce4eb30e99c4692cab9,2000_2866894f5eadccae1a3725b8568fc756,T44,T43,I referred to the Dingle-Norwood bill,It is the bipartisan bill that is now pending in the Congress,Support,2000
2000_e4448e68d21680bcdda1c2f335e13974,2000_52f61fd7f9f0f65b52c881c264abddee,T45,T59,They like it because it doesn't accomplish what I think really needs to be accomplished,"The HMOs and the insurance companies support the other bill that's pending, the one that the Republican majority has put forward",Attack,2000
2000_a975635e5f550642d84b689467c83b88,2000_e4448e68d21680bcdda1c2f335e13974,T46,T45,"to give the decisions back to the doctors and nurses and give you a right of appeal to somebody other than the HMO or insurance company, let you go to the nearest emergency room without having to call an HMO before you call 911, to let you see a specialist if you need to",They like it because it doesn't accomplish what I think really needs to be accomplished,Support,2000
2000_8f28e217ca57b493e04937c9b6efefbd,2000_a975635e5f550642d84b689467c83b88,T47,T46,it has strong bipartisan support,"to give the decisions back to the doctors and nurses and give you a right of appeal to somebody other than the HMO or insurance company, let you go to the nearest emergency room without having to call an HMO before you call 911, to let you see a specialist if you need to",Support,2000
2000_23f8eb854126c7c5c5c1fefdf1dadc31,2000_8f28e217ca57b493e04937c9b6efefbd,T48,T47,It is being blocked by the Republican leadership in the Congress,it has strong bipartisan support,Attack,2000
2000_dff2c6495065d728a9e102ce014b10ad,2000_79f63614e5413d93c801f026af89bc6d,T49,T54,the difference is is that I can get it done,I can get something positive done on behalf of the people,Support,2000
2000_c979936c0b67beb61e4c3ae50a61be41,2000_78ee69309719ce989b2cb70ab6ed4eee,T51,T52,It's not only what's your philosophy and what's your position on issues,can you get things done,Support,2000
2000_42b1be7afea385cc97d1d1959d25b485,2000_78ee69309719ce989b2cb70ab6ed4eee,T53,T52,That's what the question in this campaign is about,can you get things done,Support,2000
2000_2ad1fd094bed8d6acae980b2214806f1,2000_78ee69309719ce989b2cb70ab6ed4eee,T50,T52,I believe I can,can you get things done,Support,2000
2000_79f63614e5413d93c801f026af89bc6d,2000_2ad1fd094bed8d6acae980b2214806f1,T54,T50,I can get something positive done on behalf of the people,I believe I can,Support,2000
2000_9ffcfd8837c1a9a07e0a3820c3b40b78,2000_78f53e63cc18c8ce919f66cbf57eaed3,T57,T58,That's what I've done in Texas,that's the kind of leadership style I'll bring to Washington,Support,2000
2000_d990984306b30337b5e2836d065b10af,2000_78f53e63cc18c8ce919f66cbf57eaed3,T56,T58,People will be able to take their HMO insurance company to court,that's the kind of leadership style I'll bring to Washington,Support,2000
2000_b7f9d744a5405af075a870f744cdad91,2000_78f53e63cc18c8ce919f66cbf57eaed3,T55,T58,"If I'm the president, we're going to have emergency room care, we're going have gag orders, we're going to have direct access to OB/GYN",that's the kind of leadership style I'll bring to Washington,Support,2000
2000_2ad1fd094bed8d6acae980b2214806f1,2000_78f53e63cc18c8ce919f66cbf57eaed3,T50,T58,I believe I can,that's the kind of leadership style I'll bring to Washington,Support,2000
2000_00831c294e7f4433f032180747dba5d1,2000_5a8f95ab09869e313f6d6dfd191741ff,T1,T239,I mentioned before that the local communities are having a harder time passing bond issues,"Traditionally, if you've been involved in a campaign like that, you know that the parents with kids in school are the ones that turn out and vote",Support,2000
2000_1d637a25f6b9ef3b1a2e075dc48d6b01,2000_8ad526aba9fce0be88b0da335a42c39d,T235,T234,More than 90% of America's children go to public schools,we've got the largest generation of students in public schools ever,Support,2000
2000_8ad526aba9fce0be88b0da335a42c39d,2000_c6c8ba0efbff0d34f8b53f5d370a5480,T234,T236,we've got the largest generation of students in public schools ever,it's the largest number ever this year and they'll break the record next year and every year for ten years running,Support,2000
2000_519d3a823687645cf515f9a8ad0dace9,2000_c6c8ba0efbff0d34f8b53f5d370a5480,T231,T236,We've got to do something about this,it's the largest number ever this year and they'll break the record next year and every year for ten years running,Attack,2000
2000_5a8f95ab09869e313f6d6dfd191741ff,2000_6cdc64f05fbd0c756b067fbffa4cd0d7,T239,T2,"Traditionally, if you've been involved in a campaign like that, you know that the parents with kids in school are the ones that turn out and vote",there is now a smaller percentage of the voters made up of parents with children than ever in American history because of the aging of our population,Support,2000
2000_6cdc64f05fbd0c756b067fbffa4cd0d7,2000_8ad526aba9fce0be88b0da335a42c39d,T2,T234,there is now a smaller percentage of the voters made up of parents with children than ever in American history because of the aging of our population,we've got the largest generation of students in public schools ever,Support,2000
2000_d7924ece6f1c2e4c3415ed172096afb1,2000_519d3a823687645cf515f9a8ad0dace9,T237,T231,it's not enough to leave it up to the local school districts,We've got to do something about this,Support,2000
2000_7f4b58521f772c1698c683cd385f25ee,2000_d7924ece6f1c2e4c3415ed172096afb1,T232,T237,They're not able to do it,it's not enough to leave it up to the local school districts,Support,2000
2000_ae8066343474f6c1a34b67006318117f,2000_7f4b58521f772c1698c683cd385f25ee,T233,T232,our future depends upon it,They're not able to do it,Attack,2000
2000_ae8066343474f6c1a34b67006318117f,2000_f9706e0f578b6fefc6eb2f553323415a,T233,T240,our future depends upon it,Our economic future depends upon whether or not our children are going to get the kind of education that lets them go on to college,Support,2000
2000_f9706e0f578b6fefc6eb2f553323415a,2000_44a5bebf878dfba9a5f9d031578580e0,T240,T241,Our economic future depends upon whether or not our children are going to get the kind of education that lets them go on to college,I want to make it possible for all middle-class families to send their kids to college and more Pell grants for those who are in the lower income groups also,Support,2000
2000_4066c65f0d4a3557d939021b0f1ef947,2000_44a5bebf878dfba9a5f9d031578580e0,T242,T241,I want to make sure that we have job training on top of that and lifelong learning,I want to make it possible for all middle-class families to send their kids to college and more Pell grants for those who are in the lower income groups also,Support,2000
2000_1d78475d5a48e8951f94fa85826e605a,2000_b04ee4d4f342ab27c3f7aa36765d7e09,T3,T243,"My proposal gives $10,000 hiring bonuses for those teachers who are -- who get certified to teach in the areas where they're most needed",it all starts with the public school teachers,Support,2000
2000_4066c65f0d4a3557d939021b0f1ef947,2000_b04ee4d4f342ab27c3f7aa36765d7e09,T242,T243,I want to make sure that we have job training on top of that and lifelong learning,it all starts with the public school teachers,Support,2000
2000_76fb16a610d0a7d69598c40e1cf5c736,2000_c81e496c0f09a46d9c3077bc3428649a,T230,T228,My plan requires testing of all students,"It requires testing of all new teachers, including in the subjects that they teach",Support,2000
2000_c81e496c0f09a46d9c3077bc3428649a,2000_c64e45a3b604fb0f61f52ed3119c5555,T228,T229,"It requires testing of all new teachers, including in the subjects that they teach",It also requires something that Governor Bush's plan doesn't,Attack,2000
2000_b04ee4d4f342ab27c3f7aa36765d7e09,2000_c81e496c0f09a46d9c3077bc3428649a,T243,T228,it all starts with the public school teachers,"It requires testing of all new teachers, including in the subjects that they teach",Support,2000
2000_63d952bfebc13a43b167f1639ec5b545,2000_d741895700bf20101dbba4e0eb84fb8b,T226,T227,"We have to start treating teachers like the professionals that they are, and give them the respect and the kind of quality of life that will draw more people into teaching",we need a lot more teachers,Support,2000
2000_c81e496c0f09a46d9c3077bc3428649a,2000_63d952bfebc13a43b167f1639ec5b545,T228,T226,"It requires testing of all new teachers, including in the subjects that they teach","We have to start treating teachers like the professionals that they are, and give them the respect and the kind of quality of life that will draw more people into teaching",Support,2000
2000_2aaf85c9f3689b9314c4731f2fa351c8,2000_5ac0f2dcb5aa57ff343bd8a1bf8ae493,T267,T266,"When you total up all the federal spending he wants to do, it's the largest increase in federal spending in years",there's just not going to be enough money,Support,2000
2000_8ac2e82b7a8a429acd5f41990d1e5bf3,2000_c8ba66aba4ee8ee894b76ab5bc6dc450,T264,T265,I have been a governor of a big state,I have made education my number one priority,Support,2000
2000_c8ba66aba4ee8ee894b76ab5bc6dc450,2000_9384a9af6856e04ebd075fd9aa91f0e4,T265,T263,I have made education my number one priority,That's what governors ought to do,Support,2000
2000_9384a9af6856e04ebd075fd9aa91f0e4,2000_e03abd6c5be03aa76ab4bcca1257fc7c,T263,T262,That's what governors ought to do,They ought to say this is the most important thing we do as a state,Support,2000
2000_b0a209888d9a9e93ee42b16bb4759576,2000_b88e1e87d585276dc041ce5146257202,T260,T261,What I want to do is to send flexibility and authority to the local folks,you can choose what to do with the money,Support,2000
2000_b0a209888d9a9e93ee42b16bb4759576,2000_5b308662e6fc5cee3093edddae8ef313,T260,T259,What I want to do is to send flexibility and authority to the local folks,One size does not fit all,Attack,2000
2000_8e7f74e5e61d0cebe6938d09049575c8,2000_5b308662e6fc5cee3093edddae8ef313,T258,T259,I worry about federalizing education if I were you,One size does not fit all,Support,2000
2000_71f7c784b609aa2a8797718e8f87b965,2000_3ef51b7fd3f78bd6a03896379d0df097,T246,T247,I believe strongly that the federal government can help,we need to fund Headstart,Support,2000
2000_8eb70dd620ce35c872462c5e3e4e4a3b,2000_3ef51b7fd3f78bd6a03896379d0df097,T248,T247,We need to have accountability,we need to fund Headstart,Support,2000
2000_8eb70dd620ce35c872462c5e3e4e4a3b,2000_54370ad77e7f483c4c2ff7c8433b8ef0,T248,T249,We need to have accountability,"The Vice President's plan does not have annual accountability, third grade, fourth grade, fifth grade",Attack,2000
2000_ac66c88754e4fa100cee511eb989e54c,2000_54370ad77e7f483c4c2ff7c8433b8ef0,T250,T249,We need to demand on results,"The Vice President's plan does not have annual accountability, third grade, fourth grade, fifth grade",Attack,2000
2000_8eb70dd620ce35c872462c5e3e4e4a3b,2000_ac66c88754e4fa100cee511eb989e54c,T248,T250,We need to have accountability,We need to demand on results,Support,2000
2000_5367911fc4a31d1424a20833afd0320a,2000_63f57d09010594e9612a418ef60bdb2c,T257,T268,you can't control the classroom,"I hear from teachers all the time about the lawsuits and the threats, respect in the classroom",Support,2000
2000_63f57d09010594e9612a418ef60bdb2c,2000_5b076e58512b08b2fff1aeb393381e96,T268,T245,"I hear from teachers all the time about the lawsuits and the threats, respect in the classroom",I believe strongly in a teacher protection act like I mentioned,Support,2000
2000_99813721c14e97093f8c380048552189,2000_5b076e58512b08b2fff1aeb393381e96,T255,T245,I'm going to ask the Congress to pass a teacher protection act,I believe strongly in a teacher protection act like I mentioned,Support,2000
2000_99813721c14e97093f8c380048552189,2000_3fd329f08799bc0e7af6e6f070723111,T255,T256,I'm going to ask the Congress to pass a teacher protection act,You can't have a consequence for somebody without fear of getting sued under federal law,Attack,2000
2000_63f57d09010594e9612a418ef60bdb2c,2000_3fd329f08799bc0e7af6e6f070723111,T268,T256,"I hear from teachers all the time about the lawsuits and the threats, respect in the classroom",You can't have a consequence for somebody without fear of getting sued under federal law,Support,2000
2000_9e28e1e11e11e91c8eb5012f490098de,2000_534a7aafdb0d3d7f87eed15d788842a7,T251,T252,There needs to be flexibility for teacher training and teacher hiring with federal money,I believe in flexibility,Support,2000
2000_a39b4817ccdab11deb38c788707bd5cd,2000_31cd154117c80e5b8641d103899038d8,T253,T254,"I believe in a national reading initiative for local districts to access with K through 2 diagnostic testing, curriculum that works, phonics works",it needs to be a part of our curriculum,Support,2000
2000_9e28e1e11e11e91c8eb5012f490098de,2000_411120250010fbddf1fbc18daf18689c,T251,T270,There needs to be flexibility for teacher training and teacher hiring with federal money,don't fall prey to all this stuff about money here and money there,Attack,2000
2000_9c2234fca50821989709853a50fe2fcf,2000_411120250010fbddf1fbc18daf18689c,T269,T270,education is really funded at the local level,don't fall prey to all this stuff about money here and money there,Support,2000
2000_8e1ca3f052c8b053ab4a0d902c00c85a,2000_9c2234fca50821989709853a50fe2fcf,T271,T269,94% comes from the local level,education is really funded at the local level,Support,2000
2000_dcbacd97776c57fa7b0b6a4960a28e6d,2000_2aaf85c9f3689b9314c4731f2fa351c8,T272,T267,Absolutely not,"When you total up all the federal spending he wants to do, it's the largest increase in federal spending in years",Attack,2000
2000_1acebd1611b96a120900f34022c8cd2e,2000_dcbacd97776c57fa7b0b6a4960a28e6d,T4,T272,Absolutely not,Absolutely not,Support,2000
2000_fd01dfe26b11dd6de95480c50d0fe4a1,2000_dcbacd97776c57fa7b0b6a4960a28e6d,T5,T272,I'm so glad that I have the chance to knock that down,Absolutely not,Support,2000
2000_2c43ddc38fa4b5e0f67d21278484881e,2000_a4161d6d77461bbd5a1c5f4f901eb4b6,T277,T276,Now under my plan we'll balance the budget every year,"the problem is that under Governor Bush's plan, $1.6 trillion tax cut, mostly to the wealthy, under his own budget numbers, he proposes spending more money for a tax cut just for the wealthiest 1% than all the new money he budgets for education, health care and national defense combined",Support,2000
2000_d016f5d7ed3f3038b4f83bcc6ac44ace,2000_2c43ddc38fa4b5e0f67d21278484881e,T275,T277,I'm not just saying this,Now under my plan we'll balance the budget every year,Support,2000
2000_d10e130de556fe7f0059475964185c7f,2000_2c43ddc38fa4b5e0f67d21278484881e,T274,T277,I'm not just talking,Now under my plan we'll balance the budget every year,Support,2000
2000_d10e130de556fe7f0059475964185c7f,2000_c781f49a899c2555d44f9719760a15fc,T274,T278,I'm not just talking,"I have helped to balance the budget for the first time in 30 years, paid down the debt",Support,2000
2000_d016f5d7ed3f3038b4f83bcc6ac44ace,2000_c781f49a899c2555d44f9719760a15fc,T275,T278,I'm not just saying this,"I have helped to balance the budget for the first time in 30 years, paid down the debt",Support,2000
2000_c781f49a899c2555d44f9719760a15fc,2000_2c43ddc38fa4b5e0f67d21278484881e,T278,T277,"I have helped to balance the budget for the first time in 30 years, paid down the debt",Now under my plan we'll balance the budget every year,Support,2000
2000_b8790370a2256ecd39b031c593f5e174,2000_0eea747b129aeb7071e4b3aae53a8527,T279,T273,"under my plan, in four years, as the percentage of our gross domestic product, federal spending will be the smallest that it has been in 50 years",I will pay down the debt every single year until it is eliminated early in the next decade,Support,2000
2000_2c43ddc38fa4b5e0f67d21278484881e,2000_0eea747b129aeb7071e4b3aae53a8527,T277,T273,Now under my plan we'll balance the budget every year,I will pay down the debt every single year until it is eliminated early in the next decade,Support,2000
2000_068739a6fbdf9e98c8e29f66dd48479e,2000_b8790370a2256ecd39b031c593f5e174,T6,T279,the third biggest spending item in our budget is interest on the national debt?,"under my plan, in four years, as the percentage of our gross domestic product, federal spending will be the smallest that it has been in 50 years",Support,2000
2000_068739a6fbdf9e98c8e29f66dd48479e,2000_89b9a60f6a0820cc45695f36ba159f9a,T6,T7,the third biggest spending item in our budget is interest on the national debt?,We get nothing for it.,Attack,2000
2000_6c4c7307bb767d744bbf31ea066350c0,2000_89b9a60f6a0820cc45695f36ba159f9a,T8,T7,We keep the good faith and credit of the United States.,We get nothing for it.,Attack,2000
2000_0a176f1ee90c4f03eba553e590fd38d3,2000_0eea747b129aeb7071e4b3aae53a8527,T280,T273,That gets rid of the third biggest intrusion of the federal government in our economy,I will pay down the debt every single year until it is eliminated early in the next decade,Support,2000
2000_0a176f1ee90c4f03eba553e590fd38d3,2000_068739a6fbdf9e98c8e29f66dd48479e,T280,T6,That gets rid of the third biggest intrusion of the federal government in our economy,the third biggest spending item in our budget is interest on the national debt?,Attack,2000
2000_2b5eb8185667fb4dd47f9afb6dc7e571,2000_4d57aa648a2a7a1362be679bd867d119,T282,T281,schools get testing and lawsuit reform and not much else,"because the governor has all this money for a tax cut mostly to the wealthy, there is no money left over",Support,2000
2000_c064a8aa433860b722ea71a26e3bbc27,2000_4d57aa648a2a7a1362be679bd867d119,T283,T281,he's wrong,"because the governor has all this money for a tax cut mostly to the wealthy, there is no money left over",Attack,2000
2000_d3894ae9ae606abe595492e27797e18c,2000_837584c65c3648de187a8f90870666f0,T285,T284,Just add up all the numbers,It's three times bigger than what President Clinton proposed,Support,2000
2000_837584c65c3648de187a8f90870666f0,2000_c064a8aa433860b722ea71a26e3bbc27,T284,T283,It's three times bigger than what President Clinton proposed,he's wrong,Support,2000
2000_79796a84225483631a676dd16c625480,2000_837584c65c3648de187a8f90870666f0,T9,T284,"That was in an ad, Jim, that was knocked down by the journalists who analyzed the ad and said it was misleading.",It's three times bigger than what President Clinton proposed,Attack,2000
2000_0b555fc4e836e81bf170701cf657b5e7,2000_779ee72392cbda5eb7bb912f0a653a9c,T291,T292,He proposed more than Walter Mondale and Michael Dukakis combined,This is a big spender,Support,2000
2000_779ee72392cbda5eb7bb912f0a653a9c,2000_837584c65c3648de187a8f90870666f0,T292,T284,This is a big spender,It's three times bigger than what President Clinton proposed,Support,2000
2000_868ebb8404f81fa949a9ca6827748345,2000_779ee72392cbda5eb7bb912f0a653a9c,T10,T292,"And he ought to be proud of it, it's part of his record",This is a big spender,Support,2000
2000_5f2a0176bb62d31e9c7070c150a44bce,2000_779ee72392cbda5eb7bb912f0a653a9c,T290,T292,We just have a different philosophy,This is a big spender,Attack,2000
2000_5d7814aeade1b22663caf6d46a64f2b6,2000_168ba1197873814bb1ea88917640c6eb,T289,T293,"If you pay taxes, you ought to get tax relief",The Vice President believes only the right people ought to get tax relief,Attack,2000
2000_5d7814aeade1b22663caf6d46a64f2b6,2000_ef2f9059f91f37b5987179c7c44fbf27,T289,T288,"If you pay taxes, you ought to get tax relief",I don't think that's the role of the president to pick you're right and you're not right,Support,2000
2000_ef2f9059f91f37b5987179c7c44fbf27,2000_168ba1197873814bb1ea88917640c6eb,T288,T293,I don't think that's the role of the president to pick you're right and you're not right,The Vice President believes only the right people ought to get tax relief,Attack,2000
2000_5d7814aeade1b22663caf6d46a64f2b6,2000_bbc317e6808aae74c16c03f4e8343a4b,T289,T287,"If you pay taxes, you ought to get tax relief","I think if you're going to have tax relief, everybody ought to get it",Support,2000
2000_bbc317e6808aae74c16c03f4e8343a4b,2000_695374e2f918b3f993bc8aca29e482ac,T287,T294,"I think if you're going to have tax relief, everybody ought to get it",wealthy people are going to get it,Support,2000
2000_d8fdb5dcbf6d394b38a8b73b7728106e,2000_695374e2f918b3f993bc8aca29e482ac,T297,T294,the top 1% will end up paying one-third of the taxes in America and they get one-fifth of the benefits,wealthy people are going to get it,Support,2000
2000_1962d6f413c7873242d175f75478ee2a,2000_d8fdb5dcbf6d394b38a8b73b7728106e,T296,T297,we structured the plan so that six million additional American families pay no taxes,the top 1% will end up paying one-third of the taxes in America and they get one-fifth of the benefits,Support,2000
2000_17d0578e5d9f647a976b562a4db6ef2a,2000_1962d6f413c7873242d175f75478ee2a,T298,T296,"If you're a family of four making $50,000 in Missouri, you get a 50% cut in your federal income taxes",we structured the plan so that six million additional American families pay no taxes,Support,2000
2000_db2a257145f2c890fbc13cc6d7d00ca5,2000_1f9e968a0897f51669573dd5079f79c7,T11,T286,And there's extra money.,I believe the people who pay the bills ought to get some money back,Support,2000
2000_63327e8d6483027ee68e2591365ebc2a,2000_1f9e968a0897f51669573dd5079f79c7,T295,T286,What I've done is set priorities and funded them,I believe the people who pay the bills ought to get some money back,Support,2000
2000_1962d6f413c7873242d175f75478ee2a,2000_63327e8d6483027ee68e2591365ebc2a,T296,T295,we structured the plan so that six million additional American families pay no taxes,What I've done is set priorities and funded them,Support,2000
2000_bbc317e6808aae74c16c03f4e8343a4b,2000_1f9e968a0897f51669573dd5079f79c7,T287,T286,"I think if you're going to have tax relief, everybody ought to get it",I believe the people who pay the bills ought to get some money back,Support,2000
2000_1cec28d8204735755aa6d3f4a59386d9,2000_1f9e968a0897f51669573dd5079f79c7,T12,T286,It's a difference of opinion,I believe the people who pay the bills ought to get some money back,Support,2000
2000_54da45884aeeac6a4352ce789ee34408,2000_4c7f0352b368c07dc6762d1e60d8550a,T14,T13,I trust you with your own money.,He wants to grow the government,Attack,2000
2000_b7ad59a71baa214fedc3db36b4ddff53,2000_1f9e968a0897f51669573dd5079f79c7,T299,T286,It's just the right position to take,I believe the people who pay the bills ought to get some money back,Support,2000
2000_54da45884aeeac6a4352ce789ee34408,2000_b7ad59a71baa214fedc3db36b4ddff53,T14,T299,I trust you with your own money.,It's just the right position to take,Support,2000
2000_36513a6fd5245960b3426e923da1308b,2000_b3e3d114417dadaaa4f3e6b7c96c90af,T301,T300,"If you pay taxes, you are going to get a benefit",Of course it does,Support,2000
2000_023d09831e8f853e5636e9e0ecb67801,2000_b3e3d114417dadaaa4f3e6b7c96c90af,T302,T300,People who pay taxes will get tax relief,Of course it does,Support,2000
2000_48c644df64fc7faaca3aaf5814f65b1a,2000_6a5607e489a9e657d0ba1cdb98a21d84,T15,T307,"Under my plan, if you make -- the top -- the wealthy people pay 62% of the taxes today.",Afterwards they pay 64%,Support,2000
2000_6a5607e489a9e657d0ba1cdb98a21d84,2000_1ced7a5ea7952f04b4a3bffe94e18f34,T307,T306,Afterwards they pay 64%,This is a fair plan,Support,2000
2000_c7513169575aca32a5d7605b87e83702,2000_1abc7718064f3d8c94f093c3d6364b59,T305,T309,"If you're a single mother making $22,000 a year today and you're trying to raise two children, for every additional dollar you earn you pay a higher marginal rate on that dollar than someone making $200,000",the tax code is unfair for people at the bottom end of the economic ladder,Support,2000
2000_6151aca420ba557054024c3a27156023,2000_c7513169575aca32a5d7605b87e83702,T304,T305,that's not right,"If you're a single mother making $22,000 a year today and you're trying to raise two children, for every additional dollar you earn you pay a higher marginal rate on that dollar than someone making $200,000",Attack,2000
2000_6151aca420ba557054024c3a27156023,2000_1abc7718064f3d8c94f093c3d6364b59,T304,T309,that's not right,the tax code is unfair for people at the bottom end of the economic ladder,Support,2000
2000_954f4f7c7a624ec586dc80da238699a7,2000_ba8d03dcd0e656160ddad7fa58c2556a,T312,T310,It is about you,this isn't about Governor Bush,Attack,2000
2000_0a0d7a79e21cee2f1c4e00c64b6ec721,2000_df00820d81dd7f405f1f310e44713910,T315,T316,"If you want somebody who believes that we were better off eight years ago than we are now and that we ought to go back to the kind of policies that we had back then, emphasizing tax cuts mainly for the wealthy",here is your man,Support,2000
2000_e7a44cfef5dd574d3b629de33910f8a1,2000_1da682436d1aff9eec473fd35e618e3f,T313,T314,If you want somebody who will fight for you and who will fight to have middle-class tax cuts,I am your man,Support,2000
2000_d8b1a55121554ef9438e99d22633881c,2000_1da682436d1aff9eec473fd35e618e3f,T317,T314,I want to be,I am your man,Support,2000
2000_1da682436d1aff9eec473fd35e618e3f,2000_df00820d81dd7f405f1f310e44713910,T314,T316,I am your man,here is your man,Attack,2000
2000_e7ef39a863d8c6f0bf42a55a03bec7bf,2000_1df4841bff36e3a959b48793d1d41e46,T319,T320,Now you judge for yourselves whether or not that's fair,"if everyone here in this audience was dead on in the middle of the middle-class, then the tax cuts for every single one of you all added up would be less than the tax cut his plan would give to just one member of that top wealthiest 1%",Attack,2000
2000_cff2a735cba550e78a2fd9eba09278b0,2000_83c83d45cedc7e296c5e5b965cb92636,T321,T16,That's not right,50 million Americans get no tax relief under his plan,Attack,2000
2000_4651fb2a12e480f2c41c7e47576879fc,2000_cff2a735cba550e78a2fd9eba09278b0,T326,T321,"You may not be one of them, you're just not one of the right people",That's not right,Attack,2000
2000_2e0b752a36e21a30ae2b3fae1e4d9906,2000_11a9342fb9d4502b9b000bc9041e5114,T325,T324,we've had enough fighting,It's time to unite,Support,2000
2000_ec8eb1d864df347daec44ff34bdf6a56,2000_cd03d670d7b61cf1f66f80cadde847ff,T322,T323,It's time to get something done,"In eight years they haven't gotten anything done on Medicare, on Social Security, a patient's bill of rights",Attack,2000
2000_c53b9db3452c55a6cb6f77914d762bbd,2000_160215c00f1f7ce496f2bca814cf7794,T17,T331,"It was due to go bankrupt in 1999 and that 50 million figure again, the newspapers -- I said -- you said forget the journalists, but they are the keepers of the score card",I cast the tie-breaking vote to add 26 years to the life of Medicare,Support,2000
2000_c53b9db3452c55a6cb6f77914d762bbd,2000_c7a34eb4baf03833aea0dc7ae85dbc05,T17,T329,"It was due to go bankrupt in 1999 and that 50 million figure again, the newspapers -- I said -- you said forget the journalists, but they are the keepers of the score card",whether or not you're using facts that aren't right,Support,2000
2000_f60d9a55763931f26e36b254b19f809d,2000_c7a34eb4baf03833aea0dc7ae85dbc05,T332,T329,that fact is just not right,whether or not you're using facts that aren't right,Attack,2000
2000_569e2c373d38b666c6d7d6c86b4d734c,2000_10f6b2a747c2aafbc147a368bde128b2,T446,T443,Al Gore and I view Social Security as probably the best thing the government did in the second half -- the last century,I can pledge to the American people categorically that no one will lose benefits under our plan for Social Security as far forward as 2054,Support,2000
2000_241d457e5c2b299acfb3390eb138dc36,2000_569e2c373d38b666c6d7d6c86b4d734c,T447,T446,It has created a floor under which seniors cannot fall,Al Gore and I view Social Security as probably the best thing the government did in the second half -- the last century,Support,2000
2000_f75b819288a97f21ec35f8a5d03ec53f,2000_241d457e5c2b299acfb3390eb138dc36,T448,T447,"so many of them depend on it for their basic living, for their livelihood",It has created a floor under which seniors cannot fall,Support,2000
2000_569e2c373d38b666c6d7d6c86b4d734c,2000_cbab68ee745009229aef67213a8435a2,T446,T444,Al Gore and I view Social Security as probably the best thing the government did in the second half -- the last century,"Al and I have committed to putting that Social Security surplus in a lockbox, not touching it",Support,2000
2000_45861619eee91d03f35230aa1a0ee50b,2000_cbab68ee745009229aef67213a8435a2,T449,T444,It's critically important to protect it,"Al and I have committed to putting that Social Security surplus in a lockbox, not touching it",Support,2000
2000_627548740fc96462081f7d43776256e8,2000_cbab68ee745009229aef67213a8435a2,T445,T444,allows us to keep Social Security solvent to 2054,"Al and I have committed to putting that Social Security surplus in a lockbox, not touching it",Support,2000
2000_155a635299a22428a6bb0ecf873839b0,2000_f0b1ead5b357490922c0b47b495d2a92,T458,T459,I was drilling into this idea of privatization of Social Security,The deeper I got the drier the well became and it seemed to me at the end it was going to dry up Social Security,Support,2000
2000_140b28b740a58967983e2fc927a18674,2000_80a44558591ac82d2cbd935ce425cfbc,T460,T450,It requires taking as much as a trillion dollars out of the Social Security fund,Our opponents have an idea for privatizing Social Security that will jeopardize Social Security payments to recipients,Attack,2000
2000_140b28b740a58967983e2fc927a18674,2000_f0b1ead5b357490922c0b47b495d2a92,T460,T459,It requires taking as much as a trillion dollars out of the Social Security fund,The deeper I got the drier the well became and it seemed to me at the end it was going to dry up Social Security,Support,2000
2000_f0b1ead5b357490922c0b47b495d2a92,2000_80a44558591ac82d2cbd935ce425cfbc,T459,T450,The deeper I got the drier the well became and it seemed to me at the end it was going to dry up Social Security,Our opponents have an idea for privatizing Social Security that will jeopardize Social Security payments to recipients,Attack,2000
2000_a629d0486f257b9e65ca68fd82ebc28d,2000_140b28b740a58967983e2fc927a18674,T461,T460,he independent analysts have said that would put the fund out of money in 2023,It requires taking as much as a trillion dollars out of the Social Security fund,Support,2000
2000_56ce84bb3fe8d5d0c7979e61aa177859,2000_140b28b740a58967983e2fc927a18674,T462,T460,"or if it's not out of money, benefits will have to be cut by over 50%",It requires taking as much as a trillion dollars out of the Social Security fund,Support,2000
2000_07492f09332c7b0962ceae9ced610ce8,2000_80a44558591ac82d2cbd935ce425cfbc,T451,T450,Al Gore and I are going to guarantee Social Security and add to it the retirement savings plan that I mentioned earlier which will help middle-class families looking forward,Our opponents have an idea for privatizing Social Security that will jeopardize Social Security payments to recipients,Attack,2000
2000_77a0062105a980dc92880e745affaa95,2000_07492f09332c7b0962ceae9ced610ce8,T453,T451,They will have not only Social Security,Al Gore and I are going to guarantee Social Security and add to it the retirement savings plan that I mentioned earlier which will help middle-class families looking forward,Support,2000
2000_3f51acb4721c3009f4a95660c49c5e8c,2000_07492f09332c7b0962ceae9ced610ce8,T454,T451,a superb extra retirement account as well,Al Gore and I are going to guarantee Social Security and add to it the retirement savings plan that I mentioned earlier which will help middle-class families looking forward,Support,2000
2000_9d82daf02ab8352b562e29e7d0171540,2000_07492f09332c7b0962ceae9ced610ce8,T455,T451,Social Security plus with us,Al Gore and I are going to guarantee Social Security and add to it the retirement savings plan that I mentioned earlier which will help middle-class families looking forward,Support,2000
2000_8917a12bd54ff302fdee5cc46692dd09,2000_80a44558591ac82d2cbd935ce425cfbc,T456,T450,Social Security minus from the Bush-Cheney ticket,Our opponents have an idea for privatizing Social Security that will jeopardize Social Security payments to recipients,Support,2000
2000_48774f7fd2b0c6783e2bec23b1e12211,2000_d948e481b9be555f103769aa8f455114,T469,T463,It means a great deal to millions of Americans,"Governor Bush and I want to make absolutely certain that the first thing we do is guarantee the continuation of those payments, those benefits and keep those promises that were made",Support,2000
2000_37a7c1e0b61a006d44a40bb031519d7c,2000_48774f7fd2b0c6783e2bec23b1e12211,T468,T469,It's been a fantastic program and has been there for 65 years that has provided benefits for senior citizens over that period of time,It means a great deal to millions of Americans,Support,2000
2000_a01df75a449ff33b482df21521eb00d2,2000_d948e481b9be555f103769aa8f455114,T467,T463,The Social Security system is in trouble,"Governor Bush and I want to make absolutely certain that the first thing we do is guarantee the continuation of those payments, those benefits and keep those promises that were made",Support,2000
2000_7017632d62a8c8133c7ee02041c701a8,2000_2fdf1379114aa1db4339bb2524be8e96,T471,T470,"the demographics that work out there, it's almost an iron law",They seriously question whether or not there will be any system left for them,Support,2000
2000_2fdf1379114aa1db4339bb2524be8e96,2000_a01df75a449ff33b482df21521eb00d2,T470,T467,They seriously question whether or not there will be any system left for them,The Social Security system is in trouble,Support,2000
2000_777865a5e146acbf08d800c40948c198,2000_2fdf1379114aa1db4339bb2524be8e96,T472,T470,"if you look down the road, you say you're 30 years old today, and I have two daughters about that age",They seriously question whether or not there will be any system left for them,Support,2000
2000_5cc0a7c728860c14b134f50bb5c7235d,2000_7017632d62a8c8133c7ee02041c701a8,T488,T471,They know how many people there are,"the demographics that work out there, it's almost an iron law",Support,2000
2000_dcaf5db5a53f074f298be09ed5e19ee1,2000_7017632d62a8c8133c7ee02041c701a8,T489,T471,"when they reach retirement, we know when the baby boom generation is coming along, how long they will live after that","the demographics that work out there, it's almost an iron law",Support,2000
2000_a9186abac8782819f92284b4e59a90ed,2000_2fdf1379114aa1db4339bb2524be8e96,T487,T470,it will drive the system into bankruptcy unless we reform and deal with it,They seriously question whether or not there will be any system left for them,Support,2000
2000_a712ce6b822bdb2e4c0cd87bb904a2f2,2000_d36cec5857efe606bd440cb13f398b89,T466,T473,it gives them a stake in the Social Security system,"The reform we would like to offer is to allow our young people to begin to take a portion of the payroll tax, 2% of it, and invest it in a personal retirement account",Support,2000
2000_f8fc17bfc2850d1a303589ce99b3fbc2,2000_d36cec5857efe606bd440cb13f398b89,T475,T473,That becomes their property,"The reform we would like to offer is to allow our young people to begin to take a portion of the payroll tax, 2% of it, and invest it in a personal retirement account",Support,2000
2000_d34f636744da87b69d886bfe48254688,2000_d36cec5857efe606bd440cb13f398b89,T476,T473,They own it,"The reform we would like to offer is to allow our young people to begin to take a portion of the payroll tax, 2% of it, and invest it in a personal retirement account",Support,2000
2000_f8d708a9df3b64bb0dc69cf5ca3b9472,2000_d36cec5857efe606bd440cb13f398b89,T477,T473,They can pass it on to their kids if they want,"The reform we would like to offer is to allow our young people to begin to take a portion of the payroll tax, 2% of it, and invest it in a personal retirement account",Support,2000
2000_46eece70dca86c395daa54aa6ea9cad9,2000_a01df75a449ff33b482df21521eb00d2,T478,T467,They don't have that kind of equity in Social Security today,The Social Security system is in trouble,Support,2000
2000_3c7e427d74bd5c1a5b6b13e8624fd94e,2000_d36cec5857efe606bd440cb13f398b89,T465,T473,we can generate a higher return off that investment than you get in the existing system,"The reform we would like to offer is to allow our young people to begin to take a portion of the payroll tax, 2% of it, and invest it in a personal retirement account",Support,2000
2000_5c719538f291591b4f48d6838593dd2c,2000_3c7e427d74bd5c1a5b6b13e8624fd94e,T479,T465,Today you get about a 2% return of what you pay into Social Security,we can generate a higher return off that investment than you get in the existing system,Support,2000
2000_d6696cd08dd8266565765a94a6d60218,2000_3c7e427d74bd5c1a5b6b13e8624fd94e,T464,T465,We think we can generate at least 6%,we can generate a higher return off that investment than you get in the existing system,Support,2000
2000_edf72e87e304108d89a13cc0086cc7de,2000_3c7e427d74bd5c1a5b6b13e8624fd94e,T480,T465,At least three times what we're able to get now,we can generate a higher return off that investment than you get in the existing system,Support,2000
2000_42f792886d96f696ea616563a6b712a2,2000_07492f09332c7b0962ceae9ced610ce8,T482,T451,"With respect to Al Gore and Joe's plan, they don't reform Social Security",Al Gore and I are going to guarantee Social Security and add to it the retirement savings plan that I mentioned earlier which will help middle-class families looking forward,Attack,2000
2000_d948e481b9be555f103769aa8f455114,2000_8917a12bd54ff302fdee5cc46692dd09,T463,T456,"Governor Bush and I want to make absolutely certain that the first thing we do is guarantee the continuation of those payments, those benefits and keep those promises that were made",Social Security minus from the Bush-Cheney ticket,Attack,2000
2000_12e62446574b277e93c646e69a06353c,2000_42f792886d96f696ea616563a6b712a2,T483,T482,They add another huge obligation on top of it that future generations will have to pay,"With respect to Al Gore and Joe's plan, they don't reform Social Security",Support,2000
2000_b7b9161a596603eb15599895eb7aeea2,2000_42f792886d96f696ea616563a6b712a2,T484,T482,They do  n't touch the basic system itself,"With respect to Al Gore and Joe's plan, they don't reform Social Security",Support,2000
2000_5f2039ca1f51f337c586834a88387a16,2000_42f792886d96f696ea616563a6b712a2,T485,T482,They don't reform it and don't save it,"With respect to Al Gore and Joe's plan, they don't reform Social Security",Support,2000
2000_d36cec5857efe606bd440cb13f398b89,2000_3f960763744c9595f545b05a0af731a3,T473,T481,"The reform we would like to offer is to allow our young people to begin to take a portion of the payroll tax, 2% of it, and invest it in a personal retirement account",We have a plan to do that and a plan to give our young people a choice and more control over their own lives,Support,2000
2000_d46b82c7ccc283128bdb5c315d959b27,2000_3c7e427d74bd5c1a5b6b13e8624fd94e,T486,T465,"And long-term by generating a bigger return, we'll put additional funds into the system that will help us survive that crunch that is otherwise going to hit in the future",we can generate a higher return off that investment than you get in the existing system,Support,2000
2000_dc2f00d21d756a4f6acc79cb8f3583c5,2000_fb3e0a243ab6db8c84f1752c65d61076,T356,T355,this administration and Vice President Gore and I have had both a long-term strategy to develop energy independence and a short-term strategy,Not enough,Attack,2000
2000_b8915bec6783cbe374b338a7f6a6a39b,2000_dc2f00d21d756a4f6acc79cb8f3583c5,T360,T356,we would be further along in the implementation of that long-term strategy aimed at developing cleaner sources of energy,this administration and Vice President Gore and I have had both a long-term strategy to develop energy independence and a short-term strategy,Support,2000
2000_540ed282c03f4be039ace823cc3ce8bd,2000_b8915bec6783cbe374b338a7f6a6a39b,T359,T360,this administration had been given the amount of funding that it had requested from the Republican Congress,we would be further along in the implementation of that long-term strategy aimed at developing cleaner sources of energy,Attack,2000
2000_1d4f2174e34eb04b91a7c8620450ebff,2000_b8915bec6783cbe374b338a7f6a6a39b,T361,T360,giving tax credits to individuals and businesses to conserve and use energy more efficiently,we would be further along in the implementation of that long-term strategy aimed at developing cleaner sources of energy,Support,2000
2000_4af9829ab9f151ae21aab2ddd8a399e2,2000_b8915bec6783cbe374b338a7f6a6a39b,T362,T360,Aimed at a partnership for a new generation of vehicles with the American automobile industry,we would be further along in the implementation of that long-term strategy aimed at developing cleaner sources of energy,Support,2000
2000_fda91a1a20a39ff875b1dc4361c21fd4,2000_4af9829ab9f151ae21aab2ddd8a399e2,T363,T362,which is making great progress and can produce a vehicle that can get 80 miles per gallo,Aimed at a partnership for a new generation of vehicles with the American automobile industry,Support,2000
2000_90e464bea8b5921036595ed4c387cf58,2000_132600ec2f45753d45616aebf8230450,T371,T370,To deal with exactly the kind of ups and downs of energy prices,We also have a short-term strategy,Support,2000
2000_0971b236e051088b80c47cfc94d25c43,2000_f47105b8b47214f4b1ab444a511b5469,T364,T369,Al Gore and I believed it was important in the short-term to reach into the strategic petroleum reserve,I know it was controversial,Attack,2000
2000_0971b236e051088b80c47cfc94d25c43,2000_132600ec2f45753d45616aebf8230450,T364,T370,Al Gore and I believed it was important in the short-term to reach into the strategic petroleum reserve,We also have a short-term strategy,Support,2000
2000_9a10df2074c07b4db429eb2a0a4bd1a7,2000_0971b236e051088b80c47cfc94d25c43,T365,T364,take some of the oil we have,Al Gore and I believed it was important in the short-term to reach into the strategic petroleum reserve,Support,2000
2000_87dda4c3d1916edc250d1320addf0195,2000_0971b236e051088b80c47cfc94d25c43,T366,T364,put it in the market,Al Gore and I believed it was important in the short-term to reach into the strategic petroleum reserve,Support,2000
2000_141e72c4d27ed43fa36a2d1dfb148e9e,2000_0971b236e051088b80c47cfc94d25c43,T367,T364,show the big oil companies and the OPEC oil-producing countries that we  've got some resources with which we can fight back,Al Gore and I believed it was important in the short-term to reach into the strategic petroleum reserve,Support,2000
2000_1b89b6abaa14a8a33a53d8332fad8b0c,2000_141e72c4d27ed43fa36a2d1dfb148e9e,T368,T367,We aren't going to lay back and let them roll over our economy,show the big oil companies and the OPEC oil-producing countries that we  've got some resources with which we can fight back,Support,2000
2000_33057f752d6dbf07fb5468bdffdbe407,2000_561550b91340eb7527b273970d962496,T358,T357,gasoline prices were rising and home heating oil inventories were real low,We did it also,Support,2000
2000_561550b91340eb7527b273970d962496,2000_141e72c4d27ed43fa36a2d1dfb148e9e,T357,T367,We did it also,show the big oil companies and the OPEC oil-producing countries that we  've got some resources with which we can fight back,Support,2000
2000_1805f8a3ed0fb5b3a29f7992b6cbdca8,2000_561550b91340eb7527b273970d962496,T372,T357,Both of our tickets agree on LIHEAP keeping the low income housing assistance program,We did it also,Support,2000
2000_0971b236e051088b80c47cfc94d25c43,2000_0fc139c0afd4310214103c33e368b4d2,T364,T373,Al Gore and I believed it was important in the short-term to reach into the strategic petroleum reserve,our opponents offer no assistance to middle-class families hit by rising gas prices and a shortage of home heating oil,Attack,2000
2000_68f727f823ad3a2743fd6dedb26f82a8,2000_0971b236e051088b80c47cfc94d25c43,T374,T364,since the reserve was opened the price of oil on world markets has dropped $6 a barrel,Al Gore and I believed it was important in the short-term to reach into the strategic petroleum reserve,Support,2000
2000_df6461c5700598a994fa11df1de22054,2000_0971b236e051088b80c47cfc94d25c43,T375,T364,My assessment is that there is no comprehensive energy policy today,Al Gore and I believed it was important in the short-term to reach into the strategic petroleum reserve,Attack,2000
2000_df6461c5700598a994fa11df1de22054,2000_dc2f00d21d756a4f6acc79cb8f3583c5,T375,T356,My assessment is that there is no comprehensive energy policy today,this administration and Vice President Gore and I have had both a long-term strategy to develop energy independence and a short-term strategy,Attack,2000
2000_3687124b191b039c318125ccf8776390,2000_51c519f046fa06e93f97d03a995f82ad,T377,T376,the administration has not addressed these issues,we are in trouble,Support,2000
2000_51c519f046fa06e93f97d03a995f82ad,2000_df6461c5700598a994fa11df1de22054,T376,T375,we are in trouble,My assessment is that there is no comprehensive energy policy today,Support,2000
2000_8e0b43d3059b39774e28be89c37beb48,2000_51c519f046fa06e93f97d03a995f82ad,T382,T376,We have the prospects of brownouts in California,we are in trouble,Support,2000
2000_8c8fd93707ea3559ce3b9637c2ce9862,2000_51c519f046fa06e93f97d03a995f82ad,T383,T376,We have a potential home heating oil crisis in the northeast,we are in trouble,Support,2000
2000_53bb5d77060ecd4d9890e3a8f06025c4,2000_51c519f046fa06e93f97d03a995f82ad,T384,T376,We have gasoline price rises in various other places,we are in trouble,Support,2000
2000_e23570e2a167e9a8e5a62ad84540f64a,2000_2c95cb26449004a97929a3c56003130c,T380,T379,they haven't done it,For years now the administration has talked about reducing our dependence on foreign sources of oil,Attack,2000
2000_e23570e2a167e9a8e5a62ad84540f64a,2000_51c519f046fa06e93f97d03a995f82ad,T380,T376,they haven't done it,we are in trouble,Support,2000
2000_bb7a8ef0fa775f2aef63667e4d5ab2b9,2000_51c519f046fa06e93f97d03a995f82ad,T381,T376,we've gone exactly in the opposite direction,we are in trouble,Support,2000
2000_02ad40406cffce3a67dcab000211793a,2000_bb7a8ef0fa775f2aef63667e4d5ab2b9,T385,T381,We have the lowest rate of domestic production of oil now in 46 years,we've gone exactly in the opposite direction,Support,2000
2000_96c348d508aa1309091837502b072e3e,2000_02ad40406cffce3a67dcab000211793a,T386,T385,You have to go back to 1954 to find a time when we produced as little oil as we do today,We have the lowest rate of domestic production of oil now in 46 years,Support,2000
2000_ae5d67cfe579cdfc6a38ceec9f251095,2000_51c519f046fa06e93f97d03a995f82ad,T387,T376,Our imports are at an all-time record high,we are in trouble,Support,2000
2000_d47400fad7508ee261dfea707d1eeba3,2000_ae5d67cfe579cdfc6a38ceec9f251095,T389,T387,In June we imported almost 12 million barrels of oil a day,Our imports are at an all-time record high,Support,2000
2000_50396a15d81a1fef37032c57b6de7709,2000_ae5d67cfe579cdfc6a38ceec9f251095,T390,T387,we are more subject to the wide fluctuations and swings in price,Our imports are at an all-time record high,Support,2000
2000_f32cdc5bf61089629fdb1def37d58559,2000_51c519f046fa06e93f97d03a995f82ad,T388,T376,We don't have refinery capacity,we are in trouble,Support,2000
2000_a9de89925ab37bb70c64dff740ae9405,2000_f32cdc5bf61089629fdb1def37d58559,T391,T388,We haven't built a new refinery in this country for over ten years,We don't have refinery capacity,Support,2000
2000_ec11d117248432efc41418b60081a7ee,2000_a9de89925ab37bb70c64dff740ae9405,T2,T391,They're operating at 96% or 97% capacity,We haven't built a new refinery in this country for over ten years,Support,2000
2000_66b6dd0462a30482fbfb4bfb136e60da,2000_be31e5982e41babf4ee85e1dc3d0f255,T392,T3,they're probably not going to be able to do very much by way of producing additional home heating oil for this winter,Even with more crude available,Attack,2000
2000_66b6dd0462a30482fbfb4bfb136e60da,2000_f32cdc5bf61089629fdb1def37d58559,T392,T388,they're probably not going to be able to do very much by way of producing additional home heating oil for this winter,We don't have refinery capacity,Support,2000
2000_c6f40d60ac04639f18edc5dc009caf22,2000_66b6dd0462a30482fbfb4bfb136e60da,T393,T392,We have a growing problem with our growing dependence on foreign sources of energy,they're probably not going to be able to do very much by way of producing additional home heating oil for this winter,Support,2000
2000_2a7aeac86867330bf6ce4ba304ff6f9b,2000_f56d56bbe3e1d9b9b041eaa6a74f066b,T400,T399,we ought to be able to shift the trend and begin to move it in the right direction,That will allways be the case,Attack,2000
2000_c0143bb85f46f31191a5e6e266c6bf1d,2000_2a7aeac86867330bf6ce4ba304ff6f9b,T401,T400,We need to do a lot more about generating the capacity for power here at home,we ought to be able to shift the trend and begin to move it in the right direction,Support,2000
2000_7b394d41fe203421e52abe514a37b960,2000_2a7aeac86867330bf6ce4ba304ff6f9b,T402,T400,We need to get on with the business,we ought to be able to shift the trend and begin to move it in the right direction,Support,2000
2000_8a41eba69fc771ab235b171cf30ea09a,2000_a69bd6b60cfd1c0d689577177ee628d4,T398,T403,We don't think we ought to buy into this false choice that somehow we cannot develop energy resources without being cautious with the environment,we think we can do it very safely in an environmentally sound manner,Support,2000
2000_6dc8ee8d506745ce849cf5e538dc439b,2000_a69bd6b60cfd1c0d689577177ee628d4,T394,T403,We have the technology to do it and we ought to do it,we think we can do it very safely in an environmentally sound manner,Support,2000
2000_ad92dcb3b245d551dee65afabdf3b649,2000_a69bd6b60cfd1c0d689577177ee628d4,T397,T403,We do support the low income energy assistance program,we think we can do it very safely in an environmentally sound manner,Support,2000
2000_5027ef61aa38c9627718524d7057bca9,2000_a69bd6b60cfd1c0d689577177ee628d4,T378,T403,We think it's important that senior citizens don't suffer this winter,we think we can do it very safely in an environmentally sound manner,Support,2000
2000_1cbe3432bda587da42cd2e720e1c3bbd,2000_6c7bcb903bc7561a34e68b0d80da5e53,T395,T396,we need to get on to the business of having a plan to develop our domestic energy resources in producing more supplies,this administration hasn't produced them,Attack,2000
2000_1cbe3432bda587da42cd2e720e1c3bbd,2000_a69bd6b60cfd1c0d689577177ee628d4,T395,T403,we need to get on to the business of having a plan to develop our domestic energy resources in producing more supplies,we think we can do it very safely in an environmentally sound manner,Support,2000
2000_071316bc4488e47935e0509acbb58ad5,2000_41fdf2e3337bb9c5833707b36b8930c0,T405,T404,"The Wyoming wilderness bill, frankly was one of my proudest achievements as a member of Congress",I think we have to make choices,Support,2000
2000_df5b6a3658c3e4aba32cf0f75a815a74,2000_071316bc4488e47935e0509acbb58ad5,T6,T405,"I worked on that with my good friend Al Simpson for about four years. We set aside a part of Wyoming, nearly a million acres of wilderness that ought to be separate and not be developed","The Wyoming wilderness bill, frankly was one of my proudest achievements as a member of Congress",Support,2000
2000_c839347c8291459a0ab6d7695b97e461,2000_071316bc4488e47935e0509acbb58ad5,T406,T405,We think that was important,"The Wyoming wilderness bill, frankly was one of my proudest achievements as a member of Congress",Support,2000
2000_1c06fa0353bb7b5399c3a34fd3f72e4c,2000_bffac58b86631755dc986a3db87131fc,T408,T407,we support the moratorium on drilling off the coast of California,There are a lot of areas around the country where Governor Bush and I support restraint,Support,2000
2000_b85c280fa09c048cd84d62695ffa82ae,2000_cc444796cc045fd872a525016cdeafc2,T410,T409,The Arctic National Wildlife Reserve is one of them,there are places where we think we ought to go forward and develop those resources,Support,2000
2000_a175ceac9290e036f58a8af408d48180,2000_cc444796cc045fd872a525016cdeafc2,T418,T409,The infrastructure is there to be able to deliver that product to market,there are places where we think we ought to go forward and develop those resources,Support,2000
2000_bffac58b86631755dc986a3db87131fc,2000_f9ad61ea219045dcf6b379023b21de4f,T407,T415,There are a lot of areas around the country where Governor Bush and I support restraint,what we're looking for with respect to environmental policy and energy policy is balance,Support,2000
2000_22b2daeeb0482eb29f388c6d66d3641d,2000_a175ceac9290e036f58a8af408d48180,T414,T418,"We think we can do it given today's technology in a way that will not damage the environment, will not permanently marr the countryside at all",The infrastructure is there to be able to deliver that product to market,Support,2000
2000_cc444796cc045fd872a525016cdeafc2,2000_f9ad61ea219045dcf6b379023b21de4f,T409,T415,there are places where we think we ought to go forward and develop those resources,what we're looking for with respect to environmental policy and energy policy is balance,Support,2000
2000_b80198178ff9696403c182d5d9f96622,2000_f9ad61ea219045dcf6b379023b21de4f,T416,T415,We do have to make choices,what we're looking for with respect to environmental policy and energy policy is balance,Support,2000
2000_a2f7433d6fe1d56972b3addfcbb657dc,2000_f9ad61ea219045dcf6b379023b21de4f,T417,T415,we recognize that,what we're looking for with respect to environmental policy and energy policy is balance,Support,2000
2000_54392a77d2ca1718220f04314b7f0e29,2000_52be36b0f788292af798104de368505f,T419,T420,we are trying to pursue a balanced approach,the suggestion that somehow all we care about is energy development isn't true,Support,2000
2000_ccc6ade0838a3d9fcb010a5560d8c64f,2000_c97ed95db74318eecbaab85fe08a106b,T422,T421,we're going to find ourselves ever more dependent on foreign sources,we do have to get on with developing those resources,Support,2000
2000_f9ad61ea219045dcf6b379023b21de4f,2000_52be36b0f788292af798104de368505f,T415,T420,what we're looking for with respect to environmental policy and energy policy is balance,the suggestion that somehow all we care about is energy development isn't true,Support,2000
2000_c97ed95db74318eecbaab85fe08a106b,2000_52be36b0f788292af798104de368505f,T421,T420,we do have to get on with developing those resources,the suggestion that somehow all we care about is energy development isn't true,Support,2000
2000_17700e11155e9d4fdf6c246db617e6be,2000_c97ed95db74318eecbaab85fe08a106b,T423,T421,We're going to find that the fact that we don't have an energy policy out there is one of the major storm clouds on the horizon for our economy,we do have to get on with developing those resources,Support,2000
2000_2a31608a8a6f9c10e0dc2d45f880970a,2000_a179006a8f2839c3e6e7f983d4d75faf,T412,T411,it's the possibility that we might find ourselves without adequate supplies of energy in the future,"I think if you look for something that could develop, some problem that could arise, that might, in fact, jeopardize our continuing prosperity",Support,2000
2000_a179006a8f2839c3e6e7f983d4d75faf,2000_c97ed95db74318eecbaab85fe08a106b,T411,T421,"I think if you look for something that could develop, some problem that could arise, that might, in fact, jeopardize our continuing prosperity",we do have to get on with developing those resources,Support,2000
2000_9773ee52303de2de4489dd9df7761219,2000_2a31608a8a6f9c10e0dc2d45f880970a,T413,T412,there would be no quicker way to shut down our economy than that,it's the possibility that we might find ourselves without adequate supplies of energy in the future,Support,2000
2000_eaccb40fd4b51c1fe7935f6290c72d79,2000_f72aad35e7277b7c63c5d8672adcfcd5,T428,T426,"if we remain dependent on a source of energy that is outside our control, we're not going to be as strong as we should be",we agree on the problem,Support,2000
2000_eaccb40fd4b51c1fe7935f6290c72d79,2000_11724d40fc01bc490491036a3a640252,T428,T429,"if we remain dependent on a source of energy that is outside our control, we're not going to be as strong as we should be",No matter how strong we are economically,Attack,2000
2000_f72aad35e7277b7c63c5d8672adcfcd5,2000_17700e11155e9d4fdf6c246db617e6be,T426,T423,we agree on the problem,We're going to find that the fact that we don't have an energy policy out there is one of the major storm clouds on the horizon for our economy,Support,2000
2000_d4c2a01b78919d3f9ac71f8a6e0ca7cd,2000_eaccb40fd4b51c1fe7935f6290c72d79,T430,T428,Others around the world can effectively yank our chain,"if we remain dependent on a source of energy that is outside our control, we're not going to be as strong as we should be",Support,2000
2000_287ac93dfcea155f7ebea17b9e687d4f,2000_eaccb40fd4b51c1fe7935f6290c72d79,T431,T428,we cannot allow that to continue to happen,"if we remain dependent on a source of energy that is outside our control, we're not going to be as strong as we should be",Support,2000
2000_f8fcca5ce540aec8edc8c551f3fb94e1,2000_9db1b1327249a927f5070de0f3586778,T432,T433,I'm afraid that our opponent's response to this is one-sided,it is essentially to develop the resources within the United States almost regardless of where,Support,2000
2000_9db1b1327249a927f5070de0f3586778,2000_52be36b0f788292af798104de368505f,T433,T420,it is essentially to develop the resources within the United States almost regardless of where,the suggestion that somehow all we care about is energy development isn't true,Attack,2000
2000_df90f67699a78f41bd03610f666d8897,2000_9db1b1327249a927f5070de0f3586778,T424,T433,I'm against drilling in the Arctic Refuge,it is essentially to develop the resources within the United States almost regardless of where,Support,2000
2000_df90f67699a78f41bd03610f666d8897,2000_b85c280fa09c048cd84d62695ffa82ae,T424,T410,I'm against drilling in the Arctic Refuge,The Arctic National Wildlife Reserve is one of them,Attack,2000
2000_b11ca75745fa96fe2d59bbc2e751aff7,2000_df90f67699a78f41bd03610f666d8897,T425,T424,"This is one of the most beautiful, pristine places that the good Lord has created on earth",I'm against drilling in the Arctic Refuge,Support,2000
2000_58807c4918c518f667e641ec547953fc,2000_df90f67699a78f41bd03610f666d8897,T8,T424,"It's not worth it to do that for what seems to be the possibility of six months' worth of oil, seven to 12 years from now",I'm against drilling in the Arctic Refuge,Support,2000
2000_e52f203a6317392683e44aaf56f11471,2000_df90f67699a78f41bd03610f666d8897,T7,T424,It happens to be within the United States of America,I'm against drilling in the Arctic Refuge,Support,2000
2000_340bd245afaa7234643260b8a48026ca,2000_58807c4918c518f667e641ec547953fc,T9,T8,That's not much of a response to the immediate problem that gasoline consumers and home heating oil customers are facing this winter,"It's not worth it to do that for what seems to be the possibility of six months' worth of oil, seven to 12 years from now",Support,2000
2000_f5aef10b53b6813485b11979b5f7687b,2000_df90f67699a78f41bd03610f666d8897,T434,T424,There are more resources within the United States that we can develop,I'm against drilling in the Arctic Refuge,Support,2000
2000_7392ce304e7bdff728173405c2eae7f4,2000_8d668ad2a9edc9f56eec4f655ea87a3f,T435,T436,In the last eight years drilling for gas on federal lands has gone up 60%,it's been done in an environmentally protected way,Support,2000
2000_1c51bb3a9ceac8e8007230301996a781,2000_e1fe75e09d3794a3e8808aca1cef93d9,T438,T437,new technology that will create millions of new jobs,The administration has encouraged the drilling for deep gas and oil going on in the western Gulf today,Support,2000
2000_8d668ad2a9edc9f56eec4f655ea87a3f,2000_e1fe75e09d3794a3e8808aca1cef93d9,T436,T437,it's been done in an environmentally protected way,The administration has encouraged the drilling for deep gas and oil going on in the western Gulf today,Support,2000
2000_f5aef10b53b6813485b11979b5f7687b,2000_e1fe75e09d3794a3e8808aca1cef93d9,T434,T437,There are more resources within the United States that we can develop,The administration has encouraged the drilling for deep gas and oil going on in the western Gulf today,Support,2000
2000_8deaaf9dd0b895d881c74b57be870ff8,2000_2abcf4c93e4d953f1cd9c2230b27c8f5,T440,T439,which is exactly what the refuge at its best in Alaska would produce,If we can get three miles more per gallon from our cars we'll get a -- we'll save 1 million barrels of oil a day,Support,2000
2000_d7be4048a35aabf3dccd71018a8ba164,2000_2abcf4c93e4d953f1cd9c2230b27c8f5,T441,T439,The choice to me is clear,If we can get three miles more per gallon from our cars we'll get a -- we'll save 1 million barrels of oil a day,Support,2000
2000_2abcf4c93e4d953f1cd9c2230b27c8f5,2000_0e681363fae5599844ecb7efa5cb6693,T439,T442,If we can get three miles more per gallon from our cars we'll get a -- we'll save 1 million barrels of oil a day,"We have to develop fuel cells, alternative energy, encourage people to conserve and to be efficient",Support,2000
2000_a20485d3afc932edf6bb41b0a8f1af0e,2000_f0ea63adefbf8a94ae1a8056e132b9b1,T159,T158,I would darn sure sign it,I wish I knew the law,Support,2000
2000_f0ea63adefbf8a94ae1a8056e132b9b1,2000_d4e29281f30d7e784c308c40251f724f,T158,T160,I wish I knew the law,I wish I knew the law that said all of us would be good parents,Support,2000
2000_d4e29281f30d7e784c308c40251f724f,2000_75cc1dc6023b8224a883cf4c88c50607,T160,T157,I wish I knew the law that said all of us would be good parents,it's hard to make people love one another,Support,2000
2000_5bace83657eaa8a47fc6b6f3f5f9afc4,2000_d549d9cc812506b4e751551e72c057d4,T165,T162,"I happened to believe strong accountability encourages parental involvement, though","I think when you measure and post results on the Internet or in the town newspapers, most parents say wait a minute, my child's school isn't doing what I want it to do and, therefore, become involved in education",Support,2000
2000_d549d9cc812506b4e751551e72c057d4,2000_c061a19580f900af2c4ead8326960ffd,T162,T163,"I think when you measure and post results on the Internet or in the town newspapers, most parents say wait a minute, my child's school isn't doing what I want it to do and, therefore, become involved in education",I recognize there are some who just don't seem to care,Attack,2000
2000_128e6794e1ed2ce99a88e8d26307ca38,2000_84f087bd822c0b037ae6133790004925,T167,T168,there are a lot of parents who feel like everything is going well in their child's school,"all of a sudden they wake up and realize that wait a minute, standards aren't being met",Support,2000
2000_37da0fb97f6247a32c87befe79c64ce5,2000_84f087bd822c0b037ae6133790004925,T164,T168,That's why I'm so strong for accountability,"all of a sudden they wake up and realize that wait a minute, standards aren't being met",Attack,2000
2000_e5b085d656c6e54c2a16110705225c79,2000_a9ab0c01ff5428fa659ff3625f528901,T176,T166,We do so in my state of Texas,"I believe we ought to measure a lot, three, four, five, six, seven, eighth grade",Support,2000
2000_a9ab0c01ff5428fa659ff3625f528901,2000_37da0fb97f6247a32c87befe79c64ce5,T166,T164,"I believe we ought to measure a lot, three, four, five, six, seven, eighth grade",That's why I'm so strong for accountability,Support,2000
2000_75cc1dc6023b8224a883cf4c88c50607,2000_49d19184371134d2556dc0e7d49fc036,T157,T161,it's hard to make people love one another,"One of the things the next president must do is to remind people that if we are going to have a responsible period in America, that each of us must love our children with all our heart and all our soul",Support,2000
2000_f23c011360a50b3909dfd9843326ad98,2000_286b998004ffb1b80a72e0a6013660a7,T178,T177,you can't cure unless you know,One of the good things we've gone in Texas is we have strong accountability,Support,2000
2000_37da0fb97f6247a32c87befe79c64ce5,2000_286b998004ffb1b80a72e0a6013660a7,T164,T177,That's why I'm so strong for accountability,One of the good things we've gone in Texas is we have strong accountability,Support,2000
2000_3ea43178789ffff30fdb283c5039a67b,2000_f23c011360a50b3909dfd9843326ad98,T179,T178,You can't solve a problem unless you diagnose it,you can't cure unless you know,Support,2000
2000_ebced85439432c6f1f85c056c1b621e5,2000_f826430154df4298da58b91a05d19e2a,T180,T174,I strongly believe that one of the best things to encourage parental involvement also is to know that the classrooms will be safe and secure,That's why I support a teacher liability act at the federal level,Support,2000
2000_8dea065a8a2b5addeef1cacac4645c89,2000_f826430154df4298da58b91a05d19e2a,T175,T174,that says if a teacher or principal upholds reasonable standards of classroom discipline they can't be sued,That's why I support a teacher liability act at the federal level,Support,2000
2000_91f2746242ee5b8942bed434754bcd04,2000_8dea065a8a2b5addeef1cacac4645c89,T169,T175,They can't be sued,that says if a teacher or principal upholds reasonable standards of classroom discipline they can't be sued,Support,2000
2000_ebced85439432c6f1f85c056c1b621e5,2000_da6e776f692bb7a5b165b9a94b1778c5,T180,T173,I strongly believe that one of the best things to encourage parental involvement also is to know that the classrooms will be safe and secure,I think parents will be more involved with education when they know their children's classrooms are safe and secure as well,Support,2000
2000_02f12ad8a650dbc18d6b24dd9cef8511,2000_9414334ec793abb85410d7b36059d09a,T171,T172,"Instead of just comes the soft bigotry of low expectations, that there has to be a consequence","I also believe that we need to say to people that if you cannot meet standards, there has to be a consequence",Support,2000
2000_eb913224633dcc6d83be4cf48c2ff28c,2000_9414334ec793abb85410d7b36059d09a,T170,T172,We can't continue to shuffle children through school,"I also believe that we need to say to people that if you cannot meet standards, there has to be a consequence",Attack,2000
2000_eb913224633dcc6d83be4cf48c2ff28c,2000_4a02bf2c95d7b4d316a5584afd7b83d8,T170,T181,We can't continue to shuffle children through school,one of the consequences to allow parents to have different choices,Support,2000
2000_5d87b393c461ee15e21f0c69952a65bc,2000_4a02bf2c95d7b4d316a5584afd7b83d8,T3,T181,We have huge difference between us on this question,one of the consequences to allow parents to have different choices,Attack,2000
2000_038ff813b1ffadba72a5398f2dd1e6e9,2000_1b1cfe31ddd8733c5a397f3a226818e9,T201,T198,"I see a day in the United States of America where all of our public schools are considered excellent, world class",Where there are no failing schools,Support,2000
2000_1b1cfe31ddd8733c5a397f3a226818e9,2000_0592d2d630a618ec8f8744813f824b5c,T198,T199,Where there are no failing schools,"where the classrooms are small enough in size, number of students",Support,2000
2000_0592d2d630a618ec8f8744813f824b5c,2000_88bd5dccd24eadb132aa3d1d7f05814e,T199,T197,"where the classrooms are small enough in size, number of students",the teacher can spend enough one-on-one time with each student,Support,2000
2000_8e2b288dcb042b41f89aec10ffb53ba2,2000_5998bdc30e4fb8c826ecc8f6545fd56e,T200,T196,Now that means recruiting new teachers for the public schools,"It means in my plan hiring bonuses to get 100,000 new teachers in the public schools within the next four years",Support,2000
2000_5998bdc30e4fb8c826ecc8f6545fd56e,2000_86940f07d1c52583c335e3c617b8e800,T196,T194,"It means in my plan hiring bonuses to get 100,000 new teachers in the public schools within the next four years","It means also helping local school districts that sometimes find the parents of school age children outvoted on bond issues, to give them some help with interest-free bonding authority",Support,2000
2000_86940f07d1c52583c335e3c617b8e800,2000_cade1c94a570de65b18ca9d7842d236f,T194,T195,"It means also helping local school districts that sometimes find the parents of school age children outvoted on bond issues, to give them some help with interest-free bonding authority",we can build new schools and modernize the classrooms,Support,2000
2000_88bd5dccd24eadb132aa3d1d7f05814e,2000_cade1c94a570de65b18ca9d7842d236f,T197,T195,the teacher can spend enough one-on-one time with each student,we can build new schools and modernize the classrooms,Support,2000
2000_a5959dd5be22b7f0871a754c833cd78d,2000_b3d449823c68a80f2bccecf6153648bb,T191,T192,"I want to give every middle-class family a $10,000 a year tax deduction for college tuition",middle-class families will always be able to send their kids on to college,Support,2000
2000_03db5ced625254c9081391000ad99972,2000_6b8d8bab0d827f11cdee66807e89fb1f,T190,T189,"we know from all the studies that the youngsters learn, kids learn more in the first few years of life than any where else",I want to work for universal free school,Support,2000
2000_cade1c94a570de65b18ca9d7842d236f,2000_6b00e5cbf35e1c7c9c3475a5f274bc5b,T195,T193,we can build new schools and modernize the classrooms,"We need to give teachers the training and professional development that they need, including a paid time off to go visit the classroom of a master teacher to pick up some new skills",Support,2000
2000_00e47367720742e2b56099c906c9706a,2000_5177d518deba45852acb71918125cbc2,T4,T187,I said there was a contrast,Governor Bush is for vouchers,Attack,2000
2000_5177d518deba45852acb71918125cbc2,2000_f3b45ceea5ce4f01c9c831de173ae1ff,T187,T188,Governor Bush is for vouchers,"in his plan he proposes to drain more money, more taxpayer money out of the public schools for private school vouchers than all of the money that he proposes in his entire budget for public schools themselves",Support,2000
2000_f3b45ceea5ce4f01c9c831de173ae1ff,2000_238596f74ec20af9e5b6566e4c978a61,T188,T185,"in his plan he proposes to drain more money, more taxpayer money out of the public schools for private school vouchers than all of the money that he proposes in his entire budget for public schools themselves",only one in 20 students would be eligible for these vouchers,Support,2000
2000_238596f74ec20af9e5b6566e4c978a61,2000_1bcb8d5352b5268f6aea32dfdd20a79e,T185,T186,only one in 20 students would be eligible for these vouchers,they wouldn't even pay the full tuition to private school,Support,2000
2000_fa44a37438ccc02b36d300a8624cae7f,2000_1bcb8d5352b5268f6aea32dfdd20a79e,T182,T186,I think that's a mistake,they wouldn't even pay the full tuition to private school,Attack,2000
2000_fa44a37438ccc02b36d300a8624cae7f,2000_5177d518deba45852acb71918125cbc2,T182,T187,I think that's a mistake,Governor Bush is for vouchers,Attack,2000
2000_3cddf182c6b837082eb5248844030720,2000_fa44a37438ccc02b36d300a8624cae7f,T184,T182,I don't think we should give up on the private schools and leave kids trapped in failing schools,I think that's a mistake,Support,2000
2000_3cddf182c6b837082eb5248844030720,2000_f3b45ceea5ce4f01c9c831de173ae1ff,T184,T188,I don't think we should give up on the private schools and leave kids trapped in failing schools,"in his plan he proposes to drain more money, more taxpayer money out of the public schools for private school vouchers than all of the money that he proposes in his entire budget for public schools themselves",Attack,2000
2000_a0e55f7f2250dbdd8898b4577f340885,2000_3cddf182c6b837082eb5248844030720,T183,T184,"I think we should make it the number one priority to make our schools the best in the world, all of them",I don't think we should give up on the private schools and leave kids trapped in failing schools,Attack,2000
2000_cade1c94a570de65b18ca9d7842d236f,2000_a0e55f7f2250dbdd8898b4577f340885,T195,T183,we can build new schools and modernize the classrooms,"I think we should make it the number one priority to make our schools the best in the world, all of them",Support,2000
2000_6b00e5cbf35e1c7c9c3475a5f274bc5b,2000_a0e55f7f2250dbdd8898b4577f340885,T193,T183,"We need to give teachers the training and professional development that they need, including a paid time off to go visit the classroom of a master teacher to pick up some new skills","I think we should make it the number one priority to make our schools the best in the world, all of them",Support,2000
2000_142119bd0387e1faeab799fa74c07957,2000_9019fc1d91b06c0cf433387aa2e61981,T202,T203,I strongly believe in local control of schools,I don't like it when the federal government tells us what to do,Support,2000
2000_457befc7ae4023fe816e344c311e675d,2000_142119bd0387e1faeab799fa74c07957,T204,T202,I believe in local control of schools,I strongly believe in local control of schools,Support,2000
2000_64833e9fd8ed0b7ec56775631652dfb3,2000_202f3fbf2e1d6411f4ec88aa6b603fa4,T208,T207,we spend federal money on disadvantaged children,we want the schools to show us whether or not the children are learning,Support,2000
2000_35a513f701092a273143b97fb171fd40,2000_202f3fbf2e1d6411f4ec88aa6b603fa4,T205,T207,What's unreasonable about that,we want the schools to show us whether or not the children are learning,Attack,2000
2000_7131cefe2467973b65c049c41a6787ff,2000_cc458b3b95c2805cfdf0326a1e92989e,T210,T209,We expect there to be standards met,we expect there to be measurement,Support,2000
2000_cc458b3b95c2805cfdf0326a1e92989e,2000_c0202860c10e560ad811e3b00c2c1614,T209,T211,we expect there to be measurement,if we find success we'll praise it,Support,2000
2000_202f3fbf2e1d6411f4ec88aa6b603fa4,2000_c0202860c10e560ad811e3b00c2c1614,T207,T211,we want the schools to show us whether or not the children are learning,if we find success we'll praise it,Support,2000
2000_c0202860c10e560ad811e3b00c2c1614,2000_224ef2f5da64a7235f07bb5ce2bcfef6,T211,T213,if we find success we'll praise it,"when we find children trapped in schools that will not change and will not teach, instead of saying oh, this is okay in America just to shuffle poor kids through schools",Attack,2000
2000_ac3c4c3f6e28f8423e8714969181c562,2000_224ef2f5da64a7235f07bb5ce2bcfef6,T1,T213,there has to be a consequence,"when we find children trapped in schools that will not change and will not teach, instead of saying oh, this is okay in America just to shuffle poor kids through schools",Attack,2000
2000_ac3c4c3f6e28f8423e8714969181c562,2000_cea72e5632ddd9b2b0664bac696005f8,T1,T215,there has to be a consequence,the consequence is that federal portion or federal money will go to the parent,Support,2000
2000_d58a1d0784e23008cf73800ca897f417,2000_cea72e5632ddd9b2b0664bac696005f8,T214,T215,the parent can go to a tutoring program or another public school or another private school,the consequence is that federal portion or federal money will go to the parent,Support,2000
2000_c2c24b18149e2258d16bec7ed7e46006,2000_ac3c4c3f6e28f8423e8714969181c562,T2,T1,there has to be a consequence,there has to be a consequence,Support,2000
2000_c2c24b18149e2258d16bec7ed7e46006,2000_d58a1d0784e23008cf73800ca897f417,T2,T214,there has to be a consequence,the parent can go to a tutoring program or another public school or another private school,Support,2000
2000_bc09030cea35bfbac858c926d0e79fbe,2000_cedd617871150b59ccd23c595fc245e4,T219,T220,the program that he's proposing is not the one that he just described,"Described under your plan, Governor Bush, states would be required to pay vouchers to students to match the vouchers so that the federal government would put up",Attack,2000
2000_bc09030cea35bfbac858c926d0e79fbe,2000_d58a1d0784e23008cf73800ca897f417,T219,T214,the program that he's proposing is not the one that he just described,the parent can go to a tutoring program or another public school or another private school,Attack,2000
2000_1e903ba11445ca115a081c961aaaeb15,2000_cedd617871150b59ccd23c595fc245e4,T221,T220,"if a school was designated as failing, the kids would be trapped there for another three years and then some of them would get federal vouchers and the state would be forced to match those, that money","Described under your plan, Governor Bush, states would be required to pay vouchers to students to match the vouchers so that the federal government would put up",Support,2000
2000_881426889e47a26a7e5f9005eab48027,2000_1e903ba11445ca115a081c961aaaeb15,T218,T221,"Under my plan, if a school is failing, we work with the states to give them the authority and the resources to close down that school and reopen it right away with a new principal, a new faculty, a turn-around team of specialists who know what they're doing","if a school was designated as failing, the kids would be trapped there for another three years and then some of them would get federal vouchers and the state would be forced to match those, that money",Attack,2000
2000_755e6ea82bd6e4652b8199d992166fb8,2000_a9b2fa99301af97fa7f2f2b88a7bb5cb,T217,T216,It's based on the plan of Governor Jim Hunt in North Carolina,it works great,Support,2000
2000_a9b2fa99301af97fa7f2f2b88a7bb5cb,2000_881426889e47a26a7e5f9005eab48027,T216,T218,it works great,"Under my plan, if a school is failing, we work with the states to give them the authority and the resources to close down that school and reopen it right away with a new principal, a new faculty, a turn-around team of specialists who know what they're doing",Support,2000
2000_e382423af754da9f86671ed83ed7a6eb,2000_84d5a85f5915518cca78ca0480d1629f,T225,T224,"If I thought that there was no alternative, then I might feel differently",I have an obligation to fight to make sure there are no failing schools,Support,2000
2000_b7a933ef2be1d4831a3402502bd5bdd8,2000_a9b92c3da522ba5b539700368a8602d5,T223,T222,most schools are excellent,we have to make sure that all of them are,Support,2000
2000_a9b92c3da522ba5b539700368a8602d5,2000_84d5a85f5915518cca78ca0480d1629f,T222,T224,we have to make sure that all of them are,I have an obligation to fight to make sure there are no failing schools,Support,2000
2000_84d5a85f5915518cca78ca0480d1629f,2000_cedd617871150b59ccd23c595fc245e4,T224,T220,I have an obligation to fight to make sure there are no failing schools,"Described under your plan, Governor Bush, states would be required to pay vouchers to students to match the vouchers so that the federal government would put up",Attack,2000
2000_ad4d499204f320e4babe94d259aa6024,2000_2152d98b6a7d81f77c2e5d827085d8dc,T1,T344,I've been a leader,I've been a person who has to set a clear vision and convince people to follow,Support,2000
2000_eae700ba592a9e606f8b581de31608fd,2000_bd8edf82d3c16ed9293b8c3c22085b11,T346,T345,I applaud the president for working hard to diffuse tensions,our nation now needs to speak with one voice during this time,Support,2000
2000_bd8edf82d3c16ed9293b8c3c22085b11,2000_9980def4c53ff713765e14c9600a1b83,T345,T341,our nation now needs to speak with one voice during this time,"When we say we're somebody's friend, everybody has got to believe it",Support,2000
2000_a63bd5d3b06b8f9b4feae012c7fbf8f7,2000_e3ff5206a6a233c40e3ca8651935549c,T348,T347,Israel is our friend,we'll stand by Israel,Support,2000
2000_e3ff5206a6a233c40e3ca8651935549c,2000_9980def4c53ff713765e14c9600a1b83,T347,T341,we'll stand by Israel,"When we say we're somebody's friend, everybody has got to believe it",Support,2000
2000_3da173fe4f1bf60c0fd86ec5299446b7,2000_2152d98b6a7d81f77c2e5d827085d8dc,T343,T344,I've got a strategy for the Middle East,I've been a person who has to set a clear vision and convince people to follow,Support,2000
2000_9980def4c53ff713765e14c9600a1b83,2000_2152d98b6a7d81f77c2e5d827085d8dc,T341,T344,"When we say we're somebody's friend, everybody has got to believe it",I've been a person who has to set a clear vision and convince people to follow,Support,2000
2000_1b8d3028fff5b3ee875ce2015345830e,2000_2152d98b6a7d81f77c2e5d827085d8dc,T340,T344,We need to reach out to moderate Arab nations as well to build coalitions to keep the peace,I've been a person who has to set a clear vision and convince people to follow,Support,2000
2000_e3ff5206a6a233c40e3ca8651935549c,2000_3da173fe4f1bf60c0fd86ec5299446b7,T347,T343,we'll stand by Israel,I've got a strategy for the Middle East,Support,2000
2000_1b8d3028fff5b3ee875ce2015345830e,2000_3da173fe4f1bf60c0fd86ec5299446b7,T340,T343,We need to reach out to moderate Arab nations as well to build coalitions to keep the peace,I've got a strategy for the Middle East,Support,2000
2000_bd1923814db50406675d194e31a09cb1,2000_0a65bec83a1ffbbd1dcedab44146a8a0,T339,T333,the next leader needs to be patient,We can't put the Middle East peace process on our timetable,Support,2000
2000_0a65bec83a1ffbbd1dcedab44146a8a0,2000_d0ee25d24e10cec388ef29415b48268f,T333,T338,We can't put the Middle East peace process on our timetable,It's got to be on the timetable of the people that we're trying to bring to the peace table,Attack,2000
2000_8fa1a6103a92b61904cb92ab25c84405,2000_bd1923814db50406675d194e31a09cb1,T337,T339,"We can't dictate the terms of peace, which means that you have to be steady",the next leader needs to be patient,Support,2000
2000_2070a46f13181ef981e05f8b6fb2124a,2000_536c1a88ac5b0bde29f13c851b399039,T334,T335,That's what a leader does,You've got to have a clear vision,Support,2000
2000_536c1a88ac5b0bde29f13c851b399039,2000_c312f8a1a1b608a5336b638471b1d274,T335,T336,You've got to have a clear vision,You can't worry about polls or focus groups,Attack,2000
2000_2152d98b6a7d81f77c2e5d827085d8dc,2000_536c1a88ac5b0bde29f13c851b399039,T344,T335,I've been a person who has to set a clear vision and convince people to follow,You've got to have a clear vision,Support,2000
2000_3da173fe4f1bf60c0fd86ec5299446b7,2000_536c1a88ac5b0bde29f13c851b399039,T343,T335,I've got a strategy for the Middle East,You've got to have a clear vision,Support,2000
2000_9980def4c53ff713765e14c9600a1b83,2000_1d2f5d41a796cad05b6ba450cdc2f9f5,T341,T342,"When we say we're somebody's friend, everybody has got to believe it",Our nation needs to be credible and strong,Support,2000
2000_bd8edf82d3c16ed9293b8c3c22085b11,2000_1d2f5d41a796cad05b6ba450cdc2f9f5,T345,T342,our nation now needs to speak with one voice during this time,Our nation needs to be credible and strong,Support,2000
2000_1d2f5d41a796cad05b6ba450cdc2f9f5,2000_2152d98b6a7d81f77c2e5d827085d8dc,T342,T344,Our nation needs to be credible and strong,I've been a person who has to set a clear vision and convince people to follow,Support,2000
2000_1d2f5d41a796cad05b6ba450cdc2f9f5,2000_536c1a88ac5b0bde29f13c851b399039,T342,T335,Our nation needs to be credible and strong,You've got to have a clear vision,Support,2000
2000_8fa1a6103a92b61904cb92ab25c84405,2000_0a65bec83a1ffbbd1dcedab44146a8a0,T337,T333,"We can't dictate the terms of peace, which means that you have to be steady",We can't put the Middle East peace process on our timetable,Attack,2000
2000_5348dbe9c2d48addee066edc983e4146,2000_38367f71d73a913fa567c5291c7bba0b,T351,T350,Saddam Hussein still is a threat in the Middle East,Our coalition against Saddam is unraveling,Support,2000
2000_053d53eb475af86fd70d0f77df5760c1,2000_38367f71d73a913fa567c5291c7bba0b,T352,T350,Sanctions are loosened,Our coalition against Saddam is unraveling,Support,2000
2000_0f936d4605ebb95619d1732b1ca18c26,2000_38367f71d73a913fa567c5291c7bba0b,T349,T350,A leader also understands that the United States must be strong to keep the peace,Our coalition against Saddam is unraveling,Attack,2000
2000_7cd89de5e35700c1aa0256f3d0b653b9,2000_ae554813f7f0c72ad53379e72d7532dd,T354,T353,inspectors aren't in,"The man who may be developing weapons of mass destruction, we don't know",Support,2000
2000_ae554813f7f0c72ad53379e72d7532dd,2000_5348dbe9c2d48addee066edc983e4146,T353,T351,"The man who may be developing weapons of mass destruction, we don't know",Saddam Hussein still is a threat in the Middle East,Support,2000
2000_0f5a3086c304b4ae11e92cba3ca4dfb7,2000_e565bf4c3bf55a07b7b44016218dd08c,T356,T355,we mean it,"it requires a clear vision, a willingness to stand by our friends, and the credibility for people both friend and foe to understand when America says something",Support,2000
2000_536c1a88ac5b0bde29f13c851b399039,2000_e565bf4c3bf55a07b7b44016218dd08c,T335,T355,You've got to have a clear vision,"it requires a clear vision, a willingness to stand by our friends, and the credibility for people both friend and foe to understand when America says something",Support,2000
2000_0f936d4605ebb95619d1732b1ca18c26,2000_e565bf4c3bf55a07b7b44016218dd08c,T349,T355,A leader also understands that the United States must be strong to keep the peace,"it requires a clear vision, a willingness to stand by our friends, and the credibility for people both friend and foe to understand when America says something",Support,2000
2000_bd1923814db50406675d194e31a09cb1,2000_e565bf4c3bf55a07b7b44016218dd08c,T339,T355,the next leader needs to be patient,"it requires a clear vision, a willingness to stand by our friends, and the credibility for people both friend and foe to understand when America says something",Support,2000
2000_9980def4c53ff713765e14c9600a1b83,2000_e565bf4c3bf55a07b7b44016218dd08c,T341,T355,"When we say we're somebody's friend, everybody has got to believe it","it requires a clear vision, a willingness to stand by our friends, and the credibility for people both friend and foe to understand when America says something",Support,2000
2000_1d2f5d41a796cad05b6ba450cdc2f9f5,2000_e565bf4c3bf55a07b7b44016218dd08c,T342,T355,Our nation needs to be credible and strong,"it requires a clear vision, a willingness to stand by our friends, and the credibility for people both friend and foe to understand when America says something",Support,2000
2000_7b2b7eda4f27c0f5278933050b948e0d,2000_da7e7767e05d5c047d20c27424c55151,T359,T360,Even in Iran they have had an election that began to bring about some change,"I see a future when the world is at peace, with the United States of America promoting the values of democracy and human rights and freedom all around the world",Support,2000
2000_5a95c5f5fa5c3298cf5652e53be957b8,2000_7b2b7eda4f27c0f5278933050b948e0d,T357,T359,We stand for those values,Even in Iran they have had an election that began to bring about some change,Support,2000
2000_5a95c5f5fa5c3298cf5652e53be957b8,2000_da7e7767e05d5c047d20c27424c55151,T357,T360,We stand for those values,"I see a future when the world is at peace, with the United States of America promoting the values of democracy and human rights and freedom all around the world",Support,2000
2000_460d08356a466ccb216bbbf27bc36e51,2000_5a95c5f5fa5c3298cf5652e53be957b8,T358,T357,we have to be willing to assert them,We stand for those values,Support,2000
2000_bcc587a5ee5b81299ace13fc60230a86,2000_8438f3128e4d8665741cd32e5b32e2c6,T362,T361,I pledge to you I will do whatever is necessary to make sure that it stays that way,Right now our military is the strongest in the entire history of the world,Support,2000
2000_f19f9dce18545b7393b3dfcd2f56bb1b,2000_74fc13c1bfc318ba1cf67fcfa526c36b,T2,T3,"When I was a young man, my father was a senator opposed to the Vietnam War.","When I graduated from college, there were plenty of fancy ways to get out of going and being a part of that",Support,2000
2000_74fc13c1bfc318ba1cf67fcfa526c36b,2000_8bcfff98917f88108231a58d5ece5f76,T3,T4,"When I graduated from college, there were plenty of fancy ways to get out of going and being a part of that","I went and I volunteered, and I went to Vietnam",Support,2000
2000_8bcfff98917f88108231a58d5ece5f76,2000_28421c2d771788b8505fd47346552a1c,T4,T365,"I went and I volunteered, and I went to Vietnam",I didn't do the most or run the greatest risk by a long shot,Support,2000
2000_28421c2d771788b8505fd47346552a1c,2000_982d5bc3f582543de2cfaaae26dcba2f,T365,T364,I didn't do the most or run the greatest risk by a long shot,I learned what it was like to be an enlisted man in the United States Army,Support,2000
2000_4155e9ea8a151e92f20ec857a9cb89db,2000_ebd28a62c8ad399e0bcd62d78a2bf734,T367,T366,"In the Congress, in the House of Representatives, I served on the House Intelligence Committee",I worked hard to learn the subject of nuclear arms control and how we can diffuse these tensions and deal with non-proliferation and deal with the problems of terrorism and these new weapons of mass destruction,Support,2000
2000_df2321d763ef57b6885183027736ab72,2000_b8633eac4016ec8e4b87fa4e704e5904,T5,T6,"When I went to the United States Senate, I asked for an assignment to the Armed Services Committee.","And while I was there I worked on a bipartisan basis, as I did in the House, I worked with former President Reagan on the modernization of our strategic weaponry",Support,2000
2000_b8633eac4016ec8e4b87fa4e704e5904,2000_ee4461defffdc6cbf911ba2f9cdf39fc,T6,T368,"And while I was there I worked on a bipartisan basis, as I did in the House, I worked with former President Reagan on the modernization of our strategic weaponry",I've worked on that long and hard,Support,2000
2000_7b357151638921b52fb175032588f527,2000_ee4461defffdc6cbf911ba2f9cdf39fc,T369,T368,"In the Senate I was one of only ten Democrats, along with Senator Joe Lieberman, to support Governor Bush's dad in the Persian Gulf War Resolution",I've worked on that long and hard,Support,2000
2000_69c049743cc1e5af816eb74bdf0c7068,2000_ee4461defffdc6cbf911ba2f9cdf39fc,T370,T368,for the last eight years I've served on the National Security Council,I've worked on that long and hard,Support,2000
2000_ebd28a62c8ad399e0bcd62d78a2bf734,2000_61f6afee96124e91a972b1be866338a6,T366,T363,I worked hard to learn the subject of nuclear arms control and how we can diffuse these tensions and deal with non-proliferation and deal with the problems of terrorism and these new weapons of mass destruction,we're gonna face some serious new challenges in the next four years,Attack,2000
2000_6ce33b09a1519d5f97c949695f160225,2000_ea7340a59db2e8e0c757c9c10d547ab7,T1,T385,for the last eight years I've been on the National Security Council,"I suspended campaigning for two days, or parts of two days, to go back and participate in the meetings that charted the President's summit meeting that he just returned from earlier today",Support,2000
2000_ea7340a59db2e8e0c757c9c10d547ab7,2000_c4ce80997884a8823af5a83a34acb8ba,T385,T384,"I suspended campaigning for two days, or parts of two days, to go back and participate in the meetings that charted the President's summit meeting that he just returned from earlier today",our country's team over there did a great job,Support,2000
2000_e8cfcf2f0b1bd694b2b3ad13bd3cfe1a,2000_e867110ec0b9ffa0c5244e6b542ab14e,T382,T383,The United States has to be strong in order to make sure that we can help promote peace and security and stability,It's a difficult situation,Attack,2000
2000_f7405d3cd32505ead37e060ad083a74e,2000_e8cfcf2f0b1bd694b2b3ad13bd3cfe1a,T386,T382,that means keeping our military strong,The United States has to be strong in order to make sure that we can help promote peace and security and stability,Support,2000
2000_a83189f0983401017f51c646aa587cbb,2000_f7405d3cd32505ead37e060ad083a74e,T387,T386,we need to continue improving readiness and making sure that our military personnel are adequately paid and that the combination of their pay and their benefits and their retirement as veterans is comparable to the stiff competition that's coming in this strong economy from the private sector,that means keeping our military strong,Support,2000
2000_5ce25e024f57758bcc2c0fbf5a6aae93,2000_2f97633400d7791b40c5def28fd6a892,T381,T380,I have supported the largest pay raise in many a year,I support another one now,Support,2000
2000_2f97633400d7791b40c5def28fd6a892,2000_f7405d3cd32505ead37e060ad083a74e,T380,T386,I support another one now,that means keeping our military strong,Support,2000
2000_8da567bb4aeb52c6922141b1cec3d18c,2000_f7405d3cd32505ead37e060ad083a74e,T379,T386,I also support modernization of our strategic and tactical weaponry,that means keeping our military strong,Support,2000
2000_8da567bb4aeb52c6922141b1cec3d18c,2000_d8aa8d406d55b24ac5dbcc3a02e63bb0,T379,T388,I also support modernization of our strategic and tactical weaponry,The governor has proposed skipping a generation of technology,Attack,2000
2000_f8f429989cd7f73f841d79ba7016a252,2000_d8aa8d406d55b24ac5dbcc3a02e63bb0,T377,T388,I think that would be a mistake,The governor has proposed skipping a generation of technology,Attack,2000
2000_a8946bdca63ef7d51855b5a6a0939779,2000_f8f429989cd7f73f841d79ba7016a252,T378,T377,I think one of the ways we've been able to be so successful in Kosovo and Bosnia and Haiti and in other places is by having the technological edge,I think that would be a mistake,Support,2000
2000_a8946bdca63ef7d51855b5a6a0939779,2000_8da567bb4aeb52c6922141b1cec3d18c,T378,T379,I think one of the ways we've been able to be so successful in Kosovo and Bosnia and Haiti and in other places is by having the technological edge,I also support modernization of our strategic and tactical weaponry,Support,2000
2000_40ad29f536e551fe70db468e6970334a,2000_a8946bdca63ef7d51855b5a6a0939779,T389,T378,"we won that conflict in Kosovo without losing a single human life in combat, a single American life in combat",I think one of the ways we've been able to be so successful in Kosovo and Bosnia and Haiti and in other places is by having the technological edge,Support,2000
2000_40ad29f536e551fe70db468e6970334a,2000_d8aa8d406d55b24ac5dbcc3a02e63bb0,T389,T388,"we won that conflict in Kosovo without losing a single human life in combat, a single American life in combat",The governor has proposed skipping a generation of technology,Attack,2000
2000_6612cc584dcaf01bba0d9b6da95299d3,2000_0d4120ae65c1f3857b2e5f464725371d,T376,T390,I argued that we should reverse that trend and take it back up,"before I got my current job were on the decline, the number of divisions were reduced",Attack,2000
2000_ef560db2a8398bcff6e3ce9ede50f83e,2000_6612cc584dcaf01bba0d9b6da95299d3,T391,T376,I'm happy to tell you that we have,I argued that we should reverse that trend and take it back up,Support,2000
2000_39bb3bb0e00869beb1ba0ae9b0907f61,2000_12a32cf7b357e2a13b5ed4d2872998fb,T375,T374,in my budget for the next ten years I propose $100 billion for this purpose,The governor proposes $45 billion,Attack,2000
2000_5ef990f547ce75c5f779a74ddd4f7233,2000_12a32cf7b357e2a13b5ed4d2872998fb,T372,T374,I propose more than twice as much,The governor proposes $45 billion,Attack,2000
2000_b50afb820ad95b08e70c591b5fe6a3d4,2000_5ef990f547ce75c5f779a74ddd4f7233,T373,T372,I think it's needed,I propose more than twice as much,Support,2000
2000_5ef990f547ce75c5f779a74ddd4f7233,2000_39bb3bb0e00869beb1ba0ae9b0907f61,T372,T375,I propose more than twice as much,in my budget for the next ten years I propose $100 billion for this purpose,Support,2000
2000_39bb3bb0e00869beb1ba0ae9b0907f61,2000_8da567bb4aeb52c6922141b1cec3d18c,T375,T379,in my budget for the next ten years I propose $100 billion for this purpose,I also support modernization of our strategic and tactical weaponry,Support,2000
2000_db53c7f1a7dfb974efd41ef60c3498e1,2000_8b105dea5efcab30990ab6607cc77d7b,T2,T392,"If this were a spending contest, I would come in second",I readily admit I'm not going to grow the size of the federal government like he is,Support,2000
2000_d9035d78240b9fd998fb608dc48610d2,2000_13e149cb41b0d9028dab070ee406e107,T393,T394,"It must be in the national interests, must be in our vital interests whether we ever send troops",The mission must be clear,Support,2000
2000_13e149cb41b0d9028dab070ee406e107,2000_97020ef50f5b028894a1796febc966b4,T394,T395,The mission must be clear,Soldiers must understand why we're going,Support,2000
2000_97020ef50f5b028894a1796febc966b4,2000_b048cbf1b563aa7306658c403c4d5675,T395,T396,Soldiers must understand why we're going,The force must be strong enough so that the mission can be accomplished,Support,2000
2000_b048cbf1b563aa7306658c403c4d5675,2000_401c91eb9a90b2d5acbe4dfd76748209,T396,T397,The force must be strong enough so that the mission can be accomplished,the exit strategy needs to be well-defined,Support,2000
2000_0320a4cc3085d9e8c47405eccb5c7c18,2000_401c91eb9a90b2d5acbe4dfd76748209,T399,T397,I'm concerned that we're overdeployed around the world,the exit strategy needs to be well-defined,Attack,2000
2000_0320a4cc3085d9e8c47405eccb5c7c18,2000_d9035d78240b9fd998fb608dc48610d2,T399,T393,I'm concerned that we're overdeployed around the world,"It must be in the national interests, must be in our vital interests whether we ever send troops",Attack,2000
2000_04a54f225fc56d738f26175abe8efd11,2000_13e149cb41b0d9028dab070ee406e107,T398,T394,I think the mission has somewhat become fuzzy,The mission must be clear,Attack,2000
2000_401c91eb9a90b2d5acbe4dfd76748209,2000_15c146369479862e952f73c408db121e,T397,T400,the exit strategy needs to be well-defined,the mission of the United States military will be to be prepared and ready to fight and win war,Support,2000
2000_15c146369479862e952f73c408db121e,2000_04a54f225fc56d738f26175abe8efd11,T400,T398,the mission of the United States military will be to be prepared and ready to fight and win war,I think the mission has somewhat become fuzzy,Attack,2000
2000_15c146369479862e952f73c408db121e,2000_0320a4cc3085d9e8c47405eccb5c7c18,T400,T399,the mission of the United States military will be to be prepared and ready to fight and win war,I'm concerned that we're overdeployed around the world,Attack,2000
2000_15c146369479862e952f73c408db121e,2000_fc51537490a609a1dafcf251420b8fbf,T400,T401,the mission of the United States military will be to be prepared and ready to fight and win war,prevent war from happening in the first place,Support,2000
2000_6ea3272d8a1d97e29e37118ec50d626f,2000_a7cb652f0ec50897b25c90ce18461e8b,T403,T402,The Vice President mentioned my view of long-term for the military,"I want to make sure the equipment for our military is the best it can possibly be, of course",Support,2000
2000_a7cb652f0ec50897b25c90ce18461e8b,2000_41edc41e76ce6253506d8bd86f78a51a,T402,T404,"I want to make sure the equipment for our military is the best it can possibly be, of course","we have an opportunity to use our research and development capacities, the great technology of the United States, to make our military lighter, harder to find, more lethal",Support,2000
2000_ac2269170510ba7b12f4956d54cf58a8,2000_75c1fb90a2047de615d61c89d9d761fb,T407,T406,We have an opportunity,"if you think about it, if we're smart and have got a strategic vision and a leader who understands strategic planning, to make sure that we change the terms of the battlefield of the future so we can keep the peace",Support,2000
2000_75c1fb90a2047de615d61c89d9d761fb,2000_64b38c94d2a9a54eb82531fe328d41a7,T406,T405,"if you think about it, if we're smart and have got a strategic vision and a leader who understands strategic planning, to make sure that we change the terms of the battlefield of the future so we can keep the peace",This is a peaceful nation,Support,2000
2000_64b38c94d2a9a54eb82531fe328d41a7,2000_b74bf87c8622a510d64428a332027321,T405,T408,This is a peaceful nation,I intend to keep the peace,Support,2000
2000_fc51537490a609a1dafcf251420b8fbf,2000_b74bf87c8622a510d64428a332027321,T401,T408,prevent war from happening in the first place,I intend to keep the peace,Support,2000
2000_5db9cce854062cfe0c67396e55a70db6,2000_fb3f2640aca06fe8aadf851e2d11630b,T409,T410,spending money without a strategic plan can oftentimes be wasted,Spending money is one thing,Attack,2000
2000_fe24c8c44a392d03fc14cdf4b0de3a26,2000_ecb27dfdae3915f39df6a683cc1aad88,T412,T411,First thing I'm going to do is ask the Secretary of Defense to develop a plan,"we are making sure we're not spending our money on political projects, but on projects to make sure our soldiers are well-paid, well-housed, and have the best equipment in the world",Support,2000
