source_unique_id,target_unique_id,source_id,target_id,source_text,target_text,relation_class,year
2004_39db5b331893c9f75986adbe9570d91c,2004_d86b6a2e64aff89c1ef42c83a901acdd,T441,T442,Just want to make sure they're safe,"When a drug comes in from Canada, I want to make sure it cures you and doesn't kill you",Support,2004
2004_7d8b96106dc5baf33fd1e963a66b3692,2004_d86b6a2e64aff89c1ef42c83a901acdd,T444,T442,the FDA and that's why the surgeon general are looking very carefully to make sure it can be done in a safe way,"When a drug comes in from Canada, I want to make sure it cures you and doesn't kill you",Support,2004
2004_c0c3035b23a3c526c463cfe193b40127,2004_d86b6a2e64aff89c1ef42c83a901acdd,T445,T442,I've got an obligation to make sure our government does everything we can to protect you,"When a drug comes in from Canada, I want to make sure it cures you and doesn't kill you",Support,2004
2004_c0c3035b23a3c526c463cfe193b40127,2004_150aa1dc2432088635504df7634b7c67,T445,T446,I've got an obligation to make sure our government does everything we can to protect you,"what my worry is is that, you know, it looks like it's from Canada, and it might be from a third world",Support,2004
2004_150aa1dc2432088635504df7634b7c67,2004_cac7376c7d873274c1959140c0400d45,T446,T447,"what my worry is is that, you know, it looks like it's from Canada, and it might be from a third world","we've just got to make sure, before somebody thinks they're buying a product, that it works",Support,2004
2004_cac7376c7d873274c1959140c0400d45,2004_d86b6a2e64aff89c1ef42c83a901acdd,T447,T442,"we've just got to make sure, before somebody thinks they're buying a product, that it works","When a drug comes in from Canada, I want to make sure it cures you and doesn't kill you",Support,2004
2004_b77ff0da2106961e662e0166439eae7a,2004_8b2ed7b1bb2ce6f74d97d225abf39ae8,T452,T449,we're doing just that,There are other ways to make sure drugs are cheaper,Support,2004
2004_82ba63415ca1d941bbf81a015f1aab31,2004_8b2ed7b1bb2ce6f74d97d225abf39ae8,T450,T449,"One is to speed up generic drugs to the marketplace, quicker",There are other ways to make sure drugs are cheaper,Support,2004
2004_d8980f293e2b44a07c1e6504ce4da3e4,2004_82ba63415ca1d941bbf81a015f1aab31,T451,T450,"Pharmaceuticals were using loopholes to keep brand -- brand drugs in place, and generics are much less expensive than brand drugs","One is to speed up generic drugs to the marketplace, quicker",Support,2004
2004_fc890c9842c2db7749648a7e9223e4e0,2004_cac7376c7d873274c1959140c0400d45,T448,T447,"it may very well be here in December you'll hear me say, I think there's a safe way to do it","we've just got to make sure, before somebody thinks they're buying a product, that it works",Support,2004
2004_9593436d32199dd772560c129b6bffcd,2004_c3cc5e9a2081040104153ae8c0b02959,T454,T453,Another is to pass -- to get our seniors to sign up to these drug discount cards,they're working,Support,2004
2004_c3cc5e9a2081040104153ae8c0b02959,2004_8b2ed7b1bb2ce6f74d97d225abf39ae8,T453,T449,they're working,There are other ways to make sure drugs are cheaper,Support,2004
2004_5f054c5c8e926a0ac00e6e9632156157,2004_2e2d0ec828282affa7d253490517fbe0,T455,T456,"Wanda Blackmore I met here from Missouri, the first time she bought drugs with her drug discount card, she paid $1.14, I think it was, for about $10 worth of drugs",These cards make sense,Support,2004
2004_2e2d0ec828282affa7d253490517fbe0,2004_c3cc5e9a2081040104153ae8c0b02959,T456,T453,These cards make sense,they're working,Support,2004
2004_2b5cd71cf34d9a4adc58e1b0abe8ebed,2004_b5b71c5cebce08d73fba542eb481edd9,T458,T457,I went to Washington to fix problems,in 2006 seniors are going to get prescription drug coverage for the first time in Medicare,Support,2004
2004_ca2e70422aab341cc072ae665b6039f8,2004_d07f8992e38a6a7b636db82c08a22ad8,T462,T461,"Medicare -- the issue of Medicare used to be called ""Mediscare.""",People didn't want to touch it for fear of getting hurt politically,Support,2004
2004_6b9b22fa092281ad858fa2d8780901ec,2004_d07f8992e38a6a7b636db82c08a22ad8,T463,T461,I wanted to get something done,People didn't want to touch it for fear of getting hurt politically,Attack,2004
2004_2b5cd71cf34d9a4adc58e1b0abe8ebed,2004_d07f8992e38a6a7b636db82c08a22ad8,T458,T461,I went to Washington to fix problems,People didn't want to touch it for fear of getting hurt politically,Attack,2004
2004_2b5cd71cf34d9a4adc58e1b0abe8ebed,2004_6b9b22fa092281ad858fa2d8780901ec,T458,T463,I went to Washington to fix problems,I wanted to get something done,Support,2004
2004_6b9b22fa092281ad858fa2d8780901ec,2004_a514fd9546898d4282eb095106ab7ba4,T463,T459,I wanted to get something done,I think our seniors deserve a modern medical system,Support,2004
2004_b5b71c5cebce08d73fba542eb481edd9,2004_a514fd9546898d4282eb095106ab7ba4,T457,T459,in 2006 seniors are going to get prescription drug coverage for the first time in Medicare,I think our seniors deserve a modern medical system,Support,2004
2004_72b8f6af63d60d70c9f1369110bdb9c6,2004_a514fd9546898d4282eb095106ab7ba4,T460,T459,"in 2006, our seniors will get prescription drug coverage",I think our seniors deserve a modern medical system,Support,2004
2004_72b8f6af63d60d70c9f1369110bdb9c6,2004_b5b71c5cebce08d73fba542eb481edd9,T460,T457,"in 2006, our seniors will get prescription drug coverage",in 2006 seniors are going to get prescription drug coverage for the first time in Medicare,Support,2004
2004_6f5851a3350c15eca0f64038b4ae9112,2004_8b0dafaf5788852a40ac8212e2ca6627,T468,T469,the president just didn't level with you right now again,He did block it,Support,2004
2004_bd57fe25a5e70121748a18f98e0f34c5,2004_8b0dafaf5788852a40ac8212e2ca6627,T470,T469,we passed it in the United States Senate,He did block it,Support,2004
2004_8b0dafaf5788852a40ac8212e2ca6627,2004_4a8daa7ae9f8ca03a63abb39cadbcd2d,T469,T467,He did block it,"Now, the president said, ""I'm not blocking that.""",Attack,2004
2004_6f5851a3350c15eca0f64038b4ae9112,2004_4a8daa7ae9f8ca03a63abb39cadbcd2d,T468,T467,the president just didn't level with you right now again,"Now, the president said, ""I'm not blocking that.""",Attack,2004
2004_d0d21c9ae3b462cf25f6e7e14c7a0464,2004_e533eb3938760f16bb1827a4d523ca31,T464,T465,you heard the president just say that he thought he might try to be for it,"Four years ago, right here in this forum, he was asked the same question: Can't people be able to import drugs from Canada?",Support,2004
2004_e533eb3938760f16bb1827a4d523ca31,2004_6f0b258cac5e369b8bc63a78cfc35ca7,T465,T466,"Four years ago, right here in this forum, he was asked the same question: Can't people be able to import drugs from Canada?","You know what he said? ""I think that makes sense. I think that's a good idea"" -- four years ago",Support,2004
2004_6f0b258cac5e369b8bc63a78cfc35ca7,2004_4a8daa7ae9f8ca03a63abb39cadbcd2d,T466,T467,"You know what he said? ""I think that makes sense. I think that's a good idea"" -- four years ago","Now, the president said, ""I'm not blocking that.""",Support,2004
2004_044eddb886343c1ce5d374563c95b3fb,2004_bd57fe25a5e70121748a18f98e0f34c5,T471,T470,"We sent it over to the House, that you could import drugs",we passed it in the United States Senate,Support,2004
2004_b4c390646eb9f86c8028b37ed48ec57b,2004_044eddb886343c1ce5d374563c95b3fb,T472,T471,We took care of the safety issues,"We sent it over to the House, that you could import drugs",Support,2004
2004_1591dd484044bc1e8496f6d08571f23a,2004_b4c390646eb9f86c8028b37ed48ec57b,T473,T472,We're not talking about third-world drugs,We took care of the safety issues,Support,2004
2004_ce621fd39cce11ab46cb1ca509e84438,2004_1591dd484044bc1e8496f6d08571f23a,T474,T473,We're talking about drugs made right here in the United States of America that have American brand names on them and American bottles,We're not talking about third-world drugs,Support,2004
2004_9afb81baf723f3e8dff4f20b46471802,2004_ce621fd39cce11ab46cb1ca509e84438,T475,T474,we're asking to be able to allow you to get them,We're talking about drugs made right here in the United States of America that have American brand names on them and American bottles,Support,2004
2004_9e02d1a66bfa9c148afd14f770cf3b0c,2004_8b0dafaf5788852a40ac8212e2ca6627,T476,T469,The president blocked it,He did block it,Support,2004
2004_9e02d1a66bfa9c148afd14f770cf3b0c,2004_9afb81baf723f3e8dff4f20b46471802,T476,T475,The president blocked it,we're asking to be able to allow you to get them,Attack,2004
2004_7693e34983a4bf3cbcdb33d4b457f35f,2004_72bda23bc8b6283f146694bd945eb657,T479,T478,he could have lowered the cost of Medicare and lowered your taxes and lowered the costs to seniors,"He made it illegal, illegal for Medicare to do what the V.A. does, which is bulk purchase drugs so that you can lower the price and get them out to you lower",Attack,2004
2004_fe48e87b75ad751bf3124eb957d63f37,2004_7693e34983a4bf3cbcdb33d4b457f35f,T480,T479,He put $139 billion of windfall profit into the pockets of the drug companies right out of your pockets,he could have lowered the cost of Medicare and lowered your taxes and lowered the costs to seniors,Support,2004
2004_fe48e87b75ad751bf3124eb957d63f37,2004_f11d8e2e5de2e1146294d51bcde8898e,T480,T481,He put $139 billion of windfall profit into the pockets of the drug companies right out of your pockets,"The president sides with the power companies, the oil companies, the drug companies",Support,2004
2004_f11d8e2e5de2e1146294d51bcde8898e,2004_72bda23bc8b6283f146694bd945eb657,T481,T478,"The president sides with the power companies, the oil companies, the drug companies","He made it illegal, illegal for Medicare to do what the V.A. does, which is bulk purchase drugs so that you can lower the price and get them out to you lower",Attack,2004
2004_d4c60a89c1aed125fc3cbbe62f97a7dd,2004_fa3eeaa47d79267c8c708e2bbb2e8ea0,T482,T483,I'm fighting to let you get those drugs from Canada,I'm fighting to let Medicare survive,Support,2004
2004_fa3eeaa47d79267c8c708e2bbb2e8ea0,2004_c133d396e82df957838a57657b0ad124,T483,T484,I'm fighting to let Medicare survive,I'm fighting for the middle class,Support,2004
2004_d4c60a89c1aed125fc3cbbe62f97a7dd,2004_8b0dafaf5788852a40ac8212e2ca6627,T482,T469,I'm fighting to let you get those drugs from Canada,He did block it,Attack,2004
2004_3b35ffdacde46a60f41350303dbbcf6b,2004_011c4ef9c05dc2cd8d168e3ed169f4e4,T485,T486,"If they're safe, they're coming",it wasn't just my administration that made the decision on safety,Attack,2004
2004_093461ce000b5e752bb027ff3892b514,2004_011c4ef9c05dc2cd8d168e3ed169f4e4,T487,T486,President Clinton did the same thing,it wasn't just my administration that made the decision on safety,Support,2004
2004_8ae507db03659cb5d90112a15838d8e7,2004_093461ce000b5e752bb027ff3892b514,T488,T487,we have an obligation to protect you,President Clinton did the same thing,Support,2004
2004_3b35ffdacde46a60f41350303dbbcf6b,2004_d4c60a89c1aed125fc3cbbe62f97a7dd,T485,T482,"If they're safe, they're coming",I'm fighting to let you get those drugs from Canada,Attack,2004
2004_6188d32cf407b3f8e9eef36b890060ae,2004_02ee09f14205fbc9fdf29661357a1da5,T490,T489,Show me one accomplishment toward Medicare that he accomplished,He's been in the United States Senate 20 years,Attack,2004
2004_c3075d8eb0607eb1041201ee2d965d8d,2004_02ee09f14205fbc9fdf29661357a1da5,T491,T489,"I've been in Washington, D.C., three and a half years and led the Congress to reform Medicare so our seniors have got a modern health care system",He's been in the United States Senate 20 years,Attack,2004
2004_895f7930999b5f3bd3a61f6c52c70e3e,2004_c3075d8eb0607eb1041201ee2d965d8d,T1,T491,That's what leadership is all about.,"I've been in Washington, D.C., three and a half years and led the Congress to reform Medicare so our seniors have got a modern health care system",Support,2004
2004_1c6673fe3f52de88f5ca3e3e3b3278fb,2004_c3075d8eb0607eb1041201ee2d965d8d,T492,T491,"in 1997 we fixed Medicare, and I was one of the people involved in it","I've been in Washington, D.C., three and a half years and led the Congress to reform Medicare so our seniors have got a modern health care system",Attack,2004
2004_1c6673fe3f52de88f5ca3e3e3b3278fb,2004_dbcdb1bfc16e86295b09e7454239d7de,T492,T2,"in 1997 we fixed Medicare, and I was one of the people involved in it",We not only fixed Medicare and took it way out into the future,Support,2004
2004_b5f7d71ba29f3392b576be7d552b0720,2004_e4ea61c4a04503edb54c68e840dd5821,T4,T3,We balanced the budget.,we did something that you don't know how to do,Attack,2004
2004_948d0830f6addb0bf183159c61acf682,2004_b5f7d71ba29f3392b576be7d552b0720,T494,T4,we paid down the debt of our nation for two years in a row,We balanced the budget.,Support,2004
2004_f0fb1c117a2f26c64bb86a1a0fa188ec,2004_948d0830f6addb0bf183159c61acf682,T495,T494,we created 23 million new jobs at the same time,we paid down the debt of our nation for two years in a row,Support,2004
2004_b5f7d71ba29f3392b576be7d552b0720,2004_008e3684554e48c5a16678545d1d0683,T4,T496,We balanced the budget.,it's the president's fiscal policies that have driven up the biggest deficits in American history,Attack,2004
2004_6e986378bb78ab2bcf48eba3d9603c26,2004_008e3684554e48c5a16678545d1d0683,T497,T496,He's added more debt to the debt of the United States in four years than all the way from George Washington to Ronald Reagan put together,it's the president's fiscal policies that have driven up the biggest deficits in American history,Support,2004
2004_2b86739ae510e123053afe0e160c5e61,2004_f29dfa6c366ae3d3ef604d2d1e6d2647,T502,T501,John Edwards is the author of the Patients' Bill of Rights,He wanted to give people rights,Support,2004
2004_63a7dcc30f5c289d6e01aed2d5303c57,2004_f29dfa6c366ae3d3ef604d2d1e6d2647,T500,T501,John Edwards and I support tort reform,He wanted to give people rights,Support,2004
2004_f29dfa6c366ae3d3ef604d2d1e6d2647,2004_4b0622c4b4c0d612f89f76a1fec4d002,T501,T498,He wanted to give people rights,I believe that we will be able to get a fix that has alluded everybody else,Support,2004
2004_9e1169bff9ee31a1a59ea8736b278cd9,2004_4b0622c4b4c0d612f89f76a1fec4d002,T5,T498,we know how to do it,I believe that we will be able to get a fix that has alluded everybody else,Support,2004
2004_6f0c6ec0c93ce3e53fcd9c961234d98f,2004_3640639832f78c27e65439167e2e601f,T504,T503,Go to johnkerry.com,It's in my health-care proposal,Support,2004
2004_7bde2c6ea7381f29fb5f6881e52fd331,2004_3640639832f78c27e65439167e2e601f,T505,T503,You can pull it off of the Internet,It's in my health-care proposal,Support,2004
2004_78ee9e9644dd78117e94ed45f8b3300d,2004_3640639832f78c27e65439167e2e601f,T506,T503,you'll find a tort reform plan,It's in my health-care proposal,Support,2004
2004_63a7dcc30f5c289d6e01aed2d5303c57,2004_3640639832f78c27e65439167e2e601f,T500,T503,John Edwards and I support tort reform,It's in my health-care proposal,Support,2004
2004_aa0f30e2efddbc0c119ed2aa643d9e08,2004_85860adec484026cf9c93fdcb27f42a7,T508,T507,"Do we need to fix it, particularly for OGBYNs (sic) and for brain surgeons and others? Yes",it's a problem,Attack,2004
2004_abadb3e37e64ca30e80e71a71b1d8706,2004_4beb42029a9452ba5a9fcb67d81076cf,T509,T510,it's less than 1 percent of the total cost of health care,the president and his friends try to make a big deal out of it,Attack,2004
2004_7bd3af356c801249681e2939638346f6,2004_ef79e2240f8af7d49c6d17b7a962135f,T511,T512,Your premiums are going up,"You've gone up, in Missouri, about $3,500",Support,2004
2004_ef79e2240f8af7d49c6d17b7a962135f,2004_1f14685159b2b93d18dbe145fb718793,T512,T513,"You've gone up, in Missouri, about $3,500",You've gone up 64 percent,Support,2004
2004_1f14685159b2b93d18dbe145fb718793,2004_ad92612ce8a2c2dd31000ca68995227b,T513,T514,You've gone up 64 percent,"You've seen co-pays go up, deductibles go up",Support,2004
2004_ad92612ce8a2c2dd31000ca68995227b,2004_1703786ad32d33be82dcc4e741f73081,T514,T515,"You've seen co-pays go up, deductibles go up",Everything's gone up,Support,2004
2004_1659b8121e18a0da424658b1de15a1da,2004_1703786ad32d33be82dcc4e741f73081,T516,T515,Five million people have lost their health insurance under this president,Everything's gone up,Support,2004
2004_1659b8121e18a0da424658b1de15a1da,2004_6194126aa8905aa6a8422884d9443815,T516,T517,Five million people have lost their health insurance under this president,He's done nothing about it,Attack,2004
2004_1703786ad32d33be82dcc4e741f73081,2004_6194126aa8905aa6a8422884d9443815,T515,T517,Everything's gone up,He's done nothing about it,Attack,2004
2004_5c10470a475bfba19a022e5f3b339cf4,2004_6194126aa8905aa6a8422884d9443815,T518,T517,I have a plan,He's done nothing about it,Attack,2004
2004_cb906512b53f980257e42b2ca78e63da,2004_5c10470a475bfba19a022e5f3b339cf4,T519,T518,I have a plan to lower the cost of health care for you,I have a plan,Support,2004
2004_2b29b44547e77cfac7ef14e24cf3ccda,2004_5c10470a475bfba19a022e5f3b339cf4,T520,T518,I have a plan to cover all children,I have a plan,Support,2004
2004_7aedde24814d908ba25fa2857e873035,2004_5c10470a475bfba19a022e5f3b339cf4,T521,T518,I have a plan to let you buy into the same health care senators and congressmen give themselves,I have a plan,Support,2004
2004_df13602fcba3bb0761726d1ab83b5006,2004_5c10470a475bfba19a022e5f3b339cf4,T522,T518,I have a plan that's going to allow people 55 to 64 to buy into Medicare early,I have a plan,Support,2004
2004_b161642bebb238e8f5f158cec3784eb7,2004_5c10470a475bfba19a022e5f3b339cf4,T523,T518,"I have a plan that will take the catastrophic cases out of the system, off your backs",I have a plan,Support,2004
2004_d3fa148aa7584d9df0472b0e1d6e0dac,2004_b161642bebb238e8f5f158cec3784eb7,T524,T523,pay for it out of a federal fund,"I have a plan that will take the catastrophic cases out of the system, off your backs",Support,2004
2004_5ed2cc0df5fd57ae59944c2d5485c8bb,2004_d3fa148aa7584d9df0472b0e1d6e0dac,T525,T524,which lowers the premiums for everybody in America,pay for it out of a federal fund,Support,2004
2004_5ed2cc0df5fd57ae59944c2d5485c8bb,2004_c1b927970a4fbcb8a5090e9bf2f549db,T525,T526,which lowers the premiums for everybody in America,makes American business more competitive,Support,2004
2004_c1b927970a4fbcb8a5090e9bf2f549db,2004_66038fbc7608d5d20211bd58182c6e6f,T526,T527,makes American business more competitive,makes health care more affordable,Support,2004
2004_66038fbc7608d5d20211bd58182c6e6f,2004_5c10470a475bfba19a022e5f3b339cf4,T527,T518,makes health care more affordable,I have a plan,Support,2004
2004_0038ca7d76ed664edea3abe2c7b0a68e,2004_01f2fc75174d663989af08f5e85c7edb,T528,T529,all of that can happen,"Join me in rolling back the president's unaffordable tax cut for people earning more than $200,000 a year",Attack,2004
2004_5c10470a475bfba19a022e5f3b339cf4,2004_0038ca7d76ed664edea3abe2c7b0a68e,T518,T528,I have a plan,all of that can happen,Support,2004
2004_9717acf2c3a9359fbc4f010cd5dabbed,2004_4a3e3c146029c25c0edd6576e0bd0179,T531,T530,I'm giving you health care,"Ninety-eight percent of America, I'm giving you a tax cut",Support,2004
2004_4a3e3c146029c25c0edd6576e0bd0179,2004_0038ca7d76ed664edea3abe2c7b0a68e,T530,T528,"Ninety-eight percent of America, I'm giving you a tax cut",all of that can happen,Support,2004
2004_d6df3f93aa22465325f31ff3dfe87cea,2004_178233654e7df032c12b861357173247,T535,T534,that's saying something in that bunch,the National Journal named Senator Kennedy the most liberal senator of all,Support,2004
2004_2e33bf51f0e9aa8e3b1c0760d6785e06,2004_4abde2daded3d05d65581710ac6d2743,T536,T537,he's proposed $2.2 trillion in new spending,he says he going to tax the rich to close the tax gap,Support,2004
2004_ac92908471070a81fcd53cb5dd568530,2004_4abde2daded3d05d65581710ac6d2743,T532,T537,He can't,he says he going to tax the rich to close the tax gap,Attack,2004
2004_95b238f2452bd2d8857fba891bf99842,2004_cfdc59919216d2937e519e0b3f71a95f,T538,T533,That's just reality,He's going to tax everybody here to fund his programs,Support,2004
2004_cfdc59919216d2937e519e0b3f71a95f,2004_4a3e3c146029c25c0edd6576e0bd0179,T533,T530,He's going to tax everybody here to fund his programs,"Ninety-eight percent of America, I'm giving you a tax cut",Attack,2004
2004_631d2cef1ae8093771ea6464e1069ade,2004_a79916e4e32983e34e10af40dd4c2344,T544,T543,if he's so much for it,There's a bill on the floor of the United States Senate that he could have showed up and voted for,Support,2004
2004_a79916e4e32983e34e10af40dd4c2344,2004_9a62f9462a9dfb8ce2464dd13cb7f560,T543,T542,There's a bill on the floor of the United States Senate that he could have showed up and voted for,"he says he's for medical liability reform, particularly for OB/GYNs",Attack,2004
2004_c23c5fe0336caeb091b37e5118585e6e,2004_347ab673875caf929b3ad1349eb5d957,T539,T540,That shows a lack of understanding,he says that medical liability costs only cause a 1 percent increase,Attack,2004
2004_a8846a4ec8cbeba27af46e5f4e494277,2004_c23c5fe0336caeb091b37e5118585e6e,T541,T539,Doctors practice defensive medicine because of all the frivolous lawsuits that cost our government $28 billion a year,That shows a lack of understanding,Support,2004
2004_4b06637dfc2be08aa46a24fe0763a666,2004_0f9eb51ca44132d1d49d7564a4a26286,T547,T545,It's the largest increase in federal government health care ever,he said he's going to have a novel health care plan,Attack,2004
2004_0f9eb51ca44132d1d49d7564a4a26286,2004_a1ef82aa6cd5c7a6ce3fa0ea3961fa78,T545,T546,he said he's going to have a novel health care plan,The federal government is going to run it,Support,2004
2004_0f9eb51ca44132d1d49d7564a4a26286,2004_4b06637dfc2be08aa46a24fe0763a666,T545,T547,he said he's going to have a novel health care plan,It's the largest increase in federal government health care ever,Attack,2004
2004_d5a0734b38a3c45c410914457b362632,2004_65ea7519b8d90211477a287a0d29cdc6,T548,T549,it fits with his philosophy,That's what liberals do,Support,2004
2004_65ea7519b8d90211477a287a0d29cdc6,2004_729bb82633ab79f51a1b096eec16b7d5,T549,T550,That's what liberals do,They create government-sponsored health care,Support,2004
2004_a8201603f1b17bbe80f1cd530bd1927f,2004_729bb82633ab79f51a1b096eec16b7d5,T551,T550,I don't,They create government-sponsored health care,Attack,2004
2004_a8201603f1b17bbe80f1cd530bd1927f,2004_7e80f97be98480dbbbf058297571a2c1,T551,T552,I don't,Government-sponsored health care would lead to rationing,Attack,2004
2004_729bb82633ab79f51a1b096eec16b7d5,2004_7e80f97be98480dbbbf058297571a2c1,T550,T552,They create government-sponsored health care,Government-sponsored health care would lead to rationing,Support,2004
2004_a8201603f1b17bbe80f1cd530bd1927f,2004_a1a0ae0fb5fa5bc649d92d8d28ee23a3,T551,T553,I don't,It would ruin the quality of health care in America,Attack,2004
2004_7e80f97be98480dbbbf058297571a2c1,2004_a1a0ae0fb5fa5bc649d92d8d28ee23a3,T552,T553,Government-sponsored health care would lead to rationing,It would ruin the quality of health care in America,Support,2004
2004_3c0b7fd30e97be0bc285118e5b383036,2004_178233654e7df032c12b861357173247,T554,T534,the president is just trying to scare everybody here with throwing labels around,the National Journal named Senator Kennedy the most liberal senator of all,Attack,2004
2004_3c0b7fd30e97be0bc285118e5b383036,2004_feebbf493a614ce2fda33b22c1f26cb3,T554,T559,the president is just trying to scare everybody here with throwing labels around,labels don't mean anything,Support,2004
2004_feebbf493a614ce2fda33b22c1f26cb3,2004_c72f38030d6838f287ece29be306a822,T559,T555,labels don't mean anything,"I mean, ""compassionate conservative,"" what does that mean?",Attack,2004
2004_f685d3a87708a820c33a1e6ec3038ce4,2004_41da9abb5980b298efb46cb28f08a2bb,T6,T556,"Mr. President, you're batting 0 for 2.","Cutting 500,000 kids from after-school programs",Attack,2004
2004_f685d3a87708a820c33a1e6ec3038ce4,2004_0ee72ceedc402aa55b7a75e9cd0b1abf,T6,T557,"Mr. President, you're batting 0 for 2.","cutting 365,000 kids from health care",Attack,2004
2004_f685d3a87708a820c33a1e6ec3038ce4,2004_53da53fd083b9d8a75c7a42873d124b6,T6,T558,"Mr. President, you're batting 0 for 2.",running up the biggest deficits in American history,Attack,2004
2004_feebbf493a614ce2fda33b22c1f26cb3,2004_9bd3e7ebe1e2a9b4b82b1a1aca2b1177,T559,T560,labels don't mean anything,What means something is: Do you have a plan?,Support,2004
2004_d8c8f5608ed83c027b3a7b7ff6dcfbc5,2004_9bd3e7ebe1e2a9b4b82b1a1aca2b1177,T561,T560,what does matter is a plan,What means something is: Do you have a plan?,Support,2004
2004_4e9df39e78e19be745fa46afa66a6b37,2004_317b1889b9698887097ae573410f3260,T563,T562,That's odd,He said he's for -- you're now for capping punitive damages?,Attack,2004
2004_4e9df39e78e19be745fa46afa66a6b37,2004_22dccd1a3f25598854a09129b3450f3b,T563,T564,That's odd,You should have shown up on the floor in the Senate and voted for it then,Attack,2004
2004_fd8f387f8b4d0854df3890d4572557c0,2004_6fb24efa6200e41e72022ac1085882d7,T568,T569,"Medical liability issues are a problem, a significant problem",He's been in the United States Senate for 20 years and he hasn't addressed it,Attack,2004
2004_6026e98248fe529d2bda314f1c199479,2004_8b97c9b4cf4c3fcbafdef244202fbb20,T566,T565,the trial lawyers won't act on it,It's stuck in the Senate,Support,2004
2004_6c8aaa284be2e1804d6de416e4b064e8,2004_8b97c9b4cf4c3fcbafdef244202fbb20,T570,T565,We passed it out of the House of Representatives,It's stuck in the Senate,Attack,2004
2004_8b97c9b4cf4c3fcbafdef244202fbb20,2004_ba85953c1f0c32a04ac9d6ee447417a5,T565,T567,It's stuck in the Senate,he put a trial lawyer on the ticket,Attack,2004
2004_6026e98248fe529d2bda314f1c199479,2004_ba85953c1f0c32a04ac9d6ee447417a5,T566,T567,the trial lawyers won't act on it,he put a trial lawyer on the ticket,Support,2004
2004_3f317d81f68927f4f4d4f4475b1a1391,2004_8d4a7ea30cf17a6f52c6d855200ebca1,T581,T580,We have a deficit because this country went into a recession,We have a deficit,Support,2004
2004_f20a0d534f83e50f78c76af0d5da0c17,2004_3f317d81f68927f4f4d4f4475b1a1391,T582,T581,"You might remember the stock market started to decline dramatically six months before I came to office, and then the bubble of the 1990s popped",We have a deficit because this country went into a recession,Support,2004
2004_88c16c543db240065fc58ddb6a14cbb1,2004_f20a0d534f83e50f78c76af0d5da0c17,T583,T582,that cost us revenue,"You might remember the stock market started to decline dramatically six months before I came to office, and then the bubble of the 1990s popped",Support,2004
2004_d656ba6bf5f9ff5178037861f98e0ac5,2004_88c16c543db240065fc58ddb6a14cbb1,T584,T583,That cost us revenue,that cost us revenue,Support,2004
2004_7e626acb92fce5ba2ecdfbbbd4e224af,2004_052621189a108da8e37f8eaaf38fc7f1,T587,T586,more than just $120 billion for Iraq and Afghanistan,I'm going to spend what it takes to win the war,Support,2004
2004_683021f5e6685c47796f982344f689a1,2004_052621189a108da8e37f8eaaf38fc7f1,T571,T586,We've got to pay our troops more,I'm going to spend what it takes to win the war,Support,2004
2004_052621189a108da8e37f8eaaf38fc7f1,2004_0f500672226197118662a7a07c4a6d8e,T586,T585,I'm going to spend what it takes to win the war,we're at war,Support,2004
2004_52df25142f97490abb64c327704a8806,2004_8f3c572f8517ea08850ae3f114cea6b5,T590,T589,I just told this lady over here we spent -- went from $10 billion to $30 billion to protect the homeland,We've increased money for ammunition and weapons and pay and homeland security,Support,2004
2004_8f3c572f8517ea08850ae3f114cea6b5,2004_eea9ecf5dacebaeffd4f6b6c8fc0603e,T589,T572,We've increased money for ammunition and weapons and pay and homeland security,I think we have an obligation to spend that kind of money,Support,2004
2004_8f3c572f8517ea08850ae3f114cea6b5,2004_052621189a108da8e37f8eaaf38fc7f1,T589,T586,We've increased money for ammunition and weapons and pay and homeland security,I'm going to spend what it takes to win the war,Support,2004
2004_fa0d23261470cf418fd6b80cd1797d2a,2004_b4ff8732f99177d3f66b821878c3d445,T591,T592,we cut taxes for everybody,"Everybody got tax relief, so that they get out of the recession",Support,2004
2004_c2398e653f9804c9fefdaf022e75aa82,2004_b4ff8732f99177d3f66b821878c3d445,T573,T592,"I think if you raise taxes during a recession, you head to depression","Everybody got tax relief, so that they get out of the recession",Support,2004
2004_f972c0ab7b0b3a05d168b0c05e959b79,2004_c2398e653f9804c9fefdaf022e75aa82,T574,T573,"I come from the school of thought that says when people have more money in their pocket during economic times, it increases demand or investment","I think if you raise taxes during a recession, you head to depression",Support,2004
2004_bb631e49dfb23a732e0214bf6d458bdf,2004_f972c0ab7b0b3a05d168b0c05e959b79,T575,T574,"Small businesses begin to grow, and jobs are added","I come from the school of thought that says when people have more money in their pocket during economic times, it increases demand or investment",Support,2004
2004_cbeaafc8b34f5244fe242f35e46f8b38,2004_bb631e49dfb23a732e0214bf6d458bdf,T593,T575,"We found out today that over the past 13 months, we've added 1.9 million new jobs in the last 13 months","Small businesses begin to grow, and jobs are added",Support,2004
2004_c5c30a27c605f74ed19a30c2b5c6224e,2004_df0224e2b629554d4e5a211c81726a91,T594,T595,"Non-homeland, non-defense discretionary spending was raising at 15 percent a year when I got into office","today it's less than 1 percent, because we're working together to try to bring this deficit under control",Support,2004
2004_df0224e2b629554d4e5a211c81726a91,2004_b3125a32ce6144d21923362c5efa2ea7,T595,T577,"today it's less than 1 percent, because we're working together to try to bring this deficit under control","I haven't vetoed any spending bills, because we work together",Support,2004
2004_d8e23c0536dc76537f4f82827987b96b,2004_fd96a8ff12dd74a2f046fbac1abe8b3d,T578,T596,I am not going to shortchange our troops in harm's way,I'm concerned about the deficit,Attack,2004
2004_df0224e2b629554d4e5a211c81726a91,2004_fd96a8ff12dd74a2f046fbac1abe8b3d,T595,T596,"today it's less than 1 percent, because we're working together to try to bring this deficit under control",I'm concerned about the deficit,Support,2004
2004_5bd79f2cea61d87309fc02d72e6dc30b,2004_b4ff8732f99177d3f66b821878c3d445,T579,T592,"I'm not going to run up taxes, which will cost this economy jobs","Everybody got tax relief, so that they get out of the recession",Support,2004
2004_d8e23c0536dc76537f4f82827987b96b,2004_683021f5e6685c47796f982344f689a1,T578,T571,I am not going to shortchange our troops in harm's way,We've got to pay our troops more,Support,2004
2004_4a9ab9b679e97bdda3b6fb532c9bdc52,2004_177812d3aa4e921ffe050b35a0bf05f6,T598,T597,It is not a government takeover,my health-care plan is not what the president described,Attack,2004
2004_4a9ab9b679e97bdda3b6fb532c9bdc52,2004_9ac5612d6df5a4ccea0b88a799571d24,T598,T599,It is not a government takeover,You have choice,Support,2004
2004_0e91560d619ad7424b06157fe059da55,2004_9ac5612d6df5a4ccea0b88a799571d24,T600,T599,Choose your doctor,You have choice,Support,2004
2004_e192c4a1caa371de04c74ef4ff141894,2004_9ac5612d6df5a4ccea0b88a799571d24,T601,T599,choose your plan,You have choice,Support,2004
2004_9ac5612d6df5a4ccea0b88a799571d24,2004_09b2b8c91f6d2bff7a752de5ed4ab41f,T599,T602,You have choice,The government has nothing to do with it,Attack,2004
2004_9ac5612d6df5a4ccea0b88a799571d24,2004_d43466a67cf63cddc4f5313a150e26ac,T599,T603,You have choice,"In fact, it doesn't ask you to do anything -- if you don't want to take it, you don't have to",Support,2004
2004_9ac5612d6df5a4ccea0b88a799571d24,2004_7ea3fe5e3c2e646699c412d6e353fbca,T599,T604,You have choice,"If you like your high premiums, you keep them",Support,2004
2004_82d011738d7a08f6f2a1929039e505f9,2004_7ea3fe5e3c2e646699c412d6e353fbca,T605,T604,That's the way we leave it,"If you like your high premiums, you keep them",Support,2004
2004_bd315c848065de955100492187fe21fe,2004_b48d74034e0b496a587ef8c1a3487f87,T607,T606,That's where he was when he came into office,"the president was handed a $5.6 trillion surplus, ladies and gentlemen",Support,2004
2004_b48d74034e0b496a587ef8c1a3487f87,2004_ca0b359814c0e372a59c64ecfd3b6eb6,T606,T608,"the president was handed a $5.6 trillion surplus, ladies and gentlemen",We now have a $2.6 trillion deficit,Attack,2004
2004_885cf00c11c6739b1f368ae08f24861c,2004_ca0b359814c0e372a59c64ecfd3b6eb6,T613,T608,This is the biggest turnaround in the history of the country,We now have a $2.6 trillion deficit,Attack,2004
2004_0f536704cfa083c2f6452cdbf29555b6,2004_885cf00c11c6739b1f368ae08f24861c,T614,T613,He's the first president in 72 years to lose jobs,This is the biggest turnaround in the history of the country,Support,2004
2004_4c91b3591cc9c88ee9580fd53dc22ba1,2004_885cf00c11c6739b1f368ae08f24861c,T615,T613,This is the first time the United States of America has ever had a tax cut when we're at war,This is the biggest turnaround in the history of the country,Support,2004
2004_dd4f7dbe6d6873e2e5b70123faad29c3,2004_4c91b3591cc9c88ee9580fd53dc22ba1,T617,T615,"Franklin Roosevelt, Harry Truman, others, knew how to lead",This is the first time the United States of America has ever had a tax cut when we're at war,Attack,2004
2004_dd4f7dbe6d6873e2e5b70123faad29c3,2004_9898cf15d052a6d709c37ba5db670284,T617,T616,"Franklin Roosevelt, Harry Truman, others, knew how to lead",They knew how to ask the American people for the right things,Support,2004
2004_dd4f7dbe6d6873e2e5b70123faad29c3,2004_a4eeda4ba4957251129df2cefe885a4b,T617,T618,"Franklin Roosevelt, Harry Truman, others, knew how to lead","One percent of America, the highest one percent of income earners in America, got $89 billion of tax cut last year",Attack,2004
2004_a4eeda4ba4957251129df2cefe885a4b,2004_46f58480405eb7574c849d6c2a73017a,T618,T619,"One percent of America, the highest one percent of income earners in America, got $89 billion of tax cut last year","One percent of America got more than the 80 percent of America that earned from $100,000 down",Support,2004
2004_b68536dc0b93f871ea25b914646c677c,2004_46f58480405eb7574c849d6c2a73017a,T609,T619,The president thinks it's more important to fight for that top 1 percent than to fight for fiscal responsibility and to fight for you,"One percent of America got more than the 80 percent of America that earned from $100,000 down",Attack,2004
2004_765bfbad349856ab17650cb0010924e3,2004_b68536dc0b93f871ea25b914646c677c,T610,T609,I want to put money in your pocket,The president thinks it's more important to fight for that top 1 percent than to fight for fiscal responsibility and to fight for you,Attack,2004
2004_5d3bd5d9c941686ab24101284ab518c8,2004_765bfbad349856ab17650cb0010924e3,T611,T610,"I have a proposal for a tax cut for all people earning less than the $200,000",I want to put money in your pocket,Support,2004
2004_3676097863558effc68f19b19bdcd7ad,2004_765bfbad349856ab17650cb0010924e3,T612,T610,The only people affected by my plan are the top income earners of America,I want to put money in your pocket,Support,2004
2004_2205a157d5298b9eebda867c5ad538ef,2004_d8c30c4ee88f5025d36dec816b8be345,T626,T625,"It was the largest stock market correction -- one of the largest in history, which foretold a recession",The stock market was declining six months prior to my arrival,Support,2004
2004_1770c7c0e8c604d4ffc15f3debb1bd49,2004_5a84acc46edbac78e87076a92ab6ba4e,T621,T3,"we ran up the child credit by $1,000",Because we cut taxes on everybody the recession was one of the shortest in our nation's history,Support,2004
2004_66fedb79eadced396a6b65d5c3b4a078,2004_65a7fa33e26ef970371a30104bf1b237,T632,T631,"He lost 1.6 million, ladies and gentlemen","After 9/11, after the recession had ended, the president asked for another tax cut and promised 5.6 million jobs would be created",Attack,2004
2004_1a842637f8a8159fd342d3225547b853,2004_65a7fa33e26ef970371a30104bf1b237,T633,T631,most of that tax cut went to the wealthiest people in the country,"After 9/11, after the recession had ended, the president asked for another tax cut and promised 5.6 million jobs would be created",Attack,2004
2004_054adfb94dad057f31e7b4f8696200c5,2004_3b4a817ca7a252b5ee36dd723e8adc32,T635,T634,we wanted a tax cut to kick the economy into gear,He came and asked for a tax cut,Support,2004
2004_6bd315ebb3fa99f8dbd98856d0d92a6d,2004_3b4a817ca7a252b5ee36dd723e8adc32,T627,T634,Do you know what he presented us with? A $25 billion giveaway to the biggest corporations in America,He came and asked for a tax cut,Attack,2004
2004_47dcf6df12b837cc6198e3a74ab998da,2004_6bd315ebb3fa99f8dbd98856d0d92a6d,T628,T627,including a $254 million refund check to Enron,Do you know what he presented us with? A $25 billion giveaway to the biggest corporations in America,Support,2004
2004_163aa0ced0a1efa6f295b8cc54c79423,2004_ca17bb63995f478fa978f383b4f280ce,T630,T629,You are my priority,Wrong priorities,Attack,2004
2004_ca17bb63995f478fa978f383b4f280ce,2004_6bd315ebb3fa99f8dbd98856d0d92a6d,T629,T627,Wrong priorities,Do you know what he presented us with? A $25 billion giveaway to the biggest corporations in America,Attack,2004
2004_aa5dfb5afd8033f56232a189c917097c,2004_678f6e8fca04a2ec598a217bc96327e4,T637,T636,I have a tax cut,I am not going to raise taxes,Support,2004
2004_2bc6f488a5bdc0579d1725ef307cdc5e,2004_c4d24507cde2026c10a334e48a941775,T639,T638,to help them be able to take care of their kids,"I raise the child-care credit by $1,000 for families",Support,2004
2004_c4d24507cde2026c10a334e48a941775,2004_aa5dfb5afd8033f56232a189c917097c,T638,T637,"I raise the child-care credit by $1,000 for families",I have a tax cut,Support,2004
2004_d3f42cbc64f500f99c62fe752e4cdb43,2004_aa5dfb5afd8033f56232a189c917097c,T640,T637,"I have a $4,000 tuition tax credit that goes to parents -- and kids, if they're earning for themselves -- to be able to pay for college",I have a tax cut,Support,2004
2004_9f69fe5f3b988a0c1c2d75d88efd0082,2004_aa5dfb5afd8033f56232a189c917097c,T641,T637,I lower the cost of health care in the way that I described to you,I have a tax cut,Support,2004
2004_768a2be792d814a300fc0a720c2c6a0f,2004_c603475cb81046ba2b205a3908d72952,T642,T643,Every part of my program I've shown how I'm going to pay for it,"I've gotten good people, like former Secretary of the Treasury Bob Rubin, for instance, who showed how to balance budgets and give you a good economy, to help me crunch these numbers and make them work",Support,2004
2004_5444812a3db632f8665c389055c6de9a,2004_ea8f31702c5b88b3c248a7880d76282b,T645,T644,"because the president's deficit keeps growing and I've said as a pledge, ""I'm going to cut the deficit in half in four years.""","I've even scaled back some of my favorite programs already, like the child-care program I wanted to fund and the national service program",Support,2004
2004_c22d3edbe5843ce5d1f2d81f2881c953,2004_c10c3dc4afd32e04008155b78cf54e58,T647,T646,We're going to do it like you do it,"I'm going to restore what we did in the 1990s, ladies and gentlemen: pay as you go",Support,2004
2004_c22d3edbe5843ce5d1f2d81f2881c953,2004_8d785a15feb4c82f946748a822bf15fa,T647,T651,We're going to do it like you do it,The president broke the pay-as-you-go rule,Attack,2004
2004_b17758cf5ba2a54407fe2cb14a605a78,2004_a922cc742d4677a15c8afa3843dbbaa2,T648,T649,I will not raise taxes,"I'm giving a tax cut to the people earning less than $200,000 a year",Support,2004
2004_678f6e8fca04a2ec598a217bc96327e4,2004_b17758cf5ba2a54407fe2cb14a605a78,T636,T648,I am not going to raise taxes,I will not raise taxes,Support,2004
2004_aa5dfb5afd8033f56232a189c917097c,2004_a922cc742d4677a15c8afa3843dbbaa2,T637,T649,I have a tax cut,"I'm giving a tax cut to the people earning less than $200,000 a year",Support,2004
2004_c0c39f86ad527b2f7712887dd3176072,2004_a922cc742d4677a15c8afa3843dbbaa2,T650,T649,"for the people earning more than $200,000 a year, you're going to see a rollback to the level we were at with Bill Clinton","I'm giving a tax cut to the people earning less than $200,000 a year",Support,2004
2004_f8eaafe7b773c5e53eae87de2d762b3c,2004_c0c39f86ad527b2f7712887dd3176072,T1,T650,people made a lot of money,"for the people earning more than $200,000 a year, you're going to see a rollback to the level we were at with Bill Clinton",Support,2004
2004_a922cc742d4677a15c8afa3843dbbaa2,2004_06d7c24ea7a9e08be36f7930927fa464,T649,T652,"I'm giving a tax cut to the people earning less than $200,000 a year","looking around here, at this group here, I suspect there are only three people here who are going to be affected: the president, me, and, Charlie, I'm sorry, you too",Attack,2004
2004_3a52fbf21213bb0a321fc5ae74317359,2004_047783f6c94a13ec2367dbec43910f51,T2,T653,He's just not credible,He's just not credible when he talks about being fiscally conservative,Support,2004
2004_047783f6c94a13ec2367dbec43910f51,2004_b17758cf5ba2a54407fe2cb14a605a78,T653,T648,He's just not credible when he talks about being fiscally conservative,I will not raise taxes,Attack,2004
2004_97acee1588e85815946b91c53a283ae3,2004_e79ba17922d8b168df8597a7f0e81d00,T656,T655,"here he says he's going to be a fiscal conservative, all of a sudden","If you look at his record in the Senate, he voted to break the caps -- the spending caps -- over 200 times",Attack,2004
2004_3a52fbf21213bb0a321fc5ae74317359,2004_e79ba17922d8b168df8597a7f0e81d00,T2,T655,He's just not credible,"If you look at his record in the Senate, he voted to break the caps -- the spending caps -- over 200 times",Attack,2004
2004_73a1d25040da64832d1f0591fb395849,2004_3a52fbf21213bb0a321fc5ae74317359,T657,T2,It's just not credible,He's just not credible,Support,2004
2004_22f505e40980bea5feb465f7556a9cdd,2004_b17758cf5ba2a54407fe2cb14a605a78,T659,T648,he's going to raise your taxes,I will not raise taxes,Attack,2004
2004_6a2fb7e2c02adac1647b69ef02ff4e7e,2004_22f505e40980bea5feb465f7556a9cdd,T660,T659,he's proposed $2.2 trillion of new spending,he's going to raise your taxes,Support,2004
2004_b4079b02cfca2a2c151f9316f100f539,2004_73a1d25040da64832d1f0591fb395849,T658,T657,You cannot believe it,It's just not credible,Support,2004
2004_3e808047daa5c0284c11834c423d0fd5,2004_83383fe72b583edc4c4dd2334d344f93,T662,T661,"That raises, he says $800 billion; we say $600 billion","He says, well, he's going to raise the taxes on the rich -- that's what he said -- the top two brackets",Attack,2004
2004_0f520691127702c2e95e895933653af1,2004_3e808047daa5c0284c11834c423d0fd5,T666,T662,We've got battling green eye shades,"That raises, he says $800 billion; we say $600 billion",Support,2004
2004_83383fe72b583edc4c4dd2334d344f93,2004_22f505e40980bea5feb465f7556a9cdd,T661,T659,"He says, well, he's going to raise the taxes on the rich -- that's what he said -- the top two brackets",he's going to raise your taxes,Support,2004
2004_fe18209d9bbdd5e0d217ccd3483007a1,2004_0f520691127702c2e95e895933653af1,T667,T666,Somewhere in between those numbers,We've got battling green eye shades,Support,2004
2004_72fe5341b67ac4612e1e578dd99b923b,2004_fe18209d9bbdd5e0d217ccd3483007a1,T668,T667,"there's a difference, what he's promised and what he can raise",Somewhere in between those numbers,Attack,2004
2004_917bb8de01b3e0d5b6c88de14376b86c,2004_2842d3bc3aea3d9333c1f4e1c1fe3aed,T665,T4,given his record,he's going to raise taxes,Support,2004
2004_2842d3bc3aea3d9333c1f4e1c1fe3aed,2004_4a10d245b29e4e4503651412b5c87ccb,T4,T663,he's going to raise taxes,either he's going to break all these wonderful promises he's told you about or he's going to raise taxes,Support,2004
2004_4a10d245b29e4e4503651412b5c87ccb,2004_22f505e40980bea5feb465f7556a9cdd,T663,T659,either he's going to break all these wonderful promises he's told you about or he's going to raise taxes,he's going to raise your taxes,Support,2004
2004_dc78379dad98df02be4ecc3fbe3415d2,2004_9b3abd169c2204dd1ca2d6961a1ab95d,T670,T669,is have an energy plan,I think that the way to grow this economy is to keep taxes low,Support,2004
2004_4504f30bd0cbe060bf52538436626a70,2004_9b3abd169c2204dd1ca2d6961a1ab95d,T671,T669,is to have litigation reform,I think that the way to grow this economy is to keep taxes low,Support,2004
2004_167ae75807d480553e2208284739e6a0,2004_e89cd64416454eb6a31367cce4307ae2,T673,T672,Weâ€™re growing,"we've just got a report that said over the past 13 months, we've created 1.9 million new jobs",Support,2004
2004_e89cd64416454eb6a31367cce4307ae2,2004_0d62f8951fe566e30393043f14074812,T672,T674,"we've just got a report that said over the past 13 months, we've created 1.9 million new jobs",the fundamental question of this campaign is: Who's going to keep the economy growing so people can work?,Support,2004
2004_9b3abd169c2204dd1ca2d6961a1ab95d,2004_0d62f8951fe566e30393043f14074812,T669,T674,I think that the way to grow this economy is to keep taxes low,the fundamental question of this campaign is: Who's going to keep the economy growing so people can work?,Support,2004
2004_18646a8674c97a472698f05bfe32e2af,2004_0d62f8951fe566e30393043f14074812,T675,T674,That's the fundamental question,the fundamental question of this campaign is: Who's going to keep the economy growing so people can work?,Support,2004
2004_3c73c2ba6d5af7a33b0c26125354cd08,2004_6a2fb7e2c02adac1647b69ef02ff4e7e,T677,T660,the president's figures of $2.2 trillion just aren't accurate,he's proposed $2.2 trillion of new spending,Attack,2004
2004_294f45c881a8857cc86cb9a02bcd5dfa,2004_3c73c2ba6d5af7a33b0c26125354cd08,T678,T677,Those are the fuzzy math figures put together by some group that works for the campaign,the president's figures of $2.2 trillion just aren't accurate,Support,2004
2004_3c73c2ba6d5af7a33b0c26125354cd08,2004_e3fd7a4a96ac2ab1df0d43c0ee861cd7,T677,T676,the president's figures of $2.2 trillion just aren't accurate,That's not the number,Attack,2004
2004_5eff5a002515935b344d8c567cc3f708,2004_4bad22e0d955a5aee0cd3e92fb4896f2,T679,T680,"John McCain and I have a proposal, jointly, for a commission that closes corporate giveaway loopholes",We've got $40 billion going to Bermuda,Attack,2004
2004_5eff5a002515935b344d8c567cc3f708,2004_fae63bf5f7587df53fc1a786511a1e0e,T679,T681,"John McCain and I have a proposal, jointly, for a commission that closes corporate giveaway loopholes",We've got all kinds of giveaways,Attack,2004
2004_c28691d3ecb586e04e269b8bc435d277,2004_5eff5a002515935b344d8c567cc3f708,T682,T679,We ought to be shutting those down,"John McCain and I have a proposal, jointly, for a commission that closes corporate giveaway loopholes",Support,2004
2004_0a29bd17133c63d0849bd77296c6f230,2004_c1df6797bca1e8fd7bda7a3db4c21856,T684,T683,I voted for the balanced budget in '93 and '97,"Ladies and gentlemen, in 1985, I was one of the first Democrats to move to balance the budget",Support,2004
2004_8ae0143f06c6ba4ff1fd3801de72120a,2004_36b60fe1855db3affcafbbcf9535cc4a,T5,T686,We did it,We did it,Support,2004
2004_c1df6797bca1e8fd7bda7a3db4c21856,2004_36b60fe1855db3affcafbbcf9535cc4a,T683,T686,"Ladies and gentlemen, in 1985, I was one of the first Democrats to move to balance the budget",We did it,Support,2004
2004_ed6c7943c0e1ec3bbc9cd555cf03cc72,2004_36b60fe1855db3affcafbbcf9535cc4a,T687,T686,I was there,We did it,Support,2004
2004_c1df6797bca1e8fd7bda7a3db4c21856,2004_73a1d25040da64832d1f0591fb395849,T683,T657,"Ladies and gentlemen, in 1985, I was one of the first Democrats to move to balance the budget",It's just not credible,Attack,2004
2004_bb5d6045081134c74a3e9163c71e1790,2004_18e99b191a38ac119cf89867cf1a8b42,T689,T688,It's been there for 20 years,he's got a record,Support,2004
2004_18e99b191a38ac119cf89867cf1a8b42,2004_f1269889baa87a582bdc90fc100da10b,T688,T691,he's got a record,He voted 98 times to raise taxes,Attack,2004
2004_3ac5c9956fea032f179e75d9ac581046,2004_f1269889baa87a582bdc90fc100da10b,T692,T691,these aren't make-up figures,He voted 98 times to raise taxes,Support,2004
2004_dafd5c9436fc0e0a03b913432520e32c,2004_f1269889baa87a582bdc90fc100da10b,T690,T691,"You can run, but you can't hide",He voted 98 times to raise taxes,Attack,2004
2004_18e99b191a38ac119cf89867cf1a8b42,2004_f845eeb1b1a798f6a81ad778d9d1ca2a,T688,T693,he's got a record,people are going to have to look at the record,Support,2004
2004_f845eeb1b1a798f6a81ad778d9d1ca2a,2004_b137f8b3bc93695427df6e1ffa98262c,T693,T694,people are going to have to look at the record,Look at the record of the man running for the president,Support,2004
2004_7410b43e11921e53750f03d54015b3b3,2004_b137f8b3bc93695427df6e1ffa98262c,T695,T694,They don't name him the most liberal in the United States Senate because he hasn't shown up to many meetings,Look at the record of the man running for the president,Attack,2004
2004_62932a5c5e50b438a34a681e5ab9c349,2004_7994834ee9be2257ac8fea7870cbd261,T697,T696,it's reality,They named him because of his votes,Support,2004
2004_7994834ee9be2257ac8fea7870cbd261,2004_7410b43e11921e53750f03d54015b3b3,T696,T695,They named him because of his votes,They don't name him the most liberal in the United States Senate because he hasn't shown up to many meetings,Support,2004
2004_7410b43e11921e53750f03d54015b3b3,2004_c5175c2b72ded27a7b84faa69759653d,T695,T698,They don't name him the most liberal in the United States Senate because he hasn't shown up to many meetings,It's just not credible to say he's going to keep taxes down and balance budgets,Support,2004
2004_c5175c2b72ded27a7b84faa69759653d,2004_c1df6797bca1e8fd7bda7a3db4c21856,T698,T683,It's just not credible to say he's going to keep taxes down and balance budgets,"Ladies and gentlemen, in 1985, I was one of the first Democrats to move to balance the budget",Attack,2004
2004_91390bf977f3f624d3d81cdf34c6c975,2004_39dfb97281bec08c047922380dd75a36,T468,T466,people got their checks,"I remember the 2000 campaign, people said if George W. gets elected, your check will be taken away",Attack,2004
2004_91390bf977f3f624d3d81cdf34c6c975,2004_47724966bf36ab7b141e6131155f9429,T468,T467,people got their checks,they'll continue to get their checks,Support,2004
2004_ab23ae2411fb1e97d60d7320c24d7554,2004_b1349b308f4c35a4ab9fa74fc78a00a6,T465,T464,I understand that they need to get better rates of return than the rates of return being given in the current Social Security trust,I believe that younger workers ought to be allowed to take some of their own money and put it in a personal savings account,Support,2004
2004_949e45a0fe352449357459cb9e5f5cd9,2004_b1349b308f4c35a4ab9fa74fc78a00a6,T477,T464,the compounding rate of interest effect will make it more likely that the Social Security system is solvent for our children and our grandchildren,I believe that younger workers ought to be allowed to take some of their own money and put it in a personal savings account,Support,2004
2004_f7820bba814a86a5b289337afa6d4e40,2004_a0eb7ad28db3b17195e47f4f1e5a1a1e,T480,T481,the president say that young people ought to be able to take money out of Social Security and put it in their own accounts,that's an invitation to disaster,Support,2004
2004_a0eb7ad28db3b17195e47f4f1e5a1a1e,2004_b1349b308f4c35a4ab9fa74fc78a00a6,T481,T464,that's an invitation to disaster,I believe that younger workers ought to be allowed to take some of their own money and put it in a personal savings account,Attack,2004
2004_c5ea359e7b165daad6b228ec62a82d8d,2004_a0eb7ad28db3b17195e47f4f1e5a1a1e,T482,T481,"if you were to adopt the president's plan, there would be a $2 trillion hole in Social Security",that's an invitation to disaster,Support,2004
2004_babc6e79c2010296ecee7e214a281272,2004_c5ea359e7b165daad6b228ec62a82d8d,T483,T482,today's workers pay in to the system for today's retirees,"if you were to adopt the president's plan, there would be a $2 trillion hole in Social Security",Support,2004
2004_ff7f2091924557981f0ae6ca48cb613b,2004_c5ea359e7b165daad6b228ec62a82d8d,T484,T482,they said that there would have to be a cut in benefits of 25 percent to 40 percent,"if you were to adopt the president's plan, there would be a $2 trillion hole in Social Security",Support,2004
2004_a0eb7ad28db3b17195e47f4f1e5a1a1e,2004_f0e0e9c81ce56120dfb46e5c9dc9acb2,T481,T488,that's an invitation to disaster,the president is driving the largest deficits in American history,Support,2004
2004_ae534f248ba32faee8aa0c336f8cdbd0,2004_f0e0e9c81ce56120dfb46e5c9dc9acb2,T486,T488,"the president has never explained to America, ever, hasn't done it tonight, where does the transitional money, that $2 trillion, come from",the president is driving the largest deficits in American history,Support,2004
2004_d9ce747b6552bd1541840b382b03933d,2004_6543a1580634904d8451ccfe6cdb56a4,T487,T490,"He's already got $3 trillion, according to The Washington Post, of expenses that he's put on the line from his convention and the promises of this campaign, none of which are paid for",Not one of them are paid for,Support,2004
2004_6543a1580634904d8451ccfe6cdb56a4,2004_f0e0e9c81ce56120dfb46e5c9dc9acb2,T490,T488,Not one of them are paid for,the president is driving the largest deficits in American history,Support,2004
2004_1135f2f2e77b050f34363b5fc578b61a,2004_f325cddb1b3d4e0b6d4cc31e471f71b8,T491,T492,"In 1985, I was one of the first Democrats -- broke with my party",I have a record of fighting for fiscal responsibility,Support,2004
2004_ca13ea50cede3b60acd9480523ad5a36,2004_f325cddb1b3d4e0b6d4cc31e471f71b8,T493,T492,We balanced the budget in the '90s,I have a record of fighting for fiscal responsibility,Support,2004
2004_80b05333f8147e84d2d89e37dc62eae3,2004_f325cddb1b3d4e0b6d4cc31e471f71b8,T497,T492,We paid down the debt for two years,I have a record of fighting for fiscal responsibility,Support,2004
2004_9146eafc7362d0e8174b626854c332e7,2004_6887a47dfeaea196655b312e933c1134,T498,T496,I will not privatize it,We're going to protect Social Security,Support,2004
2004_1ea7a70a26c9eb57bfddf24d8b9e32af,2004_6887a47dfeaea196655b312e933c1134,T499,T496,I will not cut the benefits,We're going to protect Social Security,Support,2004
2004_451a1797a8fb5e3a3f247d3033c1f6c0,2004_6887a47dfeaea196655b312e933c1134,T495,T496,we're going to be fiscally responsible,We're going to protect Social Security,Support,2004
2004_a97b15358ce0b16b81b8f0b7cb081314,2004_f0e0e9c81ce56120dfb46e5c9dc9acb2,T489,T488,He's broken the pay-as-you-go rules,the president is driving the largest deficits in American history,Support,2004
2004_f325cddb1b3d4e0b6d4cc31e471f71b8,2004_6887a47dfeaea196655b312e933c1134,T492,T496,I have a record of fighting for fiscal responsibility,We're going to protect Social Security,Support,2004
2004_e2d7d4ec21aba41b0c3ac5e097dfe404,2004_6887a47dfeaea196655b312e933c1134,T494,T496,we will take care of Social Security,We're going to protect Social Security,Equivalent,2004
2004_36e017edc81062eb2ecad18aa3d8c154,2004_8f81aeed6a79694071ffbbf75101bf64,T510,T509,I support it for the middle class,I don't,Support,2004
2004_cb38be75ceffad5636582d2e07d7fce7,2004_8f81aeed6a79694071ffbbf75101bf64,T515,T509,The president decided to give it to the wealthiest Americans in a tax cut,I don't,Support,2004
2004_ee339773c254adb75599020fe83c4c18,2004_36e017edc81062eb2ecad18aa3d8c154,T511,T510,"not that part of it that goes to people earning more than $200,000 a year",I support it for the middle class,Attack,2004
2004_4f7233bcb083492dec2579a12a5e0291,2004_36e017edc81062eb2ecad18aa3d8c154,T517,T510,"it would begin to cut the deficit in half, and we get back to where we were at the end of the 1990s when we balanced the budget and paid down the debt of this country",I support it for the middle class,Support,2004
2004_6cbf6bb6f92998006c925863a6d3ff32,2004_1c8810ba503aeed96ef176d8d328f4e5,T518,T519,"if later on after a period of time we find that Social Security is in trouble, we'll pull together the top experts of the country",We'll do exactly what we did in the 1990s,Support,2004
2004_1c8810ba503aeed96ef176d8d328f4e5,2004_4090d5af01fed807ee260c6c5cbbe280,T519,T520,We'll do exactly what we did in the 1990s,we'll make whatever adjustment is necessary,Support,2004
2004_d9d0b21bd7d4e4a8c64d58042c742eeb,2004_d9046e6f1f0d42350e304b8771f79e5d,T521,T525,the first and most important thing is to start creating jobs in America,"if we're fiscally responsible and put America back to work, we're going to fix Social Security",Support,2004
2004_0c2967fc51e3d2c35640cfc7952ce953,2004_d9046e6f1f0d42350e304b8771f79e5d,T527,T525,He forgot to tell you he voted to tax Social Security benefits more than one time,"if we're fiscally responsible and put America back to work, we're going to fix Social Security",Attack,2004
2004_5357612310f78de41b6f14c2dd9d4090,2004_d9046e6f1f0d42350e304b8771f79e5d,T528,T525,I didn't hear any plan to fix Social Security,"if we're fiscally responsible and put America back to work, we're going to fix Social Security",Attack,2004
2004_40da4ce8ec93ff5283404781e8d0c9df,2004_5357612310f78de41b6f14c2dd9d4090,T529,T528,I heard more of the same,I didn't hear any plan to fix Social Security,Support,2004
2004_801b5c0cc712efff92f59a3489a95ea4,2004_a55f6b9e06257a41f3d5fa254f3ca873,T530,T531,He talks about middle-class tax cuts,That's exactly where the tax cuts went,Support,2004
2004_d28bd915e19d7c573b62fe9a77d09dce,2004_a55f6b9e06257a41f3d5fa254f3ca873,T532,T531,Most of the tax cuts went to low- and middle-income Americans,That's exactly where the tax cuts went,Support,2004
2004_5e42ab285a355c466d8ec1081b89ae6a,2004_d28bd915e19d7c573b62fe9a77d09dce,T533,T532,the tax code is more fair,Most of the tax cuts went to low- and middle-income Americans,Support,2004
2004_a55f6b9e06257a41f3d5fa254f3ca873,2004_cb38be75ceffad5636582d2e07d7fce7,T531,T515,That's exactly where the tax cuts went,The president decided to give it to the wealthiest Americans in a tax cut,Attack,2004
2004_487373433c3dc1fe1eee2cc26000650d,2004_2c7b444651a184ec1a87cc604b3b9701,T535,T534,we structured the tax cuts,Twenty percent of the upper-income people pay about 80 percent of the taxes in America today,Support,2004
2004_2c7b444651a184ec1a87cc604b3b9701,2004_d28bd915e19d7c573b62fe9a77d09dce,T534,T532,Twenty percent of the upper-income people pay about 80 percent of the taxes in America today,Most of the tax cuts went to low- and middle-income Americans,Support,2004
2004_9ef8f90b6078ceeb297e2741003d68ff,2004_2c7b444651a184ec1a87cc604b3b9701,T538,T534,People listening out there know the benefits of the tax cuts we passed,Twenty percent of the upper-income people pay about 80 percent of the taxes in America today,Support,2004
2004_fc8e211b7e77d67eddb2e7b7a263bb8f,2004_9ef8f90b6078ceeb297e2741003d68ff,T536,T538,"If you have a child, you got tax relief",People listening out there know the benefits of the tax cuts we passed,Support,2004
2004_9675a29ed826c49caf49c16bf2a5ab1d,2004_9ef8f90b6078ceeb297e2741003d68ff,T537,T538,"If you're married, you got tax relief",People listening out there know the benefits of the tax cuts we passed,Support,2004
2004_e071e48001393a4ddbd464f35993ea2f,2004_9ef8f90b6078ceeb297e2741003d68ff,T539,T538,"If you pay any tax at all, you got tax relief",People listening out there know the benefits of the tax cuts we passed,Support,2004
2004_6899f4c6f39bf5732096c8ddd87db0f3,2004_8ecbb725b0b04909ded83a432d1f1caa,T544,T548,"we had a recession and we got attacked, which cost us 1 million jobs",this economy is growing,Support,2004
2004_9854a34fa0af2e4000bdc5b47735f5e1,2004_8ecbb725b0b04909ded83a432d1f1caa,T543,T548,it was one of the largest declines in our history,this economy is growing,Support,2004
2004_870d3bbd8daa81a71d06fd1226f744f4,2004_8ecbb725b0b04909ded83a432d1f1caa,T541,T548,"Six months prior to my arrival, the stock market started to go down",this economy is growing,Support,2004
2004_71eeec6f5a54f53afff780ab8f90b102,2004_8ecbb725b0b04909ded83a432d1f1caa,T547,T548,We passed tax relief,this economy is growing,Support,2004
2004_3497d31024784a670b933fc20a384da8,2004_8ecbb725b0b04909ded83a432d1f1caa,T546,T548,I led the Congress,this economy is growing,Support,2004
2004_ce71a3debe36df18f6126a2c1d48f678,2004_8ecbb725b0b04909ded83a432d1f1caa,T545,T548,we acted,this economy is growing,Support,2004
2004_6052efd5ca08c95fc4989681f14e3263,2004_8ecbb725b0b04909ded83a432d1f1caa,T549,T548,We added 1. 9 million new jobs over the last 13 months,this economy is growing,Support,2004
2004_8ecbb725b0b04909ded83a432d1f1caa,2004_3ee227fe62f46c9057b9c30e9606c11f,T548,T550,this economy is growing,the way to make sure our economy grows is not to raise taxes on small-business owners,Support,2004
2004_bc535128427332cf67d5a2cc99818ad0,2004_ca6a4dc370dcdf96f715f91f3aa6eec8,T562,T561,I see it as a security issue,I see it as a serious problem,Support,2004
2004_bad4a42f02f6f9dc371b759c51665119,2004_ca6a4dc370dcdf96f715f91f3aa6eec8,T563,T561,I see it as an economic issue,I see it as a serious problem,Support,2004
2004_79f59364b8febcbb9833451bf88565e0,2004_ca6a4dc370dcdf96f715f91f3aa6eec8,T564,T561,I see it as a human-rights issue,I see it as a serious problem,Support,2004
2004_ca6a4dc370dcdf96f715f91f3aa6eec8,2004_111bccb5960ecead178f402ae766abcd,T561,T566,I see it as a serious problem,We're increasing the border security of the United States,Support,2004
2004_3d1d58f233fe7ed72b1f0f75187f960d,2004_111bccb5960ecead178f402ae766abcd,T567,T566,"We've got 1,000 more Border Patrol agents on the southern border",We're increasing the border security of the United States,Support,2004
2004_7d2fcb4f2e0fa4d15c257d8ee598a610,2004_111bccb5960ecead178f402ae766abcd,T568,T566,We're using new equipment,We're increasing the border security of the United States,Support,2004
2004_aca8d9e342a9ba5dcc1993c79e90855c,2004_111bccb5960ecead178f402ae766abcd,T569,T566,We're using unmanned vehicles to spot people coming across,We're increasing the border security of the United States,Support,2004
2004_6f4c9c47bb44a7c28a696873e09b5476,2004_153353ef791e0735c2ede1a05e394c1c,T572,T571,I was a border governor for a while,It's a subject I'm very familiar with,Support,2004
2004_153353ef791e0735c2ede1a05e394c1c,2004_dbea9ea44f0e7e28f2a33be286d5825d,T571,T575,It's a subject I'm very familiar with,Many people are coming to this country for economic reasons,Support,2004
2004_ef1047b3f9cb873b39f0796f0d9d040d,2004_dbea9ea44f0e7e28f2a33be286d5825d,T576,T575,They're coming here to work,Many people are coming to this country for economic reasons,Support,2004
2004_696f03d64ed0014efa795ba80287ac72,2004_dbea9ea44f0e7e28f2a33be286d5825d,T577,T575,"If you can make 50 cents in the heart of Mexico, for example, or make $5 here in America, $5. 15, you're going to come here if you're worth your salt",Many people are coming to this country for economic reasons,Support,2004
2004_299553146e55ff853fc4f5d725d57959,2004_696f03d64ed0014efa795ba80287ac72,T578,T577,if you want to put food on the table for your families,"If you can make 50 cents in the heart of Mexico, for example, or make $5 here in America, $5. 15, you're going to come here if you're worth your salt",Support,2004
2004_80ededc4cd7b3d947b6fc85dc3a8961f,2004_55693df3cb1ba771646acb59e5e411d9,T574,T573,"so long as there's not an American willing to do that job, to join up in order to be able to fulfill the employers' needs",I believe there ought to be a temporary worker card that allows a willing worker and a willing employer to mate up,Support,2004
2004_ef4610cab024f490318dc5ffb74d916f,2004_80ededc4cd7b3d947b6fc85dc3a8961f,T584,T574,That has the benefit of making sure our employers aren't breaking the law as they try to fill their workforce needs,"so long as there's not an American willing to do that job, to join up in order to be able to fulfill the employers' needs",Support,2004
2004_dbea9ea44f0e7e28f2a33be286d5825d,2004_55693df3cb1ba771646acb59e5e411d9,T575,T573,Many people are coming to this country for economic reasons,I believe there ought to be a temporary worker card that allows a willing worker and a willing employer to mate up,Support,2004
2004_bdd56bd1845942c33a27b3162f0b30f5,2004_55693df3cb1ba771646acb59e5e411d9,T580,T573,It makes sure that the people coming across the border are humanely treated,I believe there ought to be a temporary worker card that allows a willing worker and a willing employer to mate up,Support,2004
2004_73f472e059656d354f22e89e93d58557,2004_bdd56bd1845942c33a27b3162f0b30f5,T581,T580,that they're not kept in the shadows of our society,It makes sure that the people coming across the border are humanely treated,Support,2004
2004_fbf2bb9338d4aea0ea0093e2a986900a,2004_bdd56bd1845942c33a27b3162f0b30f5,T582,T580,that they're able to go back and forth to see their families,It makes sure that the people coming across the border are humanely treated,Support,2004
2004_55de933117eef7d335a028dd748c3219,2004_22c05a6cfe30392c6ec35c8b3acf03fa,T587,T583,It also means it takes pressure off the border,"the card, it'll have a period of time attached to it",Support,2004
2004_b82fba129e97940215c0e60f0de42923,2004_22c05a6cfe30392c6ec35c8b3acf03fa,T585,T583,"If somebody is coming here to work with a card, it means they're not going to have to sneak across the border","the card, it'll have a period of time attached to it",Support,2004
2004_0f6a50a5dc77f7521fb4d128f2b4da03,2004_cd803692c6a21c290e2e9a5c19ea6d61,T596,T592,"what the president said about the tax cuts has been wiped out by the increase in health care, the increase in gasoline, the increase in tuitions, the increase in prescription drugs",The American middle-class family isn't making it right now,Support,2004
2004_0de7fe2d05ca0c70cc5c6e760bc0e000,2004_1a9507a67986ee2455ad8ecce084aa6d,T601,T600,He said he would reform it,the president broke his promise on immigration reform,Support,2004
2004_1a9507a67986ee2455ad8ecce084aa6d,2004_022ddc24c23c216422bbe745de24a003,T600,T602,the president broke his promise on immigration reform,Four years later he is now promising another plan,Support,2004
2004_615fd75ad5555e0051f317d51cb8e8e3,2004_f9910836f34f39529a9df9e2b2134a02,T607,T606,"if it's all we have, it's not going to solve the problem",we need a guest-worker program,Attack,2004
2004_2c202e34d81d6adb6dec9af3b8a36032,2004_6e8758ccd0b98a6685722fae1fc55965,T609,T608,It's against the law in the United States to hire people illegally,we need is to crack down on illegal hiring,Support,2004
2004_5788d6bcfa87865709ada8735517525b,2004_6e8758ccd0b98a6685722fae1fc55965,T610,T608,we ought to be enforcing that law properly,we need is to crack down on illegal hiring,Support,2004
2004_cf722b00232055615de3b8799a853f01,2004_ae7bcde4da0d99aa48d92b562ef3c54f,T613,T614,to say that the borders are not as protected as they were prior to September the 11th shows he doesn't know the borders,They're much better protected today than they were when I was the governor of Texas,Support,2004
2004_cf722b00232055615de3b8799a853f01,2004_0aa4dfd483c81e697e865f1a9d244535,T613,T603,to say that the borders are not as protected as they were prior to September the 11th shows he doesn't know the borders,the borders are more leaking today than they were before 9/11,Attack,2004
2004_bfe3d90a3122ec09a01999cd3005ccc3,2004_ae7bcde4da0d99aa48d92b562ef3c54f,T615,T614,We have much more manpower and much more equipment there,They're much better protected today than they were when I was the governor of Texas,Support,2004
2004_de18dcc84cef8ae650f3fac4d43973f0,2004_ae7bcde4da0d99aa48d92b562ef3c54f,T616,T614,He just doesn't understand how the borders work,They're much better protected today than they were when I was the governor of Texas,Support,2004
2004_99a28ac960a985f56149f1cf2d32922b,2004_1a5c5c2ef2b2b993b560bf69621dd1b8,T618,T617,We're continuing to increase manpower and equipment,we'll continue to protect our borders,Support,2004
2004_ae7bcde4da0d99aa48d92b562ef3c54f,2004_a2315a37e83284f022694a304173cc1d,T614,T1,They're much better protected today than they were when I was the governor of Texas,That is an outrageous claim,Support,2004
2004_a1f21b97dba1c60666936b5ad51559aa,2004_beab47a14c4076da4ac27e96222a84d9,T619,T622,Four thousand people a day are coming across the border,"we now have people from the Middle East, allegedly, coming across the border",Support,2004
2004_812438eec1cea01bb6ba4ec63f1eb8e1,2004_7e583c47e12cb3b35b3bc6bd1b842f53,T624,T623,We have iris-identification technology,we're not doing what we ought to do in terms of the technology,Support,2004
2004_beab47a14c4076da4ac27e96222a84d9,2004_7e583c47e12cb3b35b3bc6bd1b842f53,T622,T623,"we now have people from the Middle East, allegedly, coming across the border",we're not doing what we ought to do in terms of the technology,Support,2004
2004_d13e3f6da6b6f0f5f6e4bb10c1567ad1,2004_7e583c47e12cb3b35b3bc6bd1b842f53,T625,T623,"We have thumbprint, fingerprint technology today",we're not doing what we ought to do in terms of the technology,Support,2004
2004_1a2c2d5b181219ce75d1d828c6cc568f,2004_e062f5d5a527efbf7c7ee41f8ea7c647,T906,T905,"like Franklin Roosevelt, I don't care whether an idea is a Republican idea or a Democrat idea",we need to be united as a country,Support,2004
2004_c64ac31d65ffe8b1e6554b6a7663724d,2004_e062f5d5a527efbf7c7ee41f8ea7c647,T907,T905,I just care whether it works for America and whether it's going to make us stronger,we need to be united as a country,Support,2004
2004_0183ced92690b56e38c30d89e0bae451,2004_c64ac31d65ffe8b1e6554b6a7663724d,T908,T907,These are dangerous times,I just care whether it works for America and whether it's going to make us stronger,Support,2004
2004_2b93aa0f08397362f690d34666ac10f6,2004_870b6126f6d39954991f32a25694cf40,T925,T926,we've been through a lot together during the last 3 3/4 years,"We've come through a recession, a stock market decline, an attack on our country",Support,2004
2004_7f65a58b6971da1ee6850de143324cde,2004_431272a0dd6f23b162374ae2f25660d1,T930,T929,We reformed our school system,we'll make sure the economy continues to grow,Support,2004
2004_b44dea5666251bf2d78b0412419f8d82,2004_19aec67d3b506c54140e34c522812761,T856,T853,"I really was moved, as well as impressed, by the speech that he gave to the Congress","I think in those days after 9/11, I thought the president did a terrific job",Support,2004
2004_e6348bdfcd1a81ba00166b0f80b45c9e,2004_19aec67d3b506c54140e34c522812761,T854,T853,"I think the hug Tom Daschle gave him at that moment was about as genuine a sense of there being no Democrats, no Republicans, we were all just Americans","I think in those days after 9/11, I thought the president did a terrific job",Support,2004
2004_0d306083bf1cc3a668389b23dabe8f30,2004_85b5089fb536d3f0a0751f2e3253b2d3,T858,T857,I've never seen such ideological squabbles in the Congress of the United States,"the president who called himself a uniter, not a divider, is now presiding over the most divided America in the recent memory of our country",Support,2004
2004_41f28b5de6b5ab282ad3a7cf075830dc,2004_85b5089fb536d3f0a0751f2e3253b2d3,T859,T857,I've never seen members of a party locked out of meetings the way they're locked out today,"the president who called himself a uniter, not a divider, is now presiding over the most divided America in the recent memory of our country",Support,2004
2004_85b5089fb536d3f0a0751f2e3253b2d3,2004_9b98e3a590ce24a9599aec039be7dc59,T857,T861,"the president who called himself a uniter, not a divider, is now presiding over the most divided America in the recent memory of our country",We have to change that,Support,2004
2004_9b98e3a590ce24a9599aec039be7dc59,2004_4c224ca65ec55c727f7a1944b0c8a35b,T861,T860,We have to change that,"as president, I am committed to changing that",Support,2004
2004_01e4cf756fe71dc083c3e27bbd42f83f,2004_9b98e3a590ce24a9599aec039be7dc59,T855,T861,I think we have to come together and work to change it,We have to change that,Equivalent,2004
2004_1beda30f00420a3526ffe61c498f1d11,2004_01e4cf756fe71dc083c3e27bbd42f83f,T862,T855,I've done that,I think we have to come together and work to change it,Support,2004
2004_6490032f0d14b7e7bd5330aefba1deff,2004_1beda30f00420a3526ffe61c498f1d11,T863,T862,"Over 20 years in the United States Senate, I've worked with John McCain",I've done that,Support,2004
2004_8186dce562ced928e3f9112bd09f6fe6,2004_1beda30f00420a3526ffe61c498f1d11,T864,T862,I've worked with other colleagues,I've done that,Support,2004
2004_6cefd04766caaa448009eb0567e5b2a9,2004_a798f4eb5e0ccf7cffc882e64b59cd51,T866,T865,that's what makes us strong as Americans,I've tried to find the common ground,Support,2004
2004_a798f4eb5e0ccf7cffc882e64b59cd51,2004_1beda30f00420a3526ffe61c498f1d11,T865,T862,I've tried to find the common ground,I've done that,Support,2004
2004_808532a4048a1023d425985b0d980470,2004_317ab10428e72bb53f323d85684dcc8e,T869,T868,not secret meetings in the White House with special interests,"if Americans trust me with the presidency, I can pledge to you, we will have the most significant effort",Attack,2004
2004_588f7e0090682483c7ed651abf138ade,2004_317ab10428e72bb53f323d85684dcc8e,T870,T868,not ideologically driven efforts to push people aside,"if Americans trust me with the presidency, I can pledge to you, we will have the most significant effort",Attack,2004
2004_68154c87a2e87458fe5f14e5805c99dd,2004_317ab10428e72bb53f323d85684dcc8e,T867,T868,a genuine effort to try to restore America's hope and possibilities by bringing people together,"if Americans trust me with the presidency, I can pledge to you, we will have the most significant effort",Support,2004
2004_4c224ca65ec55c727f7a1944b0c8a35b,2004_317ab10428e72bb53f323d85684dcc8e,T860,T868,"as president, I am committed to changing that","if Americans trust me with the presidency, I can pledge to you, we will have the most significant effort",Equivalent,2004
2004_98abbb95235546db63273459ce225f32,2004_68154c87a2e87458fe5f14e5805c99dd,T871,T867,"I'm going to work with my friend, John McCain, to further campaign finance reform so we get these incredible amounts of money out of the system and open it up to average people",a genuine effort to try to restore America's hope and possibilities by bringing people together,Support,2004
2004_b895378ff6f8addf9fa9f4b199edc36b,2004_68154c87a2e87458fe5f14e5805c99dd,T872,T867,America is really represented by the people who make up America,a genuine effort to try to restore America's hope and possibilities by bringing people together,Support,2004
2004_a5a24c2ca02ab4b43be3af4c0c97b713,2004_28a76e165212a7464c775d22f86dac67,T878,T880,"The No Child Left Behind Act, incredibly enough, was good work between me and my administration and people like Senator Ted Kennedy",I had a record of working with Republicans and Democrats as the governor of Texas,Support,2004
2004_d673b24b69b988cfadf50c4369b4dce5,2004_28a76e165212a7464c775d22f86dac67,T882,T880,we worked together with Democrats to relieve the tax burden on the middle class and all who pay taxes in order to make sure this economy continues to grow,I had a record of working with Republicans and Democrats as the governor of Texas,Support,2004
2004_9c15b033fd00290e738f2191e405a5d6,2004_4ca0633cddcb1d29203228cce94652b8,T884,T873,"the way I view it is there's a lot of entrenched special interests there, people who are, you know, on one side of the issue or another",My biggest disappointment in Washington is how partisan the town is,Support,2004
2004_6874af5f4e71238ebb46f610dffa8196,2004_4ca0633cddcb1d29203228cce94652b8,T883,T873,they spend enormous sums of money and they convince different senators to taut their way or different congressmen to talk about their issue,My biggest disappointment in Washington is how partisan the town is,Support,2004
2004_28a76e165212a7464c775d22f86dac67,2004_355ac304b06c724db879c3a09e583cef,T880,T879,I had a record of working with Republicans and Democrats as the governor of Texas,"I'll continue, in the four years, to continue to try to work to do so",Support,2004
2004_e55ec1ba720289caf8f05c86f1924c3e,2004_b0a3c8442e1a047617df16587df1661a,T875,T874,he understands I have the right view in winning the war on terror and that my plan will succeed in Iraq,John McCain is for me for president,Support,2004
2004_b0a3c8442e1a047617df16587df1661a,2004_6490032f0d14b7e7bd5330aefba1deff,T874,T863,John McCain is for me for president,"Over 20 years in the United States Senate, I've worked with John McCain",Attack,2004
2004_88632ec2b444afe1ef47432cfc70fa59,2004_e55ec1ba720289caf8f05c86f1924c3e,T877,T875,my opponent has got a plan of retreat and defeat in Iraq,he understands I have the right view in winning the war on terror and that my plan will succeed in Iraq,Attack,2004
2004_22fb1722a0c7b8076e33c3bfeb3f333f,2004_4c3f2a3e442312a966e6d59297520ebf,T898,T894,They also kick me around. They keep me honest. They don't let me get away with anything.,"my daughters and my wife are people who just are filled with that sense of what's right, what's wrong",Support,2004
2004_7ccc2000eb1e38b0f2e12798d9f3a211,2004_32b9bd7842621cdede23d5e079016a28,T631,T2,We have fought to try to raise the minimum wage in the last years,this is one of those issues that separates the president and myself,Support,2004
2004_1bfff0408b8f74a91e4a022240ecc99b,2004_32b9bd7842621cdede23d5e079016a28,T632,T2,the Republican leadership of the House and Senate won't even let us have a vote on it,this is one of those issues that separates the president and myself,Support,2004
2004_e204aeb29181d7372f58698e31b4f050,2004_1bfff0408b8f74a91e4a022240ecc99b,T633,T632,We're not allowed to vote on it,the Republican leadership of the House and Senate won't even let us have a vote on it,Support,2004
2004_9a441f5b1a5154a9b12da858bfbff8b6,2004_1bfff0408b8f74a91e4a022240ecc99b,T634,T632,They don't want to raise the minimum wage,the Republican leadership of the House and Senate won't even let us have a vote on it,Support,2004
2004_e55ffe8d6ecfb9607c8dc703cc4b3b25,2004_087fa7f96e43c6a8909d39022e8448ef,T635,T630,The minimum wage is the lowest minimum wage value it has been in our nation in 50 years,It's long overdue time to raise the minimum wage,Support,2004
2004_3106196ccfe50dd9e28a971a934f1793,2004_e55ffe8d6ecfb9607c8dc703cc4b3b25,T636,T635,"If we raise the minimum wage, which I will do over several years to $7 an hour, 9. 2 million women who are trying to raise their families would earn another $3,800 a year",The minimum wage is the lowest minimum wage value it has been in our nation in 50 years,Support,2004
2004_dc76012b8992cdf6aea793f08b135ef9,2004_9a441f5b1a5154a9b12da858bfbff8b6,T637,T634,"The president has denied 9. 2 million women $3,800 a year",They don't want to raise the minimum wage,Support,2004
2004_2d44228ed6730cce0c41ba2a7dd0700e,2004_9a441f5b1a5154a9b12da858bfbff8b6,T638,T634,"he doesn't hesitate to fight for $136,000 to a millionaire",They don't want to raise the minimum wage,Support,2004
2004_85fd4549c068e19a112739e464b93a03,2004_087fa7f96e43c6a8909d39022e8448ef,T642,T630,What we need to do is raise the minimum wage,It's long overdue time to raise the minimum wage,Equivalent,2004
2004_e186a5da831f5c0a3a7775f3db79a1e0,2004_2335b2efe4de6c2a7e2ff4de72a5af88,T644,T643,Women work for 76 cents on the dollar for the same work that men do,We also need to hold on to equal pay,Support,2004
2004_2335b2efe4de6c2a7e2ff4de72a5af88,2004_b91363104150f3f8294fa5a1cd01df08,T643,T645,We also need to hold on to equal pay,we had an initiative that we were working on to raise women's pay,Support,2004
2004_5f768433b9ed9138b17a22ff74585bbd,2004_85fd4549c068e19a112739e464b93a03,T649,T642,"I think that it's a matter of fundamental right that if we raise the minimum wage, 15 million Americans would be positively affected",What we need to do is raise the minimum wage,Support,2004
2004_ace9eb2c1545c4525f8e5f7319e14311,2004_5f768433b9ed9138b17a22ff74585bbd,T650,T649,"We'd put money into the hands of people who work hard, who obey the rules, who play for the American dream","I think that it's a matter of fundamental right that if we raise the minimum wage, 15 million Americans would be positively affected",Support,2004
2004_0ac5d9fb40d9fbc1a409f62a015f7d62,2004_5f768433b9ed9138b17a22ff74585bbd,T652,T649,"if we did that, we'd have more consumption ability in America, which is what we need right now in order to kick our economy into gear","I think that it's a matter of fundamental right that if we raise the minimum wage, 15 million Americans would be positively affected",Support,2004
2004_85fd4549c068e19a112739e464b93a03,2004_e131d25a0fa6b498004e57c2385fd6cb,T642,T651,What we need to do is raise the minimum wage,I will fight tooth and nail to pass the minimum wage,Support,2004
2004_d329ef06488ac85feffd0aea45abf4e8,2004_17cbff8799a365675e725334f9a7acc1,T662,T661,"The No Child Left Behind Act says, ""We'll raise standards",the No Child Left Behind Act is really a jobs act when you think about it,Support,2004
2004_301633d04ded80510b2d95edfc87356d,2004_17cbff8799a365675e725334f9a7acc1,T663,T661,We'll increase federal spending,the No Child Left Behind Act is really a jobs act when you think about it,Support,2004
2004_f3b450ab6ff5cac9ead6bcd366d6b008,2004_ed3fc511b44d96357aaff7bcc3fa430b,T666,T659,You cannot solve a problem unless you diagnose the problem,that's to make sure the education system works,Support,2004
2004_b193389221c2b93e49b6355d40775341,2004_67dd7b21e0cde8da95378fbb70877704,T669,T671,Many inner-city kids just move through,just kids were being shuffled through the school,Support,2004
2004_67dd7b21e0cde8da95378fbb70877704,2004_f3b450ab6ff5cac9ead6bcd366d6b008,T671,T666,just kids were being shuffled through the school,You cannot solve a problem unless you diagnose the problem,Support,2004
2004_7a165fa0437da1e304d07fefcf88ab17,2004_67dd7b21e0cde8da95378fbb70877704,T668,T671,Children whose parents wouldn't speak English as a first language just move through,just kids were being shuffled through the school,Support,2004
2004_b34dedee056f96fb40bf1e9ff46fe4a2,2004_c5f12d36cd6c731eec2a7f054d0b4247,T3,T672,"I remember a lady in Houston, Texas, told me, ""Reading is the new civil right,"" and she's right","when we find a problem, we spend extra money to correct it",Support,2004
2004_ed3fc511b44d96357aaff7bcc3fa430b,2004_c5f12d36cd6c731eec2a7f054d0b4247,T659,T672,that's to make sure the education system works,"when we find a problem, we spend extra money to correct it",Support,2004
2004_c5f12d36cd6c731eec2a7f054d0b4247,2004_3d46ea66693036f4e2d4b4e90a6b7ec6,T672,T657,"when we find a problem, we spend extra money to correct it",we've got to get it right in the education system,Support,2004
2004_28d0fae152028940def6263f31917d17,2004_3d46ea66693036f4e2d4b4e90a6b7ec6,T653,T657,we'll never be able to compete in the 21st century unless we have an education system that doesn't quit on children,we've got to get it right in the education system,Support,2004
2004_e2460063a3e62052bc985e7596f03a89,2004_3d46ea66693036f4e2d4b4e90a6b7ec6,T654,T657,an education system that raises standards,we've got to get it right in the education system,Support,2004
2004_af5eeded2a1e9411ee97030737297c68,2004_3d46ea66693036f4e2d4b4e90a6b7ec6,T655,T657,an education that makes sure there's excellence in every classroom,we've got to get it right in the education system,Support,2004
2004_e7531252165f02968620520e9941b5ac,2004_3d46ea66693036f4e2d4b4e90a6b7ec6,T658,T657,we're beginning to close a minority achievement gap now,we've got to get it right in the education system,Support,2004
2004_75554bb94f87bc51852a09b8ef969b0e,2004_441e094d2acb21e36689ca1552e66976,T4,T677,the president didn't answer the question,I'll have no litmus test,Attack,2004
2004_ec5053677ea304cfaf55a2dbe635d9c7,2004_441e094d2acb21e36689ca1552e66976,T675,T677,I will not have a litmus test,I'll have no litmus test,Equivalent,2004
2004_c18f1cc8abef1e70990b7316c0ec49eb,2004_8a6e149d7247798b9be386aa83697384,T681,T680,"whether it's the First Amendment, or the Fifth Amendment, or some other right that's given under our courts today -- under the Constitution",I'm not going to appoint a judge to the Court who's going to undo a constitutional right,Support,2004
2004_8a6e149d7247798b9be386aa83697384,2004_e5a6345468b3d15ba4c30cc1fe446d52,T680,T679,I'm not going to appoint a judge to the Court who's going to undo a constitutional right,I believe that the right of choice is a constitutional right,Support,2004
2004_843e88f09e0dd40bcf1aca88b6d5c46b,2004_4fa94092e20ec54087d87d8524dabbc9,T688,T684,I don't know how you can govern in this country when you look at New York City and you see that 50 percent of the black males there are unemployed,We have a long distance yet to travel in terms of fairness in America,Support,2004
2004_0bc5bc3127f8c724190554d6e72a5517,2004_4fa94092e20ec54087d87d8524dabbc9,T689,T684,when you see 40 percent of Hispanic children -- of black children in some cities -- dropping out of high school,We have a long distance yet to travel in terms of fairness in America,Support,2004
2004_fbc6f05e83dd3dfeb87706ed1bfa5a71,2004_4fa94092e20ec54087d87d8524dabbc9,T690,T684,the president who talks about No Child Left Behind refused to fully fund -- by $28 billion,We have a long distance yet to travel in terms of fairness in America,Support,2004
2004_093bb3b58028c68f35978939d63ad9c6,2004_fbc6f05e83dd3dfeb87706ed1bfa5a71,T691,T690,that particular program so you can make a difference in the lives of those young people,the president who talks about No Child Left Behind refused to fully fund -- by $28 billion,Support,2004
2004_d2cbad791335409cbd0dd4675f8a9eb8,2004_4fa94092e20ec54087d87d8524dabbc9,T692,T684,that difference would have been $131 million to the state of Arizona to help its kids be able to have better education and to lift the property tax burden from its citizens,We have a long distance yet to travel in terms of fairness in America,Support,2004
2004_f56808a340e2c49135615d41631769d7,2004_17cbff8799a365675e725334f9a7acc1,T678,T661,The president reneged on his promise to fund No Child Left Behind,the No Child Left Behind Act is really a jobs act when you think about it,Attack,2004
2004_cdd698bd3145082e92513d76c52cb9bd,2004_f56808a340e2c49135615d41631769d7,T687,T678,"He'll tell you he's raised the money, and he has",The president reneged on his promise to fund No Child Left Behind,Support,2004
2004_7ba19d7286617b327d4a2c66b08642f0,2004_f56808a340e2c49135615d41631769d7,T685,T678,he didn't put in what he promised,The president reneged on his promise to fund No Child Left Behind,Support,2004
2004_3d3a4a3e7339ef5fcc7f51e44eaac565,2004_4ba44740d3b6a75f4cfa4953e67da9b6,T696,T697,only a liberal senator from Massachusetts would say that a 49 percent increase in funding for education was not enough,We've increased funds,Support,2004
2004_3d3a4a3e7339ef5fcc7f51e44eaac565,2004_7ba19d7286617b327d4a2c66b08642f0,T696,T685,only a liberal senator from Massachusetts would say that a 49 percent increase in funding for education was not enough,he didn't put in what he promised,Attack,2004
2004_a930d54d00b1c4c7a3c296aabe4f2ef2,2004_4a40d89c75e38f9ba2f4de5d30462d4e,T703,T704,You don't measure it by a percentage increase,"Mr. President, you measure it by whether you're getting the job done",Support,2004
2004_4a40d89c75e38f9ba2f4de5d30462d4e,2004_3d3a4a3e7339ef5fcc7f51e44eaac565,T704,T696,"Mr. President, you measure it by whether you're getting the job done",only a liberal senator from Massachusetts would say that a 49 percent increase in funding for education was not enough,Attack,2004
2004_daf94a65d5ea85406d63b258b948cb8a,2004_4a40d89c75e38f9ba2f4de5d30462d4e,T705,T704,Five hundred thousand kids lost after-school programs because of your budget,"Mr. President, you measure it by whether you're getting the job done",Support,2004
2004_428b6b913e85ff181afeb783bfadd77b,2004_4a40d89c75e38f9ba2f4de5d30462d4e,T708,T704,That's not in my value system,"Mr. President, you measure it by whether you're getting the job done",Support,2004
2004_0d924672aa2d1bed5b40cdd7da0db3be,2004_428b6b913e85ff181afeb783bfadd77b,T707,T708,certainly not so that the wealthiest people in America can walk away with another tax cut,That's not in my value system,Support,2004
2004_8166fa6ea3658f4973168f1a1387f4ca,2004_428b6b913e85ff181afeb783bfadd77b,T709,T708,$89 billion last year to the top 1 percent of Americans,That's not in my value system,Support,2004
2004_d52c505c605596d80a07af023e7483c4,2004_428b6b913e85ff181afeb783bfadd77b,T710,T708,kids lost their after-school programs,That's not in my value system,Support,2004
2004_97103e24df85834b38a25a027c062e92,2004_623328499d8c3da2476d4de478e6366d,T16,T17,Senator Kerry's voted 10 times against medical liability reform,"I don't believe Senator Edwards supports it, either, not the kind that would be meaningful",Support,2004
2004_869dced05ce3a29a834833f1277054a4,2004_97103e24df85834b38a25a027c062e92,T15,T16,It's been blocked in the Senate,Senator Kerry's voted 10 times against medical liability reform,Support,2004
2004_be1ba63b05074050fbc0882d0e73620e,2004_bb0ccc6511feed1666e3245847188bf7,T13,T12,Over 50 percent of the settlements go to the attorneys and for administrating overhead,we also think you need to limit the awards that the trial attorneys take out of all of this,Support,2004
2004_bba3631eff634c4ec5eca1dd227f7ecf,2004_0ac11a3b086b242d508784f9bdc7d929,T11,T10,what we need to do is cap non-economic damages,"We think it can be fixed, needs to be fixed",Support,2004
2004_0d1ef13f489fabce24fddcaef647ae03,2004_0ac11a3b086b242d508784f9bdc7d929,T14,T10,We passed medical liability reform through the House of Representatives,"We think it can be fixed, needs to be fixed",Support,2004
2004_bb0ccc6511feed1666e3245847188bf7,2004_0ac11a3b086b242d508784f9bdc7d929,T12,T10,we also think you need to limit the awards that the trial attorneys take out of all of this,"We think it can be fixed, needs to be fixed",Support,2004
2004_db32281a7adfd7daf8fd36a8f177db57,2004_0ac11a3b086b242d508784f9bdc7d929,T9,T10,We've lost one out of eleven OB/GYN practitioners in the country,"We think it can be fixed, needs to be fixed",Support,2004
2004_cbc193885331e1cf185e25f82c96e107,2004_0ac11a3b086b242d508784f9bdc7d929,T8,T10,high risk patients don't get covered anymore,"We think it can be fixed, needs to be fixed",Support,2004
2004_77dee6daa628c2be29984b222e3d1eaa,2004_d5e4a6dd86b7d5fa41732d322f222bad,T7,T18,"he rates for a general practitioner have gone from $40,000 a year to $100,000 a year for an insurance policy",We think this has a devastating impact on the quality of health care,Support,2004
2004_d5e4a6dd86b7d5fa41732d322f222bad,2004_0ac11a3b086b242d508784f9bdc7d929,T18,T10,We think this has a devastating impact on the quality of health care,"We think it can be fixed, needs to be fixed",Support,2004
2004_8c5be64f87b2616b0ca81bbbe7ce7ee7,2004_0ac11a3b086b242d508784f9bdc7d929,T6,T10,"My home state of Wyoming, we've lost the top insurer of malpractice insurance in the state","We think it can be fixed, needs to be fixed",Support,2004
2004_a102b75a48e3f834e914551318db7e5f,2004_0d1ef13f489fabce24fddcaef647ae03,T2,T14,"My concern is specifically with what's happened to our medical care system because of rising malpractice insurance rates, because we failed to adequately reform our medical liability structure",We passed medical liability reform through the House of Representatives,Support,2004
2004_f8e6a3d809eedd92eaa3aa7a3ecaf2fe,2004_a102b75a48e3f834e914551318db7e5f,T3,T2,I was in New Mexico the other day and met with a group of OB/GYN docs.  And they were deeply concerned because they were fearful that there'd be another increase in malpractice insurance rates as a result of what they believe are frivolous lawsuits and that that would put them out of business,"My concern is specifically with what's happened to our medical care system because of rising malpractice insurance rates, because we failed to adequately reform our medical liability structure",Support,2004
2004_74a3ea4fa59a0847b8e0396628dffcca,2004_a102b75a48e3f834e914551318db7e5f,T4,T2,one doctor indicated that her rates have gone up so much that she's now to the point where she is screening patients,"My concern is specifically with what's happened to our medical care system because of rising malpractice insurance rates, because we failed to adequately reform our medical liability structure",Support,2004
2004_2e85d74971ff617e37a21a5e9bbdf1e8,2004_a102b75a48e3f834e914551318db7e5f,T5,T2,"She won't take high-risk patients anymore because of the danger that that will generate a lawsuit, and a lawsuit will put her out of business","My concern is specifically with what's happened to our medical care system because of rising malpractice insurance rates, because we failed to adequately reform our medical liability structure",Support,2004
2004_e60ff7c94546c8a43ac02a6e99e62cf7,2004_07f536386dfab37de678f0eb6df5ea9b,T22,T21,"We want to put more responsibility on the lawyers to require, before a case, malpractice, which the vice president just spoke about, have the case reviewed by independent experts to determine if the case is serious and meritorious before it can be filed",John Kerry and I have a plan to do something about it,Support,2004
2004_2c64080ba95456e5d0941bf8c9e7b003,2004_07f536386dfab37de678f0eb6df5ea9b,T23,T21,"hold the lawyers responsible for that, certify that and hold the lawyer financially responsible if they don't do it; have a three-strikes-and-you're-out rule so that a lawyer who files three of these cases without meeting this requirement loses their right to file these cases",John Kerry and I have a plan to do something about it,Support,2004
2004_03d592ac0729135977e095e6a986a7f1,2004_2c64080ba95456e5d0941bf8c9e7b003,T24,T23,That way we keep the cases out of the system that don't belong in the system,"hold the lawyers responsible for that, certify that and hold the lawyer financially responsible if they don't do it; have a three-strikes-and-you're-out rule so that a lawyer who files three of these cases without meeting this requirement loses their right to file these cases",Support,2004
2004_78d6a9de219d71a6e6261ef4ee1d3857,2004_0526383fd92fd3dfde371ba42db32761,T30,T27,They could have fixed it with a 2-cent screw,That's wrong,Support,2004
2004_ffe1cf832b7e87615798578f52fc6f0a,2004_0526383fd92fd3dfde371ba42db32761,T29,T27,They didn't tell anybody,That's wrong,Support,2004
2004_6b3d9e8303c56b69e5674c9fac0b7a18,2004_0526383fd92fd3dfde371ba42db32761,T28,T27,They hid it,That's wrong,Support,2004
2004_23396c82d1b4cf4d7c08976077f86bf5,2004_0526383fd92fd3dfde371ba42db32761,T26,T27,It turns out the company knew of 12 other children who had either been killed or severely injured by the same problem,That's wrong,Support,2004
2004_d4773632c77bbce385d10ea2c6cf34b3,2004_0526383fd92fd3dfde371ba42db32761,T25,T27,"we don't believe that we should take away the right of people like Valerie Lakey, who was the young girl who I represented, five years old, severely injured for life, on a defective swimming pool drain cover",That's wrong,Support,2004
2004_0526383fd92fd3dfde371ba42db32761,2004_f79c1d9968dd28cb1fc219acb0cd6070,T27,T31,That's wrong,"John Kerry and I are always going to stand with the Valerie Lakeys of the world, and not with the insurance companies",Support,2004
2004_d5e4a6dd86b7d5fa41732d322f222bad,2004_62ac5862c4a11676f02e353f1f01f638,T18,T34,We think this has a devastating impact on the quality of health care,This has had a devastating impact in a lot of communities,Equivalent,2004
2004_7003a5a0c74cd54972e676219fc679c3,2004_0183310038e9b83e520ed3a8e67cfdf0,T35,T33,they're getting squeezed from both sides,"I would be the first to say that what the vice president described a few minutes ago, problems with malpractice premiums, that's true, it's real",Support,2004
2004_1082a1f4844916476266fcade0d3018a,2004_0183310038e9b83e520ed3a8e67cfdf0,T19,T33,"they have trouble getting reimbursed, first of all, for the care that they provide, you know, from the government or from health-care companies","I would be the first to say that what the vice president described a few minutes ago, problems with malpractice premiums, that's true, it's real",Support,2004
2004_109c2ca6e2cc12a687c3cbdc342d4105,2004_0183310038e9b83e520ed3a8e67cfdf0,T36,T33,"on the flip side, their malpractice costs are going up","I would be the first to say that what the vice president described a few minutes ago, problems with malpractice premiums, that's true, it's real",Support,2004
2004_109c2ca6e2cc12a687c3cbdc342d4105,2004_a77a36e30b4edde4f628e03434a03316,T36,T37,"on the flip side, their malpractice costs are going up",we have proposed a plan to keep cases out of the system that don't belong there,Support,2004
2004_1082a1f4844916476266fcade0d3018a,2004_a77a36e30b4edde4f628e03434a03316,T19,T37,"they have trouble getting reimbursed, first of all, for the care that they provide, you know, from the government or from health-care companies",we have proposed a plan to keep cases out of the system that don't belong there,Support,2004
2004_b644f8f510cde2889527b9905cf81300,2004_a662c08155d2e22e340d16ffa05e3b50,T46,T47,Medical costs are skyrocketing,"We have a serious health care plan to bring down costs for everybody, to cover millions more Americans and to actually stand up to drug companies and insurance companies which this administration has been unwilling to do",Support,2004
2004_686a2d39f5a0ccb0b6eedb6f9ab9f578,2004_a662c08155d2e22e340d16ffa05e3b50,T45,T47,Five million Americans have lost their health care coverage,"We have a serious health care plan to bring down costs for everybody, to cover millions more Americans and to actually stand up to drug companies and insurance companies which this administration has been unwilling to do",Support,2004
2004_a77a36e30b4edde4f628e03434a03316,2004_d6752e90a6d46299e601b7245c27bd8f,T37,T43,we have proposed a plan to keep cases out of the system that don't belong there,We think we have a plan to keep cases that don't belong in the system out,Equivalent,2004
2004_fe3a5d256332ed8d817ab1033ea7889e,2004_d949b290b33928dae1f62b4df3cafac3,T50,T49,"He told me that if it weren't for the increased cost of his liability insurance, in this case product liability, he could hire 200 more people in his factory",We think we badly need tort reform,Support,2004
2004_58d9e4fa5e8777feaa41a023bff027f1,2004_ed551d5848b5fc57b5be2524f05d6950,T51,T52,We've built into the system enormous costs as a result of our practice with respect to litigation,We have to find ways to get a handle on it,Support,2004
2004_fe3a5d256332ed8d817ab1033ea7889e,2004_58d9e4fa5e8777feaa41a023bff027f1,T50,T51,"He told me that if it weren't for the increased cost of his liability insurance, in this case product liability, he could hire 200 more people in his factory",We've built into the system enormous costs as a result of our practice with respect to litigation,Support,2004
2004_ab239ed271cdb2cccfc6b2b6880c60c9,2004_0b426ce73bd8bc56e4cdd9c3ceb843a4,T55,T53,John Kerry voted for it," He mentioned Medicare up 17 percent, somehow that that was something we caused",Attack,2004
2004_ab239ed271cdb2cccfc6b2b6880c60c9,2004_0e9a85dab6b36f9ffa2940ac39832981,T55,T41,John Kerry voted for it,Medicare premiums are up 17 percent on their watch,Attack,2004
2004_db889fda44b91b9662a6cdccb748cd5f,2004_d949b290b33928dae1f62b4df3cafac3,T48,T49,we think lawsuit abuse is a serious problem in this country,We think we badly need tort reform,Support,2004
2004_8bea82d034c8fe5917017fe1886915b2,2004_ab239ed271cdb2cccfc6b2b6880c60c9,T54,T55,The 17 percent increase in Medicare premiums was the direct result of a statute adopted in 1997,John Kerry voted for it,Support,2004
2004_a40d13a800c46ced447149966df56253,2004_c6e7c5f5729e2405a0bf0887ca5ce677,T58,T57,to make certain that we could cover those eligible for benefits,the money had to go into the trust fund,Support,2004
2004_eabeebefd91afc07ff25624bcc4f4c47,2004_ab239ed271cdb2cccfc6b2b6880c60c9,T59,T55,"it's those kinds of loopholes that necessitate a premium increase under the law that was enacted in 1997, supported by John Kerry",John Kerry voted for it,Support,2004
2004_1e99be1ab8fdb1f31584bf88a5a302d5,2004_ab239ed271cdb2cccfc6b2b6880c60c9,T61,T55,"While you were in private practice in law and as a senator, you had the advantage of a special tax loophole, Subchapter S corporation, which you set up so you could avoid paying $600,000 in Medicare taxes that would have gone into the fund",John Kerry voted for it,Support,2004
2004_dd2c6a85a3caeaab79c5425bff890249,2004_1e99be1ab8fdb1f31584bf88a5a302d5,T60,T61,"first of all, I have paid all the taxes that I owe","While you were in private practice in law and as a senator, you had the advantage of a special tax loophole, Subchapter S corporation, which you set up so you could avoid paying $600,000 in Medicare taxes that would have gone into the fund",Attack,2004
2004_e79af4fae63c048b9f070d0c4eadce60,2004_eabeebefd91afc07ff25624bcc4f4c47,T62,T59,"When the vice president was CEO of Halliburton, they took advantage of every offshore loophole available","it's those kinds of loopholes that necessitate a premium increase under the law that was enacted in 1997, supported by John Kerry",Attack,2004
2004_6b706ef3d905c9393c4c6186ca3fa69d,2004_e79af4fae63c048b9f070d0c4eadce60,T63,T62,They had multiple offshore companies that were avoiding taxes,"When the vice president was CEO of Halliburton, they took advantage of every offshore loophole available",Support,2004
2004_52f0bc350ad53c6f6dfc2c86c84a96b0,2004_936b0d62f3c1a55bd2561bf0f94ba796,T65,T64,They ought to be closed,Those are the kind of things that ought to be closed,Equivalent,2004
2004_918fefe610ce20f1c1fa62942c5b7e51,2004_52f0bc350ad53c6f6dfc2c86c84a96b0,T66,T65,They ought to be closed for anybody,They ought to be closed,Equivalent,2004
2004_da828a7f26077b0267681b6bf21bd96d,2004_48a0f305a193cfdb912ad5fb6a918fd2,T71,T70,"The Medicare drug benefit that we'll be providing to seniors beginning in '06 will provide upwards to $1,300 a year to help them buy prescription drugs",We've done a lot to reduce the cost of health care,Support,2004
2004_0d6bcf982ae92aab254ed69af1ff8194,2004_48a0f305a193cfdb912ad5fb6a918fd2,T72,T70,The drug savings -- drug discount card that's now available saves an estimated 15 percent to 30 percent off the cost of prescription drugs for senior citizens,We've done a lot to reduce the cost of health care,Support,2004
2004_48a0f305a193cfdb912ad5fb6a918fd2,2004_1d92ea7856975da44823c77e1a5684e5,T70,T73,We've done a lot to reduce the cost of health care,we're moving in as many areas as we can to make certain we hold down and reduce the health care costs,Equivalent,2004
2004_6adb6c860c42da99b4bccd4ffff2a09a,2004_31f096da8bc3388f2cdce81032ab245f,T8,T7,I have not heard those numbers with respect to African- American women,"Here in the United States, we've made significant progress",Support,2004
2004_5f0a8d928083546b14d791f3a9f8d35b,2004_31f096da8bc3388f2cdce81032ab245f,T9,T7,"I was not aware that it was -- that they're in epidemic there, because we have made progress in terms of the overall rate of AIDS infection, and I think primarily through a combination of education and public awareness as well as the development, as a result of research, of drugs that allow people to live longer lives even though they are infected","Here in the United States, we've made significant progress",Support,2004
2004_12348d7b3e8fa35b4154b8d8d6e1957c,2004_eed6a5d3baa12f8f619ccabfcb4e4d29,T6,T5,"He has moved and proposed and gotten through the Congress authorization for $15 billion to help in the international effort, to be targeted in those places where we need to do everything we can, through a combination of education as well as providing the kinds of medicines that will help people control the infection",The president has been deeply concerned about it,Support,2004
2004_44d82da6b156384057b519d50aa17404,2004_12348d7b3e8fa35b4154b8d8d6e1957c,T10,T6,John Kerry and I believe that needs to be doubled,"He has moved and proposed and gotten through the Congress authorization for $15 billion to help in the international effort, to be targeted in those places where we need to do everything we can, through a combination of education as well as providing the kinds of medicines that will help people control the infection",Attack,2004
2004_d96a687450f2d2f3ceb1cd476b714129,2004_5bdf20c0d5258369ede8022c57cdeb8f,T16,T15,"the possibility of not only developing AIDS and having a problem -- having a problem -- a life-threatening problem, but the problem of developing other life-threatening diseases is there every day of their lives","If kids and adults don't have access to preventative care, if they're not getting the health care that they need day after day after day",Support,2004
2004_20a32c151d3e66b2e36d5f36746607a0,2004_98c999905b1b1166846b48180b13e234,T721,T720,"Nine out of 10 active-duty Army divisions are either in Iraq, going to Iraq or have come back from Iraq",Our military is overextended,Support,2004
2004_98c999905b1b1166846b48180b13e234,2004_e828061b0ef2bf9f8bfc99727b74f1a0,T720,T725,Our military is overextended,"I've proposed adding two active-duty divisions to the armed forces of the United States -- one combat, one support",Support,2004
2004_b237b21993c819ee04129e7bbf7caf6c,2004_39b2dac4c14f4d6c2bc6d4c7e2861caf,T726,T722,what I would like to do is see the National Guard and Reserve be deployed differently here in our own country,"I'm going to double the number of Special Forces so that we can fight a more effective war on terror, with less pressure on the National Guard and Reserve",Support,2004
2004_4df41174c73382f85888a6072c4a345b,2004_b39833ce02e65a39b71616976230b695,T724,T723,when we are sharing the burdens of the world by working through our statesmanship at the highest levels and our diplomacy to bring other nations to our side,the most important thing to relieve the pressure on all of the armed forces is frankly to run a foreign policy that recognizes that America is strongest when we are working with real alliances,Support,2004
2004_05f6b11696a601ddc4abeab5b6260e0c,2004_b3802680ed1fa63ef199675303f78929,T728,T719,He said he would work through a real alliance,I believe the president broke faith with the American people in the way that he took this nation to war,Support,2004
2004_1c2e4fdaef39cfb82087b19c67f89b69,2004_b3802680ed1fa63ef199675303f78929,T729,T719,"He said in Cincinnati we would plan carefully, we would take every precaution",I believe the president broke faith with the American people in the way that he took this nation to war,Support,2004
2004_9cab1502452d024fcd35e5dc68be56b5,2004_b3802680ed1fa63ef199675303f78929,T730,T719,we didn't,I believe the president broke faith with the American people in the way that he took this nation to war,Support,2004
2004_139e38553aee7995df311f2bbd98538c,2004_b3802680ed1fa63ef199675303f78929,T731,T719,the result is our forces today are overextended,I believe the president broke faith with the American people in the way that he took this nation to war,Support,2004
2004_745362b5c32d7a36bace1c024f654aff,2004_139e38553aee7995df311f2bbd98538c,T732,T731,he did not choose to go to war as a last result,the result is our forces today are overextended,Support,2004
2004_239b3953607f91b559da044741b6ecf6,2004_b3802680ed1fa63ef199675303f78929,T733,T719,"America now is paying, already $120 billion, up to $200 billion before we're finished and much more probably",I believe the president broke faith with the American people in the way that he took this nation to war,Support,2004
2004_ffda133a24b1580d61fc498321a31cf0,2004_b3802680ed1fa63ef199675303f78929,T734,T719,that is the result of this president taking his eye off of Osama bin Laden,I believe the president broke faith with the American people in the way that he took this nation to war,Support,2004
2004_cb8b6c4538da19a54a89dc34562c4359,2004_b39833ce02e65a39b71616976230b695,T735,T723,The best way to take the pressure off our troops is to succeed in Iraq,the most important thing to relieve the pressure on all of the armed forces is frankly to run a foreign policy that recognizes that America is strongest when we are working with real alliances,Attack,2004
2004_6fc14feea9775d2415be578c6feb2bdb,2004_cb8b6c4538da19a54a89dc34562c4359,T736,T735,is to train Iraqis so they can do the hard work of democracy,The best way to take the pressure off our troops is to succeed in Iraq,Support,2004
2004_c43df6213717c86c38277e5e561fd83a,2004_cb8b6c4538da19a54a89dc34562c4359,T737,T735,is to give them a chance to defend their country,The best way to take the pressure off our troops is to succeed in Iraq,Support,2004
2004_13e0d1a2789f95efacd6db4b462ac966,2004_cb8b6c4538da19a54a89dc34562c4359,T738,T735,which is precisely what we're doing,The best way to take the pressure off our troops is to succeed in Iraq,Support,2004
2004_eddb442eda05b4583d9d47893ea1fa52,2004_c43df6213717c86c38277e5e561fd83a,T1,T737,"We'll have 125,000 troops trained by the end of this year",is to give them a chance to defend their country,Support,2004
2004_b8bb5256653698561e31c539230590e3,2004_a359e581406b2a199e683c942a250565,T746,T745,In our first debate he proposed America pass a global test,"In order to defend ourselves, we'd have to get international approval",Support,2004
2004_2861e7f41d658cd0a0eccc04d68b1ec6,2004_a359e581406b2a199e683c942a250565,T744,T745,"My opponent, the senator, talks about foreign policy","In order to defend ourselves, we'd have to get international approval",Support,2004
2004_f953d29525b1ac7671dbcbee1de80666,2004_a359e581406b2a199e683c942a250565,T742,T745,I will never turn over our national- security decisions to leaders of other countries,"In order to defend ourselves, we'd have to get international approval",Attack,2004
2004_9028d572ebc504636bf80e75b6205034,2004_5efa322e5d224faeac5e326adf9063ba,T740,T741,I'll work with friends,We'll continue to build strong coalitions,Support,2004
2004_a31d927e6472c2724b311bcf9a8a8885,2004_5efa322e5d224faeac5e326adf9063ba,T739,T741,I'll work with allies,We'll continue to build strong coalitions,Support,2004
2004_5efa322e5d224faeac5e326adf9063ba,2004_f953d29525b1ac7671dbcbee1de80666,T741,T742,We'll continue to build strong coalitions,I will never turn over our national- security decisions to leaders of other countries,Attack,2004
2004_979dfe3080e3cdd911a3ce656b26bb65,2004_f953d29525b1ac7671dbcbee1de80666,T743,T742,"We'll be resolute, we'll be strong, and we'll wage a comprehensive war against the terrorists",I will never turn over our national- security decisions to leaders of other countries,Support,2004
2004_59c7a46892b23e9a7fa39a1234eec8f6,2004_b8bb5256653698561e31c539230590e3,T748,T746,I have never suggested a test where we turn over our security to any nation,In our first debate he proposed America pass a global test,Attack,2004
2004_259d0154dc9801ba8b4d9800237e5c27,2004_a359e581406b2a199e683c942a250565,T747,T745,I will never turn the security of the United States over to any nation,"In order to defend ourselves, we'd have to get international approval",Attack,2004
2004_a9e4bc60334105d4ae369c0028462a53,2004_259d0154dc9801ba8b4d9800237e5c27,T749,T747,No nation will ever have a veto over us,I will never turn the security of the United States over to any nation,Support,2004
2004_1c686b13ccc441891d20325200482e34,2004_85b5f98a0d580964bcaaa77262258416,T752,T750,That's how you gain legitimacy with your own countrypeople,"I think most Americans in their guts know, that we ought to pass a sort of truth standard",Support,2004
2004_9ee634c538478c911f9fcd3cde59b574,2004_85b5f98a0d580964bcaaa77262258416,T753,T750,that's how you gain legitimacy in the world,"I think most Americans in their guts know, that we ought to pass a sort of truth standard",Support,2004
2004_85b5f98a0d580964bcaaa77262258416,2004_63d32bbd27f0f746ce67158838f11c81,T750,T754,"I think most Americans in their guts know, that we ought to pass a sort of truth standard",I'll never fail to protect the United States of America,Support,2004
2004_b74bcd9a2353e00e5b7b552a15f60a2e,2004_85b5f98a0d580964bcaaa77262258416,T759,T750,Apparently you can't pass any test under his vision of the world,"I think most Americans in their guts know, that we ought to pass a sort of truth standard",Attack,2004
2004_75b6ca7662f1758cfac46a9d22a9c02a,2004_0d6dadf3c374563ddf978a4e99acc658,T755,T757,"In 1990, there was a vast coalition put together to run Saddam Hussein out of Kuwait","The international community, the international world said this is the right thing to do",Support,2004
2004_0d6dadf3c374563ddf978a4e99acc658,2004_fe206d1c6c9ae15fafa46eeaeacb9364,T757,T758,"The international community, the international world said this is the right thing to do",when it came time to authorize the use of force on the Senate floor,Support,2004
2004_fe206d1c6c9ae15fafa46eeaeacb9364,2004_e24e5ca886e3a4033a964e79e0899b6b,T758,T756,when it came time to authorize the use of force on the Senate floor,my opponent voted against the use of force,Support,2004
2004_e24e5ca886e3a4033a964e79e0899b6b,2004_b74bcd9a2353e00e5b7b552a15f60a2e,T756,T759,my opponent voted against the use of force,Apparently you can't pass any test under his vision of the world,Support,2004
2004_aa0c63eb5eba0410049ad27be28f601b,2004_d9b57737ba90380aed50e117114d6ea5,T787,T786,I regret to say that this administration has even blocked steps that could help us move further along,we have not moved far enough along,Support,2004
2004_01560f943648e981c09b13714ad93501,2004_d9b57737ba90380aed50e117114d6ea5,T792,T786,"many parts of our country, we still have discrimination",we have not moved far enough along,Support,2004
2004_b33a2547ab46ff87b002b414d7dc1425,2004_d9b57737ba90380aed50e117114d6ea5,T788,T786,I think that we have a long way to go,we have not moved far enough along,Equivalent,2004
2004_313eff1d837e49ec7842ee61a9ccf085,2004_b33a2547ab46ff87b002b414d7dc1425,T797,T788,"there are too many people still in this country who feel the stark resistance of racism, and so we have a distance to travel",I think that we have a long way to go,Support,2004
2004_e366fd8f96925aac3c5e402d9398cfd0,2004_660927db34a6a46e72ddc49f5a2193fd,T811,T799,it is just not true that I haven't met with the Black Congressional Caucus,This is a president who hasn't met with the Black Congressional Caucus,Attack,2004
2004_4aef73fb8cd27d264bcf1f5d40315223,2004_2ec3737ca8f92898ddb70eb088c892a8,T813,T804,I don't agree we ought to have quotas,"there were many people, like myself, who opposed quotas, who felt there were places where it was overreaching",Attack,2004
2004_4aef73fb8cd27d264bcf1f5d40315223,2004_36c1c86cb449618da5bdf0744883c54d,T813,T814,I don't agree we ought to have quotas,"I agree, we shouldn't have quotas",Equivalent,2004
2004_be51e388cd98d65e56ff8d146fb8027c,2004_212dfadffbaa793b9692350c2b5b1623,T822,T821,to make sure when they get out of high school there's Pell Grants available for them,we ought to have an aggressive effort to make sure people are educated,Support,2004
2004_48598bb6da52d69158397269a2203d56,2004_be51e388cd98d65e56ff8d146fb8027c,T820,T822,We've expanded Pell Grants by a million students,to make sure when they get out of high school there's Pell Grants available for them,Support,2004
2004_6c32ed83ed0f12f875f690c2e00df20a,2004_be51e388cd98d65e56ff8d146fb8027c,T823,T822,what we've done,to make sure when they get out of high school there's Pell Grants available for them,Support,2004
2004_9d4ca4691e05daf9173c646b2ac244c0,2004_212dfadffbaa793b9692350c2b5b1623,T819,T821,we spend $73 billion to help 10 million low- and middle-income families better afford college,we ought to have an aggressive effort to make sure people are educated,Support,2004
2004_0727ee9f85480c5278788a11099fdf1d,2004_f4846da83091ab40a1d861a723d28f3c,T818,T817,to be able to build on that education by going to college so they can start their careers with a college diploma,"That's the access I believe is necessary, is to make sure every child learns to read, write, add and subtract early",Support,2004
2004_9271346eb4d148a8bb11f08ac47753bf,2004_f4846da83091ab40a1d861a723d28f3c,T807,T817,I believe the best way to help our small businesses is not only through small-business loans,"That's the access I believe is necessary, is to make sure every child learns to read, write, add and subtract early",Support,2004
2004_c120058c8d8458c37a26d8d408da68bf,2004_9271346eb4d148a8bb11f08ac47753bf,T809,T807,which we have increased since I've been the president of the United States,I believe the best way to help our small businesses is not only through small-business loans,Support,2004
2004_ece8f593b6be1d5e5201d2db6c563d08,2004_b7d85769c3c5d5cf13dbd939a193996f,T816,T815,we created an environment for the entrepreneurial spirit to be strong,Minority ownership of businesses are up,Support,2004
2004_b7d85769c3c5d5cf13dbd939a193996f,2004_8a921f23e99861b7e0362051be1abac2,T815,T824,Minority ownership of businesses are up,Today in America more minorities own a home than ever before,Support,2004
2004_19659e29f55314c46b7d1f58323949e1,2004_8a921f23e99861b7e0362051be1abac2,T825,T824,that's hopeful,Today in America more minorities own a home than ever before,Support,2004
2004_1cabe8c039e221a749809349c049ed2a,2004_8a921f23e99861b7e0362051be1abac2,T826,T824,that's positive,Today in America more minorities own a home than ever before,Support,2004
2004_13d62b60688fb2064953424fabf14f2d,2004_8a921f23e99861b7e0362051be1abac2,T810,T824,I believe part of a hopeful society is one in which somebody owns something,Today in America more minorities own a home than ever before,Support,2004
2004_d29f62b09cdcd75e98ec0318c1247a1a,2004_9271346eb4d148a8bb11f08ac47753bf,T808,T807,to unbundle government contracts so people have a chance to be able to bid and receive a contract to help get their business going,I believe the best way to help our small businesses is not only through small-business loans,Support,2004
2004_c26b77b9e405166bb57cc7ae9aebe70f,2004_c4188a42f2978577562a0faae62e0e7e,T794,T795,They don't reach those goals,They don't even fight to reach those goals,Support,2004
2004_c4188a42f2978577562a0faae62e0e7e,2004_2fa5d07e9befd6bedba5ee693e555103,T795,T796,They don't even fight to reach those goals,They've tried to undo them,Support,2004
2004_2fa5d07e9befd6bedba5ee693e555103,2004_aa0c63eb5eba0410049ad27be28f601b,T796,T787,They've tried to undo them,I regret to say that this administration has even blocked steps that could help us move further along,Support,2004
2004_935f9f9bae0a7dca14209929020dd5e3,2004_6b91ff74d7c2f5ca455d0d970ccb89d7,T831,T830,I pray for strength. I pray for wisdom. I pray for our troops in harm's way. I pray for my family. I pray for my little girls.,my faith is a very -- it's very personal,Support,2004
2004_09f4c71bcb2d66f9f17569279287e5ab,2004_8b99ab92a634b160fb948498470a2552,T832,T833,I'm mindful in a free society that people can worship if they want to or not,You're equally an American if you choose to worship an almighty and if you choose not to,Support,2004
2004_6b91ff74d7c2f5ca455d0d970ccb89d7,2004_8b99ab92a634b160fb948498470a2552,T830,T833,my faith is a very -- it's very personal,You're equally an American if you choose to worship an almighty and if you choose not to,Support,2004
2004_729e539c4389a09a0a245b58b6d3c684,2004_8b99ab92a634b160fb948498470a2552,T1,T833,"If you're a Christian, Jew or Muslim, you're equally an American",You're equally an American if you choose to worship an almighty and if you choose not to,Support,2004
2004_7469ebe3281e34055c3afe8312f62b9f,2004_1837864fff3f269dffdb930125e2886e,T836,T829,I never want to impose my religion on anybody else,my faith plays a lot,Attack,2004
2004_301ce1979b3977c63db44fdb78580247,2004_4680c90e95452062fd42e75dde131603,T827,T835,I believe that God wants everybody to be free,that's been part of my foreign policy,Support,2004
2004_87a11813fd83298e572968cc7f8a302d,2004_4680c90e95452062fd42e75dde131603,T834,T835,I believe we ought to love our neighbor like we love ourself,that's been part of my foreign policy,Support,2004
2004_ef3fd2df9b7b5d285852c1f23a98e01d,2004_4680c90e95452062fd42e75dde131603,T828,T835,"In Afghanistan, I believe that the freedom there is a gift from the Almighty",that's been part of my foreign policy,Support,2004
2004_1d8c7dcb181e217af173f3d9b25b4f48,2004_5214d2418e949b8d517a2be661cd5948,T837,T838,I respect everything that the president has said and certainly respect his faith,I think it's important and I share it,Support,2004
2004_c30bdd8e2050b6732ac924c7aadecedd,2004_0438614559233853e2f365ece97e015e,T845,T844,I measure the words of the Bible -- and we all do,Everything is a gift from the Almighty,Support,2004
2004_dd07d8ea0c54f529fc2eba1bf5956f48,2004_0438614559233853e2f365ece97e015e,T846,T844,"different people measure different things -- the Koran, the Torah",Everything is a gift from the Almighty,Support,2004
2004_11e9e3860b0e727355b5b99abeb46ba1,2004_0438614559233853e2f365ece97e015e,T847,T844,Native Americans who gave me a blessing the other day had their own special sense of connectedness to a higher being,Everything is a gift from the Almighty,Support,2004
2004_99c8e47c233f7ae7fa590785a7c01823,2004_0438614559233853e2f365ece97e015e,T839,T844,I think that he just said that freedom is a gift from the Almighty,Everything is a gift from the Almighty,Support,2004
2004_b62fa09314cad3e6e590014defe418d0,2004_d1a3fb4e8d06dede848aade2ef6dc3d2,T848,T843,We have a separate and unequal school system in the United States of America,I think we have a lot more loving of our neighbor to do in this country and on this planet,Support,2004
2004_7c2f7737b86a1683f1d3fddc0048b23c,2004_d1a3fb4e8d06dede848aade2ef6dc3d2,T840,T843,I think we've got a lot more work to do,I think we have a lot more loving of our neighbor to do in this country and on this planet,Equivalent,2004
2004_58e175f3d9d2576185f20332f0d26754,2004_973a9c58e7f69b97778555228eaf399a,T842,T841,that's part of America,I will always respect everybody's right to practice religion as they choose -- or not to practice,Support,2004
2004_da698e8ecebbed492b2351d9e4154ef4,2004_d9c9680a1ff39249d47871a4b67e15b2,T767,T766,the best way to protect our citizens from guns is to prosecute those who commit crimes with guns,I believe in background checks at gun shows or anywhere to make sure that guns don't get in the hands of people that shouldn't have them,Support,2004
2004_5b9a43aa69c223a8c98a7f43cb3e70b7,2004_da698e8ecebbed492b2351d9e4154ef4,T768,T767,early in my administration I called the attorney general and the U. S. attorneys and said: Put together a task force all around the country to prosecute those who commit crimes with guns,the best way to protect our citizens from guns is to prosecute those who commit crimes with guns,Support,2004
2004_5b20144cd039766395f8dd55e7584cdd,2004_5b9a43aa69c223a8c98a7f43cb3e70b7,T770,T768,Neighborhoods are safer when we crack down on people who commit crimes with guns,early in my administration I called the attorney general and the U. S. attorneys and said: Put together a task force all around the country to prosecute those who commit crimes with guns,Support,2004
2004_e069445ae4124b8537cb27699425c775,2004_da698e8ecebbed492b2351d9e4154ef4,T771,T767,that's the best way to secure America,the best way to protect our citizens from guns is to prosecute those who commit crimes with guns,Support,2004
2004_1bb1447e67d55426dc50a4b9f0d9ee13,2004_00778b15e69f3aa31e5fd37d93c1bfe4,T772,T763,I believe it was a failure of presidential leadership not to reauthorize the assault weapons ban,I did think we ought to extend the assault weapons ban,Attack,2004
2004_428e7fef7944a583a01a891d0f357c0f,2004_eb0b78c704f50cefa8af58894dab0d4a,T779,T781,They don't want to go into a drug bust and be facing an AK-47,most of the law enforcement agencies in America wanted that assault weapons ban,Support,2004
2004_02881b9b25188ce357a330f06baac553,2004_428e7fef7944a583a01a891d0f357c0f,T1,T779," I was hunting in Iowa last year with a sheriff from one of the counties there, and he pointed to a house in back of us, and said, ""See the house over? We just did a drug bust a week earlier, and the guy we arrested had an AK-47 lying on the bed right beside him",They don't want to go into a drug bust and be facing an AK-47,Support,2004
2004_8282869201c840dac4608b7f32c84317,2004_1bb1447e67d55426dc50a4b9f0d9ee13,T773,T772,"the president's decision today, law enforcement officers will walk into a place that will be more dangerous",I believe it was a failure of presidential leadership not to reauthorize the assault weapons ban,Support,2004
2004_532ad4481fed74b411ca8522e7d49e43,2004_bd7eda1c942d05178cdea0c65e195895,T774,T778,that's what Osama bin Laden's handbook said,"Terrorists can now come into America and go to a gun show and, without even a background check, buy an assault weapon today",Support,2004
2004_b93f065b84b21a602b3063ba0bdb113f,2004_532ad4481fed74b411ca8522e7d49e43,T775,T774,we captured it in Afghanistan,that's what Osama bin Laden's handbook said,Support,2004
2004_bd7eda1c942d05178cdea0c65e195895,2004_d4b906d03ac51be4aa58cfae12d79a43,T778,T777,"Terrorists can now come into America and go to a gun show and, without even a background check, buy an assault weapon today",I believe America's less safe,Support,2004
2004_eb0b78c704f50cefa8af58894dab0d4a,2004_d4b906d03ac51be4aa58cfae12d79a43,T781,T777,most of the law enforcement agencies in America wanted that assault weapons ban,I believe America's less safe,Support,2004
2004_5ae9cc83a61fa68b5ab4dce0092f8f68,2004_b4bd11878e0298ec6ac5a19fe9ccaf6b,T4,T5,"I believe that this president, regrettably, rushed us into a war, made decisions about foreign policy, pushed alliances away",America is now bearing this extraordinary burden where we are not as safe as we ought to be,Support,2004
2004_ecb64c6a41281b6cb677a1ac57166b4c,2004_61c04941937d6607052e945b14d58039,T21,T20,95 percent come in today uninspected,"there are a host of options that this president had available to him, like making sure that at all our ports in America containers are inspected",Attack,2004
2004_ecb64c6a41281b6cb677a1ac57166b4c,2004_3160d5e2ef97aa6ad5256a1e2121dc0f,T21,T19,95 percent come in today uninspected,That's not good enough,Support,2004
2004_ad60b6ec9d697c72fd4c2ee17099c76e,2004_39427f6af41041d75fb4c45ba78fc937,T16,T17,Police officers are being cut from the streets of America,we can do a better job of homeland security.,Support,2004
2004_46167607a3ae633606b4528ec14ba99f,2004_ad60b6ec9d697c72fd4c2ee17099c76e,T18,T16,the president decided to cut the COPS program,Police officers are being cut from the streets of America,Support,2004
2004_0193cbf79d808d0cf503f85e0c2bfc1b,2004_39427f6af41041d75fb4c45ba78fc937,T24,T17,Firehouses don't have enough firefighters in them,we can do a better job of homeland security.,Support,2004
2004_1836a6dce6551c57b4175fd941b70b97,2004_39427f6af41041d75fb4c45ba78fc937,T22,T17,"People who fly on airplanes today, the cargo hold is not X-rayed, but the baggage is",we can do a better job of homeland security.,Support,2004
2004_3160d5e2ef97aa6ad5256a1e2121dc0f,2004_39427f6af41041d75fb4c45ba78fc937,T19,T17,That's not good enough,we can do a better job of homeland security.,Support,2004
2004_b4bd11878e0298ec6ac5a19fe9ccaf6b,2004_39427f6af41041d75fb4c45ba78fc937,T5,T17,America is now bearing this extraordinary burden where we are not as safe as we ought to be,we can do a better job of homeland security.,Support,2004
2004_9cfefa4c7ed633033e6d41e0bcb9934b,2004_39427f6af41041d75fb4c45ba78fc937,T23,T17,That's not good enough,we can do a better job of homeland security.,Support,2004
2004_08bb10d924285d097b2b26abc0cdb519,2004_c0bc06edb4eb5d4a4b54903834f9aa52,T6,T7,I will hunt them down,"I can do a better job of waging a smarter, more effective war on terror and guarantee that we will go after the terrorists",Support,2004
2004_e379c4917ac18fd263fd05141e23fdcc,2004_c0bc06edb4eb5d4a4b54903834f9aa52,T8,T7,we'll kill them,"I can do a better job of waging a smarter, more effective war on terror and guarantee that we will go after the terrorists",Support,2004
2004_1a4ac55b5c41a337c7f2f1bddf29cb62,2004_c0bc06edb4eb5d4a4b54903834f9aa52,T9,T7,we'll capture them,"I can do a better job of waging a smarter, more effective war on terror and guarantee that we will go after the terrorists",Support,2004
2004_a76865267c724f3b98901555d994b740,2004_c0bc06edb4eb5d4a4b54903834f9aa52,T10,T7,We'll do whatever is necessary to be safe,"I can do a better job of waging a smarter, more effective war on terror and guarantee that we will go after the terrorists",Support,2004
2004_b965340ae6d2954ce3ccb4562b82a6dc,2004_8c5204834ca98afeb5bb402051dd6ad0,T12,T11,where we build the strongest alliances,I will do it in the way that Franklin Roosevelt and Ronald Reagan and John Kennedy and others did,Support,2004
2004_bde7311b21af87fd0f6e1ad2621a442e,2004_8c5204834ca98afeb5bb402051dd6ad0,T13,T11,where the world joins together,I will do it in the way that Franklin Roosevelt and Ronald Reagan and John Kennedy and others did,Support,2004
2004_9a23cee95fb47ab4c59a95be1bb8f98d,2004_8c5204834ca98afeb5bb402051dd6ad0,T14,T11,where we have the best intelligence,I will do it in the way that Franklin Roosevelt and Ronald Reagan and John Kennedy and others did,Support,2004
2004_4c0da62519c7a865effabc85b912f5d6,2004_8c5204834ca98afeb5bb402051dd6ad0,T15,T11,"where we are able, ultimately, to be more safe and secure",I will do it in the way that Franklin Roosevelt and Ronald Reagan and John Kennedy and others did,Support,2004
2004_8c5204834ca98afeb5bb402051dd6ad0,2004_c0bc06edb4eb5d4a4b54903834f9aa52,T11,T7,I will do it in the way that Franklin Roosevelt and Ronald Reagan and John Kennedy and others did,"I can do a better job of waging a smarter, more effective war on terror and guarantee that we will go after the terrorists",Support,2004
2004_e0a2e7b0294ce4d8d8556e4d18e64fd2,2004_4a199bc69f102c5efa47a95ce8e905a2,T27,T25,if we stay on the offense against the terrorists,"Yes, we can be safe and secure",Support,2004
2004_e33c1fb477f0e9cbf0b50284e1495159,2004_4a199bc69f102c5efa47a95ce8e905a2,T28,T25,if we spread freedom and liberty around the world,"Yes, we can be safe and secure",Support,2004
2004_a59a30254ac982cdbef229ed1d953d99,2004_1dc48a60196edb214a8bb28a3e5411a8,T36,T35,three-quarters of Al Qaida leaders have been brought to justice,we're making progress,Support,2004
2004_1dc48a60196edb214a8bb28a3e5411a8,2004_5ae9cc83a61fa68b5ab4dce0092f8f68,T35,T4,we're making progress,"I believe that this president, regrettably, rushed us into a war, made decisions about foreign policy, pushed alliances away",Attack,2004
2004_d3237ab3a7c5aee2ba5c7bc0e09b7194,2004_b844434a44868d2dfd9e709fb8781b63,T50,T51,the first voter was a 19-year-old woman,Freedom is on the march,Support,2004
2004_990c3a287c896077c31c0fb4d209512b,2004_b844434a44868d2dfd9e709fb8781b63,T49,T51,the Afghan people had elections this weekend,Freedom is on the march,Support,2004
2004_0fe0e8d4c18ee6f2116336deb7a98dcc,2004_b844434a44868d2dfd9e709fb8781b63,T52,T51,We held to account a terrorist regime in Saddam Hussein,Freedom is on the march,Support,2004
2004_b844434a44868d2dfd9e709fb8781b63,2004_1dc48a60196edb214a8bb28a3e5411a8,T51,T35,Freedom is on the march,we're making progress,Support,2004
2004_dbf8ef8a0843f43e018b3ccbe5516af7,2004_68b4cefbd9f2d731d28d9b991b73de18,T26,T34,I think that attitude and that point of view is dangerous,"My opponent just this weekend talked about how terrorism could be reduced to a nuisance, comparing it to prostitution, illegal gambling",Attack,2004
2004_79457728d5838c240ba9ed5508982619,2004_dbf8ef8a0843f43e018b3ccbe5516af7,T29,T26,I don't think you can secure America for the long run if you don't have a comprehensive view as to how to defeat these people,I think that attitude and that point of view is dangerous,Support,2004
2004_034b98f98ba3f3a204be6422a15075c0,2004_79457728d5838c240ba9ed5508982619,T30,T29,"At home, we'll do everything we can to protect the homeland",I don't think you can secure America for the long run if you don't have a comprehensive view as to how to defeat these people,Support,2004
2004_60c36320562666c1512f04d18ba8cabb,2004_034b98f98ba3f3a204be6422a15075c0,T31,T30,I signed the homeland security bill to better align our assets and resources,"At home, we'll do everything we can to protect the homeland",Support,2004
2004_1e711ed335288251200e1711f7e33252,2004_dbf8ef8a0843f43e018b3ccbe5516af7,T32,T26,My opponent voted against it,I think that attitude and that point of view is dangerous,Support,2004
2004_436bef23db94f2aaf5ce7490cff57848,2004_39427f6af41041d75fb4c45ba78fc937,T33,T17,We're doing everything we can to protect our borders and ports,we can do a better job of homeland security.,Attack,2004
2004_ee5783e1891504307ded01bcf14c1e02,2004_9de3d2fde1772b3c513cf745dde25d10,T42,T41,"He said, ""I don't know. I don't really think about him very much",We need a president who stays deadly focused on the real war on terror,Support,2004
2004_2af956012351a82f177923bfafa93e88,2004_9de3d2fde1772b3c513cf745dde25d10,T40,T41,"Six months after he said Osama bin Laden must be caught dead or alive, this president was asked, ""Where is Osama bin Laden",We need a president who stays deadly focused on the real war on terror,Support,2004
2004_017466223314ec5b90568dedcfe2f03a,2004_9de3d2fde1772b3c513cf745dde25d10,T37,T41,When the president had an opportunity to capture or kill Osama bin Laden,We need a president who stays deadly focused on the real war on terror,Support,2004
2004_0192f88a36082ef76730bdf70317a1a7,2004_9de3d2fde1772b3c513cf745dde25d10,T38,T41,"he took his focus off of them, outsourced the job to Afghan warlords",We need a president who stays deadly focused on the real war on terror,Support,2004
2004_c72a2b8d1fea5ba1f2526ceabb76a20e,2004_9de3d2fde1772b3c513cf745dde25d10,T39,T41,Osama bin Laden escaped,We need a president who stays deadly focused on the real war on terror,Support,2004
2004_6f1a7f9907dd362807d36cc8f36941c8,2004_ee5783e1891504307ded01bcf14c1e02,T43,T42,I just don't think I ever said I'm not worried about Osama bin Laden,"He said, ""I don't know. I don't really think about him very much",Attack,2004
2004_c01b0df09a5efc1b758e2def91c20694,2004_6f1a7f9907dd362807d36cc8f36941c8,T44,T43,Of course we're worried about Osama bin Laden,I just don't think I ever said I'm not worried about Osama bin Laden,Support,2004
2004_ed30c913ed6178d5d1d6eafe631f525e,2004_c01b0df09a5efc1b758e2def91c20694,T45,T44,We're on the hunt after Osama bin Laden,Of course we're worried about Osama bin Laden,Support,2004
2004_2953736ad5f8515552d166b179cb74db,2004_ed30c913ed6178d5d1d6eafe631f525e,T46,T45,We're using every asset at our disposal to get Osama bin Laden,We're on the hunt after Osama bin Laden,Support,2004
2004_a544737aa57ca84e2d07aa8b4085056f,2004_8194d011bb18323903e64c85730ec43d,T47,T48,My opponent said this war is a matter of intelligence and law enforcement,"No, this war is a matter of using every asset at our disposal to keep the American people protected",Attack,2004
2004_450468a0dfaf78efcc89808d949e73b7,2004_e9775c0ef6d7c8946d4dc93277647cc1,T2,T3,I said then and I believe today that freedom does mean freedom for everybody,People ought to be free to choose any arrangement they want,Support,2004
2004_111ed52ea2d2cc699196a7dd415f6c64,2004_e9775c0ef6d7c8946d4dc93277647cc1,T4,T3,It's really no one else's business,People ought to be free to choose any arrangement they want,Support,2004
2004_d8f8eb23ce641f19ddf9117b6a529652,2004_3ddf64975b42a2f929dbdea9aaab79e4,T11,T12,he sets the policy for this administration,I support the president,Support,2004
2004_c2bb86404f00905f1ca65e0d207a37e3,2004_3ddf64975b42a2f929dbdea9aaab79e4,T10,T12,"the fact is that the president felt that it was important to make it clear that that's the wrong way to go, as far as he's concerned",I support the president,Support,2004
2004_a6c973f3a158d6f4b773da8a3a1e4140,2004_3ddf64975b42a2f929dbdea9aaab79e4,T9,T12,"In effect, what's happened is that in recent months, especially in Massachusetts, but also in California, but in Massachusetts we had the Massachusetts Supreme Court direct the state of -- the legislature of Massachusetts to modify their constitution to allow gay marriage",I support the president,Support,2004
2004_077f67df380a5f2d51961613319fab01,2004_e9775c0ef6d7c8946d4dc93277647cc1,T5,T3,"That's a separate question from the issue of whether or not government should sanction or approve or give some sort of authorization, if you will, to these relationships",People ought to be free to choose any arrangement they want,Attack,2004
2004_772c97415c5eb9193f635db7efe2c1e2,2004_ea4e343fb1f3d1f9eae196218b4245da,T6,T8,"Traditionally, that's been an issue for the states",That would be my preference,Support,2004
2004_87c276b02962fa8f47e9ac6cc9cbd79b,2004_ea4e343fb1f3d1f9eae196218b4245da,T7,T8,"States have regulated marriage, if you will",That would be my preference,Support,2004
2004_dfcadba913e1d0d59544e75710c67c47,2004_aa3e3d833bf12c757a1c52d8c8fc28a5,T19,T20,it's wrong,we should not use the Constitution to divide this country,Support,2004
2004_592c3276b636d89e5ba0b9aed392dafc,2004_aa3e3d833bf12c757a1c52d8c8fc28a5,T18,T20,This is using the Constitution as a political tool,we should not use the Constitution to divide this country,Support,2004
2004_62f98aeac001e81a87ca9efb904bea46,2004_aa3e3d833bf12c757a1c52d8c8fc28a5,T17,T20,No state for the last 200 years has ever had to recognize another state's marriage,we should not use the Constitution to divide this country,Support,2004
2004_aa3e3d833bf12c757a1c52d8c8fc28a5,2004_ea4e343fb1f3d1f9eae196218b4245da,T20,T8,we should not use the Constitution to divide this country,That would be my preference,Attack,2004
2004_f4620ebcef786228c8272e2e28b31f18,2004_bc77884a4f1fe6c0216e692464c9274d,T23,T29,We both believe that -- and this goes onto the end of what I just talked about -- we both believe that marriage is between a man and a woman,we do believe that marriage should be between a man and a woman,Equivalent,2004
2004_fb050a81d44cab4fd3e256e4331af06e,2004_5a71aba36cb74c91fd9ccf5410a31724,T26,T24,"for example, if, heaven forbid, one of them were to pass away, they have trouble even arranging the funeral","we also believe that gay and lesbians and gay and lesbian couples, those who have been in long-term relationships, deserve to be treated respectfully, they deserve to have benefits",Support,2004
2004_6cfe66fd34e0efb66d970ac0b9207abc,2004_5a71aba36cb74c91fd9ccf5410a31724,T25,T24,"For example, a gay couple now has a very difficult time, one, visiting the other when they're in the hospital","we also believe that gay and lesbians and gay and lesbian couples, those who have been in long-term relationships, deserve to be treated respectfully, they deserve to have benefits",Support,2004
2004_5a71aba36cb74c91fd9ccf5410a31724,2004_366e0e24298fd625a8348e31c90cb092,T24,T22,"we also believe that gay and lesbians and gay and lesbian couples, those who have been in long-term relationships, deserve to be treated respectfully, they deserve to have benefits",I think we've both said the same thing all along,Support,2004
2004_f4620ebcef786228c8272e2e28b31f18,2004_366e0e24298fd625a8348e31c90cb092,T23,T22,We both believe that -- and this goes onto the end of what I just talked about -- we both believe that marriage is between a man and a woman,I think we've both said the same thing all along,Support,2004
2004_497f19a8e3dec108f9940a3e9ccbf228,2004_5a71aba36cb74c91fd9ccf5410a31724,T27,T24,"I mean, those are not the kind of things that John Kerry and I believe in","we also believe that gay and lesbians and gay and lesbian couples, those who have been in long-term relationships, deserve to be treated respectfully, they deserve to have benefits",Support,2004
2004_c95fc0b77369ebee86aa47afe7741c99,2004_b50e820b6ed76b4ee71457c4f0d43cfa,T31,T30,"Under the law of this country for the last 200 years, no state has been required to recognize another state's marriage",I want to make sure people understand that the president is proposing a constitutional amendment to ban gay marriage that is completely unnecessary,Support,2004
2004_aa5251702b262d58e5bba34691098fc2,2004_b50e820b6ed76b4ee71457c4f0d43cfa,T32,T30,"My state of North Carolina would not be required to recognize a marriage from Massachusetts, which you just asked about",I want to make sure people understand that the president is proposing a constitutional amendment to ban gay marriage that is completely unnecessary,Support,2004
2004_91c510a17788bbc2f16a67c4bd558957,2004_b50e820b6ed76b4ee71457c4f0d43cfa,T34,T30,There is absolutely no purpose in the law and in reality for this amendment,I want to make sure people understand that the president is proposing a constitutional amendment to ban gay marriage that is completely unnecessary,Support,2004
2004_678c2fc8839c61da605b72f28ab732d8,2004_b50e820b6ed76b4ee71457c4f0d43cfa,T35,T30,It's nothing but a political tool,I want to make sure people understand that the president is proposing a constitutional amendment to ban gay marriage that is completely unnecessary,Support,2004
2004_ef89acaa964752c676eb903724bb6cc3,2004_678c2fc8839c61da605b72f28ab732d8,T33,T35,it's being used in an effort to divide this country on an issue that we should not be dividing America on,It's nothing but a political tool,Support,2004
2004_fed01930846a48c0bde55362ff6403db,2004_678c2fc8839c61da605b72f28ab732d8,T37,T35,It's wrong,It's nothing but a political tool,Support,2004
2004_d7ae52f7a4834f5334574ee4af8a63c3,2004_ef89acaa964752c676eb903724bb6cc3,T36,T33,"We ought to be talking about issues like health care and jobs and what's happening in Iraq, not using an issue to divide this country in a way that's solely for political purposes",it's being used in an effort to divide this country on an issue that we should not be dividing America on,Support,2004
2004_022b940c9c7d161354e2ace3a27e79f2,2004_a3a9479243b9ff1a4ccab9f3bd62998f,T462,T461,"last four years, we have gone from a $5 trillion projected surplus when George Bush took office to a $3 trillion projected deficit",we will do what they've not done,Support,2004
2004_4fffdd729cca7a1ba2227c4829c9da1d,2004_8b4fdbcc5f4dcbad4f1852f79ce3df6c,T463,T464,They promised they were going to put $2 trillion of the surplus aside from Social Security,Not done,Support,2004
2004_8b4fdbcc5f4dcbad4f1852f79ce3df6c,2004_a3a9479243b9ff1a4ccab9f3bd62998f,T464,T461,Not done,we will do what they've not done,Support,2004
2004_5b240e085cae61158a7df0c64efb6238,2004_a3a9479243b9ff1a4ccab9f3bd62998f,T5,T461,"The Washington Post just reported they have several trillion dollars of additional tax cuts and spending, no suggestion of what they're going to do about it",we will do what they've not done,Support,2004
2004_37026572e9a65760ba3b5788f03e1777,2004_fb9fc8029a1a17359f0eec299d05e2b8,T465,T466,we have plans on both of those subjects,I hope to get the chance to talk about health care and also about education,Support,2004
2004_bf8f7b0a59478e70ac1968906561866e,2004_d4cf26144c0e7ba4e2879e5db14bfb10,T470,T467,"there have been exaggerations made on the campaign trail: Roll back tax cuts for people who make over $200,000 a year",we're going to do is roll back tax cuts,Support,2004
2004_32dae4c667741c14dbf029b1f4888fb7,2004_d4cf26144c0e7ba4e2879e5db14bfb10,T469,T467,we will do that,we're going to do is roll back tax cuts,Equivalent,2004
2004_a96f6756f15d8a33fe53e4e81397de01,2004_49857c53cce7a330c545d4f8edf6613c,T476,T477,These families are struggling and hurting,they need more tax relief,Support,2004
2004_7f615d0638af61f8be1a81567901cb53,2004_49857c53cce7a330c545d4f8edf6613c,T478,T477,not less tax relief,they need more tax relief,Support,2004
2004_abeed9d4689340a98e8d8a4ecc79bf2a,2004_044d46d40f29e9b5be7c8c273a73854c,T480,T479,"they've actually layered on more supervisory people, people at the supervisory level, in this government",we also want to get rid of some of the bureaucratic spending in Washington,Support,2004
2004_3e862b7e172c70f9da8c77b6dc2a9596,2004_d60170bbeb4b12dabf12d899f69def76,T483,T482,We cannot do it,We can't eliminate this deficit,Equivalent,2004
2004_f3c566322972a62a8d99bb0b1a93531c,2004_2129b61e8a272bb1b664423e1570ff94,T6,T486,the Kerry record on taxes is one basically of voting for a large number of tax increases -- 98 times in the United States Senate,I think the Kerry-Edwards approach basically is to raise taxes and to give government more control over the lives of individual citizens,Support,2004
2004_2129b61e8a272bb1b664423e1570ff94,2004_baf703f62422413099d4de37fd8f4f8f,T486,T487,I think the Kerry-Edwards approach basically is to raise taxes and to give government more control over the lives of individual citizens,We think that's the wrong way to go,Support,2004
2004_c6f6b88c85b864eb27b01ebf4000fffb,2004_ad432c60ddc81e204611d1ca552a6ced,T492,T491,a great many of our small businesses pay taxes under the personal income taxes rather than the corporate rate,They talk about the top bracket and going after only those people in the top bracket,Attack,2004
2004_fd5bf06c7356b3479efc3345c6ea2820,2004_c6f6b88c85b864eb27b01ebf4000fffb,T493,T492,"about 900,000 small businesses will be hit if you do, in fact, do what they want to do with the top bracket",a great many of our small businesses pay taxes under the personal income taxes rather than the corporate rate,Support,2004
2004_c6f6b88c85b864eb27b01ebf4000fffb,2004_d4cf26144c0e7ba4e2879e5db14bfb10,T492,T467,a great many of our small businesses pay taxes under the personal income taxes rather than the corporate rate,we're going to do is roll back tax cuts,Attack,2004
2004_7b23c4e4ad7ca526fa79c24a8d8fc6fd,2004_9ff4a4e60994eddfcf67e05a2314abe6,T490,T489,seven out of 10 new jobs in America are created by small businesses,That's not smart,Support,2004
2004_c6f6b88c85b864eb27b01ebf4000fffb,2004_9ff4a4e60994eddfcf67e05a2314abe6,T492,T489,a great many of our small businesses pay taxes under the personal income taxes rather than the corporate rate,That's not smart,Support,2004
2004_9ff4a4e60994eddfcf67e05a2314abe6,2004_1abfbeeb98801b634e8280876bc3b984,T489,T494,That's not smart,It's a bad idea to increase the burden on those folks,Support,2004
2004_3d16e67ee262beac8cdd436671c27548,2004_6952aff3fc5c1aa110aab88bea2061bf,T497,T496,That's good policy. That's what we ought to do,the president and I will go forward to make the tax cuts permanent,Support,2004
2004_8ef2270ebf577b6be88cdc9e5987988d,2004_e6fbe0efaa0fdc103855b1ad7ae43c6b,T499,T498,"John Kerry, Mr. Vice President, has voted or co-sponsored over 600 times tax cuts for the American people",We are committed to cutting back anything in our programs that need to be cut back to get us back on a path to fiscal responsibility,Support,2004
2004_b22ea1ad39ce6ddeee1b4f249cfc1a02,2004_6952aff3fc5c1aa110aab88bea2061bf,T500,T496,"We are for more tax cuts for the middle class than they're for, have been for the last four years",the president and I will go forward to make the tax cuts permanent,Attack,2004
2004_107af9ee5bcfb62959910fb39781d725,2004_6952aff3fc5c1aa110aab88bea2061bf,T501,T496,we are not for more tax cuts for multimillionaires,the president and I will go forward to make the tax cuts permanent,Attack,2004
2004_cf39da58d8786a3fb2b112ec3fa547a1,2004_107af9ee5bcfb62959910fb39781d725,T8,T501,"Yesterday, the president signed an extension of middle- class tax cuts, the 10 percent bracket, the marriage penalty relief and the increase in the child tax credit",we are not for more tax cuts for multimillionaires,Attack,2004
2004_edb10f7ac33dfd704b7a882effd51dd2,2004_b22ea1ad39ce6ddeee1b4f249cfc1a02,T7,T500,Senators Kerry and Edwards weren't even there to vote for it when it came to final passage,"We are for more tax cuts for the middle class than they're for, have been for the last four years",Attack,2004
2004_9ef35ddf6ff12c41f072d0076a7f9ea8,2004_30742de6cd6e45629e95d2d19a35f3cc,T50,T51,it turned out that the vaccine they were producing was contaminated,we took the right action and didn't allow contaminated medicine into our country,Support,2004
2004_42210b7419cc8493f5e48c15fc27e764,2004_30742de6cd6e45629e95d2d19a35f3cc,T49,T51,we relied upon a company out of England to provide about half of the flu vaccines for the United States citizen,we took the right action and didn't allow contaminated medicine into our country,Support,2004
2004_93db3c49595b776ffae2d632304b63d0,2004_2f3829f43fdd1fafad0d0c9ef0dd8813,T56,T52,"Help us prioritize those who need to get the flu shot, the elderly and the young","if you're healthy, if you're younger, don't get a flu shot this year",Support,2004
2004_a21ad14759dfd7c58768127a4c9f9a2b,2004_163734a8b78739a35f7ffc3d70dc1a63,T54,T53,I want to make sure those who are most vulnerable get treated,"I haven't gotten a flu shot, and I don't intend to",Support,2004
2004_2f3829f43fdd1fafad0d0c9ef0dd8813,2004_163734a8b78739a35f7ffc3d70dc1a63,T52,T53,"if you're healthy, if you're younger, don't get a flu shot this year","I haven't gotten a flu shot, and I don't intend to",Support,2004
2004_d6fea274969bf866f05a56df0eafae38,2004_f0fc381612d836c6e5dcf7f5761bf3c9,T59,T58,We have a problem with litigation in the United States of America,Vaccine manufacturers are worried about getting sued,Support,2004
2004_f0fc381612d836c6e5dcf7f5761bf3c9,2004_363ce2ddfa65e26f186f5a574b45afcf,T58,T57,Vaccine manufacturers are worried about getting sued,they have backed off from providing this kind of vaccine,Support,2004
2004_815b10de14e34ff84f5c29109467071c,2004_72d4d2e438dd25917f09ca1d8a7638a2,T61,T2,given the circumstances with the company in England is for those of us who are younger and healthy,don't get a flu shot,Support,2004
2004_2f3829f43fdd1fafad0d0c9ef0dd8813,2004_72d4d2e438dd25917f09ca1d8a7638a2,T52,T2,"if you're healthy, if you're younger, don't get a flu shot this year",don't get a flu shot,Equivalent,2004
2004_8f736a8631ebb6324b2d5d0429a85c9e,2004_012147ba5ef55eb4ba978a1e8a971b64,T60,T3,that people aren't afraid of producing a product that is necessary for the health of our citizens and then end up getting sued in a court of law,I'm such a strong believer in legal reform,Support,2004
2004_363ce2ddfa65e26f186f5a574b45afcf,2004_012147ba5ef55eb4ba978a1e8a971b64,T57,T3,they have backed off from providing this kind of vaccine,I'm such a strong believer in legal reform,Support,2004
2004_4bf5e24df95db55d076e112ef6df2ade,2004_cff1081b8b6cc82fded3b8346642060b,T72,T63,Five million Americans have lost their health insurance in this country,it's gotten worse under President Bush over the course of the last years,Support,2004
2004_492b7681dc102e65cb0be4ed06f7cd2d,2004_cff1081b8b6cc82fded3b8346642060b,T4,T63,"You've got about a million right here in Arizona, just shy, 950,000, who have no health insurance at all",it's gotten worse under President Bush over the course of the last years,Support,2004
2004_6b2832bcebc245726bd5f5ea376e0429,2004_cff1081b8b6cc82fded3b8346642060b,T5,T63,"82,000 Arizonians lost their health insurance under President Bush's watch",it's gotten worse under President Bush over the course of the last years,Support,2004
2004_e706e86b40404c001202a96ef135ea79,2004_cff1081b8b6cc82fded3b8346642060b,T6,T63,"223,000 kids in Arizona have no health insurance at all",it's gotten worse under President Bush over the course of the last years,Support,2004
2004_5f3de89b6453ae9a481319aa3dcecb26,2004_cff1081b8b6cc82fded3b8346642060b,T7,T63,"4 million Ohioans have no health insurance, 114,000 of them lost it under President Bush; Wisconsin, 82,000 Wisconsinites lost it under President Bush",it's gotten worse under President Bush over the course of the last years,Support,2004
2004_cff1081b8b6cc82fded3b8346642060b,2004_5ad1052892db8dc1e5927222f0661f34,T63,T64,it's gotten worse under President Bush over the course of the last years,This president has turned his back on the wellness of America,Support,2004
2004_552ffe1fd9dc93dd2bdf00728bd13636,2004_5ad1052892db8dc1e5927222f0661f34,T71,T64,This really underscores the problem with the American health-care system,This president has turned his back on the wellness of America,Support,2004
2004_a4e203faf923be2d57b7a636f6ff7ab4,2004_5ad1052892db8dc1e5927222f0661f34,T73,T64,there is no system,This president has turned his back on the wellness of America,Support,2004
2004_16a352d1cb408603d5bc9fa804764d22,2004_f0fc381612d836c6e5dcf7f5761bf3c9,T65,T58,it's starting to fall apart not because of lawsuits,Vaccine manufacturers are worried about getting sued,Attack,2004
2004_7dd9852522e836510795718f64e55565,2004_b33f87fff66673498df3167a82fb4d6d,T8,T9,though they are a problem,John Edwards and I are committed to fixing them,Support,2004
2004_7dd9852522e836510795718f64e55565,2004_16a352d1cb408603d5bc9fa804764d22,T8,T65,though they are a problem,it's starting to fall apart not because of lawsuits,Attack,2004
2004_56c25661a174ead85568e1ef1bfb9e5d,2004_4a3e08bc7a0479ad5226570de628232f,T66,T74,the larger issue that we don't cover Americans,I have a plan to cover all Americans,Support,2004
2004_21ec73c6149c078075af869b6403fd93,2004_4a3e08bc7a0479ad5226570de628232f,T68,T74,"We're the richest country on the face of the planet, the only industrialized nation in the world not to do it",I have a plan to cover all Americans,Support,2004
2004_c823987ddf46b5802ea2fe5f3d79df69,2004_4a3e08bc7a0479ad5226570de628232f,T69,T74,We're going to make it affordable and accessible,I have a plan to cover all Americans,Support,2004
2004_113ff8aa8001ce9da324430aee0feed6,2004_4a3e08bc7a0479ad5226570de628232f,T70,T74,We're going to let everybody buy into the same health-care plan senators and congressmen give themselves,I have a plan to cover all Americans,Support,2004
2004_2fb66a47d78d6cd484d96f81e2fba6a9,2004_56c25661a174ead85568e1ef1bfb9e5d,T67,T66,Children across our country don't have health care,the larger issue that we don't cover Americans,Support,2004
2004_d445c49b99213b05eab4e3322d544789,2004_4a3e08bc7a0479ad5226570de628232f,T76,T74,a plan is not to lay out programs that you can't pay for,I have a plan to cover all Americans,Attack,2004
2004_82fba1e9eebc3851157f9f8b3759c66f,2004_4faf6ed340d4c75d4745e77482bce3fe,T79,T81,"If every family in America signed up, like the senator suggested, if would cost us $5 trillion over 10 years",It's an empty promise,Support,2004
2004_e1a4dad451633a051a24a4dd28559ece,2004_4faf6ed340d4c75d4745e77482bce3fe,T78,T81,"That costs the government $7,700 per family",It's an empty promise,Support,2004
2004_e1a4dad451633a051a24a4dd28559ece,2004_59ac22c49c683811b2478000c88a2bf1,T78,T77,"That costs the government $7,700 per family",he wants everybody to be able to buy in to the same plan that senators and congressmen get,Attack,2004
2004_5ff264dffceecac1afe3e1173e1c3923,2004_4faf6ed340d4c75d4745e77482bce3fe,T75,T81,a plan is not a litany of complaints,It's an empty promise,Support,2004
2004_d445c49b99213b05eab4e3322d544789,2004_4faf6ed340d4c75d4745e77482bce3fe,T76,T81,a plan is not to lay out programs that you can't pay for,It's an empty promise,Support,2004
2004_69a0ce6df7034a147a47a00880d90ba0,2004_4faf6ed340d4c75d4745e77482bce3fe,T80,T81,It's called bait and switch,It's an empty promise,Support,2004
2004_02297045fc302d2f8bbadd150b95be4f,2004_4faf6ed340d4c75d4745e77482bce3fe,T82,T81,it's not an empty promise,It's an empty promise,Attack,2004
2004_997db470a775f6e22d147e2a1d2c1265,2004_02297045fc302d2f8bbadd150b95be4f,T83,T82,the president used that very plan as a reason for seniors to accept his prescription drug plan,it's not an empty promise,Support,2004
2004_47c907e9ff5896628e9aee3bf34a3e02,2004_997db470a775f6e22d147e2a1d2c1265,T84,T83,"He said, if it's good enough for the congressmen and senators to have choice, seniors ought to have choice",the president used that very plan as a reason for seniors to accept his prescription drug plan,Support,2004
2004_eff0756c3b27a8a5aa9240b899ff7452,2004_84546156cee0a78641875abe7f342123,T91,T85,Those that can afford it are going to buy in themselves,we're going to help Americans be able to buy into it,Support,2004
2004_121b86700f3d82578935b3aafc27b870,2004_84546156cee0a78641875abe7f342123,T90,T85,We're not giving this away for nothing,we're going to help Americans be able to buy into it,Support,2004
2004_a1d2484536fd463933640cfe304b1e14,2004_84546156cee0a78641875abe7f342123,T88,T85,"Other senators, other congressmen choose other programs",we're going to help Americans be able to buy into it,Support,2004
2004_82828bf5de529df0cccc8fa7b6450e33,2004_84546156cee0a78641875abe7f342123,T87,T85,I choose Blue Cross/Blue Shield,we're going to help Americans be able to buy into it,Support,2004
2004_f471a23251f789f8b0a3ad19aea85af4,2004_8e59fc4b69e7ba671931a9fef237c5e7,T406,T403,"we think the key is to address some basic, fundamental issues that the president's already working on",there are several things that I think need to be done and are being done,Support,2004
2004_6ca0d0bc5d02b4d00b45717fe184f8ed,2004_8e59fc4b69e7ba671931a9fef237c5e7,T407,T403,"We've, of course, been through a difficult recession",there are several things that I think need to be done and are being done,Support,2004
2004_c6462912e28a951c8d662cb9cdf26b04,2004_8e59fc4b69e7ba671931a9fef237c5e7,T408,T403,"the aftermath of 9/11, where we lost over a million jobs after that attack",there are several things that I think need to be done and are being done,Support,2004
2004_0d4e5776a4c4793ae605f4138797b049,2004_8e59fc4b69e7ba671931a9fef237c5e7,T405,T403,I think probably the most successful thing we can do with respect to ending poverty is to get people jobs,there are several things that I think need to be done and are being done,Support,2004
2004_70b3b907922fc931db3c2d0e68f7b2f6,2004_0d4e5776a4c4793ae605f4138797b049,T409,T405,"There's no better antidote to poverty than a good, well-paying job that allows somebody to take care of their own family",I think probably the most successful thing we can do with respect to ending poverty is to get people jobs,Support,2004
2004_0d4e5776a4c4793ae605f4138797b049,2004_34fa1b2c6695254f2ce9d1175a93aeff,T405,T410,I think probably the most successful thing we can do with respect to ending poverty is to get people jobs,we have to make America the best place in the world to do business,Support,2004
2004_d8da1cb5006668fb206ea63862c4a9a4,2004_8e59fc4b69e7ba671931a9fef237c5e7,T411,T403,we've got to deal effectively with tax policy,there are several things that I think need to be done and are being done,Support,2004
2004_11488c346c64eaeda8b434993bc845d6,2004_8e59fc4b69e7ba671931a9fef237c5e7,T412,T403,We've got to reduce the litigation costs that are built into our society,there are several things that I think need to be done and are being done,Support,2004
2004_29246359a4d93251bcda5398f98d5c54,2004_8e59fc4b69e7ba671931a9fef237c5e7,T413,T403,We've got to provide the adequate medical care,there are several things that I think need to be done and are being done,Support,2004
2004_ec99208107eae56ca7149d04ea583967,2004_8e59fc4b69e7ba671931a9fef237c5e7,T414,T403,create the opportunities that are vital to that process,there are several things that I think need to be done and are being done,Support,2004
2004_7a836623b838fbafcf3a23d7e0af1d65,2004_9ce016e9be4d9a752bd905eff6a32989,T415,T404,I'm a product of public schools,I think the most important thing we can do is have a first-class public school system,Support,2004
2004_7ff89f734be942c3b5efa46092ecba01,2004_9ce016e9be4d9a752bd905eff6a32989,T416,T404,"the president, his first legislative priority was the No Child Left Behind Act",I think the most important thing we can do is have a first-class public school system,Support,2004
2004_860b7f21cf729cd933ff3754326d0c5c,2004_7e4df75e22a4979d9ebc509a0a814bcc,T421,T420,sets up a system of testing with respect to our school system,It establishes high standards,Support,2004
2004_a9f13c69497792e4c7cba34a23d0fa81,2004_d4754ccc65c026b4e493774a77be75a9,T422,T423,we can establish accountability to parents and make certain that they understand how well their students are doing,they have the opportunity to move students out of poorly performing schools to good schools,Support,2004
2004_9a6bd17ca674dee72198230afa24c3c9,2004_e1658e3baf6777105cb2664f0df78fc6,T419,T426,It's working,we want to be able to take what we've done for elementary education and move it into the secondary education,Support,2004
2004_6b11a9b940626226e2b7587612f14657,2004_e1658e3baf6777105cb2664f0df78fc6,T425,T426,"It's also important, as we go forward in the next term",we want to be able to take what we've done for elementary education and move it into the secondary education,Support,2004
2004_023353ca84adf3f349e4497b5032d64a,2004_d0abde829ec8264a21ebd2dd042c8745,T417,T418,We've seen reports now of a reduction in the achievement gap between majority students and minority students,We're making significant progress,Support,2004
2004_e1658e3baf6777105cb2664f0df78fc6,2004_d0abde829ec8264a21ebd2dd042c8745,T426,T418,we want to be able to take what we've done for elementary education and move it into the secondary education,We're making significant progress,Support,2004
2004_fb20f575b800a1d90c98a39892cb8228,2004_58c0d45dbbe8fc5228cbfb936c866a2a,T432,T431,it has the highest poverty rate in the country,it's had real consequences in places like Cleveland,Support,2004
2004_58c0d45dbbe8fc5228cbfb936c866a2a,2004_0e52be38f41bdcead4a2afd7cd0656f5,T431,T433,it's had real consequences in places like Cleveland,One out of almost two children in Cleveland are now living in poverty,Support,2004
2004_0e52be38f41bdcead4a2afd7cd0656f5,2004_9334889f68eed403669040f54099b033,T433,T430,One out of almost two children in Cleveland are now living in poverty,"in the last four years, 1.6 million private sector jobs have been lost, 2.7 million manufacturing jobs have been lost",Support,2004
2004_6224fc965d5215ed0cd97ebac712c46d,2004_9334889f68eed403669040f54099b033,T434,T430,"During the time that the vice president and the president have been in office, 4 million more Americans have fallen into poverty","in the last four years, 1.6 million private sector jobs have been lost, 2.7 million manufacturing jobs have been lost",Support,2004
2004_9334889f68eed403669040f54099b033,2004_e1b45e0b418b7172d7300c2a3abe7b87,T430,T435,"in the last four years, 1.6 million private sector jobs have been lost, 2.7 million manufacturing jobs have been lost",We have to do better,Support,2004
2004_6224fc965d5215ed0cd97ebac712c46d,2004_e1b45e0b418b7172d7300c2a3abe7b87,T434,T435,"During the time that the vice president and the president have been in office, 4 million more Americans have fallen into poverty",We have to do better,Support,2004
2004_e1b45e0b418b7172d7300c2a3abe7b87,2004_fbf7da84019786397bba84a4cccd62fa,T435,T436,We have to do better,We have a plan,Support,2004
2004_86327dfbd198f41fc3b14f0b9d4e662f,2004_fbf7da84019786397bba84a4cccd62fa,T440,T436,"We're going to get rid of -- by the way, they're for outsourcing jobs",We have a plan,Support,2004
2004_6198abd4b289976cdf4220922bfb8b36,2004_fbf7da84019786397bba84a4cccd62fa,T439,T436,"I want to make sure people hear that, the fundamental difference with us",We have a plan,Support,2004
2004_9334889f68eed403669040f54099b033,2004_d0abde829ec8264a21ebd2dd042c8745,T430,T418,"in the last four years, 1.6 million private sector jobs have been lost, 2.7 million manufacturing jobs have been lost",We're making significant progress,Attack,2004
2004_6224fc965d5215ed0cd97ebac712c46d,2004_d0abde829ec8264a21ebd2dd042c8745,T434,T418,"During the time that the vice president and the president have been in office, 4 million more Americans have fallen into poverty",We're making significant progress,Attack,2004
2004_371ce8bb9a0c82ec3fdda36a02c3d34d,2004_0968ef72544efcf0baaf6e235f4e24aa,T437,T438,We're against it,The administration says over and over that the outsourcing of millions of American jobs is good,Attack,2004
2004_5aa0ef7138853f5771cdaa748ec80c8d,2004_fbf7da84019786397bba84a4cccd62fa,T427,T436,We want to get rid of tax cuts for companies sending jobs overseas,We have a plan,Support,2004
2004_02285ffcd253d4c63f9a00235f338b52,2004_fbf7da84019786397bba84a4cccd62fa,T428,T436,"We want to balance this budget, get back to fiscal responsibility",We have a plan,Support,2004
2004_467bd20e241be89ce27c954a5b2efcbf,2004_fbf7da84019786397bba84a4cccd62fa,T429,T436,"we want to invest in the creative, innovative jobs of the future",We have a plan,Support,2004
2004_17312400c0df9b5af2a04bac5a10ce88,2004_facf76212fc97a199ff38c414aaa4861,T446,T444,They never got it done,The Democrats promised prescription drug benefits,Attack,2004
2004_cbc123483fc46cefcd8d7f8ca26ae3a2,2004_9c04ffd14e6a94d4ed02dac454f08844,T449,T450,they no longer have to pay any federal income tax at all,We also dropped 5 million people totally off the federal income tax rolls,Support,2004
2004_7cde0d3162c8168da5fd134712d87b01,2004_77d50f5531d58702f14f95560ccafd62,T447,T452,The president got it done,"the story, I think, is a good one",Support,2004
2004_9c04ffd14e6a94d4ed02dac454f08844,2004_77d50f5531d58702f14f95560ccafd62,T450,T452,We also dropped 5 million people totally off the federal income tax rolls,"the story, I think, is a good one",Support,2004
2004_0120452f0150e5dfc964f3a5c924a297,2004_77d50f5531d58702f14f95560ccafd62,T442,T452,We've got 33 million students who've benefited from No Child Left Behind,"the story, I think, is a good one",Support,2004
2004_dc873f3e7f7f3f5402cc8dbc79265509,2004_77d50f5531d58702f14f95560ccafd62,T443,T452,We've got 40 million seniors who benefited from the reform of the Medicare system,"the story, I think, is a good one",Support,2004
2004_772f98894bb5f460fbb95c4c24171eff,2004_77d50f5531d58702f14f95560ccafd62,T441,T452,we've got 111 million American taxpayers that have benefited from our income tax cuts,"the story, I think, is a good one",Support,2004
2004_77d50f5531d58702f14f95560ccafd62,2004_e1b45e0b418b7172d7300c2a3abe7b87,T452,T435,"the story, I think, is a good one",We have to do better,Attack,2004
2004_5dc52b40080d8893ae39dd643a1ec1ae,2004_9334889f68eed403669040f54099b033,T453,T430,the data he's using is old data. It's from 2003.,"in the last four years, 1.6 million private sector jobs have been lost, 2.7 million manufacturing jobs have been lost",Attack,2004
2004_5dc52b40080d8893ae39dd643a1ec1ae,2004_a8f6de618d0ac77f51658e180823eddc,T453,T451,the data he's using is old data. It's from 2003.,It doesn't include any of the gains that we've made in the last years,Support,2004
2004_b47c437a613a38832b0071abf9c37418,2004_77d50f5531d58702f14f95560ccafd62,T448,T452,We've added 1.7 million jobs to the economy,"the story, I think, is a good one",Support,2004
2004_c60086d3357c1842f3f5edf554462401,2004_77d50f5531d58702f14f95560ccafd62,T455,T452,Millions of people have lost their jobs,"the story, I think, is a good one",Attack,2004
2004_37282714a8c2253001b0e3e2248b477e,2004_77d50f5531d58702f14f95560ccafd62,T456,T452,Millions have fallen into poverty,"the story, I think, is a good one",Attack,2004
2004_057822cda10525cf0a03f279b965e6fc,2004_77d50f5531d58702f14f95560ccafd62,T457,T452,"Family incomes are down, while the cost of everything is going up","the story, I think, is a good one",Attack,2004
2004_7e7ad2d5824294d36e5df26d3d41d7fe,2004_77d50f5531d58702f14f95560ccafd62,T458,T452,Medical costs are up the highest they've ever been over the last four years,"the story, I think, is a good one",Attack,2004
2004_e3023208be8ce179a6024d108f2a6acc,2004_77d50f5531d58702f14f95560ccafd62,T459,T452,We have this mess in Iraq,"the story, I think, is a good one",Attack,2004
2004_e3023208be8ce179a6024d108f2a6acc,2004_fccedb9ef333aa88d39b923c23986b67,T459,T454,We have this mess in Iraq,I don't think the country can take four more years of this kind of experience,Support,2004
2004_7e7ad2d5824294d36e5df26d3d41d7fe,2004_fccedb9ef333aa88d39b923c23986b67,T458,T454,Medical costs are up the highest they've ever been over the last four years,I don't think the country can take four more years of this kind of experience,Support,2004
2004_057822cda10525cf0a03f279b965e6fc,2004_fccedb9ef333aa88d39b923c23986b67,T457,T454,"Family incomes are down, while the cost of everything is going up",I don't think the country can take four more years of this kind of experience,Support,2004
2004_37282714a8c2253001b0e3e2248b477e,2004_fccedb9ef333aa88d39b923c23986b67,T456,T454,Millions have fallen into poverty,I don't think the country can take four more years of this kind of experience,Support,2004
2004_c60086d3357c1842f3f5edf554462401,2004_fccedb9ef333aa88d39b923c23986b67,T455,T454,Millions of people have lost their jobs,I don't think the country can take four more years of this kind of experience,Support,2004
2004_7e4df75e22a4979d9ebc509a0a814bcc,2004_9ce016e9be4d9a752bd905eff6a32989,T420,T404,It establishes high standards,I think the most important thing we can do is have a first-class public school system,Support,2004
2004_d4754ccc65c026b4e493774a77be75a9,2004_9ce016e9be4d9a752bd905eff6a32989,T423,T404,they have the opportunity to move students out of poorly performing schools to good schools,I think the most important thing we can do is have a first-class public school system,Support,2004
2004_509ca87d7426d06ca936f4c55be6dbac,2004_9ce016e9be4d9a752bd905eff6a32989,T2,T404,It strikes me that that is absolutely the heart of what needs to be done from the standpoint of education,I think the most important thing we can do is have a first-class public school system,Equivalent,2004
2004_f9ce61e1741a0e4af872c7d823e5713b,2004_9ce016e9be4d9a752bd905eff6a32989,T3,T404,"I hope we get a chance to talk about education, but that's what the vice president talked about",I think the most important thing we can do is have a first-class public school system,Attack,2004
2004_93f25d9e58fefd169a4d1602955c1aa4,2004_e1b45e0b418b7172d7300c2a3abe7b87,T4,T435,"During the time that the vice president and the president have been in office, 4 million more Americans have fallen into poverty",We have to do better,Support,2004
2004_bc273ff8633df4d60eaefeec6f680b36,2004_e1b45e0b418b7172d7300c2a3abe7b87,T5,T435,"And what the most striking and startling thing is, they are the first presidency in 70 years -- and I'm talking Democrats, Republican, presidents who led us through World War, through the Korean War, the Vietnam War, Cold War -- every one of them created jobs until this president",We have to do better,Support,2004
2004_0968ef72544efcf0baaf6e235f4e24aa,2004_6198abd4b289976cdf4220922bfb8b36,T438,T439,The administration says over and over that the outsourcing of millions of American jobs is good,"I want to make sure people hear that, the fundamental difference with us",Support,2004
2004_371ce8bb9a0c82ec3fdda36a02c3d34d,2004_6198abd4b289976cdf4220922bfb8b36,T437,T439,We're against it,"I want to make sure people hear that, the fundamental difference with us",Support,2004
2004_8b4fdbcc5f4dcbad4f1852f79ce3df6c,2004_4fffdd729cca7a1ba2227c4829c9da1d,T464,T463,Not done,They promised they were going to put $2 trillion of the surplus aside from Social Security,Attack,2004
2004_80f5c08b67c4348ae9d9d792d4b3a635,2004_a3a9479243b9ff1a4ccab9f3bd62998f,T462,T461,"last four years, we have gone from a $5 trillion projected surplus when George Bush took office to a $3 trillion projected deficit",we will do what they've not done,Support,2004
2004_d4cf26144c0e7ba4e2879e5db14bfb10,2004_3d6421fbb94af63cfd8b016c2e8bcbdd,T467,T468,we're going to do is roll back tax cuts,we believe need to be done,Support,2004
2004_3d6421fbb94af63cfd8b016c2e8bcbdd,2004_6cde64a942407749bc5de82e0a90e1fb,T468,T460,we believe need to be done,John Kerry and I believe we have a moral responsibility not to leave trillions of debt to our children and our grandchildren,Support,2004
2004_8a83274c14ca2157d50ce40406138dea,2004_d4cf26144c0e7ba4e2879e5db14bfb10,T471,T467,"We want to keep the tax cuts that are in place for people who make less than $200,000 a year",we're going to do is roll back tax cuts,Support,2004
2004_7b28489181c246dce52979dfb141d03c,2004_d4cf26144c0e7ba4e2879e5db14bfb10,T472,T467,give additional tax cuts to those middle-class families,we're going to do is roll back tax cuts,Support,2004
2004_dd5db2e34d2bfee78010a2c35aad91d7,2004_d4cf26144c0e7ba4e2879e5db14bfb10,T473,T467,tax cuts for health care,we're going to do is roll back tax cuts,Support,2004
2004_9ac5c27a13d5163f151c258eb9f11bcc,2004_d4cf26144c0e7ba4e2879e5db14bfb10,T474,T467,tax cuts to help families pay for their college tuition,we're going to do is roll back tax cuts,Support,2004
2004_22f670e5f8bffe7751da72a8975c0fc7,2004_d4cf26144c0e7ba4e2879e5db14bfb10,T475,T467,tax cuts for child care,we're going to do is roll back tax cuts,Support,2004
2004_49857c53cce7a330c545d4f8edf6613c,2004_d4cf26144c0e7ba4e2879e5db14bfb10,T477,T467,they need more tax relief,we're going to do is roll back tax cuts,Support,2004
2004_7a75f943994da9bf7d4dc19b7804f002,2004_3d6421fbb94af63cfd8b016c2e8bcbdd,T481,T468,We also want to close some corporate loopholes,we believe need to be done,Support,2004
2004_5b2a72ece1f01ba073e78568512b6499,2004_3d6421fbb94af63cfd8b016c2e8bcbdd,T484,T468,we can cut the deficit in half,we believe need to be done,Support,2004
2004_76e851597674492607b7ccc33a32f4b1,2004_3d6421fbb94af63cfd8b016c2e8bcbdd,T485,T468,"if we move, we can move this country back on a path to fiscal responsibility",we believe need to be done,Support,2004
2004_139afc13f8353fd405939b6b398da916,2004_2129b61e8a272bb1b664423e1570ff94,T488,T486,the Kerry record on taxes is one basically of voting for a large number of tax increases,I think the Kerry-Edwards approach basically is to raise taxes and to give government more control over the lives of individual citizens,Support,2004
2004_baf703f62422413099d4de37fd8f4f8f,2004_2129b61e8a272bb1b664423e1570ff94,T487,T486,We think that's the wrong way to go,I think the Kerry-Edwards approach basically is to raise taxes and to give government more control over the lives of individual citizens,Attack,2004
2004_fd5bf06c7356b3479efc3345c6ea2820,2004_9ff4a4e60994eddfcf67e05a2314abe6,T493,T489,"about 900,000 small businesses will be hit if you do, in fact, do what they want to do with the top bracket",That's not smart,Support,2004
2004_9ff4a4e60994eddfcf67e05a2314abe6,2004_baf703f62422413099d4de37fd8f4f8f,T489,T487,That's not smart,We think that's the wrong way to go,Support,2004
2004_1abfbeeb98801b634e8280876bc3b984,2004_9ff4a4e60994eddfcf67e05a2314abe6,T494,T489,It's a bad idea to increase the burden on those folks,That's not smart,Support,2004
2004_67e59b7b0812338c1a07df2690f6c17e,2004_a3bd5979a0bed541a76712ce88f2530b,T502,T503,They are,it is a fundamental difference in what we think needs to be done in this country,Support,2004
2004_b22ea1ad39ce6ddeee1b4f249cfc1a02,2004_e6fbe0efaa0fdc103855b1ad7ae43c6b,T500,T498,"We are for more tax cuts for the middle class than they're for, have been for the last four years",We are committed to cutting back anything in our programs that need to be cut back to get us back on a path to fiscal responsibility,Support,2004
2004_107af9ee5bcfb62959910fb39781d725,2004_a3bd5979a0bed541a76712ce88f2530b,T501,T503,we are not for more tax cuts for multimillionaires,it is a fundamental difference in what we think needs to be done in this country,Support,2004
2004_bcc6f9f6755b4017e0996299580aa7b8,2004_107af9ee5bcfb62959910fb39781d725,T2,T501,"Yesterday, the president signed an extension of middle- class tax cuts, the 10 percent bracket, the marriage penalty relief and the increase in the child tax credit",we are not for more tax cuts for multimillionaires,Attack,2004
2004_177bd009e9decafceaf9c4a60cf0ccf0,2004_b22ea1ad39ce6ddeee1b4f249cfc1a02,T3,T500,Senators Kerry and Edwards weren't even there to vote for it when it came to final passage,"We are for more tax cuts for the middle class than they're for, have been for the last four years",Attack,2004
2004_2af6f92b14d5bc5d1c4df4a04c3d3009,2004_7729b5473771c9b29b689fd8299b7aaf,T104,T92,I'm going to reverse that,"reinstating what President Bush took away, which is called pay as you go",Support,2004
2004_bba1d183d63c46dd334df19c76cc6928,2004_7729b5473771c9b29b689fd8299b7aaf,T105,T92,I'm going to change that,"reinstating what President Bush took away, which is called pay as you go",Support,2004
2004_ed6f0ef9405792f86efb0987b26f3033,2004_7729b5473771c9b29b689fd8299b7aaf,T102,T92,We're going to restore the fiscal discipline we had in the 1990s,"reinstating what President Bush took away, which is called pay as you go",Support,2004
2004_49e13979178a3f7f608dd57f09645e33,2004_7729b5473771c9b29b689fd8299b7aaf,T108,T92,"we start by rolling back George Bush's unaffordable tax cut for the wealthiest people, people earning more than $200,000 a year","reinstating what President Bush took away, which is called pay as you go",Support,2004
2004_d6ef847403f07ad1c46b7e6bde64c406,2004_49e13979178a3f7f608dd57f09645e33,T109,T108,"we pass, hopefully, the McCain-Kerry Commission which identified some $60 billion that we can get","we start by rolling back George Bush's unaffordable tax cut for the wealthiest people, people earning more than $200,000 a year",Support,2004
2004_272e539800aa25101dbaef743e35322c,2004_49e13979178a3f7f608dd57f09645e33,T113,T108,We shut the loophole which has American workers actually subsidizing the loss of their own job,"we start by rolling back George Bush's unaffordable tax cut for the wealthiest people, people earning more than $200,000 a year",Support,2004
2004_e1a71a4d031448d4d74dd981383a3756,2004_272e539800aa25101dbaef743e35322c,T114,T113,They just passed an expansion of that loophole in the last few days,We shut the loophole which has American workers actually subsidizing the loss of their own job,Support,2004
2004_3d8b388e9330517b89c7c6cd3a062b3a,2004_e1a71a4d031448d4d74dd981383a3756,T1,T114,"$43 billion of giveaways, including favors to the oil and gas industry and the people importing ceiling fans from China",They just passed an expansion of that loophole in the last few days,Support,2004
2004_c4a7c8ff2fb912dbe14e8228d56a93f1,2004_fdba89e53dc71558c9628008c6587e5e,T94,T93,"If you were going to pass something in the Congress, you had to show where you are going to pay for it and how","During the 1990s, we had pay-as-you-go rules",Support,2004
2004_046815cff6a5c35686a95c4a0ae54364,2004_7922e443429acf71945bffd6bec577d4,T126,T119,He been a senator for 20 years,his rhetoric doesn't match his record,Support,2004
2004_335cc7cec587c65df50a5ca35b578e31,2004_7922e443429acf71945bffd6bec577d4,T120,T119,He voted to increase taxes 98 times,his rhetoric doesn't match his record,Support,2004
2004_52d9c382122f508044b27a40dcb1411e,2004_7922e443429acf71945bffd6bec577d4,T121,T119,"When they tried to reduce taxes, he voted against that 127 times",his rhetoric doesn't match his record,Support,2004
2004_5063c09a6e7ad11cd4d66697abddd049,2004_5cf3ddac023f1fd449725b4df7cc4185,T122,T128,he voted 277 times to waive the budget caps,"He talks about being a fiscal conservative, or fiscally sound",Attack,2004
2004_1c593b0d102986f2ba12101f195997bf,2004_5cf3ddac023f1fd449725b4df7cc4185,T129,T128,which would have cost the taxpayers $4,"He talks about being a fiscal conservative, or fiscally sound",Attack,2004
2004_5063c09a6e7ad11cd4d66697abddd049,2004_7adc13464ceb502f8f21570141c60854,T122,T111,he voted 277 times to waive the budget caps,I am going to do it in a way that's fiscally sound,Attack,2004
2004_58c4a9db23724821f68bb3f2da7060bf,2004_7adc13464ceb502f8f21570141c60854,T115,T111,I have a manufacturing jobs credit,I am going to do it in a way that's fiscally sound,Support,2004
2004_518db9b8e2d1467c915f3d665350d328,2004_7adc13464ceb502f8f21570141c60854,T112,T111,"I show how I pay for the health care, how we pay for the education",I am going to do it in a way that's fiscally sound,Support,2004
2004_7adc13464ceb502f8f21570141c60854,2004_0e346fcd91dcdf868ed433254238330b,T111,T110,I am going to do it in a way that's fiscally sound,I'm going to stand up and fight for the American worker,Support,2004
2004_9a2f65135ecf73765159e4d064f83f60,2004_7adc13464ceb502f8f21570141c60854,T118,T111,We pay for it by shutting that loophole overseas,I am going to do it in a way that's fiscally sound,Support,2004
2004_e65c7b90277082d5d3a689c9af0ea43e,2004_7adc13464ceb502f8f21570141c60854,T117,T111,We raise the student loans,I am going to do it in a way that's fiscally sound,Support,2004
2004_e574f444289f803a85b701a204f798e4,2004_e65c7b90277082d5d3a689c9af0ea43e,T116,T117,I pay for it by changing the relationship with the banks,We raise the student loans,Support,2004
2004_219d78c809a52cee3be81ca9ced8ecbc,2004_49e13979178a3f7f608dd57f09645e33,T134,T108,"the so-called tax on the rich, which is also a tax on many small-business owners in America, raises $600 million by our account -- billion, $800 billion by his account","we start by rolling back George Bush's unaffordable tax cut for the wealthiest people, people earning more than $200,000 a year",Attack,2004
2004_e8b5a37b41cd6ec70004dd8d4f734bc3,2004_7729b5473771c9b29b689fd8299b7aaf,T131,T92,"when you're a senator from Massachusetts, when you're a colleague of Ted Kennedy, pay go means: You pay, and he goes ahead and spends","reinstating what President Bush took away, which is called pay as you go",Attack,2004
2004_341555e610d014220dc4e85df6da61e6,2004_c72468ebb24ef8f3ebdaa2a7ed4784cf,T136,T135,guess who usually ends up filling the tax gap? The middle class,There is a tax gap,Support,2004
2004_c72468ebb24ef8f3ebdaa2a7ed4784cf,2004_43cc9d7182a31dd825a79fd7ffc0393d,T135,T123,There is a tax gap,I propose a detailed budget,Support,2004
2004_549721e0f2ca68901c0380904928f09d,2004_43cc9d7182a31dd825a79fd7ffc0393d,T137,T123,I sent up my budget man to the Congress,I propose a detailed budget,Support,2004
2004_f8e8849a479641d0b044db63e5b943c1,2004_69ecdd98f255eeab725c44823b904703,T124,T138,It requires pro-growth policies that grow our economy and fiscal sanity in the halls of Congress,"he says, here's how we're going to reduce the deficit in half by five years",Attack,2004
2004_452651da9540f49766ef21d746957427,2004_57036c174b0828f9ab6bd9309058abc2,T405,T401,You choose your doctor,It gives you the choice,Support,2004
2004_fc6d27fceb03d731680464c5ebe28ae2,2004_57036c174b0828f9ab6bd9309058abc2,T406,T401,You choose your plan,It gives you the choice,Support,2004
2004_b9228ec373988122f9e237894310ac75,2004_57036c174b0828f9ab6bd9309058abc2,T407,T401,"If you don't want to take the offer of the plan that I want to put forward, you don't have do",It gives you the choice,Support,2004
2004_a1807b0e2cc73065d2ea19b7ddb85b77,2004_781f746edd344d605e95aed28525422d,T413,T412,it's a net plus of $5 billion to them,I think they'll choose it,Support,2004
2004_57036c174b0828f9ab6bd9309058abc2,2004_72c7cb4c61be94f8adcb2ee100670b90,T401,T400,It gives you the choice,"my health-care plan, America, is very simple",Support,2004
2004_c8881d9f938984f3a77ddd3a83f48f03,2004_9b09016391457b509253a7afdc6b2980,T411,T410,We take over Medicaid children from the states so that every child in America is covered,I got a better plan,Support,2004
2004_acef9e8ce60e8b36938117388894223b,2004_cca129f0496d72869c07660e5691cf58,T418,T417,"If it's good enough for us, it's good enough for every American",we give you broader competition to allow you to buy into the same health care plan that senators and congressmen give themselves,Support,2004
2004_cca129f0496d72869c07660e5691cf58,2004_9b09016391457b509253a7afdc6b2980,T417,T410,we give you broader competition to allow you to buy into the same health care plan that senators and congressmen give themselves,I got a better plan,Support,2004
2004_951216b92dc747306426711cc6d3f772,2004_cca129f0496d72869c07660e5691cf58,T414,T417,I believe that your health care is just as important as any politician in Washington,we give you broader competition to allow you to buy into the same health care plan that senators and congressmen give themselves,Support,2004
2004_12107cd652e7d5fc58c2715b04b10f11,2004_951216b92dc747306426711cc6d3f772,T422,T414,"You want to buy into it, you can",I believe that your health care is just as important as any politician in Washington,Support,2004
2004_68039f379b3c41af8605bd16ab7939dd,2004_db38607ed5948ac49ca1c0866f0f191c,T420,T421,That helps lower prices,We give you broader competition,Support,2004
2004_db38607ed5948ac49ca1c0866f0f191c,2004_9b09016391457b509253a7afdc6b2980,T421,T410,We give you broader competition,I got a better plan,Support,2004
2004_514b6b96034847f98183edf00db2bae9,2004_9b09016391457b509253a7afdc6b2980,T423,T410,we give small business a 50 percent tax credit so that after we lower the costs of health care,I got a better plan,Support,2004
2004_337d0f61cad29c394337c5bdbc79f5b5,2004_9b09016391457b509253a7afdc6b2980,T419,T410,we're going to allow people 55 to 64 to buy into Medicare early,I got a better plan,Support,2004
2004_41b5143c066235ea15cf108a9469b1e8,2004_9b09016391457b509253a7afdc6b2980,T424,T410,"they also get, whether they're self-employed or a small business, a lower cost to be able to cover their employees",I got a better plan,Support,2004
2004_d2220f4f4195d9035a5d164fe6a13a5a,2004_9b09016391457b509253a7afdc6b2980,T425,T410,"if you diagnose diabetes early, you could save $50 billion in the health care system of America by avoiding surgery and dialysis",I got a better plan,Support,2004
2004_669df3aff5488aeba1acf93f9c1bcd71,2004_4637b91dbc2e78f7a64019c24da74308,T427,T426,It works,I'm going to offer it to America,Support,2004
2004_d7c059c88254099df4578e567c528e61,2004_e29bb7220bd3e934b33fb65502c41102,T432,T433,"The Lewin report accurately noted that there are going to be 20 million people, over 20 million people added to government-controlled health care",It would be the largest increase in government health care ever,Support,2004
2004_cb0e393817e9b396fdd52b49a5738ad5,2004_e29bb7220bd3e934b33fb65502c41102,T431,T433,It cost $1.2 trillion,It would be the largest increase in government health care ever,Support,2004
2004_6eca2e68ca1ff92ffd9cf08af4d53a11,2004_d7c059c88254099df4578e567c528e61,T430,T432,They analyzed the senator's plan,"The Lewin report accurately noted that there are going to be 20 million people, over 20 million people added to government-controlled health care",Support,2004
2004_1b4b85b586c249996a12d62a0b09acf6,2004_d7c059c88254099df4578e567c528e61,T429,T432,The Lewin report is a group of folks who are not politically affiliated,"The Lewin report accurately noted that there are going to be 20 million people, over 20 million people added to government-controlled health care",Support,2004
2004_b5e2827687d01e8d237f3ad9a0a641e8,2004_dbb60ae07fc85bc14d7bbd4132f41d0c,T435,T434,Why should they insure somebody when the government's going to insure it for them,"If you raise the Medicaid to 300 percent, it provides an incentive for small businesses not to provide private insurance to their employees",Support,2004
2004_b984bcacb16376b859acf305d896730b,2004_dbb60ae07fc85bc14d7bbd4132f41d0c,T436,T434,It's estimated that 8 million people will go from private insurance to government insurance,"If you raise the Medicaid to 300 percent, it provides an incentive for small businesses not to provide private insurance to their employees",Support,2004
2004_74d41f4c7ba430014b2ca3f591e58504,2004_a276e4a773c640fb8209d38bedd87c0b,T438,T437,just look at other countries that have tried to have federally controlled health care,"Once a health-care program ends up in a line item in the federal government budget, it leads to more controls",Support,2004
2004_720c08c22c772dc8f4c98c3129e9b660,2004_74d41f4c7ba430014b2ca3f591e58504,T439,T438,They have poor-quality health care,just look at other countries that have tried to have federally controlled health care,Support,2004
2004_2f467b846fb7c972997e97baafb92447,2004_cbb72f9ae736d8c2237448454e5edb3c,T441,T440,"we believe in making sure that the decisions are made by doctors and patients, not by officials in the nation's capital",Our health-care system is the envy of the world,Support,2004
2004_0584844be6b9b88b4ef353b15ac56e8e,2004_025aec8e0e3163b7889c271a0eddfa06,T447,T446,maybe that explains why he hasn't fully funded the VA and the VA hospital is having trouble and veterans are complaining,The president just said that government-run health care results in poor quality,Support,2004
2004_29cfff6041f3b447b0c3be5d6a5cbfe2,2004_025aec8e0e3163b7889c271a0eddfa06,T448,T446,Maybe that explains why Medicare patients are complaining about being pushed off of Medicare,The president just said that government-run health care results in poor quality,Support,2004
2004_025aec8e0e3163b7889c271a0eddfa06,2004_6bfa2842013df2e6f6a5055011b38175,T446,T428,The president just said that government-run health care results in poor quality,"I think government- run health will lead to poor-quality health, will lead to rationing, will lead to less choice",Attack,2004
2004_2db4f9bcf055a850487fc6a2f5ace50e,2004_025aec8e0e3163b7889c271a0eddfa06,T449,T446,He doesn't adequately fund it,The president just said that government-run health care results in poor quality,Support,2004
2004_750150f982e8042412304316db9a2cf7,2004_4effd9ac4fdecf0580f45d5d05fc4dab,T445,T442,I have Blue Cross/Blue Shield,I am not proposing a government-run program,Support,2004
2004_2b2eca4fcfb97f9f466192761f74c3e4,2004_78646ad57d3081b769daab02a5328ab3,T444,T443,Senators and congressmen have a wide choice,Americans ought to have it too,Support,2004
2004_4effd9ac4fdecf0580f45d5d05fc4dab,2004_78646ad57d3081b769daab02a5328ab3,T442,T443,I am not proposing a government-run program,Americans ought to have it too,Support,2004
2004_200272e4fcaed835e8219237ec94934e,2004_0584844be6b9b88b4ef353b15ac56e8e,T451,T447,We've increased VA funding by $22 billion in the four years since I've been president,maybe that explains why he hasn't fully funded the VA and the VA hospital is having trouble and veterans are complaining,Attack,2004
2004_6b10c37e5892daa2ba3aa70f110f75db,2004_200272e4fcaed835e8219237ec94934e,T456,T451,That's twice the amount that my predecessor increased VA funding,We've increased VA funding by $22 billion in the four years since I've been president,Support,2004
2004_200272e4fcaed835e8219237ec94934e,2004_3a5f010f8cdfe97ba896ed0b8fb898af,T451,T457,We've increased VA funding by $22 billion in the four years since I've been president,we're meeting our obligation to our veterans,Support,2004
2004_58d3fcfa1968ff845c9729808d27ccb6,2004_3a5f010f8cdfe97ba896ed0b8fb898af,T458,T457,the veterans know that,we're meeting our obligation to our veterans,Support,2004
2004_296ab29ea4ae3fb3d074da09cea1d595,2004_3a5f010f8cdfe97ba896ed0b8fb898af,T452,T457,We're expanding veterans' health care throughout the country,we're meeting our obligation to our veterans,Support,2004
2004_e7fd4f8d98ddf090d96b828c01288acd,2004_3a5f010f8cdfe97ba896ed0b8fb898af,T453,T457,We're aligning facilities where the veterans live now,we're meeting our obligation to our veterans,Support,2004
2004_3cf2e8112fc4755dab5be902e54942b7,2004_3a5f010f8cdfe97ba896ed0b8fb898af,T454,T457,Veterans are getting very good health care under my administration,we're meeting our obligation to our veterans,Equivalent,2004
2004_3a5f010f8cdfe97ba896ed0b8fb898af,2004_c45ec33c279b63a07f89071bc1b88ac6,T457,T455,we're meeting our obligation to our veterans,they will continue to do so during the next four years,Support,2004
2004_a293122fa7e51c52fac12d1ebb355db1,2004_45557ecef57250d06cefd0dc8760ae8e,T5,T4,that was the only way to guarantee that these states would not again become safe harbors for terror or for the development of deadly weapons,we also then finally had to stand up democracies in their stead afterwards,Support,2004
2004_e64cc3c1f6731db821f1020ab5a50a4e,2004_711d84ae4d50762e6bed808ba76e115c,T10,T9,"If I had it to recommend all over again, I would recommend exactly the same course of action",What we did in Iraq was exactly the right thing to do,Support,2004
2004_501ea1a24ec8c8ffcefe008534b67a8f,2004_711d84ae4d50762e6bed808ba76e115c,T6,T9,The world is far safer today,What we did in Iraq was exactly the right thing to do,Support,2004
2004_1ce2ba7d42ae0dfc51582cba92e0ceee,2004_501ea1a24ec8c8ffcefe008534b67a8f,T7,T6,"Saddam Hussein is in jail, his government is no longer in power",The world is far safer today,Support,2004
2004_989a05a15321076c7db6060095170893,2004_711d84ae4d50762e6bed808ba76e115c,T13,T9,"Mr. Vice President, you are still not being straight with the American people",What we did in Iraq was exactly the right thing to do,Attack,2004
2004_e96c07058ba2e6ae16bc40bdd84d59f7,2004_989a05a15321076c7db6060095170893,T14,T13,"the reality you and George Bush continue to tell people, first, that things are going well in Iraq -- the American people don't need us to explain this to them","Mr. Vice President, you are still not being straight with the American people",Support,2004
2004_99f97ae335e80495ea5751ccf2a5e78a,2004_e96c07058ba2e6ae16bc40bdd84d59f7,T15,T14,they see it on their television every single day,"the reality you and George Bush continue to tell people, first, that things are going well in Iraq -- the American people don't need us to explain this to them",Support,2004
2004_1cca980f65fb698a681ce51016cc5f17,2004_989a05a15321076c7db6060095170893,T16,T13,We lost more troops in September than we lost in August,"Mr. Vice President, you are still not being straight with the American people",Support,2004
2004_072d55d76eb63f529d4fe529fb9be0ec,2004_989a05a15321076c7db6060095170893,T17,T13,lost more in August than we lost in July,"Mr. Vice President, you are still not being straight with the American people",Support,2004
2004_79632fada224a14bd7300aed1856ecce,2004_989a05a15321076c7db6060095170893,T18,T13,lost more in July than we lost in June,"Mr. Vice President, you are still not being straight with the American people",Support,2004
2004_3d266fc758238513b1d6a84df10c8906,2004_989a05a15321076c7db6060095170893,T19,T13,it's not just me that sees the mess in Iraq,"Mr. Vice President, you are still not being straight with the American people",Support,2004
2004_b3226ac01b14222165d265dd39477270,2004_180755d00b58b84a0f9648119319e06a,T24,T23,Richard Lugar said because of the incompetence of the administration,"There are Republican leaders, like John McCain, like Richard Lugar, like Chuck Hagel, who have said Iraq is a mess and it's getting worse",Support,2004
2004_42007e7bbf851ddb2543782cb67a497f,2004_055925e1d16932bda42083ce7344ee99,T25,T28,Paul Bremer said yesterday is they didn't have enough troops to secure the country,We need a fresh start,Support,2004
2004_efefe46028fae91397c3a2398f21f3d7,2004_055925e1d16932bda42083ce7344ee99,T26,T28,They also didn't have a plan to win the peace,We need a fresh start,Support,2004
2004_38c8b1414279d9a8a11224ec30caaea8,2004_055925e1d16932bda42083ce7344ee99,T27,T28,They also didn't put the alliances together to make this successful,We need a fresh start,Support,2004
2004_055925e1d16932bda42083ce7344ee99,2004_af6d888a7f329017c28595873088c251,T28,T22,We need a fresh start,"We need a president who will speed up the training of the Iraqis, get more staff in for doing that",Support,2004
2004_1d309d7ffb3c28fd50add2b27121f3f3,2004_af6d888a7f329017c28595873088c251,T21,T22,We need to speed up the reconstruction so the Iraqis see some tangible benefit,"We need a president who will speed up the training of the Iraqis, get more staff in for doing that",Support,2004
2004_140b25d999a7bf9a7d1695680a9066aa,2004_989a05a15321076c7db6060095170893,T29,T13,We've made significant progress in Iraq,"Mr. Vice President, you are still not being straight with the American people",Attack,2004
2004_3ac01dc2f484e59d374e3006f417941e,2004_140b25d999a7bf9a7d1695680a9066aa,T30,T29,We've stood up a new government that's been in power now only 90 days,We've made significant progress in Iraq,Support,2004
2004_ada22aa8dbb9564f81c5159aae067a65,2004_64b79342269d7e79fce995a6531e52e7,T33,T35,They will have free elections next January for the first time in history,Those two steps are crucial to success in Iraq,Support,2004
2004_06d290faab77c76be897b1338014c877,2004_64b79342269d7e79fce995a6531e52e7,T34,T35,"We also are actively, rapidly training Iraqis to take on the security responsibility",Those two steps are crucial to success in Iraq,Support,2004
2004_64b79342269d7e79fce995a6531e52e7,2004_c922da4dac64dce1d1c21e70ced33051,T35,T32,Those two steps are crucial to success in Iraq,the point of success in Iraq will be reached when we have turned governance over to the Iraqi people,Support,2004
2004_e06750517fdc5ad2ed525791202a6e53,2004_0f5af427f6c7bfb073c192122fddee18,T36,T31,"They're well in hand, well under way",we'll get the job done,Support,2004
2004_e6bee126690631085c6baad1be205a17,2004_2ffd0828ee95f72c9c17335d6ca95b45,T39,T37,The 9/11 Commission has said it,there is no connection between the attacks of September 11th and Saddam Hussein,Support,2004
2004_e7a5353b2d5c3e65f99c738faa3443f6,2004_2ffd0828ee95f72c9c17335d6ca95b45,T40,T37,Your own secretary of state has said it,there is no connection between the attacks of September 11th and Saddam Hussein,Support,2004
2004_2ffd0828ee95f72c9c17335d6ca95b45,2004_7348fb5ccf12ec6f9f24f4b9e609c38e,T37,T41,there is no connection between the attacks of September 11th and Saddam Hussein,you've gone around the country suggesting that there is some connection,Attack,2004
2004_ebd5aa0bee36f51c4084c9b3ee1e8f0f,2004_96761ea6567cfae0d1103fb511c61bf9,T44,T43,the secretary of defense said yesterday that he knows of no hard evidence of the connection,the CIA is now about to report that the connection between Al Qaida and Saddam Hussein is tenuous at best,Support,2004
2004_2ffd0828ee95f72c9c17335d6ca95b45,2004_45cb64fdce15d1cccc3f65d87ee4fd05,T37,T38,there is no connection between the attacks of September 11th and Saddam Hussein,We need to be straight with the American people,Support,2004
2004_87a124196763f971abff09683b09dd88,2004_cfaa785d4df8117070ffb7792275cb85,T47,T46,John Kerry and I have consistently said that,It means that Saddam Hussein needed to be confronted,Support,2004
2004_bdd76ef146839453daf427476314bd53,2004_cfaa785d4df8117070ffb7792275cb85,T45,T46,we voted for the resolution,It means that Saddam Hussein needed to be confronted,Support,2004
2004_8fec89371b34e8572b2f7192166a089a,2004_cfaa785d4df8117070ffb7792275cb85,T48,T46,it needed to be done the right way,It means that Saddam Hussein needed to be confronted,Support,2004
2004_e3c2962fcac633002750d31492dc6619,2004_8fec89371b34e8572b2f7192166a089a,T49,T48,doing it the right way meant that we were prepared,it needed to be done the right way,Support,2004
2004_5258c11a2b36e6c522daaa62f7276a31,2004_8fec89371b34e8572b2f7192166a089a,T50,T48,"that we gave the weapons inspectors time to find out what we now know, that in fact there were no weapons of mass destruction",it needed to be done the right way,Support,2004
2004_e7af1b5bcc6c9778cec2ad2b744f7111,2004_5258c11a2b36e6c522daaa62f7276a31,T51,T50,"that we didn't take our eye off the ball, which are Al Qaida, Osama bin Laden, the people who attacked us on September the 11th","that we gave the weapons inspectors time to find out what we now know, that in fact there were no weapons of mass destruction",Support,2004
2004_f4524ca50c38d8435c2a41b6d700547c,2004_485f46214f2394beec243d43c283867d,T52,T53,we went into Afghanistan,the right thing to do,Support,2004
2004_54dfd4f9c06840573f28b49c37cddf76,2004_485f46214f2394beec243d43c283867d,T54,T53,That was the right decision,the right thing to do,Support,2004
2004_255f74142e8c00411a44d06daca1a1b5,2004_485f46214f2394beec243d43c283867d,T55,T53,our military performed terrifically there,the right thing to do,Support,2004
2004_8fc288d05d0b84707fe1e9f218c81990,2004_485f46214f2394beec243d43c283867d,T58,T53,we had Osama bin Laden cornered at Tora Bora,the right thing to do,Support,2004
2004_4b5c9f5087a15103f4017b869a53fa32,2004_485f46214f2394beec243d43c283867d,T59,T53,We had the 10th Mountain Division up in Uzbekistan available,the right thing to do,Support,2004
2004_9d94738e0b9600d1af300a0d1e1c4872,2004_485f46214f2394beec243d43c283867d,T60,T53,We had the finest military in the world on the ground,the right thing to do,Support,2004
2004_b66cee51ef59412126ac0e071bdc8d2c,2004_0bd6485ed90cb3f01ad345d4cdeccbd1,T62,T63,what did the administration decide to do,"They gave the responsibility of capturing and/or killing Saddam -- I mean Osama bin Laden to Afghan warlords who, just a few weeks before, had been working with Osama bin Laden",Support,2004
2004_ad4f31f9b4b6744b74234f1c74f5eb84,2004_932e352db08ab7663f341acc6d46ab68,T57,T61,what did we do,We turned -- this is the man who masterminded the greatest mass murder and terrorist attack in American history,Support,2004
2004_272adc4a99d7699bedab8ece1160ca3f,2004_b04c5108d3aa37f8d4cf239fcd279684,T64,T65,We were attacked by Al Qaida and Osama bin Laden,We went into Afghanistan and very quickly the administration made a decision to divert attention from that and instead began to plan for the invasion of Iraq,Support,2004
2004_c5c58409699817a62c84b061e7435284,2004_ae2101664453eb4ba2c454246f623ff5,T66,T56,The 9/11 Commission has said that's true,there is no connection between Saddam Hussein and the attacks of September 11th -- period,Support,2004
2004_35adef8670f5b4f04862914a1fc05026,2004_ae2101664453eb4ba2c454246f623ff5,T67,T56,Colin Powell has said it's true,there is no connection between Saddam Hussein and the attacks of September 11th -- period,Support,2004
2004_ae2101664453eb4ba2c454246f623ff5,2004_4c8b36bb1c8448fd6428eb9ae65ad0c3,T56,T68,there is no connection between Saddam Hussein and the attacks of September 11th -- period,the vice president keeps suggesting that there is,Attack,2004
2004_d75a96e08ff29be2290b5d98741e4dcf,2004_4c8b36bb1c8448fd6428eb9ae65ad0c3,T71,T68,I have not suggested there's a connection between Iraq and 9/11,the vice president keeps suggesting that there is,Attack,2004
2004_d75a96e08ff29be2290b5d98741e4dcf,2004_727390207295c45390fd2c340f9058fe,T71,T73,I have not suggested there's a connection between Iraq and 9/11,The senator has got his facts wrong,Support,2004
2004_1f754335bc4a521b54a135d4838561dc,2004_727390207295c45390fd2c340f9058fe,T72,T73,there's clearly an established Iraqi track record with terror,The senator has got his facts wrong,Support,2004
2004_f6b0a722d9d8a9d2666c3b3bbea26a3b,2004_1f754335bc4a521b54a135d4838561dc,T75,T72,"the point is that that's the place where you're most likely to see the terrorists come together with weapons of mass destruction, the deadly technologies that Saddam Hussein had developed and used over the years",there's clearly an established Iraqi track record with terror,Support,2004
2004_0eeba0d5e35bb6e54a2305149b880fcf,2004_97439da9a18edfbd2dfe3e85d60d9f32,T77,T74,They've got a very limited view about how to use U.S. military forces to defend America,they are not prepared to deal with states that sponsor terror,Support,2004
2004_221d2ccd59a41762092c42955aedec6c,2004_dd2144cc9a8d14e25d3a86bec85846c5,T79,T81,"in the mid-'80s, he ran on the basis of cutting most of our major defense programs",It's a consistent pattern over time of always being on the wrong side of defense issues,Support,2004
2004_f7313ca035e585011933367051723c93,2004_dd2144cc9a8d14e25d3a86bec85846c5,T80,T81,"In 1991, he voted against Desert Storm",It's a consistent pattern over time of always being on the wrong side of defense issues,Support,2004
2004_b0fff8adf5c6f28ec2982a98fbc3bbcc,2004_dd2144cc9a8d14e25d3a86bec85846c5,T78,T81,That's part of a track record that goes back to the 1970s when he ran for Congress the first time and said troops should not be deployed without U.N. approval,It's a consistent pattern over time of always being on the wrong side of defense issues,Support,2004
2004_6ad9311f7961b1a0dd19d3d1e4626c1b,2004_dd2144cc9a8d14e25d3a86bec85846c5,T76,T81,We heard Senator Kerry say the other night that there ought to be some kind of global test before U.S. troops are deployed preemptively to protect the United States,It's a consistent pattern over time of always being on the wrong side of defense issues,Support,2004
2004_95ad15604cb90522eed27343ebc48508,2004_548390bf5bb5a93974bcf265c550efb4,T87,T89,We've actively and aggressively pursued him,we've never let up on Osama bin Laden from day one,Support,2004
2004_b1c2d5d465aba17af2a92401eec12130,2004_548390bf5bb5a93974bcf265c550efb4,T88,T89,We've captured or killed thousands of Al Qaida in various places around the world and especially in Afghanistan,we've never let up on Osama bin Laden from day one,Support,2004
2004_548390bf5bb5a93974bcf265c550efb4,2004_f79a07b4380073c6102cd83c170b139f,T89,T90,we've never let up on Osama bin Laden from day one,We'll continue to very aggressively pursue him,Support,2004
2004_f79a07b4380073c6102cd83c170b139f,2004_b27ec04c40ff38f5d9185fa1dd28e2b0,T90,T91,We'll continue to very aggressively pursue him,I'm confident eventually we'll get him,Support,2004
2004_04878e1f1ea96b56b639f82a0086cee3,2004_84b0cabe1fd3c04d9e56cfef926e018a,T93,T92,we've done,"The key to success in Afghanistan has been, again, to go in and go after the terrorists",Support,2004
2004_95bfa99c8a1246252cc43aaa877117bb,2004_a4011b5323ab3a21e42d490e62758916,T95,T94,"if you will, of the Al Qaida organization","also take down the Taliban regime which allowed them to function there, in effect sponsors",Support,2004
2004_a4011b5323ab3a21e42d490e62758916,2004_84b0cabe1fd3c04d9e56cfef926e018a,T94,T92,"also take down the Taliban regime which allowed them to function there, in effect sponsors","The key to success in Afghanistan has been, again, to go in and go after the terrorists",Support,2004
2004_09dfa3aa23aaadc0a218e2a93884ad73,2004_f11f1ccc4b5924b72f7d1a2dcfb366c7,T98,T96,"We've got 10 million voters who have registered to vote, nearly half of them women",That election will put in place a democratically elected government that will take over next December,Support,2004
2004_50c21999bb9527e26d40870d4daf0d87,2004_e890b816c33a4b23a92c19c94320bbba,T108,T99,they're making significant progress,We're standing up Afghan security forces so they can take on responsibility for their own security,Support,2004
2004_ed1c24523785228a78d8617225c9c549,2004_e890b816c33a4b23a92c19c94320bbba,T109,T99,"We'll keep U.S. forces there -- we have about 16,000 there today -- as long as necessary, to assist the Afghans in terms of dealing with their security situation",We're standing up Afghan security forces so they can take on responsibility for their own security,Support,2004
2004_78cc2ecf39fdcc666b5157482324193a,2004_2c653cd654bc23fa7fc7845d8ec6ea50,T107,T106,"We have President Karzai, who is in power",They have done wonders writing their own constitution for the first time ever,Support,2004
2004_ef34710b4b18324eccbc3a54faec0502,2004_2c653cd654bc23fa7fc7845d8ec6ea50,T105,T106,Schools are open,They have done wonders writing their own constitution for the first time ever,Support,2004
2004_5748d895a5548c2f979e63e8069ad184,2004_2c653cd654bc23fa7fc7845d8ec6ea50,T104,T106,Young girls are going to school,They have done wonders writing their own constitution for the first time ever,Support,2004
2004_a1beea21c020a5f26d729c02e92fdcd9,2004_2c653cd654bc23fa7fc7845d8ec6ea50,T103,T106,Women are going to vote,They have done wonders writing their own constitution for the first time ever,Support,2004
2004_310b1bbeae8be3e1efb88050afea2763,2004_2c653cd654bc23fa7fc7845d8ec6ea50,T102,T106,Women are even eligible to run for office,They have done wonders writing their own constitution for the first time ever,Support,2004
2004_2c653cd654bc23fa7fc7845d8ec6ea50,2004_2e8b2ab4aa8025a4ce294fd507f20684,T106,T100,They have done wonders writing their own constitution for the first time ever,"This is major, major progress",Support,2004
2004_7e425083e69d96e5eb723e76b97d2c4e,2004_2e8b2ab4aa8025a4ce294fd507f20684,T101,T100,"There will be democracy in Afghanistan, make no doubt about it","This is major, major progress",Support,2004
2004_21d6a9ff54c868270662ca715d5e5065,2004_c5736f0b28fad944b6936a4e21df7847,T113,T112,"When we had Osama bin Laden cornered, they left the job to the Afghan warlords",Someone did get it wrong. But it wasn't John Kerry and John Edwards. They got it wrong,Support,2004
2004_8f8e4df95c7e66e03fd55a9bde6abb22,2004_c5736f0b28fad944b6936a4e21df7847,T119,T112,They then diverted their attention from the very people who attacked us,Someone did get it wrong. But it wasn't John Kerry and John Edwards. They got it wrong,Support,2004
2004_70a55a970e3f1e2682349dd75eb0d0d4,2004_8f8e4df95c7e66e03fd55a9bde6abb22,T120,T119,"who were at the center of the war on terror, and so Osama bin Laden is still at large",They then diverted their attention from the very people who attacked us,Support,2004
2004_32dac9141f8ad6a3e7fd25a8f5c649d2,2004_cb62467bb0f6aa4ba07246db2171d225,T117,T116,He defended this country as a young man,he will defend this country as president of the United States,Support,2004
2004_b4fd493a038f5fd1e9dc2cbe89f8cd52,2004_a268fa1233821592fd58a9ca26cbe531,T124,T125,Not only are they providing 75 percent of the world's opium,large-cut parts of the country are under the control of drug lords and warlords,Support,2004
2004_c295c237718b4f7e0006adde844170af,2004_25cee6ae65b30f3fcfb8dd3db6d91f82,T136,T131,guerrilla insurgency controlled roughly a third of the country,Twenty years ago we had a similar situation in El Salvador,Support,2004
2004_15fad211cb77961ac15d3eebe6c4fc1e,2004_4b11be3e8d174f8133027cf486a2f62c,T132,T129,The human drive for freedom,we held free elections,Support,2004
2004_fa462b686b819d335878da0d8a258d31,2004_f201d480b7d025ab992bbcd860856013,T133,T135,"the determination of these people to vote, was unbelievable","as soon as they left, the voters would come back and get in line and would not be denied the right to vote",Support,2004
2004_06e5601abb868dbfe8db3f738c3a9009,2004_4f47df6c609980e06ce65e20aabdfe2b,T137,T128,we held free elections,today El Salvador is a whale of a lot better,Support,2004
2004_4f47df6c609980e06ce65e20aabdfe2b,2004_c46180391eaa78921b99fe8b304fbb11,T128,T130,today El Salvador is a whale of a lot better,The power of that concept is enormous,Support,2004
2004_c46180391eaa78921b99fe8b304fbb11,2004_f177a495e18eae85822b5bfb0bcc2a7c,T130,T126,The power of that concept is enormous,it will apply in Afghanistan,Support,2004
2004_c46180391eaa78921b99fe8b304fbb11,2004_50a68526a61337cd7c5bdfdaa9d49567,T130,T127,The power of that concept is enormous,it will apply as well in Iraq,Support,2004
2004_b713ece5e9d196e2afd077733ecff8a1,2004_cac0391d4f44696761950434336de78b,T139,T140,Iran has moved forward with its nuclear weapons program,They're more dangerous today than they were four years ago,Support,2004
2004_4d33efe35a0f72f0eefcdd12816e339e,2004_bc61ef6afceed475d8ec11c02bdb3a58,T141,T145,"North Korea has moved forward with their nuclear weapons program, gone from one to two nuclear weapons to six to eight nuclear weapons",It's a mistake,Support,2004
2004_cac0391d4f44696761950434336de78b,2004_bc61ef6afceed475d8ec11c02bdb3a58,T140,T145,They're more dangerous today than they were four years ago,It's a mistake,Support,2004
2004_ef3dabc92fb3fed318d83894236885f5,2004_b3acf9d5d93bfe0482fcbac4e6782fa1,T142,T143,We should not only not lift them,we should strengthen those sanctions,Support,2004
2004_bc61ef6afceed475d8ec11c02bdb3a58,2004_b3acf9d5d93bfe0482fcbac4e6782fa1,T145,T143,It's a mistake,we should strengthen those sanctions,Support,2004
2004_bc61ef6afceed475d8ec11c02bdb3a58,2004_9321bd4e5e6325168959d242e12b9a40,T145,T144,It's a mistake,This vice president has been an advocate for over a decade for lifting sanctions against Iran,Attack,2004
2004_8280cf5efa8981875b0383ae7f38d001,2004_a1bb8321cfd44e706e53cda85fbf6a5d,T149,T148,We're going to tell them the truth about what's happening,we're going to actually tell the American people the truth,Support,2004
2004_fafab9b15e37f8e7734ab77c01420335,2004_a1bb8321cfd44e706e53cda85fbf6a5d,T150,T148,"We're not going to suggest to them that things are going well in Iraq or anyplace else when, in fact, they're not",we're going to actually tell the American people the truth,Support,2004
2004_13b92691521362f750ce22032f13aabc,2004_a1bb8321cfd44e706e53cda85fbf6a5d,T151,T148,We're going to make sure that the American people know the truth about why we are using force and what the explanation for it is,we're going to actually tell the American people the truth,Support,2004
2004_4adc132087d5c9f0e4d43df39caddc98,2004_1724a635e90b2dc3c7b4b09773b887d0,T155,T154,it's not just the American people,We're also going to make sure that we tell the world the truth,Support,2004
2004_a01f340f3a5bc2388beb2f09d993dcd9,2004_a1bb8321cfd44e706e53cda85fbf6a5d,T156,T148,"the reality is, for America to lead, for America to do what it's done for 50 years before this president and vice president came into office, it is critical that we be credible",we're going to actually tell the American people the truth,Support,2004
2004_80ce3a03a15fbbde1d776fd7405d10b8,2004_ccb12c277d2a6c215e88cc902919df67,T158,T157,"what we say, what we say at the United Nations, what we say in direct conversations with leaders of the world","It is critical that they believe that when America takes action, they can trust what we're doing",Support,2004
2004_ccb12c277d2a6c215e88cc902919df67,2004_1724a635e90b2dc3c7b4b09773b887d0,T157,T154,"It is critical that they believe that when America takes action, they can trust what we're doing",We're also going to make sure that we tell the world the truth,Support,2004
2004_ea4f9334d266ef5c55e9b7ed1c17f949,2004_1724a635e90b2dc3c7b4b09773b887d0,T159,T154,They need to know that the credibility of the United States is always good,We're also going to make sure that we tell the world the truth,Support,2004
2004_34e5ee0ad0ffc40e0522fd6d7b578cdd,2004_ea4f9334d266ef5c55e9b7ed1c17f949,T160,T159,they will not follow us without that,They need to know that the credibility of the United States is always good,Support,2004
2004_f405e3ac9757825484647cae9bcb0b23,2004_34e5ee0ad0ffc40e0522fd6d7b578cdd,T161,T160,"unfortunately, we're seeing the consequences of that right now",they will not follow us without that,Support,2004
2004_fb74b378de11c86c1b298c0779104357,2004_ea4f9334d266ef5c55e9b7ed1c17f949,T162,T159,we're having so much difficulty getting others involved in the effort in Iraq,They need to know that the credibility of the United States is always good,Support,2004
2004_ee33c5214540404324ab7c4d45a45d3c,2004_a5df4c4a8b6922767c26605804a9d1ce,T163,T164,we've taken 90 percent of the coalition casualties,American taxpayers have borne 90 percent of the costs of the effort in Iraq,Support,2004
2004_34ef440371ed36cf7e73c3924e311cb3,2004_540c9d3a46db71eeb0313c9f3c3b1744,T146,T147,John Kerry will never give up control over the security of the United States of America to any other country,We will not outsource our responsibility to keep this country safe,Support,2004
2004_e9dc086e9f75b60e49472c88d702d1e6,2004_a5df4c4a8b6922767c26605804a9d1ce,T165,T164,the 90 percent figure is just dead wrong,American taxpayers have borne 90 percent of the costs of the effort in Iraq,Attack,2004
2004_389ee40a1644dad919708d7db2f6ff08,2004_804f9934f32b64ef6e39db4aaa255d88,T169,T170,"When you include the Iraqi security forces that have suffered casualties, as well as the allies, they've taken almost 50 percent of the casualties in operations in Iraq","which leaves the U.S. with 50 percent, not 90 percent",Support,2004
2004_e54ad2bd819771dbaf50126f561db781,2004_23dce107a3f63650082538c46c616b59,T171,T152,it wasn't $200 billion,We're at $200 billion and counting,Attack,2004
2004_9c1a4e5d45e7d0851f76c41ebe96d8c7,2004_e54ad2bd819771dbaf50126f561db781,T166,T171,"$120 billion is, in fact, what has been allocated to Iraq",it wasn't $200 billion,Support,2004
2004_28e090722e2538393b7966a482572bdb,2004_9c1a4e5d45e7d0851f76c41ebe96d8c7,T172,T166,The rest of it's for Afghanistan and the global war on terror,"$120 billion is, in fact, what has been allocated to Iraq",Support,2004
2004_30a9c2e0b4f68eeb362f7bf869cbf02c,2004_bbb63aa1506dee7ce751baec256704ea,T175,T176,plus $14 billion they promised in terms of direct aid,puts the overall allied contribution financially at about $95 billion,Support,2004
2004_a4a65da73e28921867bfbcf2bcee9ca5,2004_bbb63aa1506dee7ce751baec256704ea,T174,T176,The allies have stepped forward and agreed to reduce and forgive Iraqi debt to the tune of nearly $80 billion by one estimate,puts the overall allied contribution financially at about $95 billion,Support,2004
2004_b761ecd916e0f7e0ef5aad605d992642,2004_bbb63aa1506dee7ce751baec256704ea,T177,T176,not to the $120 billion we've got,puts the overall allied contribution financially at about $95 billion,Support,2004
2004_bbb63aa1506dee7ce751baec256704ea,2004_1dd289f1dc0857da8fb0c90543e7051e,T176,T173,puts the overall allied contribution financially at about $95 billion,your facts are just wrong,Support,2004
2004_9c1a4e5d45e7d0851f76c41ebe96d8c7,2004_1dd289f1dc0857da8fb0c90543e7051e,T166,T173,"$120 billion is, in fact, what has been allocated to Iraq",your facts are just wrong,Support,2004
2004_e54ad2bd819771dbaf50126f561db781,2004_1dd289f1dc0857da8fb0c90543e7051e,T171,T173,it wasn't $200 billion,your facts are just wrong,Support,2004
2004_1dd289f1dc0857da8fb0c90543e7051e,2004_a1bb8321cfd44e706e53cda85fbf6a5d,T173,T148,your facts are just wrong,we're going to actually tell the American people the truth,Attack,2004
2004_3161cd9cdf41c177cb717a3e2c6caae1,2004_42ba78e39ba3b755755ab011679bbccd,T179,T168,"then you voted against supporting the troops when they needed the equipment, the fuel, the spare parts and the ammunition and the body armor",You're not credible on Iraq,Support,2004
2004_42ba78e39ba3b755755ab011679bbccd,2004_ea4f9334d266ef5c55e9b7ed1c17f949,T168,T159,You're not credible on Iraq,They need to know that the credibility of the United States is always good,Attack,2004
2004_ed8785f849ec2e3c047cd3c01ad03dc6,2004_42ba78e39ba3b755755ab011679bbccd,T167,T168,the enormous inconsistencies that John Kerry and you have cited time after time after time during the course of the campaign,You're not credible on Iraq,Support,2004
2004_3b01c963252090c722573b5ac96872ae,2004_ed8785f849ec2e3c047cd3c01ad03dc6,T183,T167,"Whatever the political pressures of the moment requires, that's where you're at",the enormous inconsistencies that John Kerry and you have cited time after time after time during the course of the campaign,Support,2004
2004_68ac6618b23f84d7eb9ca6d0cbaa7bbe,2004_42ba78e39ba3b755755ab011679bbccd,T181,T168,you've not been consistent,You're not credible on Iraq,Support,2004
2004_2ffdbeb41071337e4fd15824af5e39fc,2004_a2f996ac82bdd19f2db145aeb2ac715d,T185,T186,The American people saw John Kerry on Thursday night,They don't need the vice president or the president to tell them what they saw,Support,2004
2004_f57e57546ee6841fff5250b32a54249a,2004_a2f996ac82bdd19f2db145aeb2ac715d,T187,T186,They saw a man who was strong,They don't need the vice president or the president to tell them what they saw,Support,2004
2004_9ec3c6f6af2eb0aa9d82b4962436ae47,2004_a2f996ac82bdd19f2db145aeb2ac715d,T188,T186,who had conviction,They don't need the vice president or the president to tell them what they saw,Support,2004
2004_026c3fbc27fb32adaf1075114e0ac048,2004_a2f996ac82bdd19f2db145aeb2ac715d,T189,T186,who is resolute,They don't need the vice president or the president to tell them what they saw,Support,2004
2004_eec4b22b85bd778bd682354b65b4bc39,2004_a2f996ac82bdd19f2db145aeb2ac715d,T190,T186,"who made it very clear that he will do everything that has to be done to find terrorists, to keep the American people safe",They don't need the vice president or the president to tell them what they saw,Support,2004
2004_2d139f0d014d24205ed11b0d6edc0b7c,2004_a2f996ac82bdd19f2db145aeb2ac715d,T194,T186,He laid out his plan for success in Iraq,They don't need the vice president or the president to tell them what they saw,Support,2004
2004_1ea50ae19d13b9c5f7c88e9af05c61e0,2004_9a544f1621b6e5f60d54bb0e403dcf4b,T191,T195,We have to be,we were committed to success in Iraq,Support,2004
2004_9a544f1621b6e5f60d54bb0e403dcf4b,2004_a2f996ac82bdd19f2db145aeb2ac715d,T195,T186,we were committed to success in Iraq,They don't need the vice president or the president to tell them what they saw,Support,2004
2004_8832a85096918265af40dfee824605e9,2004_1ea50ae19d13b9c5f7c88e9af05c61e0,T193,T191,they have created a haven for terrorists,We have to be,Support,2004
2004_f86dd235c69b91ca4f2dcdc96c04cafc,2004_1ea50ae19d13b9c5f7c88e9af05c61e0,T192,T191,we have troops on the ground there,We have to be,Support,2004
2004_345c5fe6f502639cc2490a38284500ca,2004_09dc4b22528b1fccd702291e304cc1da,T197,T196,There isn't,"Your rhetoric, Senator, would be a lot more credible if there was a record to back it up",Attack,2004
2004_345c5fe6f502639cc2490a38284500ca,2004_53c75815d6e03960591a8064748d8a45,T197,T184,There isn't,What the vice president has just said is just a complete distortion,Attack,2004
2004_f20b342bbddfba18bf1e9785810e665e,2004_345c5fe6f502639cc2490a38284500ca,T199,T197,"you cannot use ""talk tough"" during the course of a 90-minute debate in a presidential campaign to obscure a 30-year record in the United States Senate",There isn't,Support,2004
2004_05531bd7c996dfbc9e119ed0e78d3754,2004_345c5fe6f502639cc2490a38284500ca,T198,T197,"prior to that by John Kerry, who has consistently come down on the wrong side of all the major defense issues that he's faced as a public official",There isn't,Support,2004
2004_518f277f5a9098b82aa80e9d0e18a1bb,2004_5b8a76924ba06cafcea5185c38c9f14f,T2,T1,specifically that we had to go after the terrorists wherever we might find them,"after 9/11, it became clear that we had to do several things to have a successful strategy to win the global war on terror",Support,2004
2004_51f6e348d767a8116114e87d5569169d,2004_550a17c816779d65c659653c93d4ef83,T200,T3,those who might provide sanctuary or safe harbor for terror,that we also had to go after state sponsors of terror,Support,2004
2004_550a17c816779d65c659653c93d4ef83,2004_5b8a76924ba06cafcea5185c38c9f14f,T3,T1,that we also had to go after state sponsors of terror,"after 9/11, it became clear that we had to do several things to have a successful strategy to win the global war on terror",Support,2004
2004_d0353a6222f9f9dbbfe6f3e591ad2fca,2004_72550899edf1dc75c58d4ec6ab113c63,T201,T204,"he had established relationships with Abu Nidal, who operated out of Baghdad","Concern about Iraq specifically focused on the fact that Saddam Hussein had been, for years, listed on the state sponsor of terror",Support,2004
2004_d01f191197de9f49d015343eec3c69a8,2004_72550899edf1dc75c58d4ec6ab113c63,T202,T204,"he paid $25,000 to the families of suicide bombers","Concern about Iraq specifically focused on the fact that Saddam Hussein had been, for years, listed on the state sponsor of terror",Support,2004
2004_d160f35659929d8a57ebb4ebb8ccd538,2004_72550899edf1dc75c58d4ec6ab113c63,T203,T204,he had an established relationship with Al Qaida,"Concern about Iraq specifically focused on the fact that Saddam Hussein had been, for years, listed on the state sponsor of terror",Support,2004
2004_74d9e62f06841e71e61ff8f15fe4d924,2004_72550899edf1dc75c58d4ec6ab113c63,T205,T204,"Specifically, look at George Tenet, the CIA director's testimony before the Committee on Foreign Relations two years ago when he talked about a 10-year relationship","Concern about Iraq specifically focused on the fact that Saddam Hussein had been, for years, listed on the state sponsor of terror",Support,2004
2004_43036b9f6ddaf72168af1b69ad745fec,2004_9b777a932f9461d762665a0eab6c80e3,T207,T206,The biggest threat we faced today is the possibility of terrorists smuggling a nuclear weapon or a biological agent into one of our own cities and threatening the lives of hundreds of thousands of Americans,The effort that we've mounted with respect to Iraq focused specifically on the possibility that this was the most likely nexus between the terrorists and weapons of mass destruction,Support,2004
2004_9b777a932f9461d762665a0eab6c80e3,2004_711d84ae4d50762e6bed808ba76e115c,T206,T9,The effort that we've mounted with respect to Iraq focused specifically on the possibility that this was the most likely nexus between the terrorists and weapons of mass destruction,What we did in Iraq was exactly the right thing to do,Support,2004
2004_72550899edf1dc75c58d4ec6ab113c63,2004_711d84ae4d50762e6bed808ba76e115c,T204,T9,"Concern about Iraq specifically focused on the fact that Saddam Hussein had been, for years, listed on the state sponsor of terror",What we did in Iraq was exactly the right thing to do,Support,2004
2004_af6d888a7f329017c28595873088c251,2004_9d375b20feafdf2eaffd59676018a8db,T22,T20,"We need a president who will speed up the training of the Iraqis, get more staff in for doing that","We need a new president who has the credibility, which John Kerry has, to bring others into this effort",Support,2004
2004_989a05a15321076c7db6060095170893,2004_af6d888a7f329017c28595873088c251,T13,T22,"Mr. Vice President, you are still not being straight with the American people","We need a president who will speed up the training of the Iraqis, get more staff in for doing that",Support,2004
2004_64b79342269d7e79fce995a6531e52e7,2004_140b25d999a7bf9a7d1695680a9066aa,T35,T29,Those two steps are crucial to success in Iraq,We've made significant progress in Iraq,Support,2004
2004_eabf503edbf9b0918aed08a91e1ed862,2004_140b25d999a7bf9a7d1695680a9066aa,T208,T29,they have been able to establish a democratic government,We've made significant progress in Iraq,Support,2004
2004_c922da4dac64dce1d1c21e70ced33051,2004_460d06d9b31d9e1d0fd8065680265a2d,T32,T209,the point of success in Iraq will be reached when we have turned governance over to the Iraqi people,The notion of additional troops is talked about frequently,Attack,2004
2004_c922da4dac64dce1d1c21e70ced33051,2004_42007e7bbf851ddb2543782cb67a497f,T32,T25,the point of success in Iraq will be reached when we have turned governance over to the Iraqi people,Paul Bremer said yesterday is they didn't have enough troops to secure the country,Attack,2004
2004_180755d00b58b84a0f9648119319e06a,2004_3d266fc758238513b1d6a84df10c8906,T23,T19,"There are Republican leaders, like John McCain, like Richard Lugar, like Chuck Hagel, who have said Iraq is a mess and it's getting worse",it's not just me that sees the mess in Iraq,Support,2004
2004_96761ea6567cfae0d1103fb511c61bf9,2004_105029e8a057ccb78f732478ff084acc,T43,T42,the CIA is now about to report that the connection between Al Qaida and Saddam Hussein is tenuous at best,There is not.,Support,2004
2004_105029e8a057ccb78f732478ff084acc,2004_45cb64fdce15d1cccc3f65d87ee4fd05,T42,T38,There is not.,We need to be straight with the American people,Support,2004
2004_0bd6485ed90cb3f01ad345d4cdeccbd1,2004_932e352db08ab7663f341acc6d46ab68,T63,T61,"They gave the responsibility of capturing and/or killing Saddam -- I mean Osama bin Laden to Afghan warlords who, just a few weeks before, had been working with Osama bin Laden",We turned -- this is the man who masterminded the greatest mass murder and terrorist attack in American history,Support,2004
2004_b04c5108d3aa37f8d4cf239fcd279684,2004_932e352db08ab7663f341acc6d46ab68,T65,T61,We went into Afghanistan and very quickly the administration made a decision to divert attention from that and instead began to plan for the invasion of Iraq,We turned -- this is the man who masterminded the greatest mass murder and terrorist attack in American history,Support,2004
2004_ce23236a9c4735e503c39698747e7500,2004_c7b2c1667ad5c5d0a46e9503a560b070,T70,T69,any connection with Al Qaida is tenuous at best,There is not,Support,2004
2004_dd2144cc9a8d14e25d3a86bec85846c5,2004_6f7ae3548d549d7bed6feddd505bbc34,T81,T212,It's a consistent pattern over time of always being on the wrong side of defense issues,A little tough talk in the midst of a campaign or as part of a presidential debate cannot obscure a record of 30 years of being on the wrong side of defense issues,Support,2004
2004_0ca0728967f283b2acaa6b2840a8fbdd,2004_dd2144cc9a8d14e25d3a86bec85846c5,T213,T81,"they give absolutely no indication, based on that record, of being wiling to go forward and aggressively pursue the war on terror with a kind of strategy that will work, that will defeat our enemies and will guarantee that the United States doesn't again get attacked by the likes of Al Qaida",It's a consistent pattern over time of always being on the wrong side of defense issues,Support,2004
2004_f11f1ccc4b5924b72f7d1a2dcfb366c7,2004_8ba8e7ba08889773eeda7688cabb3326,T96,T84,That election will put in place a democratically elected government that will take over next December,"We've made enormous progress in Afghanistan, in exactly the right direction, in spite of what John Edwards said two and a half years ago",Support,2004
2004_bdfc66d8d3b802945d042a1d8502c0fe,2004_8ba8e7ba08889773eeda7688cabb3326,T83,T84,"John Edwards, two and a half years ago, six months after we went into Afghanistan announced that it was chaotic, the situation was deteriorating, the warlords were about to take over. Here we are, two and a half years later, we're four days away from a democratic election, the first one in history in Afghanistan","We've made enormous progress in Afghanistan, in exactly the right direction, in spite of what John Edwards said two and a half years ago",Support,2004
2004_8ba8e7ba08889773eeda7688cabb3326,2004_92ed2dab66ddd1c9f0c75a5cc4e06ca2,T84,T85,"We've made enormous progress in Afghanistan, in exactly the right direction, in spite of what John Edwards said two and a half years ago",He just got it wrong,Support,2004
2004_e890b816c33a4b23a92c19c94320bbba,2004_32167cf8aa515094944b15f6410ef5f1,T99,T97,We're standing up Afghan security forces so they can take on responsibility for their own security,"as we go forward in Afghanistan, we will pursue Osama bin Laden and the terrorists as long as necessary",Support,2004
2004_cd9b9fe54599ff6687de8e81bf26a350,2004_2e8b2ab4aa8025a4ce294fd507f20684,T86,T100,Freedom is the best antidote to terror,"This is major, major progress",Support,2004
2004_c5736f0b28fad944b6936a4e21df7847,2004_92ed2dab66ddd1c9f0c75a5cc4e06ca2,T112,T85,Someone did get it wrong. But it wasn't John Kerry and John Edwards. They got it wrong,He just got it wrong,Attack,2004
2004_582682075cd70a60ad47c326b5d2e3d8,2004_0d8cbc08799d004c027b15f93c16c404,T123,T110,What's actually happened is they're now providing 75 percent of the world's opium,"what's actually happened in Afghanistan, regardless of this rosy scenario that they paint on Afghanistan, just like they do with Iraq",Support,2004
2004_b4fd493a038f5fd1e9dc2cbe89f8cd52,2004_0d8cbc08799d004c027b15f93c16c404,T124,T110,Not only are they providing 75 percent of the world's opium,"what's actually happened in Afghanistan, regardless of this rosy scenario that they paint on Afghanistan, just like they do with Iraq",Support,2004
2004_a268fa1233821592fd58a9ca26cbe531,2004_0d8cbc08799d004c027b15f93c16c404,T125,T110,large-cut parts of the country are under the control of drug lords and warlords,"what's actually happened in Afghanistan, regardless of this rosy scenario that they paint on Afghanistan, just like they do with Iraq",Support,2004
2004_b284d18e6fb3913517b1ccbec245f94f,2004_0d8cbc08799d004c027b15f93c16c404,T121,T110,Big parts of the country are still insecure,"what's actually happened in Afghanistan, regardless of this rosy scenario that they paint on Afghanistan, just like they do with Iraq",Support,2004
2004_a2af3b98bb4df2633924edd5a975ce65,2004_0d8cbc08799d004c027b15f93c16c404,T122,T110,"the reality is the part of Afghanistan, eastern Afghanistan, where Osama bin Laden is, is one of the hardest places to control and the most insecure","what's actually happened in Afghanistan, regardless of this rosy scenario that they paint on Afghanistan, just like they do with Iraq",Support,2004
2004_0d8cbc08799d004c027b15f93c16c404,2004_2e8b2ab4aa8025a4ce294fd507f20684,T110,T100,"what's actually happened in Afghanistan, regardless of this rosy scenario that they paint on Afghanistan, just like they do with Iraq","This is major, major progress",Attack,2004
2004_2e8b2ab4aa8025a4ce294fd507f20684,2004_50c21999bb9527e26d40870d4daf0d87,T100,T108,"This is major, major progress",they're making significant progress,Equivalent,2004
2004_1b2b8e943070f98acdc6474158a6b2e2,2004_25cee6ae65b30f3fcfb8dd3db6d91f82,T214,T131,I was there as an observer on behalf of the Congress,Twenty years ago we had a similar situation in El Salvador,Support,2004
2004_25cee6ae65b30f3fcfb8dd3db6d91f82,2004_4f47df6c609980e06ce65e20aabdfe2b,T131,T128,Twenty years ago we had a similar situation in El Salvador,today El Salvador is a whale of a lot better,Support,2004
2004_ac468b0d5129b6d88ceb33b4a16a0479,2004_4f47df6c609980e06ce65e20aabdfe2b,T134,T128,the terrorists would come in and shoot up polling places,today El Salvador is a whale of a lot better,Support,2004
2004_f201d480b7d025ab992bbcd860856013,2004_4f47df6c609980e06ce65e20aabdfe2b,T135,T128,"as soon as they left, the voters would come back and get in line and would not be denied the right to vote",today El Salvador is a whale of a lot better,Support,2004
2004_f177a495e18eae85822b5bfb0bcc2a7c,2004_0d8cbc08799d004c027b15f93c16c404,T126,T110,it will apply in Afghanistan,"what's actually happened in Afghanistan, regardless of this rosy scenario that they paint on Afghanistan, just like they do with Iraq",Attack,2004
2004_b508097dbdc069fc1c9b050e6eca23a7,2004_a5df4c4a8b6922767c26605804a9d1ce,T153,T164,The first Gulf war cost America $5 billion,American taxpayers have borne 90 percent of the costs of the effort in Iraq,Support,2004
2004_23dce107a3f63650082538c46c616b59,2004_a5df4c4a8b6922767c26605804a9d1ce,T152,T164,We're at $200 billion and counting,American taxpayers have borne 90 percent of the costs of the effort in Iraq,Support,2004
2004_a5df4c4a8b6922767c26605804a9d1ce,2004_bab40065d056a7242f74b403b4d40a65,T164,T216,American taxpayers have borne 90 percent of the costs of the effort in Iraq,we see the result of there not being a coalition,Support,2004
2004_804f9934f32b64ef6e39db4aaa255d88,2004_e9dc086e9f75b60e49472c88d702d1e6,T170,T165,"which leaves the U.S. with 50 percent, not 90 percent",the 90 percent figure is just dead wrong,Support,2004
2004_c34efe58f0b076116c50b5820a80e296,2004_ea4f9334d266ef5c55e9b7ed1c17f949,T217,T159,"It's awfully hard to convey a sense of credibility to allies when you voted for the war and then you declared: Wrong war, wrong place, wrong time",They need to know that the credibility of the United States is always good,Attack,2004
2004_42ba78e39ba3b755755ab011679bbccd,2004_c34efe58f0b076116c50b5820a80e296,T168,T217,You're not credible on Iraq,"It's awfully hard to convey a sense of credibility to allies when you voted for the war and then you declared: Wrong war, wrong place, wrong time",Support,2004
2004_152ed6099696259306d96e608c0ed8fd,2004_42ba78e39ba3b755755ab011679bbccd,T178,T168,You voted for the war,You're not credible on Iraq,Support,2004
2004_152ed6099696259306d96e608c0ed8fd,2004_68ac6618b23f84d7eb9ca6d0cbaa7bbe,T178,T181,You voted for the war,you've not been consistent,Support,2004
2004_3161cd9cdf41c177cb717a3e2c6caae1,2004_68ac6618b23f84d7eb9ca6d0cbaa7bbe,T179,T181,"then you voted against supporting the troops when they needed the equipment, the fuel, the spare parts and the ammunition and the body armor",you've not been consistent,Support,2004
2004_53c75815d6e03960591a8064748d8a45,2004_68ac6618b23f84d7eb9ca6d0cbaa7bbe,T184,T181,What the vice president has just said is just a complete distortion,you've not been consistent,Attack,2004
2004_a2f996ac82bdd19f2db145aeb2ac715d,2004_53c75815d6e03960591a8064748d8a45,T186,T184,They don't need the vice president or the president to tell them what they saw,What the vice president has just said is just a complete distortion,Support,2004
2004_4f0e994362f61bf6b9efa5afd6c6b813,2004_711d84ae4d50762e6bed808ba76e115c,T8,T9,we did exactly the right thing,What we did in Iraq was exactly the right thing to do,Equivalent,2004
2004_105029e8a057ccb78f732478ff084acc,2004_2ffd0828ee95f72c9c17335d6ca95b45,T42,T37,There is not.,there is no connection between the attacks of September 11th and Saddam Hussein,Equivalent,2004
2004_105029e8a057ccb78f732478ff084acc,2004_ae2101664453eb4ba2c454246f623ff5,T42,T56,There is not.,there is no connection between Saddam Hussein and the attacks of September 11th -- period,Equivalent,2004
2004_105029e8a057ccb78f732478ff084acc,2004_c7b2c1667ad5c5d0a46e9503a560b070,T42,T69,There is not.,There is not,Equivalent,2004
2004_7330b220b67b4723318e37b1f4d9a099,2004_f022cbb643f4250ed0f9495191518d17,T335,T334,the consumers are not involved in the decision-making process,Health-care costs are on the rise,Support,2004
2004_37396275323d9c28408058b4b45b2898,2004_626488e397109e8a93d9b443762a2c45,T338,T339,Most health-care costs are covered by third parties,the actual user of health care is not the purchaser of health care,Support,2004
2004_626488e397109e8a93d9b443762a2c45,2004_816ac12cf1c19cfb9b6c80f23431c858,T339,T337,the actual user of health care is not the purchaser of health care,there's a systemic problem,Support,2004
2004_f022cbb643f4250ed0f9495191518d17,2004_816ac12cf1c19cfb9b6c80f23431c858,T334,T337,Health-care costs are on the rise,there's a systemic problem,Support,2004
2004_8c6c5c4ada04f4140b0194ee57c9ff93,2004_816ac12cf1c19cfb9b6c80f23431c858,T340,T337,there's no market forces involved with health care,there's a systemic problem,Support,2004
2004_816ac12cf1c19cfb9b6c80f23431c858,2004_2601a3a79cfd233db5e7e171c4fdb010,T337,T341,there's a systemic problem,I'm a strong believer in what they call health savings accounts,Support,2004
2004_5886a2cf9b9a22304cc0529adb895269,2004_2601a3a79cfd233db5e7e171c4fdb010,T347,T341,this is a way to make sure people are actually involved with the decision-making process on health care,I'm a strong believer in what they call health savings accounts,Support,2004
2004_a52d06b3adb61ddf83d5d345e0118ccb,2004_5886a2cf9b9a22304cc0529adb895269,T346,T347,employees can contribute on a contractual basis,this is a way to make sure people are actually involved with the decision-making process on health care,Support,2004
2004_335868b98d49724c7617db05da485c26,2004_5886a2cf9b9a22304cc0529adb895269,T345,T347,Businesses can contribute,this is a way to make sure people are actually involved with the decision-making process on health care,Support,2004
2004_d5d452cf47865a3eaf82df9671c01ad7,2004_5886a2cf9b9a22304cc0529adb895269,T343,T347,"These are accounts that allow somebody to buy a low-premium, high-deductible catastrophic plan and couple it with tax-free savings",this is a way to make sure people are actually involved with the decision-making process on health care,Support,2004
2004_db6457598bedd860011ba4b375248f4d,2004_b19be19f7eb2ad9364725824ac35a54d,T352,T349,he didn't include the defensive practice of medicine,my opponent said those lawsuits only caused the cost to go up by 1 percent,Attack,2004
2004_fd393ec0ff84c213c323f748ddf97d00,2004_db6457598bedd860011ba4b375248f4d,T353,T352,that costs the federal government some $28 billion a year and costs our society between $60 billion and $100 billion a year,he didn't include the defensive practice of medicine,Support,2004
2004_db6457598bedd860011ba4b375248f4d,2004_0703b3932886f757f5d06679c38dde27,T352,T348,he didn't include the defensive practice of medicine,I'm such a strong believer in medical liability reform,Support,2004
2004_8ffa8af5dccabda7a95eb982904f24e4,2004_0703b3932886f757f5d06679c38dde27,T342,T348,the lawsuits are causing health-care costs to rise in America,I'm such a strong believer in medical liability reform,Support,2004
2004_a677bce5b0a6dea57888a8ce2b83b68d,2004_267c2a688a3411f93d3122358686f080,T351,T350,they don't use any information technology,there's still high cost in medicine,Support,2004
2004_93ec04974ef793035b3348a00adf464a,2004_267c2a688a3411f93d3122358686f080,T355,T350,"it's the equivalent of the buggy and horse days, compared to other industries here in America",there's still high cost in medicine,Support,2004
2004_267c2a688a3411f93d3122358686f080,2004_16eb4cfc250ea420e4392240ca5df630,T350,T354,there's still high cost in medicine,we've got to introduce high technology into health care,Support,2004
2004_0019f4dc49104e3018c8a67b63e154d6,2004_16eb4cfc250ea420e4392240ca5df630,T357,T354,"We want there to be electronic medical records to cut down on error, as well as reduce cost",we've got to introduce high technology into health care,Support,2004
2004_5a6a15809cdbe82b6463d9c7dc67752b,2004_16eb4cfc250ea420e4392240ca5df630,T356,T354,"People tell me that when the health-care field is fully integrated with information technology, it'll wring some 20 percent of the cost out of the system",we've got to introduce high technology into health care,Support,2004
2004_fb858b411ac7f539122c78567c487325,2004_546643e8789a91c0c8b9f4d8d5a11133,T361,T360,those are four ways to help control the costs in health care,moving generic drugs to the market quicker,Support,2004
2004_fb858b411ac7f539122c78567c487325,2004_16eb4cfc250ea420e4392240ca5df630,T361,T354,those are four ways to help control the costs in health care,we've got to introduce high technology into health care,Support,2004
2004_fb858b411ac7f539122c78567c487325,2004_0703b3932886f757f5d06679c38dde27,T361,T348,those are four ways to help control the costs in health care,I'm such a strong believer in medical liability reform,Support,2004
2004_fb858b411ac7f539122c78567c487325,2004_2601a3a79cfd233db5e7e171c4fdb010,T361,T341,those are four ways to help control the costs in health care,I'm a strong believer in what they call health savings accounts,Support,2004
2004_2b4daefd5769c8a0b7e116aedd765bfa,2004_6423238c3df9c8c184ee5383c0bff5c3,T367,T362,"the president and his friends took it out in the House, and now you don't have that right",this administration has stood in the way of common-sense efforts that would have reduced the costs,Support,2004
2004_efe37e8eff32c8e6c817c02d11f53053,2004_6423238c3df9c8c184ee5383c0bff5c3,T368,T362,The president blocked you from the right to have less expensive drugs from Canada,this administration has stood in the way of common-sense efforts that would have reduced the costs,Support,2004
2004_3b5e161250a6786a523ff472658b6e4c,2004_a0d19090e3c1833697fb4608c81e0b5f,T373,T372,The VA does that,We also wanted Medicare to be able to negotiate bulk purchasing,Support,2004
2004_9d14a9eca58fea3e0e709f9a2ea55cfc,2004_3b5e161250a6786a523ff472658b6e4c,T374,T373,The VA provides lower-cost drugs to our veterans,The VA does that,Support,2004
2004_0e2a13e04dc7d972011b17ba7782c167,2004_184bd179e25e171773309adc7f39dcc2,T377,T375,"Medicare is for seniors, who many of them are on fixed income, to lift them out of poverty",We could have done that in Medicare,Support,2004
2004_3e9ad26d8d0a6b3ffc2baddf1b113e09,2004_184bd179e25e171773309adc7f39dcc2,T376,T375,Medicare belongs to you,We could have done that in Medicare,Support,2004
2004_d21f14d82c6fcfd4b1a66e7a0dd3b241,2004_184bd179e25e171773309adc7f39dcc2,T378,T375,Medicare is paid for by the American taxpayer,We could have done that in Medicare,Support,2004
2004_aa70b3c6a5e7d5dfb620ca36d2a26a07,2004_78e423e9767991f539f79d3d73342c3e,T380,T381,"rather than help you, the taxpayer, have lower cost, rather than help seniors have less expensive drugs, the president made it illegal -- illegal -- for Medicare to actually go out and bargain for lower prices.",Result: $139 billion windfall profit to the drug companies coming out of your pockets,Support,2004
2004_78e423e9767991f539f79d3d73342c3e,2004_4c4c1b59daac9519fb8e98f886d2b4f9,T381,T369,Result: $139 billion windfall profit to the drug companies coming out of your pockets,"When I'm president, I'm sending that back to Congress and we're going to get a real prescription drug benefit",Support,2004
2004_987b03823beef6743046aa02391546ae,2004_78e423e9767991f539f79d3d73342c3e,T382,T381,That's a large part of your 17 percent increase in Medicare premiums,Result: $139 billion windfall profit to the drug companies coming out of your pockets,Support,2004
2004_6b249a19c3b2f6a9d7318bbeecec7644,2004_48091cb8d24f1776d65de295508727ec,T364,T363,they don't have health insurance,we also have people sicker,Support,2004
2004_55b05fd21f0c658c281ebbbc1c337538,2004_48091cb8d24f1776d65de295508727ec,T371,T363,"whether it's diabetes or cancer, they come to hospitals later and it costs America more",we also have people sicker,Support,2004
2004_48091cb8d24f1776d65de295508727ec,2004_699fc7cbe86b05e26e69df4a05033da1,T363,T370,we also have people sicker,We got to have health care for all Americans,Support,2004
2004_dbddc3e6ba80589a64266c31b3e820b7,2004_d6d81c2d80315b46c49b6a1489835a64,T385,T386,He has no record on reforming of health care,No record at all,Equivalent,2004
2004_8fc46e4b3ea53b7f84a17644b6ebe965,2004_dbddc3e6ba80589a64266c31b3e820b7,T384,T385,has he been in the United States Senate for 20 years,He has no record on reforming of health care,Support,2004
2004_acc34a82c366b2cf84fb3bbf344a831a,2004_dbddc3e6ba80589a64266c31b3e820b7,T387,T385,He introduced some 300 bills and he's passed five,He has no record on reforming of health care,Support,2004
2004_85b195b42f3da60ef37f7417bc767061,2004_dbddc3e6ba80589a64266c31b3e820b7,T391,T385,No record of leadership,He has no record on reforming of health care,Support,2004
2004_dbddc3e6ba80589a64266c31b3e820b7,2004_184bd179e25e171773309adc7f39dcc2,T385,T375,He has no record on reforming of health care,We could have done that in Medicare,Attack,2004
2004_da0579ee649683068a7485cbc0a84567,2004_d65ae29473019377b1f9d9cbfa82e5d6,T389,T388,I was deeply concerned about seniors having to choose between prescription drugs and food,I came to Washington to solve problems,Support,2004
2004_5f7e76ba9f3f01f0475abc988671e57b,2004_dbddc3e6ba80589a64266c31b3e820b7,T394,T385,I've actually passed 56 individual bills that I've personally written,He has no record on reforming of health care,Attack,2004
2004_e12077eaaeafdfe5d820094e785729fc,2004_5f7e76ba9f3f01f0475abc988671e57b,T396,T394,"not always under my name, there is amendments on certain bills",I've actually passed 56 individual bills that I've personally written,Support,2004
2004_0a7bde842f7fa51957f76e4eb3b4d6a0,2004_2294e53ae20318f7b9d2acc756a7c952,T395,T393,I was one of the original authors of the early childhood health care and the expansion of health care that we did in the middle of the 1990s,the president's wrong,Support,2004
2004_2294e53ae20318f7b9d2acc756a7c952,2004_dbddc3e6ba80589a64266c31b3e820b7,T393,T385,the president's wrong,He has no record on reforming of health care,Attack,2004
2004_bd8e86bc222bb3a006e88a113630be92,2004_f4bd9ad6f89861b88e151888f9263625,T140,T139,We've expanded trade adjustment assistance,I've got policies to continue to grow our economy and create the jobs of the 21st century,Support,2004
2004_d0149f596eb9974cba19d11e359d9438,2004_f4bd9ad6f89861b88e151888f9263625,T147,T139,We want to help pay for you to gain the skills necessary to fill the jobs of the 21st century,I've got policies to continue to grow our economy and create the jobs of the 21st century,Support,2004
2004_7a5c32cdb86c29208dfc8a6d916b36be,2004_f4bd9ad6f89861b88e151888f9263625,T146,T139,Here's some help for you to go to a community college,I've got policies to continue to grow our economy and create the jobs of the 21st century,Support,2004
2004_5818341d418be52d89054eda7e16f44c,2004_f4bd9ad6f89861b88e151888f9263625,T145,T139,here's some help for you to go get an education,I've got policies to continue to grow our economy and create the jobs of the 21st century,Support,2004
2004_613144466c3bbca02c8df4780d66ab73,2004_af44cc3804dcda81a2fab1d2b60c2b5d,T151,T141,I saw a problem in the public education system in America,the best way to keep jobs here in America and to keep this economy growing is to make sure our education system works,Support,2004
2004_6d9974aa3262d578ca3f7db72424d907,2004_613144466c3bbca02c8df4780d66ab73,T152,T151,"They were just shuffling too many kids through the system, year after year, grade after grade, without learning the basics",I saw a problem in the public education system in America,Support,2004
2004_7ffaeab125369cffe7129527ea501680,2004_3bba260b58c5d7fd15f8c132ccc39b0b,T153,T144,we said: Let's raise the standards,"let's raise the standards and measure early and solve problems now, before it's too late",Equivalent,2004
2004_8143235157a8300d73011e7260b71b79,2004_af44cc3804dcda81a2fab1d2b60c2b5d,T142,T141,education is how to help the person who's lost a job,the best way to keep jobs here in America and to keep this economy growing is to make sure our education system works,Support,2004
2004_3bba260b58c5d7fd15f8c132ccc39b0b,2004_af44cc3804dcda81a2fab1d2b60c2b5d,T144,T141,"let's raise the standards and measure early and solve problems now, before it's too late",the best way to keep jobs here in America and to keep this economy growing is to make sure our education system works,Support,2004
2004_0d1425809708016c8fcff7a280bbf973,2004_af44cc3804dcda81a2fab1d2b60c2b5d,T143,T141,Education is how to make sure we've got a workforce that's productive and competitive,the best way to keep jobs here in America and to keep this economy growing is to make sure our education system works,Support,2004
2004_d9028e38df40f42bc3f093f3041baaf7,2004_fca0a66313b273b989353da5d7908c1e,T156,T155,to continue to reward teachers and school districts that are working,"Got four more years, I've got more to do to continue to raise standards",Support,2004
2004_abae1b0d31e2382ed4c428ea4baceea8,2004_fca0a66313b273b989353da5d7908c1e,T157,T155,to emphasize math and science in the classrooms,"Got four more years, I've got more to do to continue to raise standards",Support,2004
2004_a076fafca78f94c427286464668f8e0e,2004_fca0a66313b273b989353da5d7908c1e,T158,T155,to continue to expand Pell Grants to make sure that people have an opportunity to start their career with a college diploma,"Got four more years, I've got more to do to continue to raise standards",Support,2004
2004_ece407dac5e3aa73d9a6d83e02d84454,2004_fca0a66313b273b989353da5d7908c1e,T160,T155,here's some trade adjustment assistance money for you to go a community college in your neighborhood,"Got four more years, I've got more to do to continue to raise standards",Support,2004
2004_230394a68b0b9bda9c638011f5321e0c,2004_fca0a66313b273b989353da5d7908c1e,T161,T155,a community college which is providing the skills necessary to fill the jobs of the 21st century,"Got four more years, I've got more to do to continue to raise standards",Support,2004
2004_af44cc3804dcda81a2fab1d2b60c2b5d,2004_f4bd9ad6f89861b88e151888f9263625,T141,T139,the best way to keep jobs here in America and to keep this economy growing is to make sure our education system works,I've got policies to continue to grow our economy and create the jobs of the 21st century,Support,2004
2004_d444441427049e1bce0dd6f8d73099ab,2004_af44cc3804dcda81a2fab1d2b60c2b5d,T1,T141,I want you to notice how the president switched away from jobs and started talking about education principally,the best way to keep jobs here in America and to keep this economy growing is to make sure our education system works,Attack,2004
2004_a36532eab2720dd8199894856383120e,2004_9e27101933e0921f430c287e2708a93b,T162,T2,Health-care costs for the average American have gone up 64 percent,This president has taken a $5. 6 trillion surplus and turned it into deficits as far as the eye can see,Support,2004
2004_6f13af73eff3b9fe19622f30703a7788,2004_9e27101933e0921f430c287e2708a93b,T163,T2,tuitions have gone up 35 percent,This president has taken a $5. 6 trillion surplus and turned it into deficits as far as the eye can see,Support,2004
2004_b22a46d662e03964b9896636744dfd72,2004_9e27101933e0921f430c287e2708a93b,T164,T2,gasoline prices up 30 percent,This president has taken a $5. 6 trillion surplus and turned it into deficits as far as the eye can see,Support,2004
2004_dae54f448ac4e56df47cdb08dad3dce9,2004_9e27101933e0921f430c287e2708a93b,T165,T2,Medicare premiums went up 17 percent a few days ago,This president has taken a $5. 6 trillion surplus and turned it into deficits as far as the eye can see,Support,2004
2004_0f7c177da15b488f3b8b33fee4e01d93,2004_9e27101933e0921f430c287e2708a93b,T166,T2,prescription drugs are up 12 percent a year,This president has taken a $5. 6 trillion surplus and turned it into deficits as far as the eye can see,Support,2004
2004_31e804c47decb81b5e4e71ab9f6409fb,2004_66b9204c09b4f757c7a9fdba46c43e47,T171,T172,"The jobs that are being created in Arizona right now are paying about $13,700 less than the jobs that we're losing",The wages of Americans have gone down,Support,2004
2004_66b9204c09b4f757c7a9fdba46c43e47,2004_9e27101933e0921f430c287e2708a93b,T172,T2,The wages of Americans have gone down,This president has taken a $5. 6 trillion surplus and turned it into deficits as far as the eye can see,Support,2004
2004_1adf459fc5ef7d8a39beafe484680521,2004_3c2897fcd23eff766264c184b2b2e7f9,T177,T170,$1 billion was cut,The fact is that he's cut job-training money,Support,2004
2004_e13f371154fcbedbfcaa12a9da13fa39,2004_3c2897fcd23eff766264c184b2b2e7f9,T176,T170,They only added a little bit back this year,The fact is that he's cut job-training money,Attack,2004
2004_f1896cb8ac9ab3ebad81240f79ae4c08,2004_e13f371154fcbedbfcaa12a9da13fa39,T175,T176,it's an election year,They only added a little bit back this year,Support,2004
2004_a4ca06d18110fa99daf2da55adefeccb,2004_3c2897fcd23eff766264c184b2b2e7f9,T178,T170,They've cut the training money,The fact is that he's cut job-training money,Equivalent,2004
2004_02b6cbb103d535d940894c466c99ec7b,2004_a4ca06d18110fa99daf2da55adefeccb,T173,T178,They've cut the Pell Grants and the Perkins loans to help kids be able to go to college,They've cut the training money,Support,2004
2004_4294d9ba4fad74716808bd8ec5fa403d,2004_7e205b9aef5c59b807cd958d207618f7,T169,T168,that's what's right in America: Help workers to transition in every respect,I'm going to do those things,Support,2004
2004_2fa294676ee96952a8b5bd46b4c6224c,2004_10f43647cbb32ea02df4f58c22031e7c,T193,T192,make certain that with respect to the tax system that you as a worker in America are not subsidizing the loss of your job,I will make the playing field as fair as possible,Support,2004
2004_e6b269fb56819fe6880fdeaf21b23dfb,2004_c96d1f5673af92ca717dd817c1330621,T194,T196,"if you're an American business, you actually get a benefit for going overseas","if you're looking at a competitive world, you say to yourself, ""Hey, I do better overseas than I do here in America",Support,2004
2004_03c41573bcedb8b8923c143014adec7c,2004_c96d1f5673af92ca717dd817c1330621,T195,T196,You get to defer your taxes,"if you're looking at a competitive world, you say to yourself, ""Hey, I do better overseas than I do here in America",Support,2004
2004_e2e3908ff2cf6e5b1a220eee69b3a1b7,2004_c96d1f5673af92ca717dd817c1330621,T197,T196,That's not smart,"if you're looking at a competitive world, you say to yourself, ""Hey, I do better overseas than I do here in America",Attack,2004
2004_5ee93cb97ac81eb7b8993d148ab3d1e4,2004_e2e3908ff2cf6e5b1a220eee69b3a1b7,T185,T197,I don't want American workers subsidizing the loss of their own job,That's not smart,Support,2004
2004_e2e3908ff2cf6e5b1a220eee69b3a1b7,2004_3d733b8602ab72cb85ebcf4c9c735a58,T197,T186,That's not smart,we're going to shut that loophole in a nanosecond,Support,2004
2004_d631deafde10c760a966c60996bd0858,2004_d74d55399fbd6f8ad4b06d353d501dee,T199,T198,He discovered Boeing during the course of this campaign after I'd been talking about it for months,This president didn't stand up for Boeing when Airbus was violating international rules and subsidies,Support,2004
2004_2603172d6ad79cf4c2d45586c7f199f8,2004_ccf982bb0f71b0c1636c085102bd8d68,T200,T184,The fact is that the president had an opportunity to stand up and take on China for currency manipulation,I blame the president for the things the president could do that has an impact on it,Support,2004
2004_d74d55399fbd6f8ad4b06d353d501dee,2004_ccf982bb0f71b0c1636c085102bd8d68,T198,T184,This president didn't stand up for Boeing when Airbus was violating international rules and subsidies,I blame the president for the things the president could do that has an impact on it,Support,2004
2004_c15a5dd74ac497bb0f62bd4dd43d33af,2004_ccf982bb0f71b0c1636c085102bd8d68,T203,T184,They were told: Don't even bother,I blame the president for the things the president could do that has an impact on it,Support,2004
2004_c610bb76974cb324970b3754eb0dc410,2004_2603172d6ad79cf4c2d45586c7f199f8,T202,T200,There are companies that wanted to petition the administration,The fact is that the president had an opportunity to stand up and take on China for currency manipulation,Support,2004
2004_f73d702eca98a8986b89e2f6042c6b82,2004_c15a5dd74ac497bb0f62bd4dd43d33af,T204,T203,we're not going to listen to it,They were told: Don't even bother,Support,2004
2004_77907215de6bbb83a788220b8f20c7bc,2004_ccf982bb0f71b0c1636c085102bd8d68,T201,T184,there have been markets shut to us that we haven't stood up and fought for,I blame the president for the things the president could do that has an impact on it,Support,2004
2004_7553884dff154c1ba8806692a1f60bfc,2004_cfb28b323f385f5417d801e1a103b955,T205,T191,"if we do that, we can have an impact",I will fight for the American worker just as hard as I fight for my own job,Support,2004
2004_46870ec3917108b08bef274e0c131350,2004_86c4385b14678284296db71eaaa38b11,T207,T206,Restore fiscal discipline,we'll do a lot better,Support,2004
2004_f374457e07ffc0e1af0589861948cb94,2004_86c4385b14678284296db71eaaa38b11,T208,T206,we need fiscal discipline,we'll do a lot better,Support,2004
2004_af0a8886b29571b076cb99e4b2bf7425,2004_85801513c0886a0711f2975743079df9,T209,T214,We've increased Pell Grants by a million students,He said we cut Pell Grants,Attack,2004
2004_af0a8886b29571b076cb99e4b2bf7425,2004_02b6cbb103d535d940894c466c99ec7b,T209,T173,We've increased Pell Grants by a million students,They've cut the Pell Grants and the Perkins loans to help kids be able to go to college,Attack,2004
2004_5ee8091ed409cc8a702a991431c0fe3a,2004_8bcd3fe5887300450207bb3c7f0c0bbd,T210,T190,You've got more money in your pocket as a result of the tax relief we passed and he opposed,I'm going to fight for a fair trade playing field for the American worker,Attack,2004
2004_d0d77652f0b32bbf1ec27c40072b0fe6,2004_5ee8091ed409cc8a702a991431c0fe3a,T216,T210,"If you have a child, you got a $1,000 child credit",You've got more money in your pocket as a result of the tax relief we passed and he opposed,Support,2004
2004_62bfece7b4a428632aee97483d2d91b4,2004_d0d77652f0b32bbf1ec27c40072b0fe6,T217,T216,That's money in your pocket,"If you have a child, you got a $1,000 child credit",Support,2004
2004_dfca8f38ef6362a11ae13d9d2a17e76b,2004_7bb92ae8a4e4bafe02cd2be0191f7087,T220,T218,"The code ought to encourage marriage, not discourage marriage","If you're married, we reduced the marriage penalty",Support,2004
2004_d95f03a1f99df129ce43aa5a52ea5c91,2004_890e393e6e2e996cddbd4fe5b7506dfd,T228,T227,His record in the United States Senate does not match his rhetoric,My opponent talks about fiscal sanity,Attack,2004
2004_d70c1c3feec5cf2c64f9c99a2fdb6250,2004_d95f03a1f99df129ce43aa5a52ea5c91,T213,T228,He voted to increase taxes 98 times and to bust the budget 277 times,His record in the United States Senate does not match his rhetoric,Support,2004
2004_ad3b8cc809725c7d9cd594c76fb3964a,2004_5ee8091ed409cc8a702a991431c0fe3a,T211,T210,We created a 10 percent bracket to help lower-income Americans,You've got more money in your pocket as a result of the tax relief we passed and he opposed,Support,2004
2004_28bc58e6ea7a007a071c805728492115,2004_5ee8091ed409cc8a702a991431c0fe3a,T222,T210,"A family of four making $40,000 received about $1,700 in tax relief",You've got more money in your pocket as a result of the tax relief we passed and he opposed,Support,2004
2004_a3a8744ca4867e4981a1b3477a1eab20,2004_f0257ff7ea175c7f41ae17ac81fdefcb,T225,T224,"No, we're spending your money","The way my opponent talks, he said, ""We're going to spend the government's money",Attack,2004
2004_5f526c5ff2bf9366d992254e91179948,2004_2e71b557372effa9b60c7bd2c8dd9279,T4,T229,Everybody knows that,I have supported or voted for tax cuts over 600 times,Support,2004
2004_d460b435c6ae6bf33baec8875256404c,2004_2e71b557372effa9b60c7bd2c8dd9279,T3,T229,anybody can play with these votes,I have supported or voted for tax cuts over 600 times,Support,2004
2004_2e71b557372effa9b60c7bd2c8dd9279,2004_d70c1c3feec5cf2c64f9c99a2fdb6250,T229,T213,I have supported or voted for tax cuts over 600 times,He voted to increase taxes 98 times and to bust the budget 277 times,Attack,2004
2004_acd36290413c86f5bc3dc9187348d24f,2004_2e71b557372effa9b60c7bd2c8dd9279,T230,T229,I broke with my party in order to balance the budget,I have supported or voted for tax cuts over 600 times,Support,2004
2004_88f74e986fddf46a05e57534cf8bd410,2004_2e71b557372effa9b60c7bd2c8dd9279,T232,T229,I voted for IRA tax cuts,I have supported or voted for tax cuts over 600 times,Support,2004
2004_8714d737c4a6ce34398cd998547b886f,2004_2e71b557372effa9b60c7bd2c8dd9279,T233,T229,I voted for small-business tax cuts,I have supported or voted for tax cuts over 600 times,Support,2004
2004_1eff9c2fd0970130294ae202efa8dc92,2004_48f590cdfab21580d47792e96894a220,T235,T234,more people qualify for them,you know why the Pell Grants have gone up in their numbers,Support,2004
2004_b36701f673aaa804ea9aa40f0650dfbc,2004_48f590cdfab21580d47792e96894a220,T236,T234,they don't have money,you know why the Pell Grants have gone up in their numbers,Support,2004
2004_48f590cdfab21580d47792e96894a220,2004_af0a8886b29571b076cb99e4b2bf7425,T234,T209,you know why the Pell Grants have gone up in their numbers,We've increased Pell Grants by a million students,Attack,2004
2004_8606286f046d9d58f1d31fcf734b1beb,2004_48f590cdfab21580d47792e96894a220,T237,T234,"they're not getting the $5,100 the president promised them",you know why the Pell Grants have gone up in their numbers,Support,2004
2004_46d05419d85f0b76669f747906de4981,2004_8606286f046d9d58f1d31fcf734b1beb,T5,T237,They're getting less money,"they're not getting the $5,100 the president promised them",Support,2004
2004_c418d861ecb9c42e971c22987eb4984e,2004_48f590cdfab21580d47792e96894a220,T238,T234,We have more people who qualify,you know why the Pell Grants have gone up in their numbers,Support,2004
2004_48f590cdfab21580d47792e96894a220,2004_aa0da191b91c72b19a7b31c274c348a9,T234,T239,you know why the Pell Grants have gone up in their numbers,That's not what we want,Support,2004
2004_5f4aefa809e8970717d19af6150a3623,2004_d460b435c6ae6bf33baec8875256404c,T240,T3,"Senator, no one's playing with your votes",anybody can play with these votes,Attack,2004
2004_4116acb87093716e5d6c35409ceae0d7,2004_5f4aefa809e8970717d19af6150a3623,T241,T240,You voted to increase taxes 98 times,"Senator, no one's playing with your votes",Support,2004
2004_89ca3ed476f2b7a7a61be4db0fc61c59,2004_3581e3ae28a25a71d0162653286f3064,T244,T6,"your record is such that Ted Kennedy, your colleague, is the conservative senator from Massachusetts",there's a main stream in American politics and you sit right on the far left bank,Support,2004
2004_9ae769dfaf33acb3bf72b1db38d81f8d,2004_3581e3ae28a25a71d0162653286f3064,T243,T6,He voted to violate the budget cap 277 times,there's a main stream in American politics and you sit right on the far left bank,Support,2004
2004_c792f444c54627914a7d972586724c5a,2004_3581e3ae28a25a71d0162653286f3064,T242,T6,"when they proposed reducing taxes, you voted against it 126 times",there's a main stream in American politics and you sit right on the far left bank,Support,2004
2004_5f4aefa809e8970717d19af6150a3623,2004_3581e3ae28a25a71d0162653286f3064,T240,T6,"Senator, no one's playing with your votes",there's a main stream in American politics and you sit right on the far left bank,Support,2004
2004_8efbd9c0e9492bf58cbcb8b77938c3f4,2004_e03d370efea8f721544a141665dfcb50,T201,T200,"I don't think, based on his record, that he would pursue the kind of aggressive policies that need to be pursued if we're going to defeat these terrorists",I don't believe he has the qualities we need in a commander in chief,Support,2004
2004_417d4a44c900a99b4e7a1b29c3cb592b,2004_845180d15341c7196e393edf1424b303,T205,T206,We need to battle them overseas,we don't have to battle them here at home,Support,2004
2004_4c58c26f45e2d44626e1cd6fde62670b,2004_e17ad653c93285d0a284ae02ca31e0b5,T202,T203,his judgment's flawed,we've questioned is his judgment,Support,2004
2004_6bf58fe4909ffca3958859ead2b79eff,2004_a24b84cd201eeca63b6d56f2005fd570,T208,T207,"In 1984, when he ran for the Senate he opposed, or called for the elimination of a great many major weapons systems that were crucial to winning the Cold War and are important today to our overall forces",the record's there for anybody who wants to look at it,Support,2004
2004_ad4ba9d4528735b51d01f40a9e371290,2004_a24b84cd201eeca63b6d56f2005fd570,T209,T207,"When Saddam Hussein invaded Kuwait and occupied it in 1990 and '91, he stood up on the floor of the Senate and voted against going in to liberate Kuwait and push Saddam Hussein back to Iraq",the record's there for anybody who wants to look at it,Support,2004
2004_a24b84cd201eeca63b6d56f2005fd570,2004_454664945d8454a583ab48a96381e7f2,T207,T204,the record's there for anybody who wants to look at it,"if you look at his record, he doesn't display the qualities of somebody who has conviction",Support,2004
2004_454664945d8454a583ab48a96381e7f2,2004_4c58c26f45e2d44626e1cd6fde62670b,T204,T202,"if you look at his record, he doesn't display the qualities of somebody who has conviction",his judgment's flawed,Support,2004
2004_41ced34f79474d6d4427a7e9167d0eab,2004_f04296f37eaf4795d9d51e4b1f30e238,T214,T210,"what was happening was Howard Dean was making major progress in the Democratic primaries, running away with the primaries based on an anti-war record","they, in effect, decided they would cast an anti-war vote and they voted against the troops",Support,2004
2004_f04296f37eaf4795d9d51e4b1f30e238,2004_356cd6298125757c75f81832a4a0f423,T210,T211,"they, in effect, decided they would cast an anti-war vote and they voted against the troops","if they couldn't stand up to the pressures that Howard Dean represented, how can we expect them to stand up to Al Qaida",Support,2004
2004_d24b327eb3e00fe1a3131581111361ee,2004_356cd6298125757c75f81832a4a0f423,T212,T211,"we've seen a situation in which, first, they voted to commit the troops, to send them to war","if they couldn't stand up to the pressures that Howard Dean represented, how can we expect them to stand up to Al Qaida",Support,2004
2004_a5467b7497361f1d7958f366df6f5203,2004_356cd6298125757c75f81832a4a0f423,T213,T211,"then they came back and when the question was whether or not you provide them with the resources they needed -- body armor, spare parts, ammunition -- they voted against it","if they couldn't stand up to the pressures that Howard Dean represented, how can we expect them to stand up to Al Qaida",Support,2004
2004_356cd6298125757c75f81832a4a0f423,2004_454664945d8454a583ab48a96381e7f2,T211,T204,"if they couldn't stand up to the pressures that Howard Dean represented, how can we expect them to stand up to Al Qaida","if you look at his record, he doesn't display the qualities of somebody who has conviction",Support,2004
2004_282de31669b56f0950b195b3512ae8be,2004_91e5e66d95d04251b3023358820f2310,T216,T215,we've seen over and over and over the misjudgments made by this administration,a long resume does not equal good judgment,Support,2004
2004_821072e6ec3a669ffc649d43485fc737,2004_93016b287574c3110a5ddf08440d8a0f,T219,T223,John Kerry has voted for the biggest military appropriations bill in the country's history,John Kerry has consistently supported the very men that he served with in Vietnam and led,Support,2004
2004_38ca7d76d8a1f24da92f3e698f626b22,2004_93016b287574c3110a5ddf08440d8a0f,T220,T223,John Kerry has voted for the biggest intelligence appropriations in the country's history,John Kerry has consistently supported the very men that he served with in Vietnam and led,Support,2004
2004_68a7d121870f9ec1bf3dce16bc1c9195,2004_d50315505378f4cdb9d80a09552b949d,T222,T221,"These are weapons systems, a big chunk of which, the vice president himself suggested we get rid of after the Cold War","This vice president, when he was secretary of defense, cut over 80 weapons systems, including the very ones he's criticizing John Kerry for voting against",Support,2004
2004_56bbf3e33ef760af498cd18cdb955153,2004_e053e8f9d018c09914c046ac6aae6df0,T227,T228,"On the $87 billion, it was clear at the time of that vote that they had no plan to win the peace",We're seeing the consequences of that everyday on the ground right now,Support,2004
2004_b2cf3ae732d26a404f5696e42a77838d,2004_85024122ed59efab9eeccfa1b24ea41b,T1,T225,"We also thought it was wrong to have a $20 billion fund out of which $7.5 billion was going to go to a no-bid contract for Halliburton, the vice president's former company",It was wrong then,Support,2004
2004_85024122ed59efab9eeccfa1b24ea41b,2004_eafead330bebcd4aa34802335322a643,T225,T224,It was wrong then,It's wrong now,Support,2004
2004_459185e6040054a47d3dfc52a50cacc6,2004_9a92c6e31f92401237e41078ddbb22e3,T232,T230,These are two individuals who have been for the war when the headlines were good and against it when their poll ratings were bad,I think the record speaks for itself,Support,2004
2004_f313a5a86f62126b033a6d6bcea87232,2004_459185e6040054a47d3dfc52a50cacc6,T233,T232,We have not seen the kind of consistency that a commander in chief has to have in order to be a leader in wartime,These are two individuals who have been for the war when the headlines were good and against it when their poll ratings were bad,Support,2004
2004_22a0c213124408879b47e7d84b203707,2004_f313a5a86f62126b033a6d6bcea87232,T234,T233,in order to be able to see the strategy through to victory,We have not seen the kind of consistency that a commander in chief has to have in order to be a leader in wartime,Support,2004
2004_9a92c6e31f92401237e41078ddbb22e3,2004_4c75dafa25eec85966bad5a31a87d5b1,T230,T231,I think the record speaks for itself,"If we want to win the war on terror, it seems to me it's pretty clear the choice is George Bush, not John Kerry",Support,2004
2004_e7b28a968e3d21eb748252eb30a88074,2004_796db126ba584c9f19fa269d5c66bfaa,T236,T235,Saddam Hussein was a threat that needed to be addressed directly,John Kerry has been absolutely clear and consistent from the beginning that we must stay focused on the people who attacked us,Support,2004
2004_99b57b77a48e8207ccd4e2f5bfe67ebd,2004_796db126ba584c9f19fa269d5c66bfaa,T237,T235,the weapons inspectors needed to have time to do their job,John Kerry has been absolutely clear and consistent from the beginning that we must stay focused on the people who attacked us,Support,2004
2004_816bdd5e00b91f9bbe8837615beaa67f,2004_d100e56282c4e39226d54faa5700ff05,T238,T239,Had they had time to do their job,they would have discovered what we now know,Support,2004
2004_d100e56282c4e39226d54faa5700ff05,2004_39f2f98eafef4051fafb8cf2be0ef295,T239,T242,they would have discovered what we now know,Saddam Hussein had no weapons,Support,2004
2004_f3ccbe8c5d20ee79315980a30065276a,2004_bb97e8fc215e387fe78acfbdd129d275,T244,T243,they haven't done it,the president and the vice president have not done the work to build the coalition that we need,Support,2004
2004_1b69470410b87148fef2cceef5c29b68,2004_bb97e8fc215e387fe78acfbdd129d275,T245,T243,they can't do it,the president and the vice president have not done the work to build the coalition that we need,Support,2004
2004_78a5dcc732b9b9aecc525883200693d2,2004_495a4836245ac464b5fb991919caab09,T249,T248,just reject the allies going into lead- up to the war,They didn't,Support,2004
2004_275fc66557fe3c7ae208c433affc3e1f,2004_78a5dcc732b9b9aecc525883200693d2,T250,T249,They also rejected them in the effort to do the reconstruction in Iraq,just reject the allies going into lead- up to the war,Support,2004
2004_2991a0f76fe33445c88931a707ee1397,2004_50f22e5314ceb9c150b99934e58f9754,T251,T246,"What we believe is, as part of our entire plan for Iraq -- and we have a plan for Iraq",We have a plan for success,Support,2004
2004_ccee2db8a86ee818eeb2ec7409051d9b,2004_938b65c6f0cbdd701870f67cf4cfa321,T253,T254,that plan includes speeding up the training of the military,We have less than half of the staff that we need there to complete that training,Support,2004
2004_938b65c6f0cbdd701870f67cf4cfa321,2004_50f22e5314ceb9c150b99934e58f9754,T254,T246,We have less than half of the staff that we need there to complete that training,We have a plan for success,Support,2004
2004_44fccdb4abd77b27660c2b390ae2e4db,2004_50f22e5314ceb9c150b99934e58f9754,T247,T246,make sure that the reconstruction is sped up in a way that the Iraqis see some tangible benefit for what's happening,We have a plan for success,Support,2004
2004_730296e2068263e3616947f6da2580f7,2004_ed1c85f8fb1e6bba1987d27fb84dc28e,T262,T261,It's so dangerous on the ground,they can't be trained there,Support,2004
2004_7a557b9b8dab8fc1dc8d673f00628275,2004_5f2ed2c5e708bde36d959d093b08b1b8,T263,T260,We can take them out of Iraq for purposes of training,We should do whatever has to be done to train the Iraqis and to speed up that process,Support,2004
2004_5f2ed2c5e708bde36d959d093b08b1b8,2004_50f22e5314ceb9c150b99934e58f9754,T260,T246,We should do whatever has to be done to train the Iraqis and to speed up that process,We have a plan for success,Support,2004
2004_969f430d311a3c140dcd59a0d1364adf,2004_c14414697c940fb8d879d2fb8c87fb45,T264,T265,"the United Nations, which is responsible for the elections in January, has about 35 people there","You need more than 35 people to hold an election in Cleveland, much less in Iraq",Support,2004
2004_cb73b69dea23cf3799eb66dae9c1183a,2004_c14414697c940fb8d879d2fb8c87fb45,T266,T265,"that's compared with a much smaller country like East Timor, where they had over 200 people on the ground","You need more than 35 people to hold an election in Cleveland, much less in Iraq",Support,2004
2004_c14414697c940fb8d879d2fb8c87fb45,2004_64af9adfdb45ec8a6f44c341a30918b3,T265,T255,"You need more than 35 people to hold an election in Cleveland, much less in Iraq",we need a new president with credibility with the rest of the world and who has a real plan for succes,Support,2004
2004_50f22e5314ceb9c150b99934e58f9754,2004_64af9adfdb45ec8a6f44c341a30918b3,T246,T255,We have a plan for success,we need a new president with credibility with the rest of the world and who has a real plan for succes,Support,2004
2004_2fabb76272eb3315181d8df714f8520e,2004_5b3a6805af0eac7e70f74ccd77fecc11,T257,T256,"They sent 40,000 American troops into Iraq without the body armor they needed",He attacks us about the troops,Attack,2004
2004_7400255db19207d46f97b869d745cc71,2004_5b3a6805af0eac7e70f74ccd77fecc11,T258,T256,They sent them without the armored vehicles they needed,He attacks us about the troops,Attack,2004
2004_90eaa129b0c1074cf03fedda30009054,2004_5b3a6805af0eac7e70f74ccd77fecc11,T259,T256,"While they were on the ground fighting, they lobbied the Congress to cut their combat pay",He attacks us about the troops,Attack,2004
2004_f7489f146c0a92960a8776ba02da569e,2004_bae4859a48d1b3ae3cebf34a7e45e5be,T269,T268,They don't have a plan,about internationalizing the effort,Attack,2004
2004_f7489f146c0a92960a8776ba02da569e,2004_50f22e5314ceb9c150b99934e58f9754,T269,T246,They don't have a plan,We have a plan for success,Attack,2004
2004_e1bd4fcc5362cb80e3eeeb44f94909af,2004_94767aa41ea8379df08f0faaaedafd17,T2,T270,No,You made the comment that the Gulf War coalition in '91 was far stronger than this,Attack,2004
2004_5871bf61f754e56b4312f0198459e616,2004_e1bd4fcc5362cb80e3eeeb44f94909af,T272,T2,We had 34 countries then; we've got 30 today,No,Support,2004
2004_19611ce669ea11d9b072c9976306fd4a,2004_e1bd4fcc5362cb80e3eeeb44f94909af,T273,T2,We've got troops beside us,No,Support,2004
2004_5ca4a9b275eb7292dea4b0ee7628a978,2004_976dd66aee01f00cd9d647c8f1732c7c,T276,T275,It's totally inconsistent,"you demean the sacrifice of our allies when you say it's the wrong war, wrong place, wrong time, and oh, by the way, send troops",Support,2004
2004_7db60c390a7898105f0892850838f720,2004_6606c45970ff8e93531df71aef34713b,T279,T277,He came recently and addressed a joint session of Congress,"Our most important ally in the war on terror, in Iraq specifically, is Prime Minister Allawi",Support,2004
2004_4e2b183b4e9b7a03d3633b8389a0c94d,2004_d88bfd76bded9b8fb5ada1a375ef05f2,T280,T282,That is not the way to win friends and allies,John Kerry rushed out immediately after his speech was over with,Attack,2004
2004_1c6c047b67383b5518813e22d3282dbe,2004_4e2b183b4e9b7a03d3633b8389a0c94d,T281,T280,You're never going to add to the coalition with that kind of attitude,That is not the way to win friends and allies,Support,2004
2004_57039f0f3669011c1e54b5f330b002a5,2004_c53e6b95e20b75eb6725683ec5404c30,T286,T285,The first Gulf War cost the American people $5 billion,vice president suggests that we have the same number of countries involved now that we had in the first Gulf War,Attack,2004
2004_8d3b4ae8f5f48d3155231d6c26ebf352,2004_c53e6b95e20b75eb6725683ec5404c30,T287,T285,we're at $200 billion and counting,vice president suggests that we have the same number of countries involved now that we had in the first Gulf War,Attack,2004
2004_ea629e7a8ec2564cd2820348856166ca,2004_a203c2181ec6f3fe7ca8ac457a9815d6,T283,T284,Ninety percent of the cost of this effort are being borne by American taxpayers,It is the direct result of the failures of this administration,Support,2004
2004_af4f24616379cdd5b6665b100662219c,2004_03144c2a2f1373168e4ec0d3b3f37c3a,T290,T289,They're in the fight,He won't count the sacrifice and the contribution of Iraqi allies,Attack,2004
2004_c0a089b7046681e014536386283d4582,2004_03144c2a2f1373168e4ec0d3b3f37c3a,T291,T289,They're increasingly the ones out there putting their necks on the line to take back their country from the terrorists and the old regime elements that are still left,He won't count the sacrifice and the contribution of Iraqi allies,Attack,2004
2004_e0cacef2484117d494f234d9dc9800e5,2004_03144c2a2f1373168e4ec0d3b3f37c3a,T292,T289,They're doing a superb job,He won't count the sacrifice and the contribution of Iraqi allies,Attack,2004
2004_a07738f9938ef1eeb47aee70427918af,2004_cb011858bf01d244d07d66f5570c2741,T288,T293,you want to be able to say that the Americans are taking 90 percent of the sacrifice,they shouldn't count,Support,2004
2004_77df52d38beaeaf0a03fa3acbed6fe2a,2004_03144c2a2f1373168e4ec0d3b3f37c3a,T294,T289,You cannot succeed in this effort if you're not willing to recognize the enormous contribution the Iraqis are increasingly making to their own future,He won't count the sacrifice and the contribution of Iraqi allies,Attack,2004
2004_009f64d41f81b1e52b2ba4f1a1ecdfea,2004_07abf86c20e0e094e00023f8ce3b5f3f,T296,T295,which they're doing,We'll win when they take on responsibility for governance,Support,2004
2004_15e622734781c5e127c9f6b07c332c51,2004_444c5bd751d36514db1cf89502d2b7f6,T298,T297,they increasingly are doing,when the take on responsibility for their own security,Support,2004
2004_6c39ad37262ed6b9fe47a3a5f0d1de27,2004_0d202f99ce359376e364bddf7c48aa5c,T303,T305,It's not true,"It's a continuation of, ""Well, there's a strong connection between Al Qaida and Saddam Hussein",Attack,2004
2004_cfeef6c9c004592e2061227bcc92df74,2004_73799c569036d65dc3e9f01bf92db890,T3,T302,It's not true,It's a continuation of at least insinuating that there's some connection between 9/11 and Saddam Hussein,Attack,2004
2004_5145352e35cd6087d2ff79a5c6e97b55,2004_4fd96ade22a18798449540a40f65c509,T307,T309,contrary to what people who have been there have seen,"Americans being kidnapped, people being beheaded, parts of the country under the control of insurgents, even today, under the control of the insurgents",Support,2004
2004_e11342943dc7d3b083380908165bc3bc,2004_4fd96ade22a18798449540a40f65c509,T308,T309,contrary to what everyone in America sees on their television every day,"Americans being kidnapped, people being beheaded, parts of the country under the control of insurgents, even today, under the control of the insurgents",Support,2004
2004_4fd96ade22a18798449540a40f65c509,2004_b50bd7342fe3c661abcde5ef69eeac36,T309,T306,"Americans being kidnapped, people being beheaded, parts of the country under the control of insurgents, even today, under the control of the insurgents","It's saying to the American people, as the president said last Thursday, and the vice president continues to say tonight, that things are going well in Iraq",Attack,2004
2004_e67550ee122a993cfdb4497deab937b3,2004_2e736be5467fcb0568b353968b57157d,T313,T312,"They opposed the creation of a Department of Homeland Security, and then they were for it",this administration opposed the creation of a 9/11 Commission to find out why it happened and what we needed to do,Support,2004
2004_add816a21fbfa05636ac326d2872ac07,2004_e67550ee122a993cfdb4497deab937b3,T314,T313,We can't react that way,"They opposed the creation of a Department of Homeland Security, and then they were for it",Attack,2004
2004_edf43bd68c62ad48c42891c919cd96b2,2004_c747eddff7552904f6df65a8f08e2625,T315,T310,we have the information we need to find terrorists and crush them before they hurt us,"With John Kerry as president of the United States, we are committed to immediately implementing all of the reforms suggested by the 9/11 Commission",Support,2004
2004_7c44704d0ba1000a28dce0fc15ff5356,2004_e6c7a11f271e3273860d80881b4bc9a2,T320,T321,when we went into Afghanistan that he then migrated to Baghdad,he's still in Baghdad today,Support,2004
2004_e6c7a11f271e3273860d80881b4bc9a2,2004_3a629d0e2601713fac65494ca83fc727,T321,T316,he's still in Baghdad today,this is exactly the kind of track record we've seen over the years,Support,2004
2004_624d4a66da6026b00010ce7c2e3efa64,2004_3a629d0e2601713fac65494ca83fc727,T322,T316,He is responsible for most of the major car bombings that have killed or maimed thousands of people,this is exactly the kind of track record we've seen over the years,Support,2004
2004_4b9cb40f24dfa05db00f0a32d73cdbe3,2004_70a80ec22d9c5e44a88fc56c5c5f2715,T317,T318,We have to deal with Zarqawi by taking him out,that's exactly what we'll do,Support,2004
2004_3a629d0e2601713fac65494ca83fc727,2004_4b9cb40f24dfa05db00f0a32d73cdbe3,T316,T317,this is exactly the kind of track record we've seen over the years,We have to deal with Zarqawi by taking him out,Support,2004
2004_9fc14fee429a6eb65f7e07003f9b4bc7,2004_ef60f05fca88843c1f0dd04aa21e65df,T333,T332,ask for even tougher sanctions if they don't live up to their obligations under the initial -- International Atomic Energy Agency Non-Proliferation Treaty,We may well want to go to the U.N. Security Council,Support,2004
2004_ef60f05fca88843c1f0dd04aa21e65df,2004_77b25cc183a392c515c0dfb48d7be360,T332,T331,We may well want to go to the U.N. Security Council,We've got sanctions on Iran now,Support,2004
2004_7d29056bb8edde4f58b792c713d7cc67,2004_b8b74dd08cafef13d665b10cd6217170,T330,T329,"Iran has not yet, as Iraq did, violated 12 years of resolutions by the U.N. Security Council",We dealt with Iran differently than we have Iraq partly,Support,2004
2004_3292139cd8d1d510642ad0d585385786,2004_b8b74dd08cafef13d665b10cd6217170,T334,T329,We're working with the Brits and the Germans and the French,We dealt with Iran differently than we have Iraq partly,Support,2004
2004_394f6b234e190927dbfb5ec4ec8fcb6c,2004_76524e81b888e8dafeede092b81ecd68,T336,T326,there will be a follow-up meeting in November to determine whether or not Iran's living up to their commitments and obligations,"if they aren't, my guess is then the board of governors will recommend sending the whole matter to the U.N. Security Council for the application of the international sanctions",Support,2004
2004_c1e3f369672129b517f5cf54169cf603,2004_76524e81b888e8dafeede092b81ecd68,T325,T326,I think would be exactly the right way to go,"if they aren't, my guess is then the board of governors will recommend sending the whole matter to the U.N. Security Council for the application of the international sanctions",Support,2004
2004_b63640646cfcc8b38104f0363e745ad2,2004_010c055c8e344a29fdfb2d3738f50aa7,T337,T338,"We're addressing North Korea on a similar basis, working with the Chinese, the South Koreans, the Japanese and others to try to bring them around",This was one of the biggest sources of proliferation in the world today in terms of the threat that was represented by that,Support,2004
2004_010c055c8e344a29fdfb2d3738f50aa7,2004_866ad8d32c5bbf8758171c48524dbe5f,T338,T323,This was one of the biggest sources of proliferation in the world today in terms of the threat that was represented by that,We've made major progress in dealing here with a major issue with respect to nuclear proliferation,Support,2004
2004_866ad8d32c5bbf8758171c48524dbe5f,2004_89cedcc10e234429bc8cca554f4c709d,T323,T324,We've made major progress in dealing here with a major issue with respect to nuclear proliferation,we'll continue to press very hard on the North Koreans and the Iranians as well,Support,2004
2004_574b4d556c439a0289d945f36b5c1993,2004_c93133c141d8a3521d852e15c050c4d2,T347,T348,There are 60 countries who have members of Al Qaida in them,How many of those countries are we going to invade,Support,2004
2004_c93133c141d8a3521d852e15c050c4d2,2004_a24e471d5259f2ced1ab554d1e81e278,T348,T350,How many of those countries are we going to invade,"Not only that, he talks about Iran",Attack,2004
2004_594b9b6bdf86b6d51ad5a8890486023b,2004_640cbb062d3ec31c793a616c458efd08,T351,T349,They ceded responsibility to dealing with it to the Europeans,The reality about Iran is that Iran has moved forward with their nuclear weapons program on their watch,Support,2004
2004_640cbb062d3ec31c793a616c458efd08,2004_f18ca9faceb82084d0c3330f14f4ab57,T349,T340,The reality about Iran is that Iran has moved forward with their nuclear weapons program on their watch,John Kerry and I believe we need to strengthen the sanctions on Iraq,Support,2004
2004_1ebe1e7b803a638162bbbcfa0206014b,2004_f18ca9faceb82084d0c3330f14f4ab57,T341,T340,including closing the loophole that allows companies to use a subsidiary,John Kerry and I believe we need to strengthen the sanctions on Iraq,Support,2004
2004_77e4dc7bf5261ceb36d9128bc50a1550,2004_1ebe1e7b803a638162bbbcfa0206014b,T342,T341,offshore subsidiaries to do business with Iran,including closing the loophole that allows companies to use a subsidiary,Support,2004
2004_7c1930d967b4e826dbd9a8e2fd434ee7,2004_bb63760528fb860d4bbd31e0271a51a2,T344,T345,he was pushing for lifting sanctions when he was CEO of Halliburton,This is relevant,Support,2004
2004_c432b15bf96a0601d3117f061adcb30d,2004_bb63760528fb860d4bbd31e0271a51a2,T343,T345,I mentioned Halliburton a few minute ago in connection with the $87 billion,This is relevant,Support,2004
2004_15afa0706868dbe7960b06c1ac72a51c,2004_a6c048087dfd58bebebbf593e8881f70,T352,T346,"While he was CEO of Halliburton, they paid millions of dollars in fines for providing false information on their company",we didn't think Halliburton should have a no-bid contract,Support,2004
2004_7276cf34230e8abb51ccb5a2511eae90,2004_9d88f0472e7296e9be887012fae866e7,T355,T358,they're under investigation,"instead of part of their money being withheld, which is the way it's normally done",Support,2004
2004_9d88f0472e7296e9be887012fae866e7,2004_e2f2aea703d1ba753053619dcf7a17df,T358,T357,"instead of part of their money being withheld, which is the way it's normally done",they've continued to get their money,Support,2004
2004_79cca79d68d46ad39d7ce2fa293945a3,2004_8103fb564409f2073ecbab0bee1af779,T353,T354,"They did business with Libya and Iran, two sworn enemies of the United States",They're now under investigation for having bribed foreign officials during that period of time,Support,2004
2004_ca099e624382ef3ed88da3a917ee6b5c,2004_70de24fda3eb1367b3dc4a0c70a345e3,T359,T360,they're trying to throw up a smokescreen,they keep mentioning Halliburton,Support,2004
2004_baca6a43a0625a3253599bffd5463f78,2004_70de24fda3eb1367b3dc4a0c70a345e3,T361,T360,They know the charges are false,they keep mentioning Halliburton,Support,2004
2004_70de24fda3eb1367b3dc4a0c70a345e3,2004_bb63760528fb860d4bbd31e0271a51a2,T360,T345,they keep mentioning Halliburton,This is relevant,Attack,2004
2004_36ec696d54f857743800d23a56c76b29,2004_baca6a43a0625a3253599bffd5463f78,T4,T361,"They know that if you go, for example, to factcheck.com you can get the specific details with respect to Halliburton",They know the charges are false,Support,2004
2004_eb7a958a623c9e65cdab4b418bd40da1,2004_baca6a43a0625a3253599bffd5463f78,T364,T361,there's no substance to the charges,They know the charges are false,Support,2004
2004_b98b483c06eabd9bc9a75412125251a8,2004_70de24fda3eb1367b3dc4a0c70a345e3,T363,T360,It's an effort that they've made repeatedly to try to confuse the voters and to raise questions,they keep mentioning Halliburton,Support,2004
2004_fea0b1571dda2347adfaa35a8037b1fa,2004_6c500fee2361110f977129ae2e9f5fff,T368,T367,"as they are now, for having overcharged the American taxpayer",the rule is that part of their money is supposed to be withheld when they're under investigation,Support,2004
2004_a4de3ad4e610d0933c8c8db72119c70b,2004_6c500fee2361110f977129ae2e9f5fff,T366,T367,they're getting every dime of their money,the rule is that part of their money is supposed to be withheld when they're under investigation,Attack,2004
2004_6c500fee2361110f977129ae2e9f5fff,2004_a62e0374aead5e141d38166abc8deb59,T367,T365,the rule is that part of their money is supposed to be withheld when they're under investigation,The same company that got a $7.5 billion no-bid contract,Support,2004
2004_e17ad653c93285d0a284ae02ca31e0b5,2004_e03d370efea8f721544a141665dfcb50,T203,T200,we've questioned is his judgment,I don't believe he has the qualities we need in a commander in chief,Support,2004
2004_a24b84cd201eeca63b6d56f2005fd570,2004_4c58c26f45e2d44626e1cd6fde62670b,T207,T202,the record's there for anybody who wants to look at it,his judgment's flawed,Support,2004
2004_93016b287574c3110a5ddf08440d8a0f,2004_15b56fa8ae7705bb709b8f01bc6f12ff,T223,T226,John Kerry has consistently supported the very men that he served with in Vietnam and led,"For our troops, we must have a plan to win the peace",Support,2004
2004_57039f0f3669011c1e54b5f330b002a5,2004_a203c2181ec6f3fe7ca8ac457a9815d6,T286,T284,The first Gulf War cost the American people $5 billion,It is the direct result of the failures of this administration,Support,2004
2004_13640892cebbbe2de4e5cc8fedc3ed61,2004_a203c2181ec6f3fe7ca8ac457a9815d6,T7,T284,"90 percent of the coalition casualties, Mr. Vice President, the coalition casualties, are American casualties",It is the direct result of the failures of this administration,Support,2004
2004_8d3b4ae8f5f48d3155231d6c26ebf352,2004_a203c2181ec6f3fe7ca8ac457a9815d6,T287,T284,we're at $200 billion and counting,It is the direct result of the failures of this administration,Support,2004
2004_03144c2a2f1373168e4ec0d3b3f37c3a,2004_13640892cebbbe2de4e5cc8fedc3ed61,T289,T7,He won't count the sacrifice and the contribution of Iraqi allies,"90 percent of the coalition casualties, Mr. Vice President, the coalition casualties, are American casualties",Attack,2004
2004_cb011858bf01d244d07d66f5570c2741,2004_03144c2a2f1373168e4ec0d3b3f37c3a,T293,T289,they shouldn't count,He won't count the sacrifice and the contribution of Iraqi allies,Support,2004
2004_735070472a360a229319ab8bb3094908,2004_3c479769b5479bb146d3438d563329ce,T327,T328,"What happens when we impose unilateral sanctions is, unless there's a collective effort, then other people move in and take advantage of the situation","you don't have any impact, except to penalize American companies",Support,2004
2004_2fefb00275ad430402fd500d8e66361e,2004_3292139cd8d1d510642ad0d585385786,T18,T334,who've been negotiating with the Iranians,We're working with the Brits and the Germans and the French,Support,2004
2004_4fe89eb2678fb566112b5aaa3d9d8cec,2004_394f6b234e190927dbfb5ec4ec8fcb6c,T335,T336,We recently were actively involved in a meeting with the board of governors in the International Atomic Energy Agency,there will be a follow-up meeting in November to determine whether or not Iran's living up to their commitments and obligations,Support,2004
2004_8103fb564409f2073ecbab0bee1af779,2004_a6c048087dfd58bebebbf593e8881f70,T354,T346,They're now under investigation for having bribed foreign officials during that period of time,we didn't think Halliburton should have a no-bid contract,Support,2004
2004_99c0eea1e957e331a327d4f11c31dc48,2004_a6c048087dfd58bebebbf593e8881f70,T356,T346,they've gotten a $7.5 billion no-bid contract in Iraq,we didn't think Halliburton should have a no-bid contract,Support,2004
2004_e2f2aea703d1ba753053619dcf7a17df,2004_a6c048087dfd58bebebbf593e8881f70,T357,T346,they've continued to get their money,we didn't think Halliburton should have a no-bid contract,Support,2004
2004_cbc1229a6a513999b1b01bff8203929b,2004_baca6a43a0625a3253599bffd5463f78,T19,T361,"The facts are the vice president's company that he was CEO of, that did business with sworn enemies of the United States, paid millions of dollars in fines for providing false financial information, is under investigation for bribing foreign officials",They know the charges are false,Attack,2004
2004_cbc1229a6a513999b1b01bff8203929b,2004_a62e0374aead5e141d38166abc8deb59,T19,T365,"The facts are the vice president's company that he was CEO of, that did business with sworn enemies of the United States, paid millions of dollars in fines for providing false financial information, is under investigation for bribing foreign officials",The same company that got a $7.5 billion no-bid contract,Support,2004
2004_cee9c9f20adb25c1281e501f7ebfe997,2004_f7489f146c0a92960a8776ba02da569e,T278,T269,There isn't a plan there,They don't have a plan,Equivalent,2004
2004_deb59b35286ae6fb61408bc60a320a37,2004_218884e2a5202c282597dc5c3362a95c,T375,T374,They have an obligation to defend themselves,"the Israeli people not only have the right to defend themselves, they should defend themselves",Equivalent,2004
2004_5e175c9f0e0837507a1f801fba924c2a,2004_d770284e72b33a2656caceeedfd8cbcd,T372,T378,They certainly don't have a partner in Arafat,They don't have a partner for peace right now,Support,2004
2004_dfc3ced642ef01050f3bb484b88a398b,2004_d770284e72b33a2656caceeedfd8cbcd,T379,T378,they need a legitimate partner for peace,They don't have a partner for peace right now,Support,2004
2004_c76fdd063520f763cc132a69b2dc2033,2004_d6c31c405edeb1b98ee71876eff8e377,T380,T376,It's important for America to participate in helping with that process,"if Gaza's being used as a platform for attacking the Israeli people, that has to be stopped",Support,2004
2004_89b72ce4952bf31b51d2c8e951e5c652,2004_d0adb7a5f5f5b778a6971ab4b4683c34,T370,T369,Iran is an enormous threat to Israel and to the Israeli people,it's important for America to confront the situation in Iran,Support,2004
2004_b44078698ef5d1c13384b1d871ce783f,2004_0d53f73d153284d7bde78ff5ed5ce868,T383,T382,they want to obscure their own record,they keep trying to attack Halliburton,Support,2004
2004_f2910b363265253fa8afb0561c5948de,2004_38fac2d743b6e3be1f95ebe11661385e,T385,T384,"You've missed 33 out of 36 meetings in the Judiciary Committee, almost 70 percent of the meetings of the Intelligence Committee","Senator, frankly, you have a record in the Senate that's not very distinguished",Support,2004
2004_b5b0229c69e77b8b55f48ec556f88441,2004_38fac2d743b6e3be1f95ebe11661385e,T386,T384,"You've missed a lot of key votes: on tax policy, on energy, on Medicare reform","Senator, frankly, you have a record in the Senate that's not very distinguished",Support,2004
2004_d39369ceca771fdbf19d49b9cf9addcc,2004_243b7afab4e8a223ea038c074f1eec56,T387,T381,We've been strong supporters of Israel,I personally think one of the reasons that we don't have as many suicide attacks today in Israel as we've had in the past is because Saddam is no longer in business,Support,2004
2004_7b0e5b2188b966017c3667549d4ce29e,2004_1634edc791461eb9319152103a40b85b,T390,T389,we won't have that,There has to be reform of the Palestinian system,Support,2004
2004_fd1dbf7563021aad5e60e4e677e18622,2004_7b0e5b2188b966017c3667549d4ce29e,T391,T390,"we don't have it now, in a Yasser Arafat",we won't have that,Support,2004
2004_2925f07fc88d207187a89f99a46e3232,2004_1634edc791461eb9319152103a40b85b,T388,T389,there has to be an interlocutor you can trust and deal with,There has to be reform of the Palestinian system,Support,2004
2004_db3caa7357b774355ea84214a23d5bd9,2004_f51cd7e5e987e524a134e2e4f13da5e8,T394,T395,he was one of 435 members of the United States House,he was one of 10 to vote against Head Start,Support,2004
2004_68d87ec169929e4b49fb86e8736cd24e,2004_53ecbc6015c0f2b355b4aa2576302765,T402,T401,it's not very distinguished,I think his record speaks for itself,Support,2004
2004_f51cd7e5e987e524a134e2e4f13da5e8,2004_c8a7a1046eead1ea97c9b90632c9da5e,T395,T1,he was one of 10 to vote against Head Start,I'm surprised to hear him talk about records,Support,2004
2004_d6287acba2f5742b826351800680324c,2004_c8a7a1046eead1ea97c9b90632c9da5e,T396,T1,one of four to vote against banning plastic weapons that can pass through metal detectors,I'm surprised to hear him talk about records,Support,2004
2004_d7bc87e5ddde9338b3eae2dd0b572349,2004_38fac2d743b6e3be1f95ebe11661385e,T393,T384,That was a complete distortion of my record,"Senator, frankly, you have a record in the Senate that's not very distinguished",Attack,2004
2004_4fb4e9c361bcf771d8b07b156ac87b84,2004_c8a7a1046eead1ea97c9b90632c9da5e,T397,T1,He voted against the Department of Education,I'm surprised to hear him talk about records,Support,2004
2004_7111f4b0ef11d0f1d5431efdbd9e8c9d,2004_c8a7a1046eead1ea97c9b90632c9da5e,T398,T1,He voted against funding for Meals on Wheels for seniors,I'm surprised to hear him talk about records,Support,2004
2004_dce51b2d676d5ad7ac50576ec17ef837,2004_c8a7a1046eead1ea97c9b90632c9da5e,T399,T1,He voted against a holiday for Martin Luther King,I'm surprised to hear him talk about records,Support,2004
2004_3826ede013d08fbae504cc3fca2b46b0,2004_c8a7a1046eead1ea97c9b90632c9da5e,T400,T1,He voted against a resolution calling for the release of Nelson Mandela in South Africa,I'm surprised to hear him talk about records,Support,2004
2004_325d7121df5f1066457ddc98fd48b0b3,2004_deb59b35286ae6fb61408bc60a320a37,T3,T375,"I was in Jerusalem a couple of years ago, actually three years ago, in August of 2001, staying at the King David Hotel.  We left in the morning, headed to the airport to leave, and later in the day I found out that that same day, not far from where we were staying, the Sbarro Pizzeria was hit by a suicide bomber in Jerusalem. Fifteen people were killed. Six children were killed.  What are the Israeli people supposed to do? How can they continue to watch Israeli children killed by suicide bombers, killed by terrorists",They have an obligation to defend themselves,Support,2004
2004_f4e531f11dd17560dfd6a08c31cc3e84,2004_deb59b35286ae6fb61408bc60a320a37,T4,T375,They have not only the right but the obligation to defend themselves,They have an obligation to defend themselves,Equivalent,2004
2004_41c4cc3224d4564ea36a3bc52a2d8bc5,2004_f4e531f11dd17560dfd6a08c31cc3e84,T377,T4,Israel has a right to defend itself,They have not only the right but the obligation to defend themselves,Equivalent,2004
2004_d6c31c405edeb1b98ee71876eff8e377,2004_f4e531f11dd17560dfd6a08c31cc3e84,T376,T4,"if Gaza's being used as a platform for attacking the Israeli people, that has to be stopped",They have not only the right but the obligation to defend themselves,Support,2004
2004_38fac2d743b6e3be1f95ebe11661385e,2004_b44078698ef5d1c13384b1d871ce783f,T384,T383,"Senator, frankly, you have a record in the Senate that's not very distinguished",they want to obscure their own record,Support,2004
2004_1569d2ede557bf0caf80ba1cf13004a6,2004_f2910b363265253fa8afb0561c5948de,T5,T385,"Your hometown newspaper has taken to calling you ""Senator Gone.""","You've missed 33 out of 36 meetings in the Judiciary Committee, almost 70 percent of the meetings of the Intelligence Committee",Support,2004
2004_24d63c940ad71f335738353e2adacfbb,2004_f2910b363265253fa8afb0561c5948de,T6,T385,You've got one of the worst attendance records in the United States Senate,"You've missed 33 out of 36 meetings in the Judiciary Committee, almost 70 percent of the meetings of the Intelligence Committee",Support,2004
2004_463611514766e1cc6b6d5cff45302370,2004_f2910b363265253fa8afb0561c5948de,T7,T385,"Now, in my capacity as vice president, I am the president of Senate, the presiding officer. I'm up in the Senate most Tuesdays when they're in session.  The first time I ever met you was when you walked on the stage tonight","You've missed 33 out of 36 meetings in the Judiciary Committee, almost 70 percent of the meetings of the Intelligence Committee",Support,2004
2004_70cd16f9b528cdb406b52355fce05081,2004_243b7afab4e8a223ea038c074f1eec56,T392,T381,"the suicide bombers, in part, were generated by Saddam Hussein, who paid $25,000 to the families of suicide bombers",I personally think one of the reasons that we don't have as many suicide attacks today in Israel as we've had in the past is because Saddam is no longer in business,Support,2004
2004_c8a7a1046eead1ea97c9b90632c9da5e,2004_d7bc87e5ddde9338b3eae2dd0b572349,T1,T393,I'm surprised to hear him talk about records,That was a complete distortion of my record,Support,2004
2004_4c8ce8118dce6991ffcc22d3730f441d,2004_c8a7a1046eead1ea97c9b90632c9da5e,T8,T1, It's amazing to hear him criticize either my record or John Kerry's,I'm surprised to hear him talk about records,Equivalent,2004
2004_c8a7a1046eead1ea97c9b90632c9da5e,2004_38fac2d743b6e3be1f95ebe11661385e,T1,T384,I'm surprised to hear him talk about records,"Senator, frankly, you have a record in the Senate that's not very distinguished",Attack,2004
2004_53ecbc6015c0f2b355b4aa2576302765,2004_4c8ce8118dce6991ffcc22d3730f441d,T401,T8,I think his record speaks for itself, It's amazing to hear him criticize either my record or John Kerry's,Attack,2004
2004_68d87ec169929e4b49fb86e8736cd24e,2004_38fac2d743b6e3be1f95ebe11661385e,T402,T384,it's not very distinguished,"Senator, frankly, you have a record in the Senate that's not very distinguished",Equivalent,2004
2004_15685030f80e7ad2f360d6748cf063c7,2004_e7dc19861e82494ecb075faaa5a23b58,T254,T252,"I also know in a free society people, consenting adults can live the way they want to live",I do know that we have a choice to make in America,Support,2004
2004_4c9f0225ace33cc8d5d5bb79e0928685,2004_e7dc19861e82494ecb075faaa5a23b58,T253,T252,that is to treat people with tolerance and respect and dignity,I do know that we have a choice to make in America,Support,2004
2004_792f4799871a2f29c04a1b3c6f1603de,2004_4c9f0225ace33cc8d5d5bb79e0928685,T255,T253,It's important that we do that,that is to treat people with tolerance and respect and dignity,Support,2004
2004_e2e43a5ac4a4171bb154945b975324fb,2004_15685030f80e7ad2f360d6748cf063c7,T256,T254,that's to be honored,"I also know in a free society people, consenting adults can live the way they want to live",Support,2004
2004_43483dea29d7861d2f7874fb00a923eb,2004_e1de94a16ec884afee3d31323b29906a,T249,T257,I believe in the sanctity of marriage,we shouldn't change -- or have to change -- our basic views on the sanctity of marriage,Support,2004
2004_e7dc19861e82494ecb075faaa5a23b58,2004_e1de94a16ec884afee3d31323b29906a,T252,T257,I do know that we have a choice to make in America,we shouldn't change -- or have to change -- our basic views on the sanctity of marriage,Attack,2004
2004_37b2b254ecbca72410220a1a35852c7a,2004_e1de94a16ec884afee3d31323b29906a,T250,T257,"I think it's very important that we protect marriage as an institution, between a man and a woman",we shouldn't change -- or have to change -- our basic views on the sanctity of marriage,Support,2004
2004_37b2b254ecbca72410220a1a35852c7a,2004_d5208334d371ad51270d23640406f340,T250,T258,"I think it's very important that we protect marriage as an institution, between a man and a woman",I proposed a constitutional amendment,Support,2004
2004_74eefae571022ef14c85be691bac462f,2004_d5208334d371ad51270d23640406f340,T260,T258,I was worried that activist judges are actually defining the definition of marriage,I proposed a constitutional amendment,Support,2004
2004_dab026234a7dc4d1bcdd8194b9cb79cf,2004_d5208334d371ad51270d23640406f340,T261,T258,the surest way to protect marriage between a man and woman is to amend the Constitution,I proposed a constitutional amendment,Support,2004
2004_98e63ef83e3a32cb57b4ac77ef07d3e4,2004_dab026234a7dc4d1bcdd8194b9cb79cf,T262,T261,It has also the benefit of allowing citizens to participate in the process,the surest way to protect marriage between a man and woman is to amend the Constitution,Support,2004
2004_fc634b7889624c1ef3f35765fa002416,2004_f1842000bf43882d8f5e95857e4f5054,T268,T267,"Congress passed a law called DOMA, the Defense of Marriage Act",I'm deeply concerned that judges are making those decisions and not the citizenry of the United States,Support,2004
2004_98e65bd463016934b41e3aa7db51cf3e,2004_f1842000bf43882d8f5e95857e4f5054,T270,T267,It basically protected states from the action of one state to another,I'm deeply concerned that judges are making those decisions and not the citizenry of the United States,Support,2004
2004_f3fefdd2ccb5f092aa05f26d9bf90737,2004_f1842000bf43882d8f5e95857e4f5054,T271,T267,It also defined marriage as between a man and woman,I'm deeply concerned that judges are making those decisions and not the citizenry of the United States,Support,2004
2004_fbe6a650b5387d6530b834a5100120f7,2004_d5208334d371ad51270d23640406f340,T266,T258,"when you amend the Constitution, state legislatures must participate in the ratification of the Constitution",I proposed a constitutional amendment,Support,2004
2004_f1842000bf43882d8f5e95857e4f5054,2004_fbe6a650b5387d6530b834a5100120f7,T267,T266,I'm deeply concerned that judges are making those decisions and not the citizenry of the United States,"when you amend the Constitution, state legislatures must participate in the ratification of the Constitution",Support,2004
2004_ed02e674848b746968a0979a5ef9708c,2004_02e769903f81b6cbed5275340e700b2f,T263,T264,"if it gets overturned, then we'll end up with marriage being defined by courts",I'm concerned that that will get overturned,Support,2004
2004_b15ed1a1e3f6e3a12c4a4174b04efaa0,2004_02e769903f81b6cbed5275340e700b2f,T265,T264,I don't think that's in our nation's interests,I'm concerned that that will get overturned,Support,2004
2004_02e769903f81b6cbed5275340e700b2f,2004_e1de94a16ec884afee3d31323b29906a,T264,T257,I'm concerned that that will get overturned,we shouldn't change -- or have to change -- our basic views on the sanctity of marriage,Support,2004
2004_fab7438d665d2e4f44946d275d551a14,2004_f45cc8033faf2ca30a14dd12d73868b5,T3,T2,I think if you talk to anybody,it's not choice,Support,2004
2004_8691d3e45da3ff30e81735838552c66d,2004_f45cc8033faf2ca30a14dd12d73868b5,T274,T2,"if you were to talk to Dick Cheney's daughter, who is a lesbian, she would tell you that she's being who she was, she's being who she was born as",it's not choice,Support,2004
2004_7faefaaed55e7e6c13e05d23be77d187,2004_f45cc8033faf2ca30a14dd12d73868b5,T278,T2,"I've met people who struggled with this for years, people who were in a marriage",it's not choice,Support,2004
2004_1c9d7ace879c1f3f6c3e6c1053c50ad7,2004_f45cc8033faf2ca30a14dd12d73868b5,T276,T2,they were living a sort of convention,it's not choice,Support,2004
2004_46defe4551a7d74db1dccc2ee7bf107b,2004_f45cc8033faf2ca30a14dd12d73868b5,T277,T2,they struggled with it,it's not choice,Support,2004
2004_59054158cc6fe65fa5fc2367e1745d34,2004_f45cc8033faf2ca30a14dd12d73868b5,T282,T2,"I've met wives who are supportive of their husbands or vice versa when they finally sort of broke out and allowed themselves to live who they were, who they felt God had made them",it's not choice,Support,2004
2004_f45cc8033faf2ca30a14dd12d73868b5,2004_6a1496a83b164d4fb7ae78a7098edae6,T2,T279,it's not choice,I think we have to respect that,Support,2004
2004_a4470663674f6dc299b0045bbfa06bae,2004_e241ca2910e5b335b646592252d6985e,T280,T273,The president and I share the belief that marriage is between a man and a woman,I believe that,Support,2004
2004_e241ca2910e5b335b646592252d6985e,2004_b6e4e2937968e728b1d6976ffa94fbbf,T273,T272,I believe that,I believe marriage is between a man and a woman,Equivalent,2004
2004_259a9e6c41a50636497347d07ea70932,2004_b79d4873ec2b21dabff3e3bf94509e61,T281,T283,"we are the United States of America, we're a country with a great, unbelievable Constitution, with rights that we afford people, that you can't discriminate in the workplace",You can't discriminate in the rights that you afford people,Support,2004
2004_8e53ed8111d6e6a4c2ee59a4d329049b,2004_0d8427e34be257c0b848986f6a77cd5f,T4,T285,You have to allow people to transfer property,I'm for partnership rights and so forth,Support,2004
2004_91eec5c4b4ad6bf46aaa37c514eeea18,2004_0d8427e34be257c0b848986f6a77cd5f,T284,T285,You can't disallow someone the right to visit their partner in a hospital,I'm for partnership rights and so forth,Support,2004
2004_1d4be3c61d31f311fb49970772ca7c2b,2004_0d8427e34be257c0b848986f6a77cd5f,T286,T285,"with respect to DOMA and the marriage laws, the states have always been able to manage those laws",I'm for partnership rights and so forth,Support,2004
2004_e4a19494d48a39b107540fd3d41c06dd,2004_1d4be3c61d31f311fb49970772ca7c2b,T289,T286,"they're proving today, every state, that they can manage them adequately","with respect to DOMA and the marriage laws, the states have always been able to manage those laws",Support,2004
2004_b177fe099e92009ec8e5797058da5d6f,2004_502cd7b90c811001072aafb4c98a4376,T297,T298,I respect their views,I completely respect their views,Equivalent,2004
2004_588bd730855d512d556d0c07d2af93aa,2004_b63351ecb64c536efde25c832c981f43,T299,T300,I am a Catholic,I grew up learning how to respect those views,Support,2004
2004_b63351ecb64c536efde25c832c981f43,2004_502cd7b90c811001072aafb4c98a4376,T300,T298,I grew up learning how to respect those views,I completely respect their views,Support,2004
2004_7fe20f3998de96709a5685b81f92df45,2004_502cd7b90c811001072aafb4c98a4376,T301,T298,"I disagree with them, as do many",I completely respect their views,Attack,2004
2004_f595cbe8cb6ec2fd74239e4e459a3cc7,2004_7fe20f3998de96709a5685b81f92df45,T290,T301,I believe that I can't legislate or transfer to another American citizen my article of faith,"I disagree with them, as do many",Support,2004
2004_8b671336c86b543cf457402d12fe643a,2004_f595cbe8cb6ec2fd74239e4e459a3cc7,T302,T290,What is an article of faith for me is not something that I can legislate on somebody who doesn't share that article of faith,I believe that I can't legislate or transfer to another American citizen my article of faith,Support,2004
2004_e96a557bb714bb4b62dc5b18a55d3a65,2004_302995967b706c6599c079d88b863420,T304,T291,"It's between a woman, God and her doctor",I believe that choice is a woman's choice,Support,2004
2004_302995967b706c6599c079d88b863420,2004_d98bf7491717dabfae009008ae9102ee,T291,T303,I believe that choice is a woman's choice,I support that,Support,2004
2004_f0ab2a97f60335a5e7e90aa552ad0a38,2004_d98bf7491717dabfae009008ae9102ee,T305,T303,I will not allow somebody to come in and change Roe v,I support that,Support,2004
2004_2b1bf363a6399c804f9af615585385a3,2004_f0ab2a97f60335a5e7e90aa552ad0a38,T1,T305,I will not,I will not allow somebody to come in and change Roe v,Equivalent,2004
2004_be773655820d013b23b48392c48e2858,2004_2b1bf363a6399c804f9af615585385a3,T309,T1,I will defend the right of Roe v,I will not,Equivalent,2004
2004_bfcd25bb36f4c1c43140abdff342be53,2004_fba6bef366b812123d34c86c366f0a8d,T312,T310,I was an altar boy,I know that throughout my life this has made a difference to me,Support,2004
2004_99b825ee0852af5e963f8e7d12b334ac,2004_fba6bef366b812123d34c86c366f0a8d,T311,T310,"with respect to religion, you know, as I said, I grew up a Catholic",I know that throughout my life this has made a difference to me,Support,2004
2004_fd5ac2c4df6f40d1f4199ea0ed76eb79,2004_a57363d1848a2c4e03b7f48a52e9857f,T313,T292,"as President Kennedy said when he ran for president, he said, ""I'm not running to be a Catholic president","I think that everything you do in public life has to be guided by your faith, affected by your faith, but without transferring it in any official way to other people.",Support,2004
2004_fba6bef366b812123d34c86c366f0a8d,2004_a57363d1848a2c4e03b7f48a52e9857f,T310,T292,I know that throughout my life this has made a difference to me,"I think that everything you do in public life has to be guided by your faith, affected by your faith, but without transferring it in any official way to other people.",Support,2004
2004_fb1b0794d3071d3507bc3824ad914c13,2004_a57363d1848a2c4e03b7f48a52e9857f,T314,T292,I'm running to be a president who happens to be Catholic,"I think that everything you do in public life has to be guided by your faith, affected by your faith, but without transferring it in any official way to other people.",Support,2004
2004_ad60c7870984e23550fa415aef376222,2004_a57363d1848a2c4e03b7f48a52e9857f,T5,T292,"My faith affects everything that I do, in truth","I think that everything you do in public life has to be guided by your faith, affected by your faith, but without transferring it in any official way to other people.",Support,2004
2004_c4220ef1f7072560e1b93e9839960ddc,2004_340c78378315810c520ed2af942d15c4,T295,T316,I fight for equality and justice,All of those things come out of that fundamental teaching and belief of faith,Support,2004
2004_65a3bdf3589ca39125cca180a6153d78,2004_340c78378315810c520ed2af942d15c4,T294,T316,I fight to clean up the environment and protect this earth,All of those things come out of that fundamental teaching and belief of faith,Support,2004
2004_5a050a05fb2bad68efedb4429df5f409,2004_340c78378315810c520ed2af942d15c4,T293,T316,I fight against poverty,All of those things come out of that fundamental teaching and belief of faith,Support,2004
2004_a57363d1848a2c4e03b7f48a52e9857f,2004_340c78378315810c520ed2af942d15c4,T292,T316,"I think that everything you do in public life has to be guided by your faith, affected by your faith, but without transferring it in any official way to other people.",All of those things come out of that fundamental teaching and belief of faith,Support,2004
2004_a330e524cdbe69ace9afb0f002ceb096,2004_340c78378315810c520ed2af942d15c4,T317,T316,"President Kennedy in his inaugural address told all of us that here on Earth, God's work must truly be our own",All of those things come out of that fundamental teaching and belief of faith,Support,2004
2004_00368081c9abf2f31138f5a5a0e9962a,2004_c3c320881410486bea776dcac8a8db53,T318,T296,that's what we have to,I think that's the test of public service,Support,2004
2004_c3c320881410486bea776dcac8a8db53,2004_340c78378315810c520ed2af942d15c4,T296,T316,I think that's the test of public service,All of those things come out of that fundamental teaching and belief of faith,Support,2004
2004_00780aa2f294a3ee05b2ea1b030b39a5,2004_90c281b9de5f292826bdc92b8dc4e08f,T320,T319,I think a hospitable society is a society where every being counts and every person matters,I think it's important to promote a culture of life,Support,2004
2004_d3fa7f1e847b578bd5451b4462cf1a2b,2004_90c281b9de5f292826bdc92b8dc4e08f,T321,T319,I believe the ideal world is one in which every child is protected in law and welcomed to life,I think it's important to promote a culture of life,Support,2004
2004_a70eee7266c16834c49e6cfabbfb32bc,2004_86e37c4afe27dd3a441caed95c99e60d,T323,T322,I understand there's great differences on this issue of abortion,I believe reasonable people can come together and put good law in place that will help reduce the number of abortions,Attack,2004
2004_86e37c4afe27dd3a441caed95c99e60d,2004_90c281b9de5f292826bdc92b8dc4e08f,T322,T319,I believe reasonable people can come together and put good law in place that will help reduce the number of abortions,I think it's important to promote a culture of life,Support,2004
2004_f4f9dfcd49de00f83bceb7cd4977004d,2004_86e37c4afe27dd3a441caed95c99e60d,T330,T322,the ban on partial birth abortion.,I believe reasonable people can come together and put good law in place that will help reduce the number of abortions,Support,2004
2004_c45a97d9b721485324cf5ee5bfea491a,2004_f4f9dfcd49de00f83bceb7cd4977004d,T331,T330,It's a brutal practice,the ban on partial birth abortion.,Support,2004
2004_28832d0db6ad975619ed7b8d43827224,2004_c45a97d9b721485324cf5ee5bfea491a,T332,T331,People from both political parties came together in the halls of Congress and voted overwhelmingly to ban that practice,It's a brutal practice,Support,2004
2004_28832d0db6ad975619ed7b8d43827224,2004_0e38197a73be4f5d83977364f5d5d99d,T332,T333,People from both political parties came together in the halls of Congress and voted overwhelmingly to ban that practice,"My opponent, in that he's out of the mainstream, voted against that law",Attack,2004
2004_bf018d456dd6c6d334ba4ea18a96379f,2004_86e37c4afe27dd3a441caed95c99e60d,T324,T322,"as we promote life and promote a culture of life, surely there are ways we can work together to reduce the number of abortions",I believe reasonable people can come together and put good law in place that will help reduce the number of abortions,Equivalent,2004
2004_2522e165b18712b2161842e5be546f72,2004_bf018d456dd6c6d334ba4ea18a96379f,T325,T324,continue to promote adoption laws -- it's a great alternative to abortion -- continue to fund and promote maternity group homes,"as we promote life and promote a culture of life, surely there are ways we can work together to reduce the number of abortions",Support,2004
2004_b66d629a5cdad3189d1985b72749dbb1,2004_bf018d456dd6c6d334ba4ea18a96379f,T326,T324,I will continue to promote abstinence programs,"as we promote life and promote a culture of life, surely there are ways we can work together to reduce the number of abortions",Support,2004
2004_185bb2a1c3ad4f4ff2c3854c1d424e11,2004_b66d629a5cdad3189d1985b72749dbb1,T327,T326,All of us ought to be involved with programs that provide a viable alternative to abortion,I will continue to promote abstinence programs,Support,2004
2004_06c9c9a79cc517b731fc08250e7f464d,2004_4f0509d583ce18d8a5933e326dbc6212,T61,T60,The hardest decision a president makes is ever to use force,obviously we hope that diplomacy works before you ever use force,Support,2004
2004_71908e7728ebc1eb2330d53b7e20da25,2004_f52daa64274c9df0e1afd9794d570da4,T57,T58,"After 9/11, we had to look at the world differently","After 9/11, we had to recognize that when we saw a threat, we must take it seriously before it comes to hurt us",Support,2004
2004_f52daa64274c9df0e1afd9794d570da4,2004_4f0509d583ce18d8a5933e326dbc6212,T58,T60,"After 9/11, we had to recognize that when we saw a threat, we must take it seriously before it comes to hurt us",obviously we hope that diplomacy works before you ever use force,Attack,2004
2004_219aedc83aac99db6b6bc5051b96bada,2004_86e36f5d297566126fb05c8a11a8b68b,T62,T59,9/11 changed it all,"In the old days we'd see a threat, and we could deal with it if we felt like it or not",Attack,2004
2004_219aedc83aac99db6b6bc5051b96bada,2004_f52daa64274c9df0e1afd9794d570da4,T62,T58,9/11 changed it all,"After 9/11, we had to recognize that when we saw a threat, we must take it seriously before it comes to hurt us",Support,2004
2004_f52daa64274c9df0e1afd9794d570da4,2004_86e36f5d297566126fb05c8a11a8b68b,T58,T59,"After 9/11, we had to recognize that when we saw a threat, we must take it seriously before it comes to hurt us","In the old days we'd see a threat, and we could deal with it if we felt like it or not",Attack,2004
2004_e6072eaf864820877c87246d0f00c253,2004_e11d467139f1f62c0aca0d0da69155e5,T63,T64,I vowed to our countrymen that I would do everything I could to protect the American people,That's why we're bringing Al Qaida to justice,Support,2004
2004_04ec0f89f83043e55489565edf9d454d,2004_e11d467139f1f62c0aca0d0da69155e5,T65,T64,Seventy five percent of them have been brought to justice,That's why we're bringing Al Qaida to justice,Support,2004
2004_9356f406aba7eff5da0625af058a02eb,2004_e11d467139f1f62c0aca0d0da69155e5,T67,T64,Al Qaida no longer has a place to plan,That's why we're bringing Al Qaida to justice,Support,2004
2004_83b936e17bdd4684b08e727fd5f70a5d,2004_e11d467139f1f62c0aca0d0da69155e5,T66,T64,the Taliban is no longer in power,That's why we're bringing Al Qaida to justice,Support,2004
2004_49a9dd8ce7d4caee2b745467b9d56f71,2004_edccbba4f75d0a65c42077b7a32d22e0,T53,T52,we thought he had weapons of mass destruction,"I saw a unique threat in Saddam Hussein, as did my opponent",Support,2004
2004_790620d34df846683b3015a308afc5aa,2004_f291d5f5e431a249f9a6eba2b1665fe9,T54,T55,the unique threat was that he could give weapons of mass destruction to an organization like Al Qaida,the harm they inflicted on us with airplanes would be multiplied greatly by weapons of mass destruction,Support,2004
2004_f291d5f5e431a249f9a6eba2b1665fe9,2004_8e9bca4a28c78d4d15cbf209267ee9bc,T55,T56,the harm they inflicted on us with airplanes would be multiplied greatly by weapons of mass destruction,"that was the serious, serious threat",Support,2004
2004_edccbba4f75d0a65c42077b7a32d22e0,2004_8e9bca4a28c78d4d15cbf209267ee9bc,T52,T56,"I saw a unique threat in Saddam Hussein, as did my opponent","that was the serious, serious threat",Support,2004
2004_04ec0f89f83043e55489565edf9d454d,2004_2b89e2559cc067cb1825db1670028dbd,T65,T68,Seventy five percent of them have been brought to justice,"If you harbor a terrorist, you're just as guilty as the terrorist",Support,2004
2004_aced0d21234b8abcf6446a12a3b52ae6,2004_7ef9d8c71db3742d035ec35cad0977fb,T71,T70,He was trying to get rid of sanctions for a reason: He wanted to restart his weapons programs,"as we learned in the same report I quoted, Saddam Hussein was gaming the oil-for-food program to get rid of sanctions",Support,2004
2004_7cfc19ae09c732c5e587129a99fb0733,2004_7ef9d8c71db3742d035ec35cad0977fb,T69,T70,"I tried diplomacy, went to the United Nations","as we learned in the same report I quoted, Saddam Hussein was gaming the oil-for-food program to get rid of sanctions",Support,2004
2004_aced0d21234b8abcf6446a12a3b52ae6,2004_9d2e5b3e497aaa9acccc11e3b061147e,T71,T3,He was trying to get rid of sanctions for a reason: He wanted to restart his weapons programs,We all thought there was weapons there,Support,2004
2004_911527ab66a3164a516d6207514d8898,2004_9d2e5b3e497aaa9acccc11e3b061147e,T72,T3,My opponent thought there was weapons there,We all thought there was weapons there,Support,2004
2004_327e15074c94a7072de5e8f001ea0e14,2004_911527ab66a3164a516d6207514d8898,T73,T72,That's why he called him a grave threat,My opponent thought there was weapons there,Support,2004
2004_2b726b66af530118929ab6b65cc09d00,2004_4135cace1e0e2fd222a77355776d6cd4,T75,T74,we've got an intelligence group together to figure out why,I wasn't happy when we found out there wasn't weapons,Support,2004
2004_8598dace8721cf7231a8aefae26bdc12,2004_8fd36301120b35c782498830c7ade5ea,T76,T77,Saddam Hussein was a unique threat,the world is better off without him in power,Support,2004
2004_8e9bca4a28c78d4d15cbf209267ee9bc,2004_8598dace8721cf7231a8aefae26bdc12,T56,T76,"that was the serious, serious threat",Saddam Hussein was a unique threat,Support,2004
2004_8fd36301120b35c782498830c7ade5ea,2004_b22919ed749fae79dbf3928afd6abf73,T77,T78,the world is better off without him in power,"my opponent's plans lead me to conclude that Saddam Hussein would still be in power, and the world would be more dangerous",Attack,2004
2004_0890543cc141f256c8a59793b1011b97,2004_de6ca74d551183df62bf7219570158c9,T79,T1,The world is more dangerous today,The world is more dangerous today,Support,2004
2004_7004e41973237e69141e97f8370e9d92,2004_de6ca74d551183df62bf7219570158c9,T81,T1,the president didn't make the right judgments,The world is more dangerous today,Support,2004
2004_7e4365da1ef85b24231924323cf133a5,2004_49d3e3b346ebff34278f3a009a8766ee,T95,T97,He wants you to believe that because he can't come here and tell you that he's created new jobs for America,He's lost jobs,Attack,2004
2004_5de35446c8ec4a324739c9aa4e6f82b5,2004_93e3126a6d4e008448a83a6e4ecee4f5,T98,T99,He can't come here and tell you that he's created health care for Americans,"we've got 5 million Americans who have lost their health care, 96,000 of them right here in Missouri",Attack,2004
2004_23eec1281c36d904e15997c8ec64faf1,2004_ccb19d10453d1a6bffc046ed228f810a,T100,T101,He can't come here and tell you that he's left no child behind,he didn't fund no child left behind,Attack,2004
2004_7e4365da1ef85b24231924323cf133a5,2004_38192ca564705b77d0d7a9add1e3c6db,T95,T96,He wants you to believe that because he can't come here and tell you that he's created new jobs for America,the president wishes that I had changed my mind,Support,2004
2004_5de35446c8ec4a324739c9aa4e6f82b5,2004_38192ca564705b77d0d7a9add1e3c6db,T98,T96,He can't come here and tell you that he's created health care for Americans,the president wishes that I had changed my mind,Support,2004
2004_23eec1281c36d904e15997c8ec64faf1,2004_38192ca564705b77d0d7a9add1e3c6db,T100,T96,He can't come here and tell you that he's left no child behind,the president wishes that I had changed my mind,Support,2004
2004_3de23fe0d88eabce31df9e6ff90877ce,2004_70f16cb086ff308363f6c93297e6422f,T102,T103,He's trying to attack me,He wants you to believe that I can't be president,Support,2004
2004_2395eea408e7eb0fb2727e46d43e9c85,2004_70f16cb086ff308363f6c93297e6422f,T104,T103,he's trying to make you believe it,He wants you to believe that I can't be president,Support,2004
2004_96ff4b73c7991189b1f152bfb3d1794c,2004_2395eea408e7eb0fb2727e46d43e9c85,T105,T104,he wants you to think I change my mind,he's trying to make you believe it,Support,2004
2004_65e730409f484de13d65490a8b2c2764,2004_3de23fe0d88eabce31df9e6ff90877ce,T4,T102,So what does he do?,He's trying to attack me,Support,2004
2004_7229ee141678dd6c31e2d38d7a862825,2004_96ff4b73c7991189b1f152bfb3d1794c,T82,T105,I've never changed my mind about Iraq,he wants you to think I change my mind,Attack,2004
2004_7df5208c60a0d7fdec70e5de022e62c4,2004_7229ee141678dd6c31e2d38d7a862825,T83,T82,I do believe Saddam Hussein was a threat,I've never changed my mind about Iraq,Support,2004
2004_c658bdf5699dccdbdaf025edc74ec380,2004_7df5208c60a0d7fdec70e5de022e62c4,T84,T83,I always believed he was a threat,I do believe Saddam Hussein was a threat,Support,2004
2004_f57ad5bca7c9e37bc69d5a08058cf42f,2004_c658bdf5699dccdbdaf025edc74ec380,T85,T84,Believed it in 1998 when Clinton was president,I always believed he was a threat,Support,2004
2004_ea90c7751750a04cd850ba597bb81cec,2004_f57ad5bca7c9e37bc69d5a08058cf42f,T86,T85,I wanted to give Clinton the power to use force if necessary,Believed it in 1998 when Clinton was president,Support,2004
2004_28eebc0f2d7923708037b8f314d38dbe,2004_b4df6659409700d5414f668a0e829b1b,T87,T88,I would have used that force wisely,I would have used that authority wisely,Support,2004
2004_28eebc0f2d7923708037b8f314d38dbe,2004_a60f552bb8bba2574ddd6dfe642b6575,T87,T89,I would have used that force wisely,not rushed to war without a plan to win the peace,Attack,2004
2004_b4df6659409700d5414f668a0e829b1b,2004_a60f552bb8bba2574ddd6dfe642b6575,T88,T89,I would have used that authority wisely,not rushed to war without a plan to win the peace,Attack,2004
2004_fdaa55fe42306b8f53be10a33f723171,2004_a60f552bb8bba2574ddd6dfe642b6575,T90,T89,I would have brought our allies to our side,not rushed to war without a plan to win the peace,Attack,2004
2004_06ffe65769c4ff4f5774299c75c14167,2004_a60f552bb8bba2574ddd6dfe642b6575,T91,T89,I would have fought to make certain our troops had everybody possible to help them win the mission,not rushed to war without a plan to win the peace,Attack,2004
2004_fdaa55fe42306b8f53be10a33f723171,2004_3a7b870f4cc93d08ae3651540cb5a234,T90,T92,I would have brought our allies to our side,pushed our allies aside,Attack,2004
2004_a60f552bb8bba2574ddd6dfe642b6575,2004_5d2614d6b4b379d9d96bd3a5f344b8da,T89,T93,not rushed to war without a plan to win the peace,This president rushed to war,Attack,2004
2004_5d2614d6b4b379d9d96bd3a5f344b8da,2004_a2bf829887b1cc7fa12027b7060cb79b,T93,T94,This president rushed to war,"Iran now is more dangerous, and so is North Korea, with nuclear weapons",Support,2004
2004_3a7b870f4cc93d08ae3651540cb5a234,2004_a2bf829887b1cc7fa12027b7060cb79b,T92,T94,pushed our allies aside,"Iran now is more dangerous, and so is North Korea, with nuclear weapons",Support,2004
2004_5558db7c380fb108dfef8cbd8848d0fa,2004_35814bfa91822065a1bfa5991a694f3a,T109,T108,That's the kind of mindset that says sanctions were working,My opponent said that America must pass a global test before we used force to protect ourselves,Support,2004
2004_676326f2a0bcfcda9dce44facc0ce6b8,2004_35814bfa91822065a1bfa5991a694f3a,T110,T108,"That's the kind of mindset that said, ""Let's keep it at the United Nations and hope things go well.""",My opponent said that America must pass a global test before we used force to protect ourselves,Support,2004
2004_16436c28d66b0ed1dcbf5df8ddd85372,2004_74983e1073e817e37e759c616af28972,T107,T2,he could have given weapons of mass destruction to terrorist enemies,Saddam Hussein was a threat,Support,2004
2004_74983e1073e817e37e759c616af28972,2004_14eaeab57b3637225260b25d95eb601d,T2,T111,Saddam Hussein was a threat,Sanctions were not working,Support,2004
2004_14eaeab57b3637225260b25d95eb601d,2004_7968138f61e09b898fb45f44ec9bba34,T111,T112,Sanctions were not working,The United Nations was not effective at removing Saddam Hussein,Support,2004
2004_7968138f61e09b898fb45f44ec9bba34,2004_676326f2a0bcfcda9dce44facc0ce6b8,T112,T110,The United Nations was not effective at removing Saddam Hussein,"That's the kind of mindset that said, ""Let's keep it at the United Nations and hope things go well.""",Attack,2004
2004_14eaeab57b3637225260b25d95eb601d,2004_5558db7c380fb108dfef8cbd8848d0fa,T111,T109,Sanctions were not working,That's the kind of mindset that says sanctions were working,Attack,2004
2004_6861879ddc6b4d369760301e643d16c2,2004_14eaeab57b3637225260b25d95eb601d,T113,T111,"The goal of the sanctions was not to remove Saddam Hussein, it was to remove the weapons of mass destruction",Sanctions were not working,Attack,2004
2004_853d9e32b3d2540de09029c89f135a48,2004_6861879ddc6b4d369760301e643d16c2,T114,T113,just yesterday the Duelfer report told you and the whole world they worked,"The goal of the sanctions was not to remove Saddam Hussein, it was to remove the weapons of mass destruction",Support,2004
2004_853d9e32b3d2540de09029c89f135a48,2004_14eaeab57b3637225260b25d95eb601d,T114,T111,just yesterday the Duelfer report told you and the whole world they worked,Sanctions were not working,Attack,2004
2004_b185ccc783b915b9ae05b3cbf7c4cf53,2004_88dd59fd3f8872a0036e159621ffe5cd,T115,T118,He didn't have weapons of mass destruction,That was the objective,Support,2004
2004_88dd59fd3f8872a0036e159621ffe5cd,2004_6f3dc7f59182c2b72102bc806ff0582d,T118,T117,That was the objective,if we'd used smart diplomacy,Support,2004
2004_6f3dc7f59182c2b72102bc806ff0582d,2004_7d30a64b6bb6155edf1d5774b0ef10d6,T117,T116,if we'd used smart diplomacy,we could have saved $200 billion and an invasion of Iraq,Support,2004
2004_7d30a64b6bb6155edf1d5774b0ef10d6,2004_7968138f61e09b898fb45f44ec9bba34,T116,T112,we could have saved $200 billion and an invasion of Iraq,The United Nations was not effective at removing Saddam Hussein,Attack,2004
2004_7d30a64b6bb6155edf1d5774b0ef10d6,2004_62aad743040b9bafa27e4d41befaad3c,T116,T119,we could have saved $200 billion and an invasion of Iraq,"right now, Osama bin Laden might be in jail or dead",Attack,2004
2004_7d30a64b6bb6155edf1d5774b0ef10d6,2004_cc449fa47e1fb606bbeb181ee39c252d,T116,T120,we could have saved $200 billion and an invasion of Iraq,That's the war against terror,Attack,2004
2004_ae42e5d58dcf9c31556d7abda3cac8e5,2004_f3f9dfb3ee14b7807c3943818556c642,T891,T892,I would pick somebody who would not allow their personal opinion to get in the way of the law,I would pick somebody who would strictly interpret the Constitution of the United States,Support,2004
2004_10001a30baec2db5a880ec44b60fe5e9,2004_ca2a562dd109c8d5ae988a0b1db1e37d,T893,T894,"Let me give you a couple of examples, I guess, of the kind of person I wouldn't pick","I wouldn't pick a judge who said that the Pledge of Allegiance couldn't be said in a school because it had the words ""under God"" in it",Support,2004
2004_ca2a562dd109c8d5ae988a0b1db1e37d,2004_aa6eef6f0dbe41d4bf6e307ae94aba14,T894,T895,"I wouldn't pick a judge who said that the Pledge of Allegiance couldn't be said in a school because it had the words ""under God"" in it",that's an example of a judge allowing personal opinion to enter into the decision-making process as opposed to a strict interpretation of the Constitution,Attack,2004
2004_f3f9dfb3ee14b7807c3943818556c642,2004_aa6eef6f0dbe41d4bf6e307ae94aba14,T892,T895,I would pick somebody who would strictly interpret the Constitution of the United States,that's an example of a judge allowing personal opinion to enter into the decision-making process as opposed to a strict interpretation of the Constitution,Attack,2004
2004_ff91e22025a5c14887cd9b9a6d60f291,2004_d6e6079c7971e3d95d1c9f994d8022a2,T897,T896,That's a personal opinion,"Another example would be the Dred Scott case, which is where judges, years ago, said that the Constitution allowed slavery because of personal property rights",Support,2004
2004_88992b24de4510f587e6bd9c87281ff6,2004_d6e6079c7971e3d95d1c9f994d8022a2,T898,T896,That's not what the Constitution says,"Another example would be the Dred Scott case, which is where judges, years ago, said that the Constitution allowed slavery because of personal property rights",Attack,2004
2004_88992b24de4510f587e6bd9c87281ff6,2004_ff91e22025a5c14887cd9b9a6d60f291,T898,T897,That's not what the Constitution says,That's a personal opinion,Attack,2004
2004_dc8c356e79eb1b6d61d34925ce8b3ecc,2004_88992b24de4510f587e6bd9c87281ff6,T899,T898,"The Constitution of the United States says we're all -- you know, it doesn't say that",That's not what the Constitution says,Support,2004
2004_caad583f436da13e0583d13f0185b64c,2004_88992b24de4510f587e6bd9c87281ff6,T900,T898,It doesn't speak to the equality of America,That's not what the Constitution says,Support,2004
2004_b3b9d52714074a1023e0b61bc4e87278,2004_caad583f436da13e0583d13f0185b64c,T901,T900,I would pick people that would be strict constructionists,It doesn't speak to the equality of America,Attack,2004
2004_b3b9d52714074a1023e0b61bc4e87278,2004_f3f9dfb3ee14b7807c3943818556c642,T901,T892,I would pick people that would be strict constructionists,I would pick somebody who would strictly interpret the Constitution of the United States,Support,2004
2004_b3b9d52714074a1023e0b61bc4e87278,2004_88992b24de4510f587e6bd9c87281ff6,T901,T898,I would pick people that would be strict constructionists,That's not what the Constitution says,Attack,2004
2004_234d4ddc90466c386547f8eba947a579,2004_6933d968aff24e03f7e85505a57f0453,T904,T905,"We've got plenty of lawmakers in Washington, D.C.",Legislators make law,Support,2004
2004_6933d968aff24e03f7e85505a57f0453,2004_b5c1a20a370f43453947c338d5b190c1,T905,T906,Legislators make law,judges interpret the Constitution,Support,2004
2004_b5c1a20a370f43453947c338d5b190c1,2004_b029f18ea2134a3ef90e2c48eb6f555a,T906,T902,judges interpret the Constitution,that's the kind of judge I'm going to put on there,Support,2004
2004_b029f18ea2134a3ef90e2c48eb6f555a,2004_6e5d318f841d59bcc4dd8e9b7970de3d,T902,T903,that's the kind of judge I'm going to put on there,No litmus test except for how they interpret the Constitution,Support,2004
2004_6e5d318f841d59bcc4dd8e9b7970de3d,2004_f3f9dfb3ee14b7807c3943818556c642,T903,T892,No litmus test except for how they interpret the Constitution,I would pick somebody who would strictly interpret the Constitution of the United States,Support,2004
2004_0800cbd3e267425282461186ede4bfb7,2004_0eb1bab928809557964f9cb587334d97,T907,T908,"A few years ago when he came to office, the president said -- these are his words -- ""What we need are some good conservative judges on the courts.""",he said also that his two favorite justices are Justice Scalia and Justice Thomas,Support,2004
2004_0eb1bab928809557964f9cb587334d97,2004_84b687541c2ac13dab514c5bc3894864,T908,T909,he said also that his two favorite justices are Justice Scalia and Justice Thomas,you get a pretty good sense of where he's heading if he were to appoint somebody,Support,2004
2004_84b687541c2ac13dab514c5bc3894864,2004_6e5d318f841d59bcc4dd8e9b7970de3d,T909,T903,you get a pretty good sense of where he's heading if he were to appoint somebody,No litmus test except for how they interpret the Constitution,Attack,2004
2004_ef84f00c5d8f427dfab845ec791f7f3a,2004_f5c07a5911ba9a6789798fa57d7f0e1c,T911,T912,I don't believe we need a good liberal judge,I don't believe we need a good judge of that kind of definition on either side,Support,2004
2004_873c84caa7b08b3f0b0f3d8c08902ff6,2004_f5c07a5911ba9a6789798fa57d7f0e1c,T910,T912,I don't believe we need a good conservative judge,I don't believe we need a good judge of that kind of definition on either side,Support,2004
2004_f08490681f8710924d4c34b0efb3bb05,2004_a8ef7072f3f43f178cc71bc209159b9e,T916,T913,I subscribe to the Justice Potter Stewart standard,He was a justice on the Supreme Court of the United States,Support,2004
2004_a8ef7072f3f43f178cc71bc209159b9e,2004_12b6db1d9b90760f941d16c4b129de84,T913,T914,He was a justice on the Supreme Court of the United States,"he said the mark of a good judge, good justice, is that when you're reading their decision, their opinion, you can't tell if it's written by a man or woman, a liberal or a conservative, a Muslim, a Jew or a Christian",Support,2004
2004_12b6db1d9b90760f941d16c4b129de84,2004_f56f71b02f59eb997ad49725adffe5b0,T914,T915,"he said the mark of a good judge, good justice, is that when you're reading their decision, their opinion, you can't tell if it's written by a man or woman, a liberal or a conservative, a Muslim, a Jew or a Christian",You just know you're reading a good judicial decision,Support,2004
2004_ea047b370b4fc68a1b88b6eb0ec95e48,2004_5dc37944b6babd782b0a0ac917d088c2,T920,T919,"The future of things that matter to you -- in terms of civil rights, what kind of Justice Department you'll have, whether we'll enforce the law","the Supreme Court of the United States is at stake in this race, ladies and gentlemen",Attack,2004
2004_dc574910787731edc54835286110804c,2004_ea047b370b4fc68a1b88b6eb0ec95e48,T921,T920,Will we have equal opportunity?,"The future of things that matter to you -- in terms of civil rights, what kind of Justice Department you'll have, whether we'll enforce the law",Support,2004
2004_599417fae0b029d9f394c50bca2c1c32,2004_ea047b370b4fc68a1b88b6eb0ec95e48,T923,T920,"Will we have equal pay for women, which is going backwards?","The future of things that matter to you -- in terms of civil rights, what kind of Justice Department you'll have, whether we'll enforce the law",Support,2004
2004_6514f78a505931336ae8a3338ee0b8ec,2004_ea047b370b4fc68a1b88b6eb0ec95e48,T922,T920,Will women's rights be protected?,"The future of things that matter to you -- in terms of civil rights, what kind of Justice Department you'll have, whether we'll enforce the law",Support,2004
2004_92cb8d258252a588127dbddab75b29f4,2004_ea047b370b4fc68a1b88b6eb0ec95e48,T924,T920,Will a woman's right to choose be protected?,"The future of things that matter to you -- in terms of civil rights, what kind of Justice Department you'll have, whether we'll enforce the law",Support,2004
2004_92cb8d258252a588127dbddab75b29f4,2004_6f86f9af8aa7de95a5e01647315220d9,T924,T917,Will a woman's right to choose be protected?,These are constitutional rights,Support,2004
2004_599417fae0b029d9f394c50bca2c1c32,2004_6f86f9af8aa7de95a5e01647315220d9,T923,T917,"Will we have equal pay for women, which is going backwards?",These are constitutional rights,Support,2004
2004_6514f78a505931336ae8a3338ee0b8ec,2004_6f86f9af8aa7de95a5e01647315220d9,T922,T917,Will women's rights be protected?,These are constitutional rights,Support,2004
2004_dc574910787731edc54835286110804c,2004_6f86f9af8aa7de95a5e01647315220d9,T921,T917,Will we have equal opportunity?,These are constitutional rights,Support,2004
2004_6f86f9af8aa7de95a5e01647315220d9,2004_6f0c73607b48640487652e55e09b850b,T917,T918,These are constitutional rights,I want to make sure we have judges who interpret the Constitution of the United States according to the law,Support,2004
2004_f56f71b02f59eb997ad49725adffe5b0,2004_6f0c73607b48640487652e55e09b850b,T915,T918,You just know you're reading a good judicial decision,I want to make sure we have judges who interpret the Constitution of the United States according to the law,Support,2004
2004_d770e7d705c3387ca9c37d43930caf57,2004_6f1491e724ca02966ddd003a67bda1c7,T2,T1,I can make American safer than President Bush has made us,"Yes, I do",Support,2004
2004_d9b10ef9345855660df0e200068561b1,2004_d770e7d705c3387ca9c37d43930caf57,T4,T2,we just have a different set of convictions about how you make America safe,I can make American safer than President Bush has made us,Support,2004
2004_f1437c238d80f095e2717adc54905f7d,2004_4b0e83a63949cfd1d78a2a2d38250d75,T6,T5,I'll never give a veto to any country over our security,I believe America is safest and strongest when we are leading the world and we are leading strong alliances,Support,2004
2004_4b0e83a63949cfd1d78a2a2d38250d75,2004_d770e7d705c3387ca9c37d43930caf57,T5,T2,I believe America is safest and strongest when we are leading the world and we are leading strong alliances,I can make American safer than President Bush has made us,Support,2004
2004_354581653bbbc36d4656fe780d2b98cb,2004_d9b10ef9345855660df0e200068561b1,T7,T4,I also know how to lead those alliances,we just have a different set of convictions about how you make America safe,Support,2004
2004_f5e4bff1cf2a8ccf28cfa613cd87e67c,2004_d9b10ef9345855660df0e200068561b1,T8,T4,This president has left them in shatters across the globe,we just have a different set of convictions about how you make America safe,Support,2004
2004_888f74b40f8b1e2ddc8fdd23fcc374a0,2004_f5e4bff1cf2a8ccf28cfa613cd87e67c,T9,T8,we're now 90 percent of the casualties in Iraq and 90 percent of the costs,This president has left them in shatters across the globe,Support,2004
2004_d764ce3fa60353ec085e73fb7e01746e,2004_b094d001151da53955eb459ec8adc799,T11,T10,I think we can do better,I think that's wrong,Support,2004
2004_8c707ad521b68ae2ad7e487050a7e44f,2004_d770e7d705c3387ca9c37d43930caf57,T12,T2,I have a better plan for homeland security,I can make American safer than President Bush has made us,Support,2004
2004_0375ca136b11950c2d86bce893f42fe7,2004_8c707ad521b68ae2ad7e487050a7e44f,T13,T12,I have a better plan to be able to fight the war on terror,I have a better plan for homeland security,Support,2004
2004_5978205475e5de8f2607c63cf9266718,2004_0375ca136b11950c2d86bce893f42fe7,T14,T13,by strengthening our military,I have a better plan to be able to fight the war on terror,Support,2004
2004_d9ee5cda2d74e9d937ed0909504593e8,2004_0375ca136b11950c2d86bce893f42fe7,T15,T13,strengthening our intelligence,I have a better plan to be able to fight the war on terror,Support,2004
2004_a883704434eca373dbbf832dcfae599c,2004_0375ca136b11950c2d86bce893f42fe7,T16,T13,by going after the financing more authoritatively,I have a better plan to be able to fight the war on terror,Support,2004
2004_4de6289604543ae9a0818d978653fa4b,2004_0375ca136b11950c2d86bce893f42fe7,T17,T13,by doing what we need to do to rebuild the alliances,I have a better plan to be able to fight the war on terror,Support,2004
2004_8b874388809085e2d1b9c11079465bed,2004_0375ca136b11950c2d86bce893f42fe7,T18,T13,by reaching out to the Muslim world,I have a better plan to be able to fight the war on terror,Support,2004
2004_c3f8ee7de51fb3b5ea1fb7f7d873d360,2004_0375ca136b11950c2d86bce893f42fe7,T19,T13,which the president has almost not done,I have a better plan to be able to fight the war on terror,Support,2004
2004_70a46231b4bfcb9b4618e3275e1eb23e,2004_0375ca136b11950c2d86bce893f42fe7,T20,T13,beginning to isolate the radical Islamic Muslims,I have a better plan to be able to fight the war on terror,Support,2004
2004_6d8ee006eed0f7e21021f4ff12da0c0d,2004_0375ca136b11950c2d86bce893f42fe7,T21,T13,not have them isolate the United States of America,I have a better plan to be able to fight the war on terror,Support,2004
2004_01e7f4decc57bb1feb5c7240095680c3,2004_4400318b6c97f780c65c28a1cecb61b4,T23,T22,I have a plan to have a summit with all of the allies,I know I can do a better job in Iraq,Support,2004
2004_f40e1be77c7ee59a49f6ae8d6ff8460c,2004_4400318b6c97f780c65c28a1cecb61b4,T24,T22,something this president has not yet achieved,I know I can do a better job in Iraq,Support,2004
2004_0d5360d98813d3fc96716459a262bfc4,2004_4400318b6c97f780c65c28a1cecb61b4,T25,T22,not yet been able to do to bring people to the table,I know I can do a better job in Iraq,Support,2004
2004_77c8effbf8439d0fb4d00faf6460e734,2004_4400318b6c97f780c65c28a1cecb61b4,T26,T22,We can do a better job of training the Iraqi forces to defend themselves,I know I can do a better job in Iraq,Support,2004
2004_2b7b9fdefb832bf237fb7196b96aebf4,2004_4400318b6c97f780c65c28a1cecb61b4,T27,T22,I know that we can do a better job of preparing for elections,I know I can do a better job in Iraq,Support,2004
2004_b42813ff22cf8046b2525d57af14c2e4,2004_0b8769fa7dfe8dc7b3ee48b0c64918c2,T29,T28,Saddam Hussein now sits in a prison cell,America and the world are safer for it,Support,2004
2004_acef751ba431f488166f8c15d61cf734,2004_ef12f487c60694953ebd5475c95db29f,T49,T48,Libya has disarmed,We continue to pursue our policy of disrupting those who proliferate weapons of mass destruction,Support,2004
2004_6370caa2b6893c77dce477c9fd566ed2,2004_ef12f487c60694953ebd5475c95db29f,T50,T48,The A.Q. Khan network has been brought to justice,We continue to pursue our policy of disrupting those who proliferate weapons of mass destruction,Support,2004
2004_8a9d695d68fdb606f2b5b9f57b7662a0,2004_3e6ace4dbf3ed8720911fb548e2e53b9,T51,T30,I understand free nations will reject terror,we're pursuing a strategy of freedom around the world,Support,2004
2004_834c50db607dfa84c59ed383c91e11f6,2004_3e6ace4dbf3ed8720911fb548e2e53b9,T52,T30,Free nations will answer the hopes and aspirations of their people,we're pursuing a strategy of freedom around the world,Support,2004
2004_2378bcfc8f72087559df298a607f64c3,2004_3e6ace4dbf3ed8720911fb548e2e53b9,T53,T30,Free nations will help us achieve the peace we all want,we're pursuing a strategy of freedom around the world,Support,2004
2004_bac10228f1ba83e6f47c2e0d5f6d48ad,2004_f488a5bae3328cbac7a19863ec9b27b8,T41,T31,We pursued Al Qaida wherever Al Qaida tries to hide,our nation has been on a multi-pronged strategy to keep our country safer,Support,2004
2004_7d8244faf5a50e0615bc7bb3a8d879e9,2004_f488a5bae3328cbac7a19863ec9b27b8,T42,T31,Seventy-five percent of known Al Qaida leaders have been brought to justice,our nation has been on a multi-pronged strategy to keep our country safer,Support,2004
2004_806621174cdc4445516dfb7140d12cd1,2004_f488a5bae3328cbac7a19863ec9b27b8,T43,T31,The rest of them know we're after them,our nation has been on a multi-pronged strategy to keep our country safer,Support,2004
2004_56f520c50f1179d985cb3ebef563b574,2004_f488a5bae3328cbac7a19863ec9b27b8,T45,T31,"We've upheld the doctrine that said if you harbor a terrorist, you're equally as guilty as the terrorist",our nation has been on a multi-pronged strategy to keep our country safer,Support,2004
2004_accdb7df04f74de54b8e3db7ae25fa9d,2004_f488a5bae3328cbac7a19863ec9b27b8,T44,T31,Taliban are no longer in power,our nation has been on a multi-pronged strategy to keep our country safer,Support,2004
2004_c0f423b96e03706a93f4d1f9afa02528,2004_f488a5bae3328cbac7a19863ec9b27b8,T46,T31,Ten million people have registered to vote in Afghanistan in the upcoming presidential election,our nation has been on a multi-pronged strategy to keep our country safer,Support,2004
2004_b2a505dbbed6c7f3127563436d05a9c4,2004_f488a5bae3328cbac7a19863ec9b27b8,T47,T31,"In Iraq, we saw a threat, and we realized that after September the 11th, we must take threats seriously, before they fully materialize",our nation has been on a multi-pronged strategy to keep our country safer,Support,2004
2004_0b8769fa7dfe8dc7b3ee48b0c64918c2,2004_f488a5bae3328cbac7a19863ec9b27b8,T28,T31,America and the world are safer for it,our nation has been on a multi-pronged strategy to keep our country safer,Support,2004
2004_ef12f487c60694953ebd5475c95db29f,2004_f488a5bae3328cbac7a19863ec9b27b8,T48,T31,We continue to pursue our policy of disrupting those who proliferate weapons of mass destruction,our nation has been on a multi-pronged strategy to keep our country safer,Support,2004
2004_15987a7939926aec6125a90bd238ec4d,2004_efddde032ecb0d9a4bcb30e680d146dd,T34,T33,"I believe I'm going to win,",I don't believe it's going to happen,Support,2004
2004_3f8669359c9c527a2a4dc6f040734c8d,2004_15987a7939926aec6125a90bd238ec4d,T35,T34,the American people know I know how to lead,"I believe I'm going to win,",Support,2004
2004_c0f1c2cca7af16ad36994e15d40880e1,2004_3f8669359c9c527a2a4dc6f040734c8d,T36,T35,I've shown the American people I know how to lead,the American people know I know how to lead,Support,2004
2004_d1870a762dfcee3f23ecbb1e878216b3,2004_c0f1c2cca7af16ad36994e15d40880e1,T37,T36,I understand everybody in this country doesn't agree with the decisions I've made,I've shown the American people I know how to lead,Attack,2004
2004_f74e7a297861894163c078a91899c92d,2004_d1870a762dfcee3f23ecbb1e878216b3,T38,T37,I made some tough decisions,I understand everybody in this country doesn't agree with the decisions I've made,Support,2004
2004_d2e389490395aa03ccf118650e401cae,2004_c0f1c2cca7af16ad36994e15d40880e1,T39,T36,people know where I stand,I've shown the American people I know how to lead,Support,2004
2004_c1ec19286e6cb531caee878c2824fe9b,2004_d2e389490395aa03ccf118650e401cae,T40,T39,People out there listening know what I believe,people know where I stand,Support,2004
2004_7ee2dc38c31cf9b4bdda9db13cc72d22,2004_32ce5f83ec8896471ae47a4afe1ea12b,T57,T59,"This is a group of killers who will not only kill here, but kill children in Russia",We have a duty to defeat this enemy,Support,2004
2004_1949f21ab88e5a8bcb06dea3b73f12bd,2004_32ce5f83ec8896471ae47a4afe1ea12b,T58,T59,"that'll attack unmercifully in Iraq, hoping to shake our will",We have a duty to defeat this enemy,Support,2004
2004_42e5ab5c980f1eb135ca8b626eae20c8,2004_32ce5f83ec8896471ae47a4afe1ea12b,T60,T59,We have a duty to protect our children and grandchildren,We have a duty to defeat this enemy,Support,2004
2004_32ce5f83ec8896471ae47a4afe1ea12b,2004_0402298079aa6950aeb79d82275a41d0,T59,T61,We have a duty to defeat this enemy,"The best way to defeat them is to never waver, to be strong, to use every asset at our disposal, is to constantly stay on the offensive and, at the same time, spread liberty",Support,2004
2004_9fa70d43ba7c31cccf26ede9dfe2ae80,2004_84771a7a667444ddadea6c484fadbbf5,T63,T62,Ten million citizens have registered to vote,that's what people are seeing now is happening in Afghanistan,Support,2004
2004_64a88287905ab5f8c7d8e43e9a89b49b,2004_9fa70d43ba7c31cccf26ede9dfe2ae80,T64,T63,It's a phenomenal statistic,Ten million citizens have registered to vote,Support,2004
2004_6456aeb705e34c654b8eef13058ee799,2004_9f04f95a7c4c0372d06a31baddee4b7c,T66,T65,if given a chance to be free,they will show up at the polls,Support,2004
2004_9f04f95a7c4c0372d06a31baddee4b7c,2004_84771a7a667444ddadea6c484fadbbf5,T65,T62,they will show up at the polls,that's what people are seeing now is happening in Afghanistan,Support,2004
2004_43106f09c38e054d7ec202fd221f8f9c,2004_84771a7a667444ddadea6c484fadbbf5,T67,T62,Forty-one percent of those 10 million are women,that's what people are seeing now is happening in Afghanistan,Support,2004
2004_30e1b6bee26653e26a84d38dbc3d7375,2004_81c02bb5b44e2ef748ed9ee60396d0fc,T69,T70,It's hard work,It's incredibly hard,Equivalent,2004
2004_30e1b6bee26653e26a84d38dbc3d7375,2004_300f53f8abb196a1bf4ec8046531cc96,T69,T68,It's hard work,"In Iraq, no doubt about it, it's tough",Equivalent,2004
2004_07c71f5256cbc0aa1f22da225b61a67d,2004_81c02bb5b44e2ef748ed9ee60396d0fc,T71,T70,an enemy realizes the stakes,It's incredibly hard,Support,2004
2004_34cc4558d061c877b2acc417b533d1c6,2004_81c02bb5b44e2ef748ed9ee60396d0fc,T72,T70,The enemy understands a free Iraq will be a major defeat in their ideology of hatred,It's incredibly hard,Support,2004
2004_81c02bb5b44e2ef748ed9ee60396d0fc,2004_81779f5beafb605805ed33fcc89236e0,T70,T73,It's incredibly hard,they're fighting so vociferously,Support,2004
2004_611c32f33b67599ae3bd7b5a6709feb1,2004_d2f0260643cc3e9efe17e6f47340a8fe,T75,T74,they tried to beat us and they didn't,They showed up in Afghanistan when they were there,Support,2004
2004_d2f0260643cc3e9efe17e6f47340a8fe,2004_81779f5beafb605805ed33fcc89236e0,T74,T73,They showed up in Afghanistan when they were there,they're fighting so vociferously,Support,2004
2004_437e8655c21f42077e39ca25c0b945de,2004_81779f5beafb605805ed33fcc89236e0,T76,T73,they're showing up in Iraq for the same reason,they're fighting so vociferously,Support,2004
2004_5c55a05bf2e917ef817c6204472334d1,2004_f089a7414a06589c284d055012ba5c58,T81,T80,if we lose our will,we lose,Support,2004
2004_713991a9ef5f7f1e8e691c87c50ac883,2004_8f1c24e80f31d90960a20e7535e0db39,T79,T78,if we remain strong and resolute,we will defeat this enemy,Support,2004
2004_7943409a17965241a473ff1df48bd9dc,2004_ad67807363e0b972e8c7675d14f72691,T83,T252,smart means not diverting your attention from the real war on terror in Afghanistan against Osama bin Laden,"This president has made, I regret to say, a colossal error of judgment",Support,2004
2004_20ab7c9eb35b0d1b57e9e8e603edb6a9,2004_ad67807363e0b972e8c7675d14f72691,T84,T252,taking if off to Iraq where the 9/11 Commission confirms there was no connection to 9/11 itself and Saddam Hussein,"This president has made, I regret to say, a colossal error of judgment",Support,2004
2004_17cd36ea2f298fbbfeaea97fdd60d018,2004_ad67807363e0b972e8c7675d14f72691,T85,T252,"where the reason for going to war was weapons of mass destruction, not the removal of Saddam Hussein","This president has made, I regret to say, a colossal error of judgment",Support,2004
2004_4e62d813cc2b19af892e7b8b3be4402b,2004_ad67807363e0b972e8c7675d14f72691,T87,T252,judgment is what we look for in the president of the United States of America,"This president has made, I regret to say, a colossal error of judgment",Support,2004
2004_861d118a125784a7e2fbfac4768777ad,2004_981f454e5eb92eb2337bf8f83a089671,T88,T852,"I'm proud that important military figures who are supporting me in this race: former Chairman of the Joint Chiefs of Staff John Shalikashvili; just yesterday, General Eisenhower's son, General John Eisenhower, endorsed me; General Admiral William Crown; General Tony McBeak, who ran the Air Force war so effectively for his father",all believe I would make a stronger commander in chief,Support,2004
2004_ad67807363e0b972e8c7675d14f72691,2004_981f454e5eb92eb2337bf8f83a089671,T252,T852,"This president has made, I regret to say, a colossal error of judgment",all believe I would make a stronger commander in chief,Support,2004
2004_34319bd5eb18591173c311bb0ebed4f7,2004_7c58313665646575e11ba5a743353291,T90,T89,they know I would not take my eye off of the goal: Osama bin Laden,they believe it,Support,2004
2004_7c58313665646575e11ba5a743353291,2004_981f454e5eb92eb2337bf8f83a089671,T89,T852,they believe it,all believe I would make a stronger commander in chief,Support,2004
2004_95487297cafa8a4ab798a2e4d4157730,2004_b1a49859a870497a76dbd6e9e017c1ce,T94,T95,The president relied on Afghan warlords and he outsourced that job too,That's wrong,Support,2004
2004_e72848c63fb2149c75e1fdfaa6770c6f,2004_b1a49859a870497a76dbd6e9e017c1ce,T93,T95,"we didn't use American forces, the best trained in the world, to go kill him",That's wrong,Support,2004
2004_b86a5ec9b8c8d1191cc0bfbaceaf96eb,2004_b1a49859a870497a76dbd6e9e017c1ce,T91,T95,"Unfortunately, he escaped in the mountains of Tora Bora",That's wrong,Support,2004
2004_bc8446e09a6d175f713e90332964bdb2,2004_dc27691d9b49a6c724f509682858997b,T98,T96,he first didn't even want to do that,"he made the misjudgment of saying to America that he was going to build a true alliance, that he would exhaust the remedies of the United Nations and go through the inspections",Support,2004
2004_bbae578b42d840c02a1aa12f87333824,2004_dc27691d9b49a6c724f509682858997b,T99,T96,"it wasn't until former Secretary of State Jim Baker and General Scowcroft and others pushed publicly and said you've got to go to the U.N., that the president finally changed his mind -- his campaign has a word for that -- and went to the United Nations","he made the misjudgment of saying to America that he was going to build a true alliance, that he would exhaust the remedies of the United Nations and go through the inspections",Support,2004
2004_b1a49859a870497a76dbd6e9e017c1ce,2004_981f454e5eb92eb2337bf8f83a089671,T95,T852,That's wrong,all believe I would make a stronger commander in chief,Support,2004
2004_250b0b1d3ed0c3ae0c81ba81d8454d87,2004_66c2650f56c4e38b1be498bb1eb4bb27,T105,T102,I don't believe the United States did that,He also promised America that he would go to war as a last resort,Attack,2004
2004_4ae4bb129b1a8d119f8303c801a01625,2004_66c2650f56c4e38b1be498bb1eb4bb27,T103,T102,"Those words mean something to me, as somebody who has been in combat",He also promised America that he would go to war as a last resort,Attack,2004
2004_900e020b1dc5acbd1908ef68a4992cad,2004_4ae4bb129b1a8d119f8303c801a01625,T104,T103,"""Last resort."" You've got to be able to look in the eyes of families and say to those parents, ""I tried to do everything in my power to prevent the loss of your son and daughter.""","Those words mean something to me, as somebody who has been in combat",Support,2004
2004_0b5d5625a5b7007370625e98eeed9931,2004_dc27691d9b49a6c724f509682858997b,T100,T96,"once there, we could have continued those inspections","he made the misjudgment of saying to America that he was going to build a true alliance, that he would exhaust the remedies of the United Nations and go through the inspections",Support,2004
2004_9c01c3355e37c44049b72d85633c6758,2004_dc27691d9b49a6c724f509682858997b,T101,T96,We had Saddam Hussein trapped,"he made the misjudgment of saying to America that he was going to build a true alliance, that he would exhaust the remedies of the United Nations and go through the inspections",Support,2004
2004_759990209ed1bbb83928dc923ad5f203,2004_76f7034f7d8f01516159c1db68691055,T108,T107,"$200 billion that could have been used for health care, for schools, for construction, for prescription drugs for seniors, and it's in Iraq","today, we are 90 percent of the casualties and 90 percent of the cost",Support,2004
2004_fcf457d86a92622b20fcd222f6853ec8,2004_19df81b34b6e18dc6e1aceb8548634c4,T110,T109,The center is Afghanistan,Iraq is not even the center of the focus of the war on terror,Support,2004
2004_e5b17d29a6270d38f2360ae13b440429,2004_fcf457d86a92622b20fcd222f6853ec8,T111,T110,there were more Americans killed last year than the year before,The center is Afghanistan,Support,2004
2004_fc129eadebb15441aea2de052ce0e8c9,2004_fcf457d86a92622b20fcd222f6853ec8,T112,T110,where the opium production is 75 percent of the world's opium production,The center is Afghanistan,Support,2004
2004_75202772e9373d87fbfc2476bc40bdb4,2004_fcf457d86a92622b20fcd222f6853ec8,T113,T110,where 40 to 60 percent of the economy of Afghanistan is based on opium,The center is Afghanistan,Support,2004
2004_f7a744a455ecfa173a63aa286c3138aa,2004_fcf457d86a92622b20fcd222f6853ec8,T114,T110,where the elections have been postponed three times,The center is Afghanistan,Support,2004
2004_19df81b34b6e18dc6e1aceb8548634c4,2004_0c9c557fa7b2c41f58291cbcda053d82,T109,T115,Iraq is not even the center of the focus of the war on terror,"The president moved the troops, so he's got 10 times the number of troops in Iraq than he has in Afghanistan, where Osama bin Laden is",Attack,2004
2004_a60e54c3d97e30c18b7771e67d7a6b63,2004_19df81b34b6e18dc6e1aceb8548634c4,T116,T109,Saddam Hussein more important than Osama bin Laden? I don't think so,Iraq is not even the center of the focus of the war on terror,Support,2004
2004_34ebef517be6eb9d4310891d1b7361ec,2004_a60e54c3d97e30c18b7771e67d7a6b63,T117,T116,My opponent looked at the same intelligence I looked at and declared in 2002 that Saddam Hussein was a grave threat,Saddam Hussein more important than Osama bin Laden? I don't think so,Attack,2004
2004_6b306f816882cf011f8ecb3ad34fb5a0,2004_a60e54c3d97e30c18b7771e67d7a6b63,T118,T116,He also said in December of 2003 that anyone who doubts that the world is safer without Saddam Hussein does not have the judgment to be president,Saddam Hussein more important than Osama bin Laden? I don't think so,Attack,2004
2004_dd804aa2b6b8d59deabb3891623755f2,2004_7facb3623a7dcdb0d572351eea814688,T119,T120,The world is better off without Saddam Hussein,I agree with him,Support,2004
2004_3785f6aba7fccca9756364ed6c91b16b,2004_aed9ee866701b342a1a76ab15689a5b1,T121,T124,I was hoping diplomacy would work,I went to the United Nations,Support,2004
2004_30b52fbc1c644a35c61ce38470310dd3,2004_3785f6aba7fccca9756364ed6c91b16b,T122,T121,I understand the serious consequences of committing our troops into harm's way,I was hoping diplomacy would work,Support,2004
2004_30b52fbc1c644a35c61ce38470310dd3,2004_777129125bfc1bc7a174146cbe7f88f0,T122,T123,I understand the serious consequences of committing our troops into harm's way,It's the hardest decision a president makes,Support,2004
2004_a502301f95d4edaad4eb6ccbb688efdf,2004_bbae578b42d840c02a1aa12f87333824,T125,T99,I didn't need anybody to tell me to go to the United Nations,"it wasn't until former Secretary of State Jim Baker and General Scowcroft and others pushed publicly and said you've got to go to the U.N., that the president finally changed his mind -- his campaign has a word for that -- and went to the United Nations",Attack,2004
2004_83bc4ce6ef39606bfa1d069f17b36b44,2004_bbae578b42d840c02a1aa12f87333824,T126,T99,I decided to go there myself,"it wasn't until former Secretary of State Jim Baker and General Scowcroft and others pushed publicly and said you've got to go to the U.N., that the president finally changed his mind -- his campaign has a word for that -- and went to the United Nations",Attack,2004
2004_83bc4ce6ef39606bfa1d069f17b36b44,2004_7b1b86579035c1d4a2eacf271111cafe,T126,T127,I decided to go there myself,"I went there hoping that, once and for all, the free world would act in concert to get Saddam Hussein to listen to our demands",Support,2004
2004_777129125bfc1bc7a174146cbe7f88f0,2004_7b1b86579035c1d4a2eacf271111cafe,T123,T127,It's the hardest decision a president makes,"I went there hoping that, once and for all, the free world would act in concert to get Saddam Hussein to listen to our demands",Support,2004
2004_aed9ee866701b342a1a76ab15689a5b1,2004_7b1b86579035c1d4a2eacf271111cafe,T124,T127,I went to the United Nations,"I went there hoping that, once and for all, the free world would act in concert to get Saddam Hussein to listen to our demands",Support,2004
2004_36ac4ceea5c5b2ecf624194c17ecdb5f,2004_41fed6e82e25cc265a03d86763f05fe0,T128,T129,"They passed the resolution that said, ""Disclose, disarm, or face serious consequences.""","I believe, when an international body speaks, it must mean what it says",Support,2004
2004_dd804aa2b6b8d59deabb3891623755f2,2004_a672c5fa0cf34e85e0dc9241b2a7d6bd,T119,T137,The world is better off without Saddam Hussein,The world is safer without Saddam Hussein,Equivalent,2004
2004_d11ec94535ad40db8e4b30111fe65a24,2004_2411354a667998847ecd9fb55b9707e7,T132,T97,The facts are that he was systematically deceiving the inspectors,That wasn't going to work,Support,2004
2004_2411354a667998847ecd9fb55b9707e7,2004_089392c335f4786483ff53f446562d47,T97,T255,That wasn't going to work,my opponent talks about inspectors,Attack,2004
2004_2411354a667998847ecd9fb55b9707e7,2004_0b5d5625a5b7007370625e98eeed9931,T97,T100,That wasn't going to work,"once there, we could have continued those inspections",Attack,2004
2004_2411354a667998847ecd9fb55b9707e7,2004_eabebbf87d77b84257cfde2ba0a58339,T97,T133,That wasn't going to work,"That's kind of a pre-September 10th mentality, the hope that somehow resolutions and failed inspections would make this world a more peaceful place",Attack,2004
2004_1e35a9be8e59757de4eba979a6842cfa,2004_b8fbebe95126cc3442accc1fd3ae9911,T135,T136,there was fortunately others beside myself who believed that we ought to take action,We did,Support,2004
2004_2411354a667998847ecd9fb55b9707e7,2004_b8fbebe95126cc3442accc1fd3ae9911,T97,T136,That wasn't going to work,We did,Support,2004
2004_a003ad5ff1d65cedbbbc127607a374ff,2004_eabebbf87d77b84257cfde2ba0a58339,T134,T133,He was hoping we'd turn away,"That's kind of a pre-September 10th mentality, the hope that somehow resolutions and failed inspections would make this world a more peaceful place",Support,2004
2004_6f43149221114b165b48a5139807cc39,2004_b8fbebe95126cc3442accc1fd3ae9911,T131,T136,He had 16 other resolutions and nothing took place,We did,Support,2004
2004_5cb27e3f4b2cd859b7311605eb5aa2ab,2004_b8fbebe95126cc3442accc1fd3ae9911,T130,T136,Saddam Hussein had no intention of disarming,We did,Support,2004
2004_41fed6e82e25cc265a03d86763f05fe0,2004_b8fbebe95126cc3442accc1fd3ae9911,T129,T136,"I believe, when an international body speaks, it must mean what it says",We did,Support,2004
2004_b8fbebe95126cc3442accc1fd3ae9911,2004_a672c5fa0cf34e85e0dc9241b2a7d6bd,T136,T137,We did,The world is safer without Saddam Hussein,Support,2004
2004_e933c1aeefd42e5c6205227bc2e5c01f,2004_70e1da868d7ea14baf4a383d890db402,T139,T138,this is a global effort,we've got the capability of doing both,Support,2004
2004_59032f8db58acbc5a4cb5d9cd9423319,2004_e933c1aeefd42e5c6205227bc2e5c01f,T140,T139,"We're facing a group of folks who have such hatred in their heart, they'll strike anywhere, with any means",this is a global effort,Support,2004
2004_2019bd92270591fdd957bb7837f96729,2004_e98cc7481bc8b2476e181442047d8fe2,T256,T257,it's essential that we have strong alliances,we do,Support,2004
2004_70e1da868d7ea14baf4a383d890db402,2004_2019bd92270591fdd957bb7837f96729,T138,T256,we've got the capability of doing both,it's essential that we have strong alliances,Support,2004
2004_498cbfea850c3e0bbd6c5929c9ec4d3b,2004_61120e64e5907cc5ee7da31721c9b3a6,T141,T258,it's essential that we make sure that we keep weapons of mass destruction out of the hands of people like Al Qaida,we are,Support,2004
2004_d9d8369dc01586af950e1e5f4e18dba6,2004_19df81b34b6e18dc6e1aceb8548634c4,T142,T109,to say that there's only one focus on the war on terror doesn't really understand the nature of the war on terror,Iraq is not even the center of the focus of the war on terror,Attack,2004
2004_5f362acd4726f0224a37c4fbcc72a957,2004_939b0aa5002d179f4613a6e03cf94335,T144,T143,He's isolated,we're after Saddam Hussein -- I mean bin Laden,Support,2004
2004_bf1ca70e2e192aac955ebf82a624c358,2004_939b0aa5002d179f4613a6e03cf94335,T145,T143,Seventy-five percent of his people have been brought to justice,we're after Saddam Hussein -- I mean bin Laden,Support,2004
2004_89ab161ad21f798bc8678c84b70be15e,2004_0950ee5f35692662ac556df55efc6bd9,T146,T147,"The killer -- the mastermind of the September 11th attacks, Khalid Sheik Mohammed, is in prison",We're making progress,Support,2004
2004_049e0b06318f0a2e100461be9aedac38,2004_0950ee5f35692662ac556df55efc6bd9,T148,T147,the front on this war is more than just one place,We're making progress,Attack,2004
2004_939b0aa5002d179f4613a6e03cf94335,2004_0950ee5f35692662ac556df55efc6bd9,T143,T147,we're after Saddam Hussein -- I mean bin Laden,We're making progress,Support,2004
2004_8c684a5ac5e19fe9f580c891695b1110,2004_049e0b06318f0a2e100461be9aedac38,T149,T148,The Philippines -- we've got help -- we're helping them there to bring -- to bring Al Qaida affiliates to justice there,the front on this war is more than just one place,Support,2004
2004_049e0b06318f0a2e100461be9aedac38,2004_d9d8369dc01586af950e1e5f4e18dba6,T148,T142,the front on this war is more than just one place,to say that there's only one focus on the war on terror doesn't really understand the nature of the war on terror,Support,2004
2004_c1d9c5d7a3c595d4cb499ffd12f8dc75,2004_19df81b34b6e18dc6e1aceb8548634c4,T259,T109,"of course, Iraq is a central part in the war on terror",Iraq is not even the center of the focus of the war on terror,Attack,2004
2004_8149297eda90ffcd469997617b4c4050,2004_c1d9c5d7a3c595d4cb499ffd12f8dc75,T150,T259,Zarqawi and his people are trying to fight us,"of course, Iraq is a central part in the war on terror",Support,2004
2004_0c3381c83d132d6ce78339e83d2abf09,2004_74c5ea2b35f7b03588878d08e0c3f979,T154,T153,We've got a plan to do so,We will succeed,Support,2004
2004_490d6abe8b5d58af4bce01f70162714f,2004_74c5ea2b35f7b03588878d08e0c3f979,T155,T153,the Iraqis want to be free,We will succeed,Support,2004
2004_d4dcda87826d0ca90a1586981bf17894,2004_490d6abe8b5d58af4bce01f70162714f,T156,T155,"I had the honor of visiting with Prime Minister Allawi. He's a strong, courageous leader. He believes in the freedom of the Iraqi people",the Iraqis want to be free,Support,2004
2004_de06bd51442cd665bfe97fec089b73f6,2004_8dfa56f58422621545661a753fa8646d,T157,T158,"He doesn't want U.S. leadership, however, to send mixed signals, to not stand with the Iraqi people","He believes, like I believe, that the Iraqis are ready to fight for their own freedom",Support,2004
2004_e2dee3355f130dab91427a944299c301,2004_8dfa56f58422621545661a753fa8646d,T159,T158,They just need the help to be trained,"He believes, like I believe, that the Iraqis are ready to fight for their own freedom",Support,2004
2004_85bfc2a9e4ca0d603c906d897984fa46,2004_490d6abe8b5d58af4bce01f70162714f,T160,T155,There will be elections in January,the Iraqis want to be free,Support,2004
2004_8dfa56f58422621545661a753fa8646d,2004_0fd2eb0245e3ad762024f18d3a4fa2fb,T158,T164,"He believes, like I believe, that the Iraqis are ready to fight for their own freedom",That's the plan for victory,Support,2004
2004_a04c13963bfa3831aabf440c7a42a932,2004_0fd2eb0245e3ad762024f18d3a4fa2fb,T162,T164,our alliance is strong,That's the plan for victory,Support,2004
2004_dfa94ee816446d5a51f3e9abceca1b7f,2004_0fd2eb0245e3ad762024f18d3a4fa2fb,T161,T164,We're spending reconstruction money,That's the plan for victory,Support,2004
2004_0fd2eb0245e3ad762024f18d3a4fa2fb,2004_baf81f3013d4dc2d96adec178552e771,T164,T163,That's the plan for victory,"when Iraq if free, America will be more secure",Support,2004
2004_0e700e90c31d69065cad1178644aa2fa,2004_533184bb5e7294067224de0d3b82c4fb,T165,T260,Iraq was not even close to the center of the war on terror before the president invaded it,The president just talked about Iraq as a center of the war on terror,Attack,2004
2004_0e700e90c31d69065cad1178644aa2fa,2004_c1d9c5d7a3c595d4cb499ffd12f8dc75,T165,T259,Iraq was not even close to the center of the war on terror before the president invaded it,"of course, Iraq is a central part in the war on terror",Attack,2004
2004_0807ae3f44d612c8c056bc66c321a9f0,2004_bc231f03acd0a3999c7f7c1e8c27896f,T167,T168,he rushed the war in Iraq without a plan to win the peace,that is not the judgment that a president of the United States ought to make,Support,2004
2004_21a9bf8c059406b140812b3b73b6b3af,2004_bc231f03acd0a3999c7f7c1e8c27896f,T166,T168,The president made the judgment to divert forces from under General Tommy Franks from Afghanistan before the Congress even approved it to begin to prepare to go to war in Iraq,that is not the judgment that a president of the United States ought to make,Support,2004
2004_bc231f03acd0a3999c7f7c1e8c27896f,2004_568bae39a7ba754569e4f2f4c0f13dec,T168,T169,that is not the judgment that a president of the United States ought to make,You don't take America to war unless have the plan to win the peace,Support,2004
2004_0e700e90c31d69065cad1178644aa2fa,2004_bc231f03acd0a3999c7f7c1e8c27896f,T165,T168,Iraq was not even close to the center of the war on terror before the president invaded it,that is not the judgment that a president of the United States ought to make,Support,2004
2004_364191941ec2a176b006180911e7b555,2004_9fb344fadb8b4676a58c3e2b9be494fd,T171,T170,"I've met kids in Ohio, parents in Wisconsin places, Iowa, where they're going out on the Internet to get the state-of-the-art body gear to send to their kids",You don't send troops to war without the body armor that they need,Support,2004
2004_1784052526a37bbfbe99dc6eec6be854,2004_9fb344fadb8b4676a58c3e2b9be494fd,T173,T170,Some of them got it for a birthday present,You don't send troops to war without the body armor that they need,Support,2004
2004_9fb344fadb8b4676a58c3e2b9be494fd,2004_0a6c9be24ec34d8108a4653dde14f5e2,T170,T254,You don't send troops to war without the body armor that they need,I think that's wrong,Support,2004
2004_b258301ffcf143a378cae23844e8da02,2004_9fb344fadb8b4676a58c3e2b9be494fd,T174,T170,"Humvees -- 10,000 out of 12,000 Humvees that are over there aren't armored",You don't send troops to war without the body armor that they need,Support,2004
2004_84131b2b568d709be9de730ceecc7568,2004_0a6c9be24ec34d8108a4653dde14f5e2,T175,T254,you go visit some of those kids in the hospitals today who were maimed because they don't have the armament,I think that's wrong,Support,2004
2004_6f14f29d36c4c50e05d4fb6cefd9cac9,2004_d453dff085be3430cc770e7d9a8f47b4,T177,T176,it's getting worse by the day,This president just -- I don't know if he sees what's really happened over there,Support,2004
2004_c36923d11fe701df48939ae65c8a362e,2004_6f14f29d36c4c50e05d4fb6cefd9cac9,T178,T177,More soldiers killed in June than before,it's getting worse by the day,Support,2004
2004_34029263cbcf7b49aac656a63deab5ca,2004_6f14f29d36c4c50e05d4fb6cefd9cac9,T179,T177,More in July than June,it's getting worse by the day,Support,2004
2004_cb4757522b892cd0e2b91ad9b8e7bdcf,2004_6f14f29d36c4c50e05d4fb6cefd9cac9,T180,T177,More in August than July,it's getting worse by the day,Support,2004
2004_bb0f314c209bf584cb9130c9564b8f7f,2004_6f14f29d36c4c50e05d4fb6cefd9cac9,T181,T177,More in September than in August,it's getting worse by the day,Support,2004
2004_4aaa3e758f63cdeac079f8194c45d6f3,2004_6f14f29d36c4c50e05d4fb6cefd9cac9,T182,T177,now we see beheadings,it's getting worse by the day,Support,2004
2004_f8692df128ecddff6e75c14eabdb4d77,2004_6f14f29d36c4c50e05d4fb6cefd9cac9,T183,T177,we got weapons of mass destruction crossing the border every single day,it's getting worse by the day,Support,2004
2004_2fefe32ed5968440b9e4696df4793687,2004_6f14f29d36c4c50e05d4fb6cefd9cac9,T184,T177,they're blowing people up,it's getting worse by the day,Support,2004
2004_3d8f2e8e4340a3856d76b21590120cb6,2004_6f14f29d36c4c50e05d4fb6cefd9cac9,T185,T177,we don't have enough troops there,it's getting worse by the day,Support,2004
2004_fe38f6290333bd51d17224f0d7d0c291,2004_f93e3af3f814c9772341d47d03bff643,T186,T187,my opponent wants you to forget is that he voted to authorize the use of force,says it's the wrong war at the wrong time at the wrong place,Attack,2004
2004_83f1fac53350b3f75180313493ae1b52,2004_ad0a5fc9a874c4a2b2d80334ebff97de,T189,T188,the way to win this is to be steadfast and resolved and to follow through on the plan that I've just outlined,"I don't see how you can lead this country to succeed in Iraq if you say wrong war, wrong time, wrong place",Support,2004
2004_8a8d1325d0afa57a68b577d09126a619,2004_b456e66c0c02c83a75d2cf9dca1066de,T190,T191,we have to be steadfast and resolved,I am,Support,2004
2004_581f9a4ac6ec983ff36015c57b7dc117,2004_49e028caddb9c07d7cc9f6485c69c0f2,T192,T193,"I will succeed for those troops, now that we're there",We have to succeed,Support,2004
2004_8c0b86d33d68ec305dc72eb0951af28f,2004_49e028caddb9c07d7cc9f6485c69c0f2,T194,T193,We can't leave a failed Iraq,We have to succeed,Support,2004
2004_baeea4382f50b2da3aef68e759e6c993,2004_3eb6d5c10e3766bbeb871e833014cbf3,T196,T195,It was,that doesn't mean it wasn't a mistake of judgment to go there and take the focus off of Osama bin Laden,Support,2004
2004_3eb6d5c10e3766bbeb871e833014cbf3,2004_fe38f6290333bd51d17224f0d7d0c291,T195,T186,that doesn't mean it wasn't a mistake of judgment to go there and take the focus off of Osama bin Laden,my opponent wants you to forget is that he voted to authorize the use of force,Attack,2004
2004_d4998836b08a0f0b9b16f729cbf40778,2004_49e028caddb9c07d7cc9f6485c69c0f2,T197,T193,we can succeed,We have to succeed,Equivalent,2004
2004_4cf06c6c924ff29bf0ad094b70ef450e,2004_8e6b39ae8c46d02f452bbe0a5e24d99d,T200,T199,I think we need a president who has the credibility to bring the allies back to the table and to do what's necessary to make it,America isn't doing this alone,Support,2004
2004_4cf06c6c924ff29bf0ad094b70ef450e,2004_bb688e2e3cc87df41ed30882d2acf19f,T200,T198,I think we need a president who has the credibility to bring the allies back to the table and to do what's necessary to make it,I don't believe this president can,Support,2004
2004_bb688e2e3cc87df41ed30882d2acf19f,2004_d4998836b08a0f0b9b16f729cbf40778,T198,T197,I don't believe this president can,we can succeed,Attack,2004
2004_c8657515f2041b1471171a17aeb3c86e,2004_4ecab00f9056a0eb0ce22d3b465acf7b,T203,T202,we're shutting firehouses who are the first- responders here in America,What kind of message does it send to be sending money to open firehouses in Iraq,Attack,2004
2004_ef7085125b1846dc7235f4355064cac3,2004_5b715f1e3331d0d0ef24592c572a48cb,T205,T204,they had to close down the subway in New York when the Republican Convention was there,"The president hasn't put one nickel, not one nickel into the effort to fix some of our tunnels and bridges and most exposed subway systems",Support,2004
2004_6a2f7b12350799ea9bbf25e219360f0b,2004_72ff2d2d34950aae4e8d01926fd445f6,T261,T201,the president is cutting the COPS program in America,what kind of mixed message does it send when you have $500 million going over to Iraq to put police officers in the streets of Iraq,Attack,2004
2004_5b715f1e3331d0d0ef24592c572a48cb,2004_d1c3681035375e85255b89cbf77780eb,T204,T206,"The president hasn't put one nickel, not one nickel into the effort to fix some of our tunnels and bridges and most exposed subway systems",We hadn't done the work that ought to be done,Support,2004
2004_6a2f7b12350799ea9bbf25e219360f0b,2004_d1c3681035375e85255b89cbf77780eb,T261,T206,the president is cutting the COPS program in America,We hadn't done the work that ought to be done,Support,2004
2004_c8657515f2041b1471171a17aeb3c86e,2004_d1c3681035375e85255b89cbf77780eb,T203,T206,we're shutting firehouses who are the first- responders here in America,We hadn't done the work that ought to be done,Support,2004
2004_5abb01f022dc0ceff5429b30d618a680,2004_75e1aa0d653a76dd162f7e60888f79ef,T207,T262,"95 percent of the containers that come into the ports, right here in Florida, are not inspected",Does that make you feel safer in America?,Support,2004
2004_fe56e7f59b7417684a50f3f75ff38f79,2004_75e1aa0d653a76dd162f7e60888f79ef,T208,T262,"Civilians get onto aircraft, and their luggage is X-rayed, but the cargo hold is not X- rayed",Does that make you feel safer in America?,Support,2004
2004_75e1aa0d653a76dd162f7e60888f79ef,2004_d1c3681035375e85255b89cbf77780eb,T262,T206,Does that make you feel safer in America?,We hadn't done the work that ought to be done,Support,2004
2004_9d28fb604d4d05d95ecc08f74d7a167a,2004_7a8838ba5deb188bb9b2ce5732a0e584,T211,T209,Those aren't my values,This president thought it was more important to give the wealthiest people in America a tax cut rather than invest in homeland security,Attack,2004
2004_0548efd13c49ac9a45a4a7ac49dddc69,2004_9d28fb604d4d05d95ecc08f74d7a167a,T210,T211,I believe in protecting America first,Those aren't my values,Support,2004
2004_4ff905aa917085131507809dbcd8f0ab,2004_0548efd13c49ac9a45a4a7ac49dddc69,T212,T210,I'm going to invest in homeland security,I believe in protecting America first,Support,2004
2004_ae5b658d6072d8a7b8ab88a58b10ea32,2004_0548efd13c49ac9a45a4a7ac49dddc69,T213,T210,I'm going to make sure we're not cutting COPS programs in America,I believe in protecting America first,Support,2004
2004_ae5b658d6072d8a7b8ab88a58b10ea32,2004_6a2f7b12350799ea9bbf25e219360f0b,T213,T261,I'm going to make sure we're not cutting COPS programs in America,the president is cutting the COPS program in America,Attack,2004
2004_54884dbaac06067b5f94e06fb4250827,2004_0548efd13c49ac9a45a4a7ac49dddc69,T214,T210,we're fully staffed in our firehouses and that we protect the nuclear and chemical plants,I believe in protecting America first,Support,2004
2004_54884dbaac06067b5f94e06fb4250827,2004_c8657515f2041b1471171a17aeb3c86e,T214,T203,we're fully staffed in our firehouses and that we protect the nuclear and chemical plants,we're shutting firehouses who are the first- responders here in America,Attack,2004
2004_07e9c19c04f3d6c3858dae3d2c2caac4,2004_7d519357a714d3282b77250346cd895c,T216,T215,which didn't want to do some of the things necessary to strengthen our chemical plant exposure,The president also unfortunately gave in to the chemical industry,Attack,2004
2004_07e9c19c04f3d6c3858dae3d2c2caac4,2004_88086631e021e361f97f03092c8db770,T216,T217,which didn't want to do some of the things necessary to strengthen our chemical plant exposure,there's an enormous undone job to protect the loose nuclear materials in the world that are able to get to terrorists,Support,2004
2004_dc6c083fbdb05b07f4c91a5611d9e882,2004_6079dd2ea7f072a381df3b7422050bcb,T219,T220,I'm going to do it in four years,we're going to keep it out of the hands of terrorists,Support,2004
2004_4444fac94e0338ae5e7eacbc35d145e6,2004_d1c3681035375e85255b89cbf77780eb,T218,T206,the president will not secure the loose material in the Soviet Union -- former Soviet Union for 13 years,We hadn't done the work that ought to be done,Support,2004
2004_88086631e021e361f97f03092c8db770,2004_d1c3681035375e85255b89cbf77780eb,T217,T206,there's an enormous undone job to protect the loose nuclear materials in the world that are able to get to terrorists,We hadn't done the work that ought to be done,Support,2004
2004_6079dd2ea7f072a381df3b7422050bcb,2004_0548efd13c49ac9a45a4a7ac49dddc69,T220,T210,we're going to keep it out of the hands of terrorists,I believe in protecting America first,Support,2004
2004_5075b8e1b345ad2755554c98819213bc,2004_0548efd13c49ac9a45a4a7ac49dddc69,T221,T210,I don't think we want to get to how he's going to pay for all these promises,I believe in protecting America first,Attack,2004
2004_3af0609c9c15b4e4fed8bfeb03aef956,2004_5075b8e1b345ad2755554c98819213bc,T222,T221,It's like a huge tax gap,I don't think we want to get to how he's going to pay for all these promises,Support,2004
2004_91d5bc30e7e81463b5dd7e6c137a11f2,2004_316c48e2b0d1fa115dc6baec62f56663,T226,T224,"We've got 1,000 extra border patrol on the southern border",we could better coordinate our borders and ports,Support,2004
2004_e593c654288a996c9ded4700405b56ac,2004_316c48e2b0d1fa115dc6baec62f56663,T225,T224,My administration worked with the Congress to create the Department of Homeland Security,we could better coordinate our borders and ports,Support,2004
2004_ea344b25c8d6c505c10371d8e7a2f46e,2004_316c48e2b0d1fa115dc6baec62f56663,T223,T224,My administration has tripled the amount of money we're spending on homeland security to $30 billion a year,we could better coordinate our borders and ports,Support,2004
2004_3c5d7677147f20a37c3f12ad381164d4,2004_316c48e2b0d1fa115dc6baec62f56663,T228,T224,We're modernizing our borders,we could better coordinate our borders and ports,Support,2004
2004_135f5a453b2ec7bb5ca9079f31f6e19e,2004_e3c38c3fc8ac732661361ce4a4a0fe4c,T229,T230,"We spent $3.1 billion for fire and police, $3.1 billion",We're doing our duty to provide the funding,Support,2004
2004_30cc7d998292304aefad51dccb5e4574,2004_e3c38c3fc8ac732661361ce4a4a0fe4c,T231,T230,the best way to protect this homeland is to stay on the offense,We're doing our duty to provide the funding,Attack,2004
2004_33eaaf9b204589264b1bc154485e2b4b,2004_30cc7d998292304aefad51dccb5e4574,T232,T231,we have to be right 100 percent of the time,the best way to protect this homeland is to stay on the offense,Support,2004
2004_63d0ca6863856a0c53a919a4a373c170,2004_33eaaf9b204589264b1bc154485e2b4b,T233,T232,the enemy only has to be right once to hurt us,we have to be right 100 percent of the time,Support,2004
2004_2bd59fd4b1222003575ae984b706339d,2004_40e8928e52a7c076edb0ba4bc1be0c9a,T235,T236,We're communicating better,We're going to reform our intelligence services to make sure that we get the best intelligence possible,Support,2004
2004_8e4adbed18bc87b8ff688b51acfb13cd,2004_ae1f36644d5dc9d893bbc85aa09ae1f3,T238,T237,is vital that the Congress renew the Patriot Act,The Patriot Act is vital,Support,2004
2004_ae1f36644d5dc9d893bbc85aa09ae1f3,2004_5cb02ae2db0c9a8f8ae8b6934f6acb77,T237,T239,The Patriot Act is vital,enables our law enforcement to disrupt terror cells,Support,2004
2004_30cc7d998292304aefad51dccb5e4574,2004_6abfd6ac248ca16001f70f132975fd9f,T231,T240,the best way to protect this homeland is to stay on the offense,the best way to protection is to stay on the offense,Equivalent,2004
2004_5cb02ae2db0c9a8f8ae8b6934f6acb77,2004_6abfd6ac248ca16001f70f132975fd9f,T239,T240,enables our law enforcement to disrupt terror cells,the best way to protection is to stay on the offense,Support,2004
2004_40e8928e52a7c076edb0ba4bc1be0c9a,2004_6abfd6ac248ca16001f70f132975fd9f,T236,T240,We're going to reform our intelligence services to make sure that we get the best intelligence possible,the best way to protection is to stay on the offense,Support,2004
2004_4b454553145d2cd355d715c9480c933a,2004_6abfd6ac248ca16001f70f132975fd9f,T234,T240,we've also changed the culture of the FBI to have counterterrorism as its number one priority,the best way to protection is to stay on the offense,Support,2004
2004_28be13b766285d90c699eab4e4ee2467,2004_cfd903de0543ccb0bf7180c04b2dd621,T242,T243,"We just read on the front pages of America's papers that there are over 100,000 hours of tapes, unlistened to",On one of those tapes may be the enemy being right the next time,Support,2004
2004_cfd903de0543ccb0bf7180c04b2dd621,2004_4b454553145d2cd355d715c9480c933a,T243,T234,On one of those tapes may be the enemy being right the next time,we've also changed the culture of the FBI to have counterterrorism as its number one priority,Attack,2004
2004_cfd903de0543ccb0bf7180c04b2dd621,2004_eda9d792251b9a39585ab5848a269ab2,T243,T241,On one of those tapes may be the enemy being right the next time,The president just said the FBI had changed its culture,Attack,2004
2004_faaa188f270ca1459596249bb96352e9,2004_135f5a453b2ec7bb5ca9079f31f6e19e,T244,T229,the test is not whether you're spending more money,"We spent $3.1 billion for fire and police, $3.1 billion",Attack,2004
2004_faaa188f270ca1459596249bb96352e9,2004_c6e20cfdbbe34cc0773e5ea486144cf9,T244,T245,the test is not whether you're spending more money,"The test is, are you doing everything possible to make America safe",Support,2004
2004_c6e20cfdbbe34cc0773e5ea486144cf9,2004_f82a49de920e307e5d684eeb914986fc,T245,T246,"The test is, are you doing everything possible to make America safe",America needed to be safe,Support,2004
2004_05c1f0418396d500385d55441baa2726,2004_f82a49de920e307e5d684eeb914986fc,T247,T246,We didn't need that tax cut,America needed to be safe,Support,2004
2004_ec6af905539693c661596873593f2b67,2004_0c1705644179c131346698a5d29413f3,T249,T248,I wake up every day thinking about how best to protect America,we're doing everything we can to protect America,Support,2004
2004_b588011e7ea1dbf1818c1d7fe268b5c0,2004_0c1705644179c131346698a5d29413f3,T250,T248,"I work with Director Mueller of the FBI; comes in my office when I'm in Washington every morning, talking about how to protect us",we're doing everything we can to protect America,Support,2004
2004_ebf4396288940d7727e889e70f6f6f02,2004_0c1705644179c131346698a5d29413f3,T251,T248,There's a lot of really good people working hard to do so,we're doing everything we can to protect America,Support,2004
2004_f4fa72a7b09ea3756d103063d885f2fb,2004_ebf4396288940d7727e889e70f6f6f02,T172,T251,It's hard work,There's a lot of really good people working hard to do so,Support,2004
2004_0c1705644179c131346698a5d29413f3,2004_a4781ed90e443e3dcdc47c7ff783dae8,T248,T253,we're doing everything we can to protect America,you better have a president who chases these terrorists down and bring them to justice before they hurt us again,Support,2004
2004_6b306f816882cf011f8ecb3ad34fb5a0,2004_7facb3623a7dcdb0d572351eea814688,T118,T120,He also said in December of 2003 that anyone who doubts that the world is safer without Saddam Hussein does not have the judgment to be president,I agree with him,Support,2004
2004_34ebef517be6eb9d4310891d1b7361ec,2004_7facb3623a7dcdb0d572351eea814688,T117,T120,My opponent looked at the same intelligence I looked at and declared in 2002 that Saddam Hussein was a grave threat,I agree with him,Support,2004
2004_0f89c419b90cc14efc7f4c96543a5025,2004_fbb0c2b1edcf422ab156986fce148a2f,T926,T927,"I'm a Catholic, raised a Catholic",I was an altar boy,Support,2004
2004_fbb0c2b1edcf422ab156986fce148a2f,2004_a4dd9be71526ee0c1a50d96ce053b119,T927,T928,I was an altar boy,Religion has been a huge part of my life,Support,2004
2004_a4dd9be71526ee0c1a50d96ce053b119,2004_5140e043ccf531cf701f4e59653148c2,T928,T929,Religion has been a huge part of my life,It helped lead me through a war,Support,2004
2004_5140e043ccf531cf701f4e59653148c2,2004_d2100e0e824b742beaaa01979212a8cc,T929,T930,It helped lead me through a war,leads me today,Support,2004
2004_d2100e0e824b742beaaa01979212a8cc,2004_a82c35d138049639fde940730c2523ed,T930,T925,leads me today,I respect the belief about life and when it begins,Support,2004
2004_fb8e01780e6c8c9ffc1053c4bedb3599,2004_8c917675f18941347f351ee4b909f56b,T931,T932,I can't do that,"I can't take what is an article of faith for me and legislate it for someone who doesn't share that article of faith, whether they be agnostic, atheist, Jew, Protestant, whatever",Support,2004
2004_ca5dc1cd4009976217f21950d07ce0ee,2004_fb8e01780e6c8c9ffc1053c4bedb3599,T940,T931,I can counsel people,I can't do that,Support,2004
2004_a82c35d138049639fde940730c2523ed,2004_8c917675f18941347f351ee4b909f56b,T925,T932,I respect the belief about life and when it begins,"I can't take what is an article of faith for me and legislate it for someone who doesn't share that article of faith, whether they be agnostic, atheist, Jew, Protestant, whatever",Attack,2004
2004_a4dd9be71526ee0c1a50d96ce053b119,2004_8c917675f18941347f351ee4b909f56b,T928,T932,Religion has been a huge part of my life,"I can't take what is an article of faith for me and legislate it for someone who doesn't share that article of faith, whether they be agnostic, atheist, Jew, Protestant, whatever",Attack,2004
2004_c913cb65460f23e2a31fdb3a773f512e,2004_93fcbaf0930060ff7038160a172c90ce,T941,T942,I can talk reasonably about life and about responsibility,"I can talk to people, as my wife Teresa does, about making other choices, and about abstinence, and about all these other things that we ought to do as a responsible society",Support,2004
2004_69674251b92eeacf614c5d7acc3a5a95,2004_93fcbaf0930060ff7038160a172c90ce,T943,T942,"as a president, I have to represent all the people in the nation","I can talk to people, as my wife Teresa does, about making other choices, and about abstinence, and about all these other things that we ought to do as a responsible society",Attack,2004
2004_69674251b92eeacf614c5d7acc3a5a95,2004_85654f0948ac92b0e6be6524f955c994,T943,T944,"as a president, I have to represent all the people in the nation",I have to make that judgment,Support,2004
2004_85654f0948ac92b0e6be6524f955c994,2004_a4046373e1ac88c7c109a69015d80c4e,T944,T933,I have to make that judgment,"I believe that you can take that position and not be pro- abortion, but you have to afford people their constitutional rights",Support,2004
2004_69674251b92eeacf614c5d7acc3a5a95,2004_a4046373e1ac88c7c109a69015d80c4e,T943,T933,"as a president, I have to represent all the people in the nation","I believe that you can take that position and not be pro- abortion, but you have to afford people their constitutional rights",Support,2004
2004_ca5dc1cd4009976217f21950d07ce0ee,2004_a4046373e1ac88c7c109a69015d80c4e,T940,T933,I can counsel people,"I believe that you can take that position and not be pro- abortion, but you have to afford people their constitutional rights",Support,2004
2004_4580bae751eb276cf9c2fe33842246d6,2004_a4046373e1ac88c7c109a69015d80c4e,T945,T933,"that means being smart about allowing people to be fully educated, to know what their options are in life","I believe that you can take that position and not be pro- abortion, but you have to afford people their constitutional rights",Support,2004
2004_1e9059a7415a935c2b4f05e86dbd007c,2004_a4046373e1ac88c7c109a69015d80c4e,T946,T933,making certain that you don't deny a poor person the right to be able to have whatever the constitution affords them if they can't afford it otherwise,"I believe that you can take that position and not be pro- abortion, but you have to afford people their constitutional rights",Support,2004
2004_c5c26745eca8fa40aae3d190457b4229,2004_a4046373e1ac88c7c109a69015d80c4e,T934,T933,I think it's important,"I believe that you can take that position and not be pro- abortion, but you have to afford people their constitutional rights",Support,2004
2004_a4046373e1ac88c7c109a69015d80c4e,2004_a86dd2684c39b60e75a46206d58a32ec,T933,T935,"I believe that you can take that position and not be pro- abortion, but you have to afford people their constitutional rights","I think it's important for the United States, for instance, not to have this rigid ideological restriction on helping families around the world to be able to make a smart decision about family planning",Support,2004
2004_b1db9340edb96a6694ea8bf2ff33f624,2004_a86dd2684c39b60e75a46206d58a32ec,T936,T935,You'll help prevent AIDS,"I think it's important for the United States, for instance, not to have this rigid ideological restriction on helping families around the world to be able to make a smart decision about family planning",Support,2004
2004_df8dcbbbc81f085de6c2e96d566a10e5,2004_a86dd2684c39b60e75a46206d58a32ec,T937,T935,"You'll help prevent unwanted children, unwanted pregnancies","I think it's important for the United States, for instance, not to have this rigid ideological restriction on helping families around the world to be able to make a smart decision about family planning",Support,2004
2004_bcfb1d9ac58891442cc97ce9c6218912,2004_a86dd2684c39b60e75a46206d58a32ec,T939,T935,"You'll actually do a better job, I think, of passing on the moral responsibility that is expressed in your question","I think it's important for the United States, for instance, not to have this rigid ideological restriction on helping families around the world to be able to make a smart decision about family planning",Support,2004
2004_8892237d55a0dd1e0e845ed06f1968db,2004_a86dd2684c39b60e75a46206d58a32ec,T938,T935,I truly respect it,"I think it's important for the United States, for instance, not to have this rigid ideological restriction on helping families around the world to be able to make a smart decision about family planning",Support,2004
2004_4f82d639857b8f4ee7fe2a8bd0a5ea5b,2004_7034bb80a051aefd3f371f21b02a761d,T1,T954,certainly reasonable people can agree on how to reduce abortions in America,It's one way to help reduce abortions,Support,2004
2004_391e0a309f177d4b7ce23416d57f5cbf,2004_f23fdf4943edad24b7a2ff3c5e1b6710,T956,T955,It's a brutal practice,I signed the partial-birth -- the ban on partial-birth abortion,Support,2004
2004_f23fdf4943edad24b7a2ff3c5e1b6710,2004_7034bb80a051aefd3f371f21b02a761d,T955,T954,I signed the partial-birth -- the ban on partial-birth abortion,It's one way to help reduce abortions,Support,2004
2004_c6988dc66ea2085a03dd28807af93d07,2004_7034bb80a051aefd3f371f21b02a761d,T947,T954,we're not going to spend taxpayers' money on abortion,It's one way to help reduce abortions,Support,2004
2004_7034bb80a051aefd3f371f21b02a761d,2004_e3a7795b6bb0d641fd0129d507e685fd,T954,T957,It's one way to help reduce abortions,My opponent voted against the ban,Attack,2004
2004_ab4105b15a184c1165b40218b7961274,2004_5b10771a57ceeb6f2ad3fc79dabd3249,T948,T958,I think there ought to be parental notification laws,He's against them,Attack,2004
2004_3dc77fca85fc97355ce3f623c5dc5390,2004_fe2e08cf9e9e072f8338182b7b1a7220,T959,T960,I signed a bill called the Unborn Victims of Violence Act,"In other words, if you're a mom and you're pregnant and you get killed, the murderer gets tried for two cases, not just one",Support,2004
2004_fe2e08cf9e9e072f8338182b7b1a7220,2004_42db632d7688920d7a137737efb7b7fb,T960,T961,"In other words, if you're a mom and you're pregnant and you get killed, the murderer gets tried for two cases, not just one",My opponent was against that,Attack,2004
2004_ab4105b15a184c1165b40218b7961274,2004_6021379b3a50ca398005310eeae97076,T948,T962,I think there ought to be parental notification laws,These are reasonable ways to help promote a culture of life in America,Support,2004
2004_3dc77fca85fc97355ce3f623c5dc5390,2004_6021379b3a50ca398005310eeae97076,T959,T962,I signed a bill called the Unborn Victims of Violence Act,These are reasonable ways to help promote a culture of life in America,Support,2004
2004_fe2e08cf9e9e072f8338182b7b1a7220,2004_6021379b3a50ca398005310eeae97076,T960,T962,"In other words, if you're a mom and you're pregnant and you get killed, the murderer gets tried for two cases, not just one",These are reasonable ways to help promote a culture of life in America,Support,2004
2004_6021379b3a50ca398005310eeae97076,2004_71ffd1531c41cb8d78844d81f0c48a7e,T962,T949,These are reasonable ways to help promote a culture of life in America,I think it is a worthy goal in America to have every child protected by law and welcomed in life,Support,2004
2004_1c2f9483f827699ac3f21bb5088ae4cc,2004_6021379b3a50ca398005310eeae97076,T950,T962,I also think we ought to continue to have good adoption law as an alternative to abortion,These are reasonable ways to help promote a culture of life in America,Support,2004
2004_7426f0d6c9cd2939f338156d948e318f,2004_6021379b3a50ca398005310eeae97076,T951,T962,we need to promote maternity group homes,These are reasonable ways to help promote a culture of life in America,Support,2004
2004_bb396235a7c6e7c7e2d259c5619fe9a1,2004_1c2f9483f827699ac3f21bb5088ae4cc,T952,T950,Culture of life is really important for a country to have,I also think we ought to continue to have good adoption law as an alternative to abortion,Support,2004
2004_9c18212758dcbd40deccd8932ce3db65,2004_bb396235a7c6e7c7e2d259c5619fe9a1,T953,T952,if it's going to be a hospitable society,Culture of life is really important for a country to have,Support,2004
2004_bdf708f176e73b1d4a65fd0851da80cb,2004_d4d4965318de435c779df7a089e9010e,T964,T2,it's just not that simple,"categorically, my opponent is against this, my opponent is against that.",Attack,2004
2004_86737e1c1d952e7504518e0a2ebc33e6,2004_e3a7795b6bb0d641fd0129d507e685fd,T965,T957,I'm against the partial-birth abortion,My opponent voted against the ban,Attack,2004
2004_824ab24dd022db27b13a0c47b96acaba,2004_86737e1c1d952e7504518e0a2ebc33e6,T966,T965,you've got to have an exception for the life of the mother and the health of the mother under the strictest test of bodily injury to the mother,I'm against the partial-birth abortion,Attack,2004
2004_55d98254221fba001f88c2428def4d42,2004_cf8a02a0a0362fc2adee62517aa7cdb4,T967,T968,I'm not going to require a 16-or 17-year-old kid who's been raped by her father and who's pregnant to have to notify her father,you got to have a judicial intervention,Support,2004
2004_cf8a02a0a0362fc2adee62517aa7cdb4,2004_5b10771a57ceeb6f2ad3fc79dabd3249,T968,T958,you got to have a judicial intervention,He's against them,Attack,2004
2004_b6f4fb5d22d7b43f414aecb98c2c9f9b,2004_cf8a02a0a0362fc2adee62517aa7cdb4,T969,T968,"because they didn't have a judicial intervention where she could go somewhere and get help, I voted against it",you got to have a judicial intervention,Support,2004
2004_cf8a02a0a0362fc2adee62517aa7cdb4,2004_e2ea35eddb68719015a54ddeaa55984f,T968,T970,you got to have a judicial intervention,It's never quite as simple as the president wants you to believe,Support,2004
2004_e2ea35eddb68719015a54ddeaa55984f,2004_bdf708f176e73b1d4a65fd0851da80cb,T970,T964,It's never quite as simple as the president wants you to believe,it's just not that simple,Support,2004
2004_084ab320077a8018002edf678d6e4066,2004_6c1631f36a9df30d60f41681d3335fdf,T972,T971,that's just the way it is,"he was given a chance to vote, and he voted no",Support,2004
2004_23b02204308f266ffdedb343ba00658d,2004_6c1631f36a9df30d60f41681d3335fdf,T973,T971,That's a vote,"he was given a chance to vote, and he voted no",Support,2004
2004_3a8ee85e0d8975eb7d8894f393bfe2d2,2004_6c1631f36a9df30d60f41681d3335fdf,T974,T971,It came right up,"he was given a chance to vote, and he voted no",Support,2004
2004_fc04b7ffaf4ea53fb344a3157fa04b85,2004_6c1631f36a9df30d60f41681d3335fdf,T975,T971,It's clear for everybody to see,"he was given a chance to vote, and he voted no",Support,2004
2004_6c1631f36a9df30d60f41681d3335fdf,2004_50438af2238dc05816d19746c23e7f14,T971,T976,"he was given a chance to vote, and he voted no",You can run but you can't hide the reality,Support,2004
2004_50438af2238dc05816d19746c23e7f14,2004_bdf708f176e73b1d4a65fd0851da80cb,T976,T964,You can run but you can't hide the reality,it's just not that simple,Attack,2004
2004_55b73a6098c4c48265746897d4479138,2004_d45ff7e66941ed97056ed135b53e8fdd,T122,T123,I have laid out a different plan,the president's plan is not working,Attack,2004
2004_29322656ce144a09bac8edea29d9d9cb,2004_66534e55f7dd6df8f5a5ffa2a9268316,T124,T125,You see that every night on television,There's chaos in Iraq,Support,2004
2004_66534e55f7dd6df8f5a5ffa2a9268316,2004_6790ec469b2e7f4e11bdfeb0fb42f504,T125,T126,There's chaos in Iraq,King Abdullah of Jordan said just yesterday or the day before you can't hold elections in Iraq with the chaos that's going on today,Support,2004
2004_6790ec469b2e7f4e11bdfeb0fb42f504,2004_55b73a6098c4c48265746897d4479138,T126,T122,King Abdullah of Jordan said just yesterday or the day before you can't hold elections in Iraq with the chaos that's going on today,I have laid out a different plan,Support,2004
2004_6790ec469b2e7f4e11bdfeb0fb42f504,2004_d45ff7e66941ed97056ed135b53e8fdd,T126,T123,King Abdullah of Jordan said just yesterday or the day before you can't hold elections in Iraq with the chaos that's going on today,the president's plan is not working,Attack,2004
2004_92a54f052fc798df5ebd0f7236bf242e,2004_0da0fcb62371b423ee3b0d569f494ef1,T128,T127,Those are the Republican chairman's words,"Senator Richard Lugar, the Republican chairman of the Foreign Relations Committee, said that the handling of the reconstruction aid in Iraq by this administration has been incompetent",Support,2004
2004_afb9a98aed206a653788374e0ccd9f19,2004_94c74b30dc53896518d13c07a49cc709,T130,T129,it's in the zone of dangerous,"Senator Hagel of Nebraska said that the handling of Iraq is beyond pitiful, beyond embarrassing",Support,2004
2004_94c74b30dc53896518d13c07a49cc709,2004_0da0fcb62371b423ee3b0d569f494ef1,T129,T127,"Senator Hagel of Nebraska said that the handling of Iraq is beyond pitiful, beyond embarrassing","Senator Richard Lugar, the Republican chairman of the Foreign Relations Committee, said that the handling of the reconstruction aid in Iraq by this administration has been incompetent",Support,2004
2004_0da0fcb62371b423ee3b0d569f494ef1,2004_d45ff7e66941ed97056ed135b53e8fdd,T127,T123,"Senator Richard Lugar, the Republican chairman of the Foreign Relations Committee, said that the handling of the reconstruction aid in Iraq by this administration has been incompetent",the president's plan is not working,Attack,2004
2004_1bb6c2476c3b92437c247c87463524d8,2004_94c74b30dc53896518d13c07a49cc709,T131,T129,"Those are the words of two Republicans, respected, both on the Foreign Relations Committee","Senator Hagel of Nebraska said that the handling of Iraq is beyond pitiful, beyond embarrassing",Support,2004
2004_55b73a6098c4c48265746897d4479138,2004_d367ee9080dd88089d8103b43c7a561f,T122,T2,I have laid out a different plan,"Now, I have to tell you, I would do something different.",Support,2004
2004_91d5bb4240d4b97cca6438baf1d6c36c,2004_d367ee9080dd88089d8103b43c7a561f,T132,T2,I would reach out to our allies in a way that this president hasn't,"Now, I have to tell you, I would do something different.",Support,2004
2004_91d5bb4240d4b97cca6438baf1d6c36c,2004_800bdc536a17a68e9f83894e249dfd6c,T132,T133,I would reach out to our allies in a way that this president hasn't,"He pushed them away time and again, pushed them away at the U.N., pushed them away individually",Attack,2004
2004_807a909977c51cdea8d1747f4cc47b27,2004_f8a1f3983755cdd3a4f52d5f72aeceac,T134,T135,"Two weeks ago, there was a meeting of the North Atlantic Council, which is the political arm of NATO",They discussed the possibility of a small training unit or having a total takeover of the training in Iraq,Support,2004
2004_f8a1f3983755cdd3a4f52d5f72aeceac,2004_17796b9a1e9fdbc1681521950200afba,T135,T136,They discussed the possibility of a small training unit or having a total takeover of the training in Iraq,Did our administration push for the total training of Iraq? No,Attack,2004
2004_a76e8b112ce94477fb0a3500be991ae0,2004_cd3bce6fbb42b3b6ad8f6675e3dbce88,T137,T138,Were they silent? Yes,"Was there an effort to bring all the allies together around that? No, because they've always wanted this to be an American effort",Attack,2004
2004_17796b9a1e9fdbc1681521950200afba,2004_cd3bce6fbb42b3b6ad8f6675e3dbce88,T136,T138,Did our administration push for the total training of Iraq? No,"Was there an effort to bring all the allies together around that? No, because they've always wanted this to be an American effort",Support,2004
2004_a76e8b112ce94477fb0a3500be991ae0,2004_17796b9a1e9fdbc1681521950200afba,T137,T136,Were they silent? Yes,Did our administration push for the total training of Iraq? No,Attack,2004
2004_91d5bb4240d4b97cca6438baf1d6c36c,2004_cd3bce6fbb42b3b6ad8f6675e3dbce88,T132,T138,I would reach out to our allies in a way that this president hasn't,"Was there an effort to bring all the allies together around that? No, because they've always wanted this to be an American effort",Attack,2004
2004_15fcc709c80c3accbd06f4679492bf6f,2004_9c846da5bf552924ef1ff339bccadb4c,T139,T140,"You know, they even had the Defense Department issue a memorandum saying, ""Don't bother applying for assistance or for being part of the reconstruction if you weren't part of our original coalition.""",that's not a good way to build support and reduce the risk for our troops and make America safer,Support,2004
2004_91d5bb4240d4b97cca6438baf1d6c36c,2004_9c846da5bf552924ef1ff339bccadb4c,T132,T140,I would reach out to our allies in a way that this president hasn't,that's not a good way to build support and reduce the risk for our troops and make America safer,Attack,2004
2004_e3ab4d0bb6d92312413479646146b3b3,2004_0d194aca6facfa58615236eed022d4d3,T141,T142,I'm going to get the training done for our troops,I'm going to get the training of Iraqis done faster,Support,2004
2004_0d194aca6facfa58615236eed022d4d3,2004_9837ef7d7052d2cde8db08e637590bc8,T142,T143,I'm going to get the training of Iraqis done faster,I'm going to get our allies back to the table,Support,2004
2004_9837ef7d7052d2cde8db08e637590bc8,2004_91d5bb4240d4b97cca6438baf1d6c36c,T143,T132,I'm going to get our allies back to the table,I would reach out to our allies in a way that this president hasn't,Support,2004
2004_9837ef7d7052d2cde8db08e637590bc8,2004_cd3bce6fbb42b3b6ad8f6675e3dbce88,T143,T138,I'm going to get our allies back to the table,"Was there an effort to bring all the allies together around that? No, because they've always wanted this to be an American effort",Attack,2004
2004_0d194aca6facfa58615236eed022d4d3,2004_17796b9a1e9fdbc1681521950200afba,T142,T136,I'm going to get the training of Iraqis done faster,Did our administration push for the total training of Iraq? No,Attack,2004
2004_97cc749c28ed97144b455a3b854a5158,2004_2ee43c8abadba8f83f81319772d57bf5,T150,T152,"Two days ago in the Oval Office, I met with the finance minister from Iraq",he talked about how optimistic he was and the country was about heading toward elections,Support,2004
2004_0e7de017257fc8c65e8b3977162befe2,2004_6a704aacefe8c68d3dce007594e2d42e,T153,T154,Think about it: They're going from tyranny to elections,He talked about the reconstruction efforts that are beginning to take hold,Support,2004
2004_6a704aacefe8c68d3dce007594e2d42e,2004_2ee43c8abadba8f83f81319772d57bf5,T154,T152,He talked about the reconstruction efforts that are beginning to take hold,he talked about how optimistic he was and the country was about heading toward elections,Support,2004
2004_4cdd70f4ca5e2809af4cd44510fb53a2,2004_2ee43c8abadba8f83f81319772d57bf5,T155,T152,He talked about the fact that Iraqis love to be free,he talked about how optimistic he was and the country was about heading toward elections,Support,2004
2004_f90a97d27a64b26a8f05903eb7c1f1d1,2004_e81edc9c06019d023885d09fc5c61f3c,T157,T144,"this is guy a who, along with others, has taken great risk for great freedom",we need to stand with him,Support,2004
2004_2ee43c8abadba8f83f81319772d57bf5,2004_92fee8a2acd93070406b5ae15688a743,T152,T3,he talked about how optimistic he was and the country was about heading toward elections,"he was optimistic when he came here, then he turned on the TV and listened to the political rhetoric and all of a sudden he was pessimistic",Attack,2004
2004_7228d95444014155c49b26445dd4ef3f,2004_4a7258ae5969a3d0e6495f89e6ed0ee4,T147,T145,My opponent says he has a plan,it sounds familiar,Support,2004
2004_4a7258ae5969a3d0e6495f89e6ed0ee4,2004_df0c01f56a53f1a149fd1358ab30e757,T145,T146,it sounds familiar,it's called the Bush plan,Support,2004
2004_40255d731ee385f491e6b6366bbe430a,2004_2a3ded0b97b96ce881c8ba1236e27cc8,T149,T148,"We'll have 125,000 trained by the end of December","We're going to train troops, and we are",Support,2004
2004_828d850a993d3c963e8a393875b441e2,2004_2a3ded0b97b96ce881c8ba1236e27cc8,T158,T148,We're spending about $7 billion,"We're going to train troops, and we are",Support,2004
2004_a9cd94832b9881ae732cb7bba887995c,2004_7f886ddc53dc10c89e88d5cc818d6d0c,T169,T170,He talks about a grand idea: Let's have a summit; we're going to solve the problem in Iraq by holding a summit,what is he going to say to those people that show up at the summit? Join me in the wrong war at the wrong time at the wrong place,Support,2004
2004_d5adf1998094bda18a49c224f9dbcc17,2004_6fc7281dc19dd36ae3e45e746554ca67,T168,T171,Nobody is going to follow somebody who doesn't believe we can succeed and with somebody who says that war where we are is a mistake,Risk your troops in a war you've called a mistake,Attack,2004
2004_d5adf1998094bda18a49c224f9dbcc17,2004_7f886ddc53dc10c89e88d5cc818d6d0c,T168,T170,Nobody is going to follow somebody who doesn't believe we can succeed and with somebody who says that war where we are is a mistake,what is he going to say to those people that show up at the summit? Join me in the wrong war at the wrong time at the wrong place,Attack,2004
2004_8eeebf1eeff00aae897bc9b38222eff8,2004_8d46629b737b8d211610cb96a2cb53bd,T160,T159,I meet with them all the time,I know how these people think,Support,2004
2004_07d8f293f4c0cc22b00617f841175533,2004_8d46629b737b8d211610cb96a2cb53bd,T161,T159,I talk to Tony Blair all the time,I know how these people think,Support,2004
2004_fb93915debfd3cd584b136153d64f9fe,2004_8d46629b737b8d211610cb96a2cb53bd,T162,T159,I talk to Silvio Berlusconi,I know how these people think,Support,2004
2004_8d46629b737b8d211610cb96a2cb53bd,2004_1a7a631b77a0d4e126b18908aac26692,T159,T163,I know how these people think,They're not going to follow an American president who says follow me into a mistake,Support,2004
2004_d5adf1998094bda18a49c224f9dbcc17,2004_1a7a631b77a0d4e126b18908aac26692,T168,T163,Nobody is going to follow somebody who doesn't believe we can succeed and with somebody who says that war where we are is a mistake,They're not going to follow an American president who says follow me into a mistake,Support,2004
2004_1a7a631b77a0d4e126b18908aac26692,2004_6fc7281dc19dd36ae3e45e746554ca67,T163,T171,They're not going to follow an American president who says follow me into a mistake,Risk your troops in a war you've called a mistake,Attack,2004
2004_0bf00fb588219f76b537f7c4e9adf3f9,2004_98aa8e0553034b404acdf14280da8cac,T165,T164,We're going to make elections,Our plan is working,Support,2004
2004_440f30cd588c94afe4245f09d8ac6437,2004_98aa8e0553034b404acdf14280da8cac,T166,T164,Iraq is going to be free,Our plan is working,Support,2004
2004_98aa8e0553034b404acdf14280da8cac,2004_344dc96f400df27139a089de4b10726d,T164,T167,Our plan is working,America will be better off for it,Support,2004
2004_47149ac6aa66de79b3a1a38d9ece9ab2,2004_b9768c4f1bc1560ad3737e9af451437c,T178,T177,That was the right place,the right war was Osama bin Laden and Afghanistan,Support,2004
2004_14b61b0cd5abbb418836674a9e5d6055,2004_ebfcaf3e44a826431ed4a497ddb0d28a,T180,T179,we had him cornered in the mountains,the right time was Tora Bora,Support,2004
2004_ebfcaf3e44a826431ed4a497ddb0d28a,2004_b9768c4f1bc1560ad3737e9af451437c,T179,T177,the right time was Tora Bora,the right war was Osama bin Laden and Afghanistan,Support,2004
2004_33692699c6721e0c51ee71e8b6301dd6,2004_9cd8b26ca8603fe6d8e85e4595cdf2be,T181,T182,everyone in the world knows that there were no weapons of mass destruction,That was the reason Congress gave him the authority to use force,Support,2004
2004_9cd8b26ca8603fe6d8e85e4595cdf2be,2004_9b0546b46bf5ef3723a18ec6519803f9,T182,T183,That was the reason Congress gave him the authority to use force,not after excuse to get rid of the regime,Attack,2004
2004_6980315a37ecf74abc852caf6809ad15,2004_517c09fb059f6442dd4570a71f8cbfbf,T174,T173,I've always said that,I have been consistent,Support,2004
2004_6980315a37ecf74abc852caf6809ad15,2004_71949dc02c47403b107e533385c54c25,T174,T172,I've always said that,we have to succeed,Support,2004
2004_71949dc02c47403b107e533385c54c25,2004_e1e3d9faa52244814a0eb3c4613e3cc4,T172,T1,we have to succeed,we have to succeed,Support,2004
2004_e1e3d9faa52244814a0eb3c4613e3cc4,2004_5ed1ba8b3603ecfdc265955f6629ee57,T1,T176,we have to succeed,I have a better plan to help us do it,Support,2004
2004_9065411589c739aad0ca5919733ee453,2004_6a3400a74145966f5f9f724b0eb74ebe,T184,T185,we didn't find out he didn't have weapons until we got there,my opponent thought he had weapons and told everybody he thought he had weapons,Attack,2004
2004_6a3400a74145966f5f9f724b0eb74ebe,2004_33692699c6721e0c51ee71e8b6301dd6,T185,T181,my opponent thought he had weapons and told everybody he thought he had weapons,everyone in the world knows that there were no weapons of mass destruction,Attack,2004
2004_9065411589c739aad0ca5919733ee453,2004_33692699c6721e0c51ee71e8b6301dd6,T184,T181,we didn't find out he didn't have weapons until we got there,everyone in the world knows that there were no weapons of mass destruction,Attack,2004
2004_0d5c20c141bfc460dece4cd67e4c72b1,2004_b9768c4f1bc1560ad3737e9af451437c,T186,T177,it's a fundamental misunderstanding to say that the war on terror is only Osama bin Laden,the right war was Osama bin Laden and Afghanistan,Attack,2004
2004_0d5c20c141bfc460dece4cd67e4c72b1,2004_fddd4403a1758181473c9411d2e9d829,T186,T187,it's a fundamental misunderstanding to say that the war on terror is only Osama bin Laden,The war on terror is to make sure that these terrorist organizations do not end up with weapons of mass destruction,Support,2004
2004_fddd4403a1758181473c9411d2e9d829,2004_fd8a5b7d31ec69e82f65a20f258bce1c,T187,T188,The war on terror is to make sure that these terrorist organizations do not end up with weapons of mass destruction,That's what the war on terror is about,Support,2004
2004_73b4a099f45de5345e5f44e02b4646b4,2004_d683b907639021c4f7096d46b0f98d13,T190,T189,We've already 75 percent of his people,we're going to find Osama bin Laden,Support,2004
2004_72e9a9c6a6f0da68a515d891f7f4a1d5,2004_d683b907639021c4f7096d46b0f98d13,T191,T189,we're on the hunt for him,we're going to find Osama bin Laden,Support,2004
2004_fd8a5b7d31ec69e82f65a20f258bce1c,2004_fd5c43aa2c8042cf4397ae1990908217,T188,T192,That's what the war on terror is about,this is a global conflict that requires firm resolve,Support,2004
2004_b05c523bbb5963ab50a1633d28384884,2004_8e12af67b7774f345b525d088e860afd,T2,T1,"the president didn't find weapons of mass destruction in Iraq, so he's really turned his campaign into a weapon of mass deception",you've been bombarded with advertisements suggesting that I've changed a position on this or that or the other,Support,2004
2004_7fb1903c6cf275697a25119ecc68304b,2004_e73ddacfb58e2c728f660e7fce317e7d,T5,T4,I support it,I haven't,Support,2004
2004_e73ddacfb58e2c728f660e7fce317e7d,2004_3d5dc4e1358e15e812e87b0c61a2eeca,T4,T3,I haven't,they try to say I've changed position on are the Patriot Act,Attack,2004
2004_e73ddacfb58e2c728f660e7fce317e7d,2004_0f214a7e2880804472f9ef1669993313,T4,T19,I haven't,I just don't like the way John Ashcroft has applied it,Attack,2004
2004_93814975cd1d0f91ad049705b797e7d8,2004_72e1b79f67ff44575f37b25d1c068cfa,T18,T22,I voted for it,I support it,Support,2004
2004_1012caec2904b47ab1cd89a7b32da8f4,2004_0f214a7e2880804472f9ef1669993313,T20,T19,we're going to change a few things,I just don't like the way John Ashcroft has applied it,Attack,2004
2004_9fa01f75a1a05b8c3bdeda386112780d,2004_1012caec2904b47ab1cd89a7b32da8f4,T21,T20,The chairman of the Republican Party thinks we ought to change a few things,we're going to change a few things,Support,2004
2004_62d413dad7bf74c3d8d15acd662bfc5c,2004_93814975cd1d0f91ad049705b797e7d8,T17,T18,No Child Left Behind Act,I voted for it,Support,2004
2004_72e1b79f67ff44575f37b25d1c068cfa,2004_dcb8d9e12404d6f48eab685b898faf05,T22,T23,I support it,I support the goals,Support,2004
2004_dcb8d9e12404d6f48eab685b898faf05,2004_1857ffcb132fcc2a3f01ede68d2c511e,T23,T24,I support the goals,the president has underfunded it by $28 billion,Attack,2004
2004_ab1cf20f2a6bb4cbd2295bffda2f98c1,2004_1857ffcb132fcc2a3f01ede68d2c511e,T25,T24,"Right here in St. Louis, you've laid off 350 teachers",the president has underfunded it by $28 billion,Support,2004
2004_97acfb5846574968a9dcc6d34f754c24,2004_c5892be43089de53d4a66a1c76546104,T27,T26,I complain about that,"You're 150 -- excuse me, I think it's a little more, about $100 million shy of what you ought to be under the No Child Left Behind Act to help your education system here",Attack,2004
2004_dcb8d9e12404d6f48eab685b898faf05,2004_c5892be43089de53d4a66a1c76546104,T23,T26,I support the goals,"You're 150 -- excuse me, I think it's a little more, about $100 million shy of what you ought to be under the No Child Left Behind Act to help your education system here",Attack,2004
2004_263f1cff8b4e968c6ff926209df76d94,2004_0c18bf58620aef1872f85ea3e90bfc8f,T28,T29,I've argued that we should fully funded it,The president says I've changed my mind,Attack,2004
2004_263f1cff8b4e968c6ff926209df76d94,2004_dcb8d9e12404d6f48eab685b898faf05,T28,T23,I've argued that we should fully funded it,I support the goals,Support,2004
2004_cfc542ccf6702243e839bfca4225c557,2004_0c18bf58620aef1872f85ea3e90bfc8f,T6,T29,I haven't changed my mind,The president says I've changed my mind,Attack,2004
2004_cfc542ccf6702243e839bfca4225c557,2004_dcb8d9e12404d6f48eab685b898faf05,T6,T23,I haven't changed my mind,I support the goals,Support,2004
2004_cfc542ccf6702243e839bfca4225c557,2004_7e57bc28ba353e0520f4f23f19714554,T6,T7,I haven't changed my mind,I'm going to fully fund it,Support,2004
2004_263f1cff8b4e968c6ff926209df76d94,2004_7e57bc28ba353e0520f4f23f19714554,T28,T7,I've argued that we should fully funded it,I'm going to fully fund it,Support,2004
2004_732c52c28aad35f6bb69d68dd9a939f1,2004_57add676e60151c06a223523e2e21d15,T31,T30,The first president in 72 years to lose jobs,the president has presided over an economy where we've lost 1.6 million jobs,Support,2004
2004_35e172a204722196355bc95966e17870,2004_57add676e60151c06a223523e2e21d15,T32,T30,I have a plan to put people back to work,the president has presided over an economy where we've lost 1.6 million jobs,Attack,2004
2004_35e172a204722196355bc95966e17870,2004_732c52c28aad35f6bb69d68dd9a939f1,T32,T31,I have a plan to put people back to work,The first president in 72 years to lose jobs,Attack,2004
2004_9311f8e3505816ce3035fa595c604e71,2004_613683a72a4ca11db5b483ad5668e92b,T8,T33,I'm going to close the loopholes that actually encourage companies to go overseas,That's not wishy- washy,Support,2004
2004_35e172a204722196355bc95966e17870,2004_613683a72a4ca11db5b483ad5668e92b,T32,T33,I have a plan to put people back to work,That's not wishy- washy,Support,2004
2004_613683a72a4ca11db5b483ad5668e92b,2004_3a759f8316edbb6f694fe12f35208262,T33,T9,That's not wishy- washy,The president wants to keep them open,Attack,2004
2004_6f5f47378effc72ed0b31423ed3a5026,2004_613683a72a4ca11db5b483ad5668e92b,T10,T33,I think I'm right,That's not wishy- washy,Support,2004
2004_6f5f47378effc72ed0b31423ed3a5026,2004_bfa3a50810ed6f83197707f23b7cdfb2,T10,T11,I think I'm right,I think he's wrong,Support,2004
2004_96240bd068c4841143ab9d28250d62d2,2004_e2bec5b340fd85e8ee344ef4313264ed,T12,T16,I'm going to give you a tax cut,"The president gave the top 1 percent of income-earners in America, got $89 billion last year, more than the 80 percent of people who earn $100,000 or less all put together",Attack,2004
2004_2181d6940cfe5b31f0e9ab26b33b064e,2004_e2bec5b340fd85e8ee344ef4313264ed,T13,T16,I think that's wrong,"The president gave the top 1 percent of income-earners in America, got $89 billion last year, more than the 80 percent of people who earn $100,000 or less all put together",Attack,2004
2004_2f296486db2d820301b3546e0e42062b,2004_bf214f0c1bd90574892acdc87bf5a12d,T15,T14,"that's what I'm fighting for, you",That's not wishy-washy,Support,2004
2004_2181d6940cfe5b31f0e9ab26b33b064e,2004_bf214f0c1bd90574892acdc87bf5a12d,T13,T14,I think that's wrong,That's not wishy-washy,Support,2004
2004_613683a72a4ca11db5b483ad5668e92b,2004_bf214f0c1bd90574892acdc87bf5a12d,T33,T14,That's not wishy- washy,That's not wishy-washy,Support,2004
2004_f6b0c73f2827b879e8885764adabec25,2004_613683a72a4ca11db5b483ad5668e92b,T34,T33,"I can see why people at your workplace think he changes positions a lot, because he does",That's not wishy- washy,Attack,2004
2004_274016975db98dd1980e200f7aef123a,2004_cb461b26513b4ee1fb796545571e901d,T36,T35,that sends a confusing signal to people,"He said he voted for the $87 billion, and voted against it right before he voted for it",Support,2004
2004_cb461b26513b4ee1fb796545571e901d,2004_f6b0c73f2827b879e8885764adabec25,T35,T34,"He said he voted for the $87 billion, and voted against it right before he voted for it","I can see why people at your workplace think he changes positions a lot, because he does",Support,2004
2004_274016975db98dd1980e200f7aef123a,2004_25c7f3ed9ffaae09ec54b169ac8606af,T36,T38,that sends a confusing signal to people,"I can see why people think that he changes position quite often, because he does",Support,2004
2004_24a5c96b02ebabe2a8340aaf121e1fba,2004_25c7f3ed9ffaae09ec54b169ac8606af,T37,T38,"He said he thought Saddam Hussein was a grave threat, and now he said it was a mistake to remove Saddam Hussein from power","I can see why people think that he changes position quite often, because he does",Support,2004
2004_f6b0c73f2827b879e8885764adabec25,2004_25c7f3ed9ffaae09ec54b169ac8606af,T34,T38,"I can see why people at your workplace think he changes positions a lot, because he does","I can see why people think that he changes position quite often, because he does",Support,2004
2004_25c7f3ed9ffaae09ec54b169ac8606af,2004_6e035945d840934c50e3237f7b98c347,T38,T41,"I can see why people think that he changes position quite often, because he does","I don't see how you can lead this country in a time of war, in a time of uncertainty, if you change your mind because of politics",Support,2004
2004_90f8cb20318238d0f0716319d159a3bf,2004_f3b5a6399096c3358d3ed7657f655a0c,T40,T39,"He saw the wisdom -- until the Democrat primary came along and Howard Dean, the anti-war candidate, began to gain on him, and he changed positions",for a while he was a strong supporter of getting rid of Saddam Hussein,Attack,2004
2004_6e035945d840934c50e3237f7b98c347,2004_90f8cb20318238d0f0716319d159a3bf,T41,T40,"I don't see how you can lead this country in a time of war, in a time of uncertainty, if you change your mind because of politics","He saw the wisdom -- until the Democrat primary came along and Howard Dean, the anti-war candidate, began to gain on him, and he changed positions",Attack,2004
2004_ebbc8ca16a13e32f74744a88ca89e80c,2004_627d3ef7b80aa02133fe4133c759800f,T42,T43,He just brought up the tax cut,"You remember we increased that child credit by $1,000",Support,2004
2004_627d3ef7b80aa02133fe4133c759800f,2004_832c9a4411a0c732b8916d8a1f77afa2,T43,T44,"You remember we increased that child credit by $1,000",reduced the marriage penalty,Support,2004
2004_832c9a4411a0c732b8916d8a1f77afa2,2004_ed7424f6ccdd6930a6e59bc21e3a7085,T44,T45,reduced the marriage penalty,created a 10 percent tax bracket for the lower-income Americans,Support,2004
2004_ed7424f6ccdd6930a6e59bc21e3a7085,2004_047634dd9911db8661fc2b1b3679a31d,T45,T46,created a 10 percent tax bracket for the lower-income Americans,That's right at the middle class,Support,2004
2004_047634dd9911db8661fc2b1b3679a31d,2004_2542cb7bf06c479d27e151a50c35b6b6,T46,T47,That's right at the middle class,He voted against it,Attack,2004
2004_047634dd9911db8661fc2b1b3679a31d,2004_34c87fbf76a39b5282868ae3c334ea80,T46,T48,That's right at the middle class,yet he tells you he's for a middle- class tax cut,Attack,2004
2004_6e035945d840934c50e3237f7b98c347,2004_2ae4638ce21e6a8a6ceed3120468804a,T41,T49,"I don't see how you can lead this country in a time of war, in a time of uncertainty, if you change your mind because of politics",you've got to be consistent when you're the president,Support,2004
2004_2ae4638ce21e6a8a6ceed3120468804a,2004_2542cb7bf06c479d27e151a50c35b6b6,T49,T47,you've got to be consistent when you're the president,He voted against it,Attack,2004
2004_8fc75de7a897750aa5319068b6b9745a,2004_07dd74101575936426d31674cef60a6b,T50,T51,There's a lot of pressures,you've got to be firm and consistent,Support,2004
2004_07dd74101575936426d31674cef60a6b,2004_2ae4638ce21e6a8a6ceed3120468804a,T51,T49,you've got to be firm and consistent,you've got to be consistent when you're the president,Support,2004
2004_275d83b325560273b7c1ff25838842fb,2004_43b502a44a50c4b916e315773ff3dd4b,T1027,T1028,I will never cede the authority of our country or our security to any other nation,"I'll never give a veto over American security to any other entity -- not a nation, not a country, not an institution",Support,2004
2004_d357e9ed6df53ce0b20bbe58955004a6,2004_43b502a44a50c4b916e315773ff3dd4b,T1029,T1028,"I know, as I think you do, that our country is strongest when we lead the world, when we lead strong alliances","I'll never give a veto over American security to any other entity -- not a nation, not a country, not an institution",Support,2004
2004_5d38dbf6b69482cdbad9910348dd89b2,2004_d357e9ed6df53ce0b20bbe58955004a6,T1030,T1029,that's the way Eisenhower and Reagan and Kennedy and others did it,"I know, as I think you do, that our country is strongest when we lead the world, when we lead strong alliances",Support,2004
2004_d357e9ed6df53ce0b20bbe58955004a6,2004_876d7a728d35e72e2ad410e5efd709bf,T1029,T1031,"I know, as I think you do, that our country is strongest when we lead the world, when we lead strong alliances",We are not doing that today,Attack,2004
2004_c3077f5d1993cf62be7f457f41582f2c,2004_876d7a728d35e72e2ad410e5efd709bf,T1032,T1031,We need to,We are not doing that today,Attack,2004
2004_c3077f5d1993cf62be7f457f41582f2c,2004_5d38dbf6b69482cdbad9910348dd89b2,T1032,T1030,We need to,that's the way Eisenhower and Reagan and Kennedy and others did it,Support,2004
2004_5bb5a2fe3fe45527fadb305498beaecd,2004_a6d1718fa6b16028148485a2add91a36,T1034,T1033,I will not stop in our efforts to hunt down and kill the terrorists,I have a plan that will help us go out and kill and find the terrorists,Support,2004
2004_36cdff46fdb74eedecc47d579637666e,2004_570cb3c2ee2319362999571134fcd361,T1036,T1035,training the Iraqi forces more rapidly,I'll also have a better plan of how we're going to deal with Iraq,Support,2004
2004_a8b1200135550ceada510d8d001ec419,2004_570cb3c2ee2319362999571134fcd361,T1037,T1035,"getting our allies back to the table with a fresh start, with new credibility, with a president whose judgment the rest of the world trusts",I'll also have a better plan of how we're going to deal with Iraq,Support,2004
2004_aa98ec58d98d1c7f7aa720870f0208c0,2004_612b8b506f1c77586eb8c344760f4ef0,T1039,T1038,I have a plan to provide health care to all Americans,"I believe we have a crisis here at home, a crisis of the middle class that is increasingly squeezed, health-care costs going up",Attack,2004
2004_9932ae9797a87883050c77c524ca6d85,2004_6708886470b1ab55bba820e7e537388c,T1043,T1042,I'm an optimist,I believe America's best days are ahead of us,Support,2004
2004_9932ae9797a87883050c77c524ca6d85,2004_cd0aafd5a4e09dff8b6c6591acee7d26,T1043,T1044,I'm an optimist,"we have to make the right choices, to be fiscally responsible and to create the new jobs of the future",Attack,2004
2004_e4844e55d8b1b4140385f207f140ed92,2004_6708886470b1ab55bba820e7e537388c,T1045,T1042,We can do this,I believe America's best days are ahead of us,Support,2004
2004_aa98ec58d98d1c7f7aa720870f0208c0,2004_6708886470b1ab55bba820e7e537388c,T1039,T1042,I have a plan to provide health care to all Americans,I believe America's best days are ahead of us,Support,2004
2004_7f44c99f333e966b291d599f5fbfafa7,2004_6708886470b1ab55bba820e7e537388c,T1040,T1042,I have a plan to provide for our schools so we keep the standards but we help our teachers teach and elevate our schools by funding No Child Left Behind,I believe America's best days are ahead of us,Support,2004
2004_ed8008b69b3f28c5c4c1bb2d18a109ff,2004_6708886470b1ab55bba820e7e537388c,T1041,T1042,I have a plan to protect the environment so that we leave this place in better shape to our children than we were handed it by our parents,I believe America's best days are ahead of us,Support,2004
2004_884d8e0b0613aae68a51f8b2f8641b8f,2004_ff857694b967809c95031c8e90b080ec,T1052,T1051,"been through a recession, corporate scandals, war",We've been through a lot together as a country,Support,2004
2004_64aee7cb7f6d99867c80c5c648f7ad23,2004_04b986981c8f5a02eb70bb8ae838e13c,T1047,T1046,Homeownership rate is at an all-time high in America,We're on the move,Support,2004
2004_6bee151e790851c583f6727b3761f395,2004_04b986981c8f5a02eb70bb8ae838e13c,T1048,T1046,Small businesses are flourishing,We're on the move,Support,2004
2004_d4b2f69302c881476d1758a6deed73c6,2004_04b986981c8f5a02eb70bb8ae838e13c,T1049,T1046,The farm income in America is high,We're on the move,Support,2004
2004_97b083af51e204014d804ccbacc89de7,2004_04b986981c8f5a02eb70bb8ae838e13c,T1050,T1046,Added 1.9 million new jobs over the past 13 months,We're on the move,Support,2004
2004_634d9d2daf6530c29f9b14c139e75a23,2004_e6b9bb0cc058794b5cb8e2f90149562a,T1053,T1057,what to do to keep this economy going: keep the taxes low,it requires a president who is steadfast and strong and determined,Support,2004
2004_ce457f4876cf73849fed8ed3b042e7bf,2004_e6b9bb0cc058794b5cb8e2f90149562a,T1054,T1057,don't increase the scope of the federal government,it requires a president who is steadfast and strong and determined,Support,2004
2004_965303ef0dde36d03f074887d9d206d9,2004_e6b9bb0cc058794b5cb8e2f90149562a,T1055,T1057,"keep regulations down, legal reform, a health- care policy that does not empower the federal government but empowers individuals, and an energy plan that will help us become less dependent on foreign sources of energy",it requires a president who is steadfast and strong and determined,Support,2004
2004_9d84ca2cf87ea73f41d9c29b8621a02a,2004_2586a7600a4d1e27780de90de951aadf,T1060,T1059,The 9/11 Commission put out a report that said America is safer but not yet safe,I vowed to the American people after that fateful day of September the 11th that we would not rest nor tire until we're safe,Support,2004
2004_b3806d5a30da3fc42a8b45d4d3157fa3,2004_9d84ca2cf87ea73f41d9c29b8621a02a,T1058,T1060,There is more work to be done,The 9/11 Commission put out a report that said America is safer but not yet safe,Attack,2004
2004_fd824fb705cbebf486fbf175cb9bd02a,2004_b3806d5a30da3fc42a8b45d4d3157fa3,T1061,T1058,We'll stay on the hunt on Al Qaida,There is more work to be done,Support,2004
2004_4f67b2e4b54876a986a0d42c3ea269c7,2004_b3806d5a30da3fc42a8b45d4d3157fa3,T1062,T1058,We'll deny sanctuary to these terrorists,There is more work to be done,Support,2004
2004_53a38b83f3e0ea7e35956d223c9fb1c3,2004_b3806d5a30da3fc42a8b45d4d3157fa3,T1063,T1058,We'll make sure they do not end up with weapons of mass destruction,There is more work to be done,Support,2004
2004_4abed9f21e1ea4ca2be0b0b0f9c0c714,2004_d8e51fa88811c6a842e038d1c5dc7ed3,T1065,T1066,It's the great nexus,The great threat to our country is that these haters end up with weapons of mass destruction,Support,2004
2004_450e22d59c84bb85b546e37386a44fb5,2004_cb03c12a3c9fbb9a917b8cb4424f8430,T1064,T1067,our long-term security depends on our deep faith in liberty,we'll continue to promote freedom around the world,Support,2004
2004_a00b5149595a1977d855faa92f4615c6,2004_cb03c12a3c9fbb9a917b8cb4424f8430,T1068,T1067,Freedom is on the march,we'll continue to promote freedom around the world,Support,2004
2004_450e22d59c84bb85b546e37386a44fb5,2004_d8e51fa88811c6a842e038d1c5dc7ed3,T1064,T1066,our long-term security depends on our deep faith in liberty,The great threat to our country is that these haters end up with weapons of mass destruction,Attack,2004
2004_63b6313aedfcbddfeddd026c9bfcf42a,2004_a00b5149595a1977d855faa92f4615c6,T1069,T1068,"Tomorrow, Afghanistan will be voting for a president",Freedom is on the march,Support,2004
2004_5a9e6a02dc058dea18192baf17b3a4eb,2004_a00b5149595a1977d855faa92f4615c6,T1070,T1068,"In Iraq, we'll be having free elections",Freedom is on the march,Support,2004
2004_a00b5149595a1977d855faa92f4615c6,2004_03be9550cfa38524ad2750525ad47cb1,T1068,T1071,Freedom is on the march,a free society will make this world more peaceful,Support,2004
2004_25ec402e6e7722931a7912c9c33b797f,2004_e6b9bb0cc058794b5cb8e2f90149562a,T1056,T1057,"abroad, we're at war",it requires a president who is steadfast and strong and determined,Support,2004
2004_2586a7600a4d1e27780de90de951aadf,2004_e6b9bb0cc058794b5cb8e2f90149562a,T1059,T1057,I vowed to the American people after that fateful day of September the 11th that we would not rest nor tire until we're safe,it requires a president who is steadfast and strong and determined,Support,2004
2004_b3806d5a30da3fc42a8b45d4d3157fa3,2004_d8e51fa88811c6a842e038d1c5dc7ed3,T1058,T1066,There is more work to be done,The great threat to our country is that these haters end up with weapons of mass destruction,Attack,2004
2004_cbb5d24fb765d81385c6ca86f3e3b04e,2004_afc1c51afb7892873028d738431a5655,T426,T427,"we all know that in his state of the union message, he told Congress about nuclear materials that didn't exist",I think he has not been candid with the American people,Support,2004
2004_cab0ed442f15fdda1d8d90c9805bffeb,2004_afc1c51afb7892873028d738431a5655,T429,T427,It is not the kind of coalition we were described when we were talking about voting for this,I think he has not been candid with the American people,Support,2004
2004_5efb62cda8e42d79b8d1b3ef0954f404,2004_cab0ed442f15fdda1d8d90c9805bffeb,T428,T429,he promised America that he was going to build this coalition,It is not the kind of coalition we were described when we were talking about voting for this,Support,2004
2004_266f6330e5b2b88c4e3abb846e121661,2004_afc1c51afb7892873028d738431a5655,T430,T427,The president said he would exhaust the remedies of the United Nations and go through that full process. He didn't,I think he has not been candid with the American people,Support,2004
2004_3b236f9a2003d61172259219444273d2,2004_266f6330e5b2b88c4e3abb846e121661,T431,T430,"He cut if off, sort of arbitrarily",The president said he would exhaust the remedies of the United Nations and go through that full process. He didn't,Support,2004
2004_0e827b33752d7f3a06ff9807d42ee499,2004_afc1c51afb7892873028d738431a5655,T432,T427,They just decided the time for diplomacy is over and rushed to war without planning for what happens afterwards,I think he has not been candid with the American people,Support,2004
2004_c0bdf8a67d0bed7849980bae1b3a192d,2004_d80f766c9db00913bf89d59023a96269,T434,T433,They obviously didn't,he misled the American people in his speech when he said we will plan carefully,Support,2004
2004_d80f766c9db00913bf89d59023a96269,2004_afc1c51afb7892873028d738431a5655,T433,T427,he misled the American people in his speech when he said we will plan carefully,I think he has not been candid with the American people,Support,2004
2004_405b20fa53545b5574578693c53ec10e,2004_99e03fffdd77e0d7564951d125f4c454,T436,T435,We did not go as a last resort,He misled the American people when he said we'd go to war as a last resort,Support,2004
2004_99e03fffdd77e0d7564951d125f4c454,2004_afc1c51afb7892873028d738431a5655,T435,T427,He misled the American people when he said we'd go to war as a last resort,I think he has not been candid with the American people,Support,2004
2004_fe7aaffbf5a816e5da078563094ff9fb,2004_405b20fa53545b5574578693c53ec10e,T437,T436,most Americans know the difference,We did not go as a last resort,Support,2004
2004_9a2fb2145df7d9211ceb6efe8686c52d,2004_40f7efe6e4fbe6a015993f1e955d6082,T442,T440,I've worked with those leaders the president talks about,I know what many of them say today,Support,2004
2004_16bbb9557b791b57f5f39869e29f6409,2004_40f7efe6e4fbe6a015993f1e955d6082,T443,T440,"I've worked with them for 20 years, for longer than this president",I know what many of them say today,Support,2004
2004_40f7efe6e4fbe6a015993f1e955d6082,2004_5c1a35d5e40d6cbf90ca5dc3f248d8e8,T440,T441,I know what many of them say today,I know how to bring them back to the table,Support,2004
2004_585994f96d8632792cb259c6d343d394,2004_5659b31031fc31846c5d720629aec5a4,T444,T445,Osama bin Laden uses the invasion of Iraq in order to go out to people and say that America has declared war on Islam,We need to be smarter about now we wage a war on terror.,Support,2004
2004_d7d48d0bd0fc604a0c2e4dbbf9736ce5,2004_c123deec9b9f3725f8d0e52947b54e5e,T449,T450,"I believe that Ronald Reagan, John Kennedy, and the others did that more effectively",I'm going to try to follow in their footsteps,Support,2004
2004_c123deec9b9f3725f8d0e52947b54e5e,2004_d8d2d8908d08c090bb7307312f0086fe,T450,T448,I'm going to try to follow in their footsteps,We need to rebuild our alliances,Support,2004
2004_405da98f01eda5471f21865edfd84b2a,2004_99e03fffdd77e0d7564951d125f4c454,T438,T435,this has cost us deeply in the world,He misled the American people when he said we'd go to war as a last resort,Support,2004
2004_5659b31031fc31846c5d720629aec5a4,2004_31f2bc88d22f164739b6c6eb7f5df683,T445,T4,We need to be smarter about now we wage a war on terror.,"I believe that a fresh start, new credibility, a president who can understand what we have to do to reach out to the Muslim world to make it clear that this is not",Support,2004
2004_940ee7e92392a86aae5725b502429e72,2004_31f2bc88d22f164739b6c6eb7f5df683,T446,T4,We need to deny them the recruits,"I believe that a fresh start, new credibility, a president who can understand what we have to do to reach out to the Muslim world to make it clear that this is not",Support,2004
2004_b2b1e5bd8f424ef108bfa5302b0c131f,2004_31f2bc88d22f164739b6c6eb7f5df683,T447,T4,We need to deny them the safe havens,"I believe that a fresh start, new credibility, a president who can understand what we have to do to reach out to the Muslim world to make it clear that this is not",Support,2004
2004_d8d2d8908d08c090bb7307312f0086fe,2004_31f2bc88d22f164739b6c6eb7f5df683,T448,T4,We need to rebuild our alliances,"I believe that a fresh start, new credibility, a president who can understand what we have to do to reach out to the Muslim world to make it clear that this is not",Support,2004
2004_5f3444569c256c1c405c3612deec2992,2004_f7f98a30cfcca3b9a549186b0c0b88df,T452,T451,Osama bin Laden isn't going to determine how we defend ourselves,He said Osama bin Laden uses the invasion of Iraq as an excuse to spread hatred for America,Attack,2004
2004_5f3444569c256c1c405c3612deec2992,2004_585994f96d8632792cb259c6d343d394,T452,T444,Osama bin Laden isn't going to determine how we defend ourselves,Osama bin Laden uses the invasion of Iraq in order to go out to people and say that America has declared war on Islam,Attack,2004
2004_35cc7900f99bcac442626659adf8a2c7,2004_5f3444569c256c1c405c3612deec2992,T453,T452,Osama bin Laden doesn't get to decide,Osama bin Laden isn't going to determine how we defend ourselves,Equivalent,2004
2004_13f91198722b0dfc2526e8f2af98bd61,2004_35cc7900f99bcac442626659adf8a2c7,T454,T453,The American people decide,Osama bin Laden doesn't get to decide,Support,2004
2004_1a3abddfb92efbefa6cc9219aa2b4963,2004_35cc7900f99bcac442626659adf8a2c7,T455,T453,I decided the right action was in Iraq,Osama bin Laden doesn't get to decide,Support,2004
2004_b19e8950f092d200aaf6713b997b1670,2004_1248ac08d55abc0a8ade355f7ee86058,T457,T456,It wasn't a mistake,My opponent calls it a mistake,Attack,2004
2004_d512adf14a3bf995713ca06690eb1dd2,2004_9728bc1b52a1b9802d1b7ccb4ff5105f,T459,T458,I don't think he was misleading when he called Iraq a grave threat in the fall of 2002,He said I misled on Iraq,Attack,2004
2004_5340530a236bf1d3f6d4aceecbc6b22f,2004_9728bc1b52a1b9802d1b7ccb4ff5105f,T460,T458,I don't think he was misleading when he said that it was right to disarm Iraq in the spring of 2003,He said I misled on Iraq,Attack,2004
2004_97f0f6bb1029c53e0ebf38136d77bb62,2004_9728bc1b52a1b9802d1b7ccb4ff5105f,T461,T458,"I don't think he misled you when he said that, you know, anyone who doubted whether the world was better off without Saddam Hussein in power didn't have the judgment to be president",He said I misled on Iraq,Attack,2004
2004_4673859130894cbd012722fdff71cda6,2004_4eb0268e1515ceefee4da527b3538113,T464,T1,I think what is misleading is to say you can lead and succeed in Iraq if you keep changing your positions on this war,I don't think he was misleading,Attack,2004
2004_4eb0268e1515ceefee4da527b3538113,2004_9728bc1b52a1b9802d1b7ccb4ff5105f,T1,T458,I don't think he was misleading,He said I misled on Iraq,Attack,2004
2004_2b2db4da597046927ad65ae02e027480,2004_4673859130894cbd012722fdff71cda6,T465,T464,"As the politics change, his positions change",I think what is misleading is to say you can lead and succeed in Iraq if you keep changing your positions on this war,Support,2004
2004_643dbb875fee87e3cb1cb29433c201ab,2004_2b2db4da597046927ad65ae02e027480,T466,T465,that's not how a commander in chief acts,"As the politics change, his positions change",Attack,2004
2004_9fd28ed7993ab2e16f14f92bd789ba26,2004_643dbb875fee87e3cb1cb29433c201ab,T5,T466,"The intelligence I looked at was the same intelligence my opponent looked at, the very same intelligence",that's not how a commander in chief acts,Support,2004
2004_b3ad7174f36d7b0c0322c778ade02449,2004_9fd28ed7993ab2e16f14f92bd789ba26,T6,T5,"when I stood up there and spoke to the Congress, I was speaking off the same intelligence he looked at to make his decisions to support the authorization of force","The intelligence I looked at was the same intelligence my opponent looked at, the very same intelligence",Support,2004
2004_a89de9736559c69435971777005b62a1,2004_4673859130894cbd012722fdff71cda6,T468,T464,Nor was I misleading on the day that the president decided to go to war,I think what is misleading is to say you can lead and succeed in Iraq if you keep changing your positions on this war,Attack,2004
2004_a89de9736559c69435971777005b62a1,2004_8556f125b480cf0018c7eba586a61a15,T468,T467,Nor was I misleading on the day that the president decided to go to war,I wasn't misleading when I said he was a threat,Support,2004
2004_a4c8e425a0201eae60928590c1a90483,2004_8556f125b480cf0018c7eba586a61a15,T469,T467,when I said that he had made a mistake in not building strong alliances,I wasn't misleading when I said he was a threat,Support,2004
2004_cabe05f4236c9b8fd24dd3bf1efc3553,2004_a4c8e425a0201eae60928590c1a90483,T470,T469,I would have preferred that he did more diplomacy,when I said that he had made a mistake in not building strong alliances,Support,2004
2004_c10f256185380da8a5b61acd0230dfa5,2004_dfa1d3510feca4bc8fda2d8734d9e17e,T471,T472,Saddam Hussein was a threat,There was a right way to disarm him and a wrong way. And the president chose the wrong way,Support,2004
2004_dfa1d3510feca4bc8fda2d8734d9e17e,2004_97f0f6bb1029c53e0ebf38136d77bb62,T472,T461,There was a right way to disarm him and a wrong way. And the president chose the wrong way,"I don't think he misled you when he said that, you know, anyone who doubted whether the world was better off without Saddam Hussein in power didn't have the judgment to be president",Attack,2004
2004_a800d5071648e847c16e53c853e99aae,2004_0f3fce7de429bad1f8981c01c8f21228,T474,T473,He changes positions,The only thing consistent about my opponent's position is that he's been inconsistent,Support,2004
2004_76eb011e4b92539c46e665f56e907c61,2004_a800d5071648e847c16e53c853e99aae,T475,T474,you cannot change positions in this war on terror if you expect to win,He changes positions,Support,2004
2004_141d01af218c292a24390140e0ddc070,2004_b9eb18771ffe081862af7b484dfe8d3d,T477,T476,It's necessary we win,I expect to win,Support,2004
2004_91eccee26368a027b0e59c8161f723f4,2004_b9eb18771ffe081862af7b484dfe8d3d,T478,T476,We're being challenged like never before,I expect to win,Support,2004
2004_dc8947a0295708affbe17b66828ddd72,2004_141d01af218c292a24390140e0ddc070,T479,T477,"we have a duty to our country and to future generations of America to achieve a free Iraq, a free Afghanistan, and to rid the world of weapons of mass destruction",It's necessary we win,Support,2004
2004_6d12cdf5d7214405348d651d963a87b0,2004_19158caa1d1be00f2d32fa326c17120a,T483,T481,I understand that we must find Al Qaida wherever they hide,I thought her husband's sacrifice was noble and worthy,Support,2004
2004_1074d8d58732e182b4b3abb921f39bf8,2004_19158caa1d1be00f2d32fa326c17120a,T482,T481,I understand the stakes of this war on terror,I thought her husband's sacrifice was noble and worthy,Support,2004
2004_5452a8fbbfbebc56abe684683d6b8bb6,2004_19158caa1d1be00f2d32fa326c17120a,T484,T481,We must deal with threats before they fully materialize,I thought her husband's sacrifice was noble and worthy,Support,2004
2004_17b46903f92104bea0ba47ac54f7eadd,2004_19158caa1d1be00f2d32fa326c17120a,T8,T481,"it's hard work to try to love her as best as I can, knowing full well that the decision I made caused her loved one to be in harm's way",I thought her husband's sacrifice was noble and worthy,Support,2004
2004_8cbbc1996c91f16ae6a8fdd112984932,2004_19158caa1d1be00f2d32fa326c17120a,T9,T481,I told her after we prayed and teared up and laughed some,I thought her husband's sacrifice was noble and worthy,Support,2004
2004_db394efdad4bc1c7c505e204574a3439,2004_19158caa1d1be00f2d32fa326c17120a,T7,T481,"I think about Missy Johnson. She's a fantastic lady I met in Charlotte, North Carolina. She and her son Bryan, they came to see me. Her husband PJ got killed. He'd been in Afghanistan, went to Iraq",I thought her husband's sacrifice was noble and worthy,Support,2004
2004_6a6b11bc026afd659d49a744745de2d4,2004_19158caa1d1be00f2d32fa326c17120a,T480,T481,the hardest part of the job is to know that I committed the troops in harm's way and then do the best I can to provide comfort for the loved ones who lost a son or a daughter or a husband or wife,I thought her husband's sacrifice was noble and worthy,Support,2004
2004_d8da181faf3e388cba5e579c0a3d779f,2004_3cb45101f82a8aaa11a593fa717a9ab1,T487,T486,"in the long run, the way to defeat hatred and tyranny and oppression is to spread freedom",we must spread liberty,Support,2004
2004_c8714b5268c16ef59e6708280fde6f6c,2004_b61dcf7a04570850e89a0add7bc9b212,T11,T10,That's what she told me her husband understood,Missy understood that,Support,2004
2004_19158caa1d1be00f2d32fa326c17120a,2004_652d59a09521d9b8911b36be0f0ca67f,T481,T3,I thought her husband's sacrifice was noble and worthy,I think it's worth it,Support,2004
2004_721b85a2c8acad1c5afabe103cea6150,2004_652d59a09521d9b8911b36be0f0ca67f,T13,T3,Every life is precious,I think it's worth it,Attack,2004
2004_721b85a2c8acad1c5afabe103cea6150,2004_f379770f75e466c9beef7af6e1c55e2d,T13,T14,Every life is precious,That's what distinguishes us from the enemy,Support,2004
2004_3715a30fd1f1c4e7b93d71e0bb72b0d4,2004_652d59a09521d9b8911b36be0f0ca67f,T488,T3,I think it's worth it,I think it's worth it,Equivalent,2004
2004_b327c4e816fc951bcc9ebe443ccfdf5c,2004_652d59a09521d9b8911b36be0f0ca67f,T15,T3,Everybody matters,I think it's worth it,Attack,2004
2004_b61dcf7a04570850e89a0add7bc9b212,2004_652d59a09521d9b8911b36be0f0ca67f,T10,T3,Missy understood that,I think it's worth it,Support,2004
2004_81240d79557d06145246f2d2ed22ed21,2004_652d59a09521d9b8911b36be0f0ca67f,T2,T3,And Saddam Hussein was a threat,I think it's worth it,Support,2004
2004_caedcc115e2d9dce048385cec6f2cf01,2004_652d59a09521d9b8911b36be0f0ca67f,T490,T3,"I know in the long term a free Iraq, a free Afghanistan, will set such a powerful example in a part of the world that's desperate for freedom",I think it's worth it,Support,2004
2004_216561b23334df5386bbbdf8ce7c19c7,2004_652d59a09521d9b8911b36be0f0ca67f,T491,T3,It will help change the world,I think it's worth it,Support,2004
2004_62e5e9d7512843952046a3c42774bc32,2004_652d59a09521d9b8911b36be0f0ca67f,T492,T3,we can look back and say we did our duty,I think it's worth it,Support,2004
2004_fe31b2e8d4bd86b95a10701fde97dbe9,2004_6e1c68ff774a4081522c596722371469,T494,T493,I know what it means to lose people in combat,I understand what the president is talking about,Support,2004
2004_f2ee3111cad49dfde5e55dc151cd291c,2004_6cccf3d79c293ad740f4492d509de945,T497,T496,"I am determined for those soldiers and for those families, for those kids who put their lives on the line",I believe I can get this job done,Support,2004
2004_0c57cbfa1f5d0924d5c4370bbbbd6f19,2004_6cccf3d79c293ad740f4492d509de945,T499,T496,I want to make sure the outcome honors that nobility,I believe I can get this job done,Support,2004
2004_64c9de9b2aaeff396095f4ed76ac4984,2004_6cccf3d79c293ad740f4492d509de945,T500,T496,I've laid out a plan by which I think we can be successful in Iraq,I believe I can get this job done,Support,2004
2004_b514a30249feddcb12aef3e996b90d53,2004_64c9de9b2aaeff396095f4ed76ac4984,T501,T500,"with a summit, by doing better training, faster, by cutting -- by doing what we need to do with respect to the U.N. and the elections",I've laid out a plan by which I think we can be successful in Iraq,Support,2004
2004_288e5957d4d16795122f5622d91f2f57,2004_f0a57d6369c4eba907cbd7c0eef8b756,T502,T504,They can't have an election right now,The president's not getting the job done,Support,2004
2004_907298d389c5d6c56984ba7de4462b53,2004_f0a57d6369c4eba907cbd7c0eef8b756,T503,T504,There's only 25 percent of the people in there,The president's not getting the job done,Support,2004
2004_f0a57d6369c4eba907cbd7c0eef8b756,2004_a0267051298e61988683111cb919b7e4,T504,T505,The president's not getting the job done,"the choice for America is, you can have a plan that I've laid out in four points",Support,2004
2004_8daf3fceca284a75949aafa502e38c65,2004_a0267051298e61988683111cb919b7e4,T506,T505,I think my plan is better,"the choice for America is, you can have a plan that I've laid out in four points",Support,2004
2004_e542a40fcf2f0775b9aa594ebd7abe5a,2004_8daf3fceca284a75949aafa502e38c65,T507,T506,my plan has a better chance of standing up and fighting for those troops,I think my plan is better,Support,2004
2004_b98745e164ab0e1389ab6e9f24c54522,2004_e542a40fcf2f0775b9aa594ebd7abe5a,T508,T507,I will never let those troops down,my plan has a better chance of standing up and fighting for those troops,Support,2004
2004_b17d76db7703c555e772f9f88f1d393d,2004_8daf3fceca284a75949aafa502e38c65,T509,T506,will hunt and kill the terrorists wherever they are,I think my plan is better,Support,2004
2004_c4c84df5511cfd1b2b1d2f11317da831,2004_adeb988f33f2a5d6a49acec0322f9ff5,T511,T510,"if you keep changing positions on the war on terror and say things like, ""Well, this is just a grand diversion.""",You cannot lead the war on terror,Support,2004
2004_c631ccc11ba6784c47d9ec108930298d,2004_adeb988f33f2a5d6a49acec0322f9ff5,T512,T510,It's not a grand diversion,You cannot lead the war on terror,Support,2004
2004_3f058411429b625878bd5d649e6998c9,2004_8daf3fceca284a75949aafa502e38c65,T514,T506,the plan he talks about simply won't work,I think my plan is better,Attack,2004
2004_adeb988f33f2a5d6a49acec0322f9ff5,2004_3f058411429b625878bd5d649e6998c9,T510,T514,You cannot lead the war on terror,the plan he talks about simply won't work,Support,2004
2004_9f87f35b69925ab49fd4a50c60625767,2004_3f058411429b625878bd5d649e6998c9,T513,T514,This is an essential that we get it right,the plan he talks about simply won't work,Support,2004
2004_88eab9a509ae319f7d5eb72efbd5f3e6,2004_b1633dd38d6de28c094f8132605b7381,T520,T517,"Secretary of State Colin Powell told this president the Pottery Barn rule: If you break it, you fix it",you've got to fix it and do something with it,Support,2004
2004_4a2fddf4ec24e96e261d75b00c892ab1,2004_1352b13ce1f1ebc20d8c8739fcf25028,T519,T518,"if you break it, you made a mistake",It's the wrong thing to do. But you own it,Support,2004
2004_b1633dd38d6de28c094f8132605b7381,2004_f983601de53b5ff79f74d6db1b8ad5fa,T517,T516,you've got to fix it and do something with it,that's what we have to do,Support,2004
2004_f983601de53b5ff79f74d6db1b8ad5fa,2004_e867191b1c9ad972cb5c3d5947ea3fe8,T516,T515,that's what we have to do,There's no inconsistency,Support,2004
2004_e867191b1c9ad972cb5c3d5947ea3fe8,2004_c4c84df5511cfd1b2b1d2f11317da831,T515,T511,There's no inconsistency,"if you keep changing positions on the war on terror and say things like, ""Well, this is just a grand diversion.""",Attack,2004
2004_148064b0897edc1451962457242a5a4c,2004_099d221b412380cc88d26bb7cd8cabef,T523,T522,it's important to Israel,I'm going to get it right for those soldiers,Support,2004
2004_d8be7fbbd17196c546ca26cc6ce4738e,2004_099d221b412380cc88d26bb7cd8cabef,T524,T522,it's important to America,I'm going to get it right for those soldiers,Support,2004
2004_a1d2f643a1d474ad7f98e953f4c333c7,2004_099d221b412380cc88d26bb7cd8cabef,T525,T522,it's important to the world,I'm going to get it right for those soldiers,Support,2004
2004_6291cc6d72c7d785bc33622d429c92f8,2004_099d221b412380cc88d26bb7cd8cabef,T526,T522,it's important to the fight on terror,I'm going to get it right for those soldiers,Support,2004
2004_099d221b412380cc88d26bb7cd8cabef,2004_1034c3abf331d96d3ac7078b1e378648,T522,T527,I'm going to get it right for those soldiers,I have a plan to do it,Support,2004
2004_1034c3abf331d96d3ac7078b1e378648,2004_e113883623b6097aaf837b03c6bab3da,T527,T528,I have a plan to do it,He doesn't,Attack,2004
2004_3288d55c36b6ff534a2ce3bd8c73f80a,2004_cfcfbf52c6358be0987c042d3cd3755a,T529,T16,I didn't say I would bring troops out in six months,"The time line that I've set out -- and again, I want to correct the president, because he's misled again this evening on what I've said",Attack,2004
2004_1ed70ec6abc10c9c5de530c712c4a59c,2004_3288d55c36b6ff534a2ce3bd8c73f80a,T530,T529,"I said, if we do the things that I've set out and we are successful, we could begin to draw the troops down in six months",I didn't say I would bring troops out in six months,Support,2004
2004_62a8d0d96dd4974837471d4045d0fc9b,2004_1f18a4df4a2c96722ac1b1990df2562f,T533,T532,we're building some 14 military bases there now,some people say they've got a rather permanent concept to them,Support,2004
2004_43271bf77d6c9f6da3389c0a927f1b24,2004_7c8953687f71bbeac556543c65175958,T534,T536,When you guard the oil ministry,"the message to a lot of people is maybe, ""Wow, maybe they're interested in our oil.""",Support,2004
2004_592fcd4f05e0d64e139aa054ad4cf584,2004_7c8953687f71bbeac556543c65175958,T535,T536,you don't guard the nuclear facilities,"the message to a lot of people is maybe, ""Wow, maybe they're interested in our oil.""",Support,2004
2004_7c8953687f71bbeac556543c65175958,2004_1f18a4df4a2c96722ac1b1990df2562f,T536,T532,"the message to a lot of people is maybe, ""Wow, maybe they're interested in our oil.""",some people say they've got a rather permanent concept to them,Support,2004
2004_ed0c98d61c9be041220572f8aa340e60,2004_cbca7386663fb696ff347f824e8d7514,T538,T537,these are the things you have to think through,the problem is that they didn't think these things through properly,Support,2004
2004_1f18a4df4a2c96722ac1b1990df2562f,2004_ef0408fde7367e85b989bdf9d4bcffda,T532,T531,some people say they've got a rather permanent concept to them,I think a critical component of success in Iraq is being able to convince the Iraqis and the Arab world that the United States doesn't have long-term designs on it,Support,2004
2004_cbca7386663fb696ff347f824e8d7514,2004_7c58806cc72ebd9e366a0d5b97345889,T537,T539,the problem is that they didn't think these things through properly,What I want to do is change the dynamics on the ground,Support,2004
2004_51d015b0aaf53772ec814307ddab8991,2004_7c58806cc72ebd9e366a0d5b97345889,T540,T539,"you have to do that by beginning to not back off of the Fallujahs and other places, and send the wrong message to the terrorists",What I want to do is change the dynamics on the ground,Support,2004
2004_b1aedc0b947149ccebfc17e639bc861e,2004_7c58806cc72ebd9e366a0d5b97345889,T541,T539,You have to close the borders,What I want to do is change the dynamics on the ground,Support,2004
2004_895b2298b1b75b395238ca37b411ad65,2004_7c58806cc72ebd9e366a0d5b97345889,T542,T539,You've got to show you're serious in that regard,What I want to do is change the dynamics on the ground,Support,2004
2004_03e6f2922ac05636bb11942ccf0b5259,2004_7c58806cc72ebd9e366a0d5b97345889,T543,T539,you've also got to show that you are prepared to bring the rest of the world in and share the stakes,What I want to do is change the dynamics on the ground,Support,2004
2004_24eb26116ae0c8f944f684c98448ffee,2004_3465e17ad3f0d5b52017f94661efd451,T545,T544,our goal in my administration would be to get all of the troops out of there with a minimal amount you need for training and logistics as we do in some other countries in the world after a war to be able to sustain the peace,The United States of America has no long-term designs on staying in Iraq,Support,2004
2004_99f6e8170c5bf6df3548c8fc343a70a5,2004_3465e17ad3f0d5b52017f94661efd451,T546,T544,"that's how we're going to win the peace, by rapidly training the Iraqis themselves",The United States of America has no long-term designs on staying in Iraq,Support,2004
2004_9fc32a6d27cd6f312b64abdeb81a81b2,2004_99f6e8170c5bf6df3548c8fc343a70a5,T547,T546,Even the administration has admitted they haven't done the training,"that's how we're going to win the peace, by rapidly training the Iraqis themselves",Attack,2004
2004_6c295d1349cffe14574d5a5080169b96,2004_9fc32a6d27cd6f312b64abdeb81a81b2,T548,T547,they came back to Congress a few weeks ago and asked for a complete reprogramming of the money,Even the administration has admitted they haven't done the training,Support,2004
2004_2722118041b6c67ee7594572cf6947fe,2004_beb02caafef7a06643702a2d79df6976,T550,T551,"There's going to be 125,000 trained by the end of this year",we're getting the job done,Support,2004
2004_b988e38193916fdb5912dc7436d08a1f,2004_beb02caafef7a06643702a2d79df6976,T549,T551,"There are 100,000 troops trained, police, guard, special units, border patrol",we're getting the job done,Support,2004
2004_beb02caafef7a06643702a2d79df6976,2004_9fc32a6d27cd6f312b64abdeb81a81b2,T551,T547,we're getting the job done,Even the administration has admitted they haven't done the training,Attack,2004
2004_b67c1ca33ea842a17a2c233d0e5f617d,2004_460797d7e1dda7d676d2988374478268,T554,T553,there's a determined enemy that's trying to defeat us,Everybody knows it's hard work,Support,2004
2004_a83745d26ead27d0e2df3b377b34c3c6,2004_d7196514171beabb098fa4215eee4340,T557,T555,"Prime Minister Allawi was here. He is the leader of that country. He's a brave, brave man. When he came, after giving a speech to the Congress, my opponent questioned his credibility",my opponent says he's going to try to change the dynamics on the ground,Attack,2004
2004_e84d65d1643a0840a8b53edc1be801ff,2004_7c58806cc72ebd9e366a0d5b97345889,T556,T539,You can't change the dynamics on the ground if you've criticized the brave leader of Iraq,What I want to do is change the dynamics on the ground,Attack,2004
2004_8fdf0d6bb344be8d601f2f30ecc99611,2004_e84d65d1643a0840a8b53edc1be801ff,T558,T556,One of his campaign people alleged that Prime Minister Allawi was like a puppet,You can't change the dynamics on the ground if you've criticized the brave leader of Iraq,Support,2004
2004_f4301d144785080ec11e11b032c22f93,2004_e84d65d1643a0840a8b53edc1be801ff,T559,T556,"That's no way to treat somebody who's courageous and brave, that is trying to lead his country forward",You can't change the dynamics on the ground if you've criticized the brave leader of Iraq,Support,2004
2004_867b10dd42130c56fc1c538ca9210365,2004_6fabc742b23002e914f14a2a423a807d,T563,T564,"I reject the notion that some say that if you're Muslim you can't free, you don't desire freedom","I disagree, strongly disagree with that",Support,2004
2004_1ba5e1192f51222027b62ce937ff1022,2004_867b10dd42130c56fc1c538ca9210365,T562,T563,I reject this notion,"I reject the notion that some say that if you're Muslim you can't free, you don't desire freedom",Equivalent,2004
2004_1029a6619dcdc248872711d04d57a95f,2004_867b10dd42130c56fc1c538ca9210365,T561,T563,"I believe that 25 million people, the vast majority, long to have elections","I reject the notion that some say that if you're Muslim you can't free, you don't desire freedom",Support,2004
2004_c3f88b98814e3c639469fecee8859ab3,2004_1029a6619dcdc248872711d04d57a95f,T565,T561,I couldn't agree more that the Iraqis want to be free and that they could be free,"I believe that 25 million people, the vast majority, long to have elections",Support,2004
2004_94086720670dfa2cfae5646b2cf3afb7,2004_1029a6619dcdc248872711d04d57a95f,T566,T561,"I think the president, again, still hasn't shown how he's going to go about it the right way","I believe that 25 million people, the vast majority, long to have elections",Attack,2004
2004_9235b97e7c0c596cfdac64eb5330eacf,2004_94086720670dfa2cfae5646b2cf3afb7,T567,T566,"Prime Minister Allawi came here, and he said the terrorists are pouring over the border","I think the president, again, still hasn't shown how he's going to go about it the right way",Support,2004
2004_790961709288e2b5642826b8932f94bb,2004_9235b97e7c0c596cfdac64eb5330eacf,T568,T567,That's Allawi's assessment,"Prime Minister Allawi came here, and he said the terrorists are pouring over the border",Support,2004
2004_994856250f7e766f18291a0c8de4dcd6,2004_94086720670dfa2cfae5646b2cf3afb7,T569,T566,"The national intelligence assessment that was given to the president in July said, best-case scenario, more of the same of what we see today; worst-case scenario, civil war","I think the president, again, still hasn't shown how he's going to go about it the right way",Support,2004
2004_94086720670dfa2cfae5646b2cf3afb7,2004_b12a00116718e1ab84b87b8133352e41,T566,T570,"I think the president, again, still hasn't shown how he's going to go about it the right way",I can do better,Support,2004
2004_58cdeaea3957c1a6e66cc50d6ac162b7,2004_1d2a94ad58c58a4ccddab90b1119b462,T572,T571,he recognizes that this is a central part of the war on terror,Prime Minister Allawi said they're coming across the border,Support,2004
2004_1d2a94ad58c58a4ccddab90b1119b462,2004_9235b97e7c0c596cfdac64eb5330eacf,T571,T567,Prime Minister Allawi said they're coming across the border,"Prime Minister Allawi came here, and he said the terrorists are pouring over the border",Attack,2004
2004_ee3eaba0ba3dc05bbbfd218501d2df01,2004_5dc3ec315bfbdf9c29f0bc820720f0f7,T574,T573,they're fighting freedom,They're fighting us,Support,2004
2004_344bc0bfe15767edb69d7ae787805e79,2004_ee3eaba0ba3dc05bbbfd218501d2df01,T575,T574,They understand that a free Afghanistan or a free Iraq will be a major defeat for them,they're fighting freedom,Support,2004
2004_5dc3ec315bfbdf9c29f0bc820720f0f7,2004_f357a2dbb2209bf7ff5af2145629fc89,T573,T576,They're fighting us,those are the stakes,Support,2004
2004_f357a2dbb2209bf7ff5af2145629fc89,2004_2342bbe8e8fcb5cf553ed5464ff90708,T576,T577,those are the stakes,it is essential we not leave,Support,2004
2004_2342bbe8e8fcb5cf553ed5464ff90708,2004_a066fd296a12c8352ce94b96d493f592,T577,T578,it is essential we not leave,it's essential we hold the line,Support,2004
2004_a066fd296a12c8352ce94b96d493f592,2004_ac732ddbf51de16b759d28880eb86c3e,T578,T579,it's essential we hold the line,it's essential we win,Support,2004
2004_ac732ddbf51de16b759d28880eb86c3e,2004_73339a689456d28538216754be9510c6,T579,T580,it's essential we win,Under my leadership we're going to win this war in Iraq,Support,2004
2004_c6056e2c5af4ef1677e6e019ceeaf502,2004_5c5603b9cfa548dc67992dbb561499d3,T582,T581,I understand how hard it is to commit troops,I would hope I never have to,Support,2004
2004_e85ee58127876f6e7ec817a2076ba822,2004_c6056e2c5af4ef1677e6e019ceeaf502,T583,T582,Never wanted to commit troops,I understand how hard it is to commit troops,Support,2004
2004_d13ab4c281888ac6d218239a9bf22b20,2004_e85ee58127876f6e7ec817a2076ba822,T17,T583,"When I was running -- when we had the debate in 2000, never dreamt I'd be doing that",Never wanted to commit troops,Support,2004
2004_eb3506aaf930338e21c1a2aaadb9a96b,2004_5c5603b9cfa548dc67992dbb561499d3,T584,T581,the enemy attacked us,I would hope I never have to,Attack,2004
2004_eb3506aaf930338e21c1a2aaadb9a96b,2004_c3c77541347d870e5b2a5f1646b35984,T584,T585,the enemy attacked us,"I have a solemn duty to protect the American people, to do everything I can to protect us",Support,2004
2004_af0276fbf4be9a5de20b5bb8c0950eb9,2004_5369e6231c01d130c355a63b56b3b816,T18,T19,a president must always be willing to use troops,it is less likely we'll ever have to use troops,Attack,2004
2004_af0276fbf4be9a5de20b5bb8c0950eb9,2004_c3c77541347d870e5b2a5f1646b35984,T18,T585,a president must always be willing to use troops,"I have a solemn duty to protect the American people, to do everything I can to protect us",Support,2004
2004_ca996e6fdea1a6777e4008e69888dd57,2004_ce8bc0a409b3979b55e2710ef03fc489,T588,T587,There was no doubt in my mind that Saddam Hussein was hoping that the world would turn a blind eye,I was hopeful diplomacy would work in Iraq,Attack,2004
2004_7b7298215ee564c660970d1bd501de74,2004_ca996e6fdea1a6777e4008e69888dd57,T589,T588,"if he had been in power, in other words, if we would have said, ""Let the inspectors work, or let's, you know, hope to talk him out. Maybe an 18th resolution would work,""",There was no doubt in my mind that Saddam Hussein was hoping that the world would turn a blind eye,Support,2004
2004_23b7c0884fd0fe91cd9233c31ef1b060,2004_ded77512590a0c944c5579695634180c,T590,T591,he would have been stronger and tougher,the world would have been a lot worse off,Support,2004
2004_ded77512590a0c944c5579695634180c,2004_ce8bc0a409b3979b55e2710ef03fc489,T591,T587,the world would have been a lot worse off,I was hopeful diplomacy would work in Iraq,Attack,2004
2004_ded77512590a0c944c5579695634180c,2004_b642e52e0f5110b9d4d56679298e2849,T591,T592,the world would have been a lot worse off,"There's just no doubt in my mind we would rue the day, had Saddam Hussein been in power",Support,2004
2004_b642e52e0f5110b9d4d56679298e2849,2004_13930b67bfcd99fde13630ea5ebf83a4,T592,T593,"There's just no doubt in my mind we would rue the day, had Saddam Hussein been in power","we use diplomacy every chance we get, believe me",Attack,2004
2004_e28a67f19d0a3f7deafcec0cf6efeed7,2004_13930b67bfcd99fde13630ea5ebf83a4,T594,T593,I would hope to never have to use force,"we use diplomacy every chance we get, believe me",Support,2004
2004_67c6a947812933e58eecb5f26d83dd93,2004_e28a67f19d0a3f7deafcec0cf6efeed7,T595,T594,"by speaking clearly and sending messages that we mean what we say, we've affected the world in a positive way",I would hope to never have to use force,Support,2004
2004_cd688076fd0909555fdf42a4ba682f7b,2004_67c6a947812933e58eecb5f26d83dd93,T596,T595,Libya was a threat,"by speaking clearly and sending messages that we mean what we say, we've affected the world in a positive way",Support,2004
2004_94719f846eaf5b26e5f89de2ae5eeb65,2004_67c6a947812933e58eecb5f26d83dd93,T597,T595,Libya is now peacefully dismantling its weapons programs,"by speaking clearly and sending messages that we mean what we say, we've affected the world in a positive way",Support,2004
2004_4b19f854c350db9a92dd91074e78b444,2004_67c6a947812933e58eecb5f26d83dd93,T598,T595,Libya understood that America and others will enforce doctrine and that the world is better for it,"by speaking clearly and sending messages that we mean what we say, we've affected the world in a positive way",Support,2004
2004_f433e37f5cf5168f91a093c42ef45962,2004_5c5603b9cfa548dc67992dbb561499d3,T599,T581,I would hope we never have to,I would hope I never have to,Equivalent,2004
2004_3d0639227e36fe4a49aeb0d3f6bea5af,2004_abbdcb7731812028b0a40566fa575385,T20,T601,Saddam Hussein didn't attack us,"In answer to your question about Iraq and sending people into Iraq, he just said, ""The enemy attacked us.""",Attack,2004
2004_9fd7578c9afe673e2c9087268e67385d,2004_6321603b9c4cbac32acf326f3bc1ea8c,T602,T603,Osama bin Laden attacked us,Al Qaida attacked us,Equivalent,2004
2004_9fd7578c9afe673e2c9087268e67385d,2004_abbdcb7731812028b0a40566fa575385,T602,T601,Osama bin Laden attacked us,"In answer to your question about Iraq and sending people into Iraq, he just said, ""The enemy attacked us.""",Attack,2004
2004_03722bc983b79bc9a67cc7369c1af7e7,2004_abbdcb7731812028b0a40566fa575385,T606,T601,That's the enemy that attacked us,"In answer to your question about Iraq and sending people into Iraq, he just said, ""The enemy attacked us.""",Attack,2004
2004_3d30d6f8cda2903d67121b6cca6c611b,2004_03722bc983b79bc9a67cc7369c1af7e7,T604,T606,we didn't use the best trained troops in the world to go kill the world's number one criminal and terrorist,That's the enemy that attacked us,Support,2004
2004_cae663f0b12af870bc8473ed3c95b315,2004_03722bc983b79bc9a67cc7369c1af7e7,T605,T606,"They outsourced the job to Afghan warlords, who only a week earlier had been on the other side fighting against us, neither of whom trusted each other",That's the enemy that attacked us,Support,2004
2004_60adbbe4569754815cfe8706c2a06236,2004_03722bc983b79bc9a67cc7369c1af7e7,T609,T606,That's the enemy that was allowed to walk out of those mountains,That's the enemy that attacked us,Support,2004
2004_8991a4be9788a796e8764b44b38f9678,2004_03722bc983b79bc9a67cc7369c1af7e7,T610,T606,"That's the enemy that is now in 60 countries, with stronger recruits",That's the enemy that attacked us,Support,2004
2004_829de74e40501bbde42f72e3ce883fc0,2004_472bacde7da57ca3aa573ce96b935f86,T608,T607,That is just factually incorrect,He also said Saddam Hussein would have been stronger,Attack,2004
2004_b10212a61d41e900c530df44ac342395,2004_829de74e40501bbde42f72e3ce883fc0,T611,T608,Two-thirds of the country was a no-fly zone when we started this war,That is just factually incorrect,Support,2004
2004_31c3589403582083e516303bee62199c,2004_258666c2c6d1cb7324b7898e6e1dbf3c,T613,T614,We would have had the U.N. inspectors,Saddam Hussein would have been continually weakening,Support,2004
2004_09ac92bd4c75f01ba2c1e97424051970,2004_258666c2c6d1cb7324b7898e6e1dbf3c,T612,T614,We would have had sanctions,Saddam Hussein would have been continually weakening,Support,2004
2004_258666c2c6d1cb7324b7898e6e1dbf3c,2004_829de74e40501bbde42f72e3ce883fc0,T614,T608,Saddam Hussein would have been continually weakening,That is just factually incorrect,Support,2004
2004_5b31ba36e4d9f04dc57854af5d716030,2004_692694e44e25ff16ac19363afe343290,T615,T21,"If the president had shown the patience to go through another round of resolution, to sit down with those leaders, say, ""What do you need, what do you need now, how much more will it take to get you to join us?""",we'd be in a stronger place today,Support,2004
2004_fc6101497c89c7e9678cedcc8eb015a2,2004_258666c2c6d1cb7324b7898e6e1dbf3c,T616,T614,"to think that another round of resolutions would have caused Saddam Hussein to disarm, disclose, is ludicrous, in my judgment. It just shows a significant difference of opinion",Saddam Hussein would have been continually weakening,Attack,2004
2004_5206bbab4334bb4bfc26064d2b81dd2e,2004_fc6101497c89c7e9678cedcc8eb015a2,T617,T616,We tried diplomacy,"to think that another round of resolutions would have caused Saddam Hussein to disarm, disclose, is ludicrous, in my judgment. It just shows a significant difference of opinion",Support,2004
2004_c0165900ca9ea2a9555ac26293a3af16,2004_fc6101497c89c7e9678cedcc8eb015a2,T619,T616,He was hoping to turn a blind eye,"to think that another round of resolutions would have caused Saddam Hussein to disarm, disclose, is ludicrous, in my judgment. It just shows a significant difference of opinion",Support,2004
2004_aa98a0b7229a5b7fd736024469418e01,2004_fc6101497c89c7e9678cedcc8eb015a2,T620,T616,he would have been stronger had we not dealt with him,"to think that another round of resolutions would have caused Saddam Hussein to disarm, disclose, is ludicrous, in my judgment. It just shows a significant difference of opinion",Support,2004
2004_11caace43d00423372e11f9b3a1a2c2c,2004_c971c00f2bb959d361fc01b477ed81f0,T621,T622,He had the capability of making weapons,he would have made weapons,Support,2004
2004_c971c00f2bb959d361fc01b477ed81f0,2004_aa98a0b7229a5b7fd736024469418e01,T622,T620,he would have made weapons,he would have been stronger had we not dealt with him,Support,2004
2004_ada1f78601364d3515aa1d0108a2f1d6,2004_11caace43d00423372e11f9b3a1a2c2c,T623,T621,Thirty-five to forty countries in the world had a greater capability of making weapons at the moment the president invaded than Saddam Hussein,He had the capability of making weapons,Attack,2004
2004_372f2b81b517c3d2161ccd10ca25465b,2004_a5abb5edbb1d6e6545645f3fa6402e10,T625,T627,Iran is moving toward nuclear weapons and the world is more dangerous,The world is more dangerous,Support,2004
2004_d14e7961835903e58fbf4725d86276b2,2004_a5abb5edbb1d6e6545645f3fa6402e10,T624,T627,"while he's been diverted, with 9 out of 10 active duty divisions of our Army, either going to Iraq, coming back from Iraq, or getting ready to go, North Korea's gotten nuclear weapons and the world is more dangerous",The world is more dangerous,Support,2004
2004_ada1f78601364d3515aa1d0108a2f1d6,2004_a5abb5edbb1d6e6545645f3fa6402e10,T623,T627,Thirty-five to forty countries in the world had a greater capability of making weapons at the moment the president invaded than Saddam Hussein,The world is more dangerous,Support,2004
2004_2bbcfd842c7cf8c98461e4c4c46f559c,2004_a5abb5edbb1d6e6545645f3fa6402e10,T626,T627,Darfur has a genocide,The world is more dangerous,Support,2004
2004_a5abb5edbb1d6e6545645f3fa6402e10,2004_8faa35dcf2c929576e14fe2f933196b4,T627,T628,The world is more dangerous,I'd have made a better choice,Support,2004
2004_0ac848facdde2f33c66d78c8843a959f,2004_9acbb1082b26de0000ff1fef0096fcc9,T254,T255,the best way for Iraq to be safe and secure is for Iraqi citizens to be trained to do the job,that's what we're doing,Support,2004
2004_3f7f8d32aef50a3f414e604202376e3f,2004_0ac848facdde2f33c66d78c8843a959f,T259,T254,That is the best way,the best way for Iraq to be safe and secure is for Iraqi citizens to be trained to do the job,Equivalent,2004
2004_e88009e5bbccd4f61f8ea98ba77e2fcc,2004_0ac848facdde2f33c66d78c8843a959f,T256,T254,"We've got 100,000 trained now",the best way for Iraq to be safe and secure is for Iraqi citizens to be trained to do the job,Support,2004
2004_2b1d590dcfea49761c75c92437556ae1,2004_0ac848facdde2f33c66d78c8843a959f,T257,T254,"125,000 by the end of this year",the best way for Iraq to be safe and secure is for Iraqi citizens to be trained to do the job,Support,2004
2004_0a337bd06644041fa588fec96f1d384c,2004_0ac848facdde2f33c66d78c8843a959f,T258,T254,"200,000 by the end of next year",the best way for Iraq to be safe and secure is for Iraqi citizens to be trained to do the job,Support,2004
2004_e2dfc041da4b5c7d1c0bf6646bdb0327,2004_67de657305eab582017d95f56a4fed85,T262,T261,Prime Minister Allawi believes they want to,I believe they want to,Support,2004
2004_a0888a445c3b26a029af3ebabfd15daf,2004_3a7eb0069aa40142960d39ddcebcf4a3,T260,T264,We'll never succeed in Iraq if the Iraqi citizens do not want to take matters into their own hands to protect themselves,the best indication about when we can bring our troops home is to see the Iraqis perform and to see the Iraqis step up and take responsibility,Support,2004
2004_0ac848facdde2f33c66d78c8843a959f,2004_3a7eb0069aa40142960d39ddcebcf4a3,T254,T264,the best way for Iraq to be safe and secure is for Iraqi citizens to be trained to do the job,the best indication about when we can bring our troops home is to see the Iraqis perform and to see the Iraqis step up and take responsibility,Support,2004
2004_67de657305eab582017d95f56a4fed85,2004_3a7eb0069aa40142960d39ddcebcf4a3,T261,T264,I believe they want to,the best indication about when we can bring our troops home is to see the Iraqis perform and to see the Iraqis step up and take responsibility,Support,2004
2004_c7d6f608c59051dfbfb60db5c3931262,2004_1225751b094271db187faaa898b7e991,T266,T4,When our general is on the ground and Ambassador Negroponte tells me that Iraq is ready to defend herself from these terrorists,that's when,Support,2004
2004_fce0623fde316225d6f064434806c67f,2004_1225751b094271db187faaa898b7e991,T267,T4,that elections will have been held by then,that's when,Support,2004
2004_47d617b3306d30949022e16989192263,2004_1225751b094271db187faaa898b7e991,T2,T4,their stability and that they're on their way to a nation that's free,that's when,Support,2004
2004_3a7eb0069aa40142960d39ddcebcf4a3,2004_1225751b094271db187faaa898b7e991,T264,T4,the best indication about when we can bring our troops home is to see the Iraqis perform and to see the Iraqis step up and take responsibility,that's when,Support,2004
2004_2ea65aaf9023b439c639ae58c2aeba91,2004_db2366e04adcb5b722904dc2f01ff721,T270,T269,I know putting artificial deadlines won't work,I hope it's as soon as possible,Attack,2004
2004_2ea65aaf9023b439c639ae58c2aeba91,2004_56973ceae93836e559905c3fb01ba90e,T270,T271,I know putting artificial deadlines won't work,"My opponent at one time said, ""Well, get me elected, I'll have them out of there in six months.""",Attack,2004
2004_8127881897ec9458da4bec0175e8efbe,2004_56973ceae93836e559905c3fb01ba90e,T272,T271,You can't do that and expect to win the war on terror,"My opponent at one time said, ""Well, get me elected, I'll have them out of there in six months.""",Attack,2004
2004_c4ca1bffd0ec7cca05d3ba89d524df30,2004_938d3d11221b08803bcd60c667fd48d0,T276,T275,that's essential,A free Iraq will be an ally in the war on terror,Support,2004
2004_938d3d11221b08803bcd60c667fd48d0,2004_1d43ce1ebcc71d4e7e9af87e48f4f31e,T275,T274,A free Iraq will be an ally in the war on terror,this is a vital mission,Support,2004
2004_3efccc483ce05223b64a3e48865cdfbb,2004_1d43ce1ebcc71d4e7e9af87e48f4f31e,T273,T274,we'll get you home as soon as the mission's done,this is a vital mission,Support,2004
2004_7f4cfba119dc4dc02d44970a9a2ee93b,2004_1d43ce1ebcc71d4e7e9af87e48f4f31e,T5,T274,We'll give you all the equipment you need,this is a vital mission,Support,2004
2004_46bd29e38bc8268c1b841bfc7b1ad7ef,2004_1d43ce1ebcc71d4e7e9af87e48f4f31e,T6,T274,We're standing with you strong,this is a vital mission,Support,2004
2004_0e94a0f332cd7129226a8437d2d421f8,2004_1d43ce1ebcc71d4e7e9af87e48f4f31e,T277,T274,A free Iraq will set a powerful example in the part of the world that is desperate for freedom,this is a vital mission,Support,2004
2004_5fd4169e883340ce8fd1033c329f7757,2004_1d43ce1ebcc71d4e7e9af87e48f4f31e,T278,T274,A free Iraq will help secure Israel,this is a vital mission,Support,2004
2004_3b2cad0a73a859ddb68387bd859e8cea,2004_1d43ce1ebcc71d4e7e9af87e48f4f31e,T279,T274,A free Iraq will enforce the hopes and aspirations of the reformers in places like Iran,this is a vital mission,Support,2004
2004_ae835be1de63cd27fb88daf89774faf3,2004_1d43ce1ebcc71d4e7e9af87e48f4f31e,T280,T274,A free Iraq is essential for the security of this country,this is a vital mission,Support,2004
2004_cf33f0f24eb9c359d6c164eb2b386b69,2004_c9ca1dfc140394d227754a299438efa3,T287,T288,"I was in a rope line just the other day, coming out here from Wisconsin, a couple of young returnees were in the line, one active duty, one from the Guard. And they both looked at me and said: We need you. You've got to help us over there",I believe those troops deserve better than what they are getting today,Support,2004
2004_bba6b0317993465f0198f1d1cfefbe64,2004_f2e5523dd3e02511adc3bd7617a6567f,T289,T285,There's a sense of American occupation,I believe there's a better way to do this,Support,2004
2004_c0e4cf77318316c4f21d6443b4f6490d,2004_6709d637848ea83cef067c59bc88a97e,T283,T284,he said our troops would be occupiers in a bitterly hostile land,That's exactly where we find ourselves today,Support,2004
2004_29437eb7f8a22ea3d54647e7c91368c5,2004_6709d637848ea83cef067c59bc88a97e,T281,T284,there was no viable exit strategy,That's exactly where we find ourselves today,Support,2004
2004_58825114a4a62318c97dd8af4f17dae3,2004_29437eb7f8a22ea3d54647e7c91368c5,T282,T281,"the president's father did not go into Iraq, into Baghdad, beyond Basra",there was no viable exit strategy,Support,2004
2004_6709d637848ea83cef067c59bc88a97e,2004_bba6b0317993465f0198f1d1cfefbe64,T284,T289,That's exactly where we find ourselves today,There's a sense of American occupation,Support,2004
2004_ba277557f09fe0d334273d75efa6bf49,2004_bba6b0317993465f0198f1d1cfefbe64,T290,T289,The only building that was guarded when the troops when into Baghdad was the oil ministry,There's a sense of American occupation,Support,2004
2004_0df6c1dc823d68b13a93ad1319b6b133,2004_bba6b0317993465f0198f1d1cfefbe64,T291,T289,We didn't guard the nuclear facilities,There's a sense of American occupation,Support,2004
2004_21223c7cabaf35930b7955281d53805f,2004_bba6b0317993465f0198f1d1cfefbe64,T292,T289,"We didn't guard the foreign office, where you might have found information about weapons of mass destruction",There's a sense of American occupation,Support,2004
2004_f9bc7248442aa75ab611e134662e5708,2004_bba6b0317993465f0198f1d1cfefbe64,T293,T289,We didn't guard the borders,There's a sense of American occupation,Support,2004
2004_a044c42c5bbed329f30261f2a69ddf88,2004_780526889d1fd6e8358e845a1d8a2d10,T294,T295,"Almost every step of the way, our troops have been left on these extraordinarily difficult missions",I believe our troops need other allies helping,Support,2004
2004_780526889d1fd6e8358e845a1d8a2d10,2004_4fa596b192e7557fde8f80bde113ddc6,T295,T296,I believe our troops need other allies helping,I'm going to hold that summit,Support,2004
2004_1f801da9b623a644719ac55de7ee974a,2004_4fa596b192e7557fde8f80bde113ddc6,T297,T296,"I will bring fresh credibility, a new start, and we will get the job done right",I'm going to hold that summit,Support,2004
2004_59bdc5a10e1e993e09eee2100a48e63b,2004_81d7ea9e5c8cb7f852e05aebe9d06914,T300,T299,Not a message a commander in chief gives,"what kind of message does it say to our troops in harm's way, ""wrong war, wrong place, wrong time""",Attack,2004
2004_59bdc5a10e1e993e09eee2100a48e63b,2004_2aaba9b45cf233a01a67294bd872738b,T300,T304,Not a message a commander in chief gives,Not what a commander in chief does when you're trying to lead troops,Support,2004
2004_77fae2fa6067ea870254e359ef007d0e,2004_2aaba9b45cf233a01a67294bd872738b,T301,T304,"this is a ""great diversion.""",Not what a commander in chief does when you're trying to lead troops,Support,2004
2004_e7c554bfce14e4f93948de173b0d4670,2004_2aaba9b45cf233a01a67294bd872738b,T302,T304,it's certainly hard to tell it when he voted against the $87-billion supplemental to provide equipment for our troops,Not what a commander in chief does when you're trying to lead troops,Support,2004
2004_aa6b515fb2f32a547f76d469b8f7c597,2004_2aaba9b45cf233a01a67294bd872738b,T303,T304,said he actually did vote for it before he voted against it,Not what a commander in chief does when you're trying to lead troops,Support,2004
2004_25d89ad3084c1c13c9421959f59740cb,2004_519273401b6e5558a3b95a8b7bbb06c0,T308,T307,That's what I learned in Vietnam,"I believe that when you know something's going wrong, you make it right",Support,2004
2004_83d2c9a75a51e819c7a071ffcc150577,2004_25d89ad3084c1c13c9421959f59740cb,T309,T308,When I came back from that war I saw that it was wrong,That's what I learned in Vietnam,Support,2004
2004_519273401b6e5558a3b95a8b7bbb06c0,2004_bf8e7b8a2de39c5b013ee8e8d585631a,T307,T310,"I believe that when you know something's going wrong, you make it right",I'm going to lead those troops to victory,Support,2004
2004_6124323861ac41bc98de9d636e20b8b7,2004_ee5244ed8895e80fe6bfa9c92fa6bf78,T313,T312,The president and I have always agreed on tha,I believe that we have to win this,Support,2004
2004_ee5244ed8895e80fe6bfa9c92fa6bf78,2004_f93f35626a8a36092aa4d1a4d6ce83f1,T312,T311,I believe that we have to win this,"they don't have to, providing we have the leadership that we put -- that I'm offering",Support,2004
2004_35712f86f5353ddbffac5b4543e93279,2004_4fe862ed21d4a6e34a0cb1680bf70bee,T315,T314,I thought Saddam Hussein was a threat,I did vote to give the authority,Support,2004
2004_03531ce9bd3fec28ca000670221d768a,2004_4fe862ed21d4a6e34a0cb1680bf70bee,T316,T314,I did accept that intelligence,I did vote to give the authority,Support,2004
2004_41cec7d826d31440cf64444b3b486d83,2004_4fe862ed21d4a6e34a0cb1680bf70bee,T317,T314,I also laid out a very strict series of things we needed to do in order to proceed from a position of strength,I did vote to give the authority,Support,2004
2004_26b751ce136754fd922758e59fbc6672,2004_584f3c790722e7efcac8125608f0dcf0,T323,T322,He didn't do any of those things,We will go with our allies,Attack,2004
2004_26b751ce136754fd922758e59fbc6672,2004_67abfbb9a1f85daeb5053502e700dd88,T323,T321,He didn't do any of those things,We will not make war inevitable,Attack,2004
2004_26b751ce136754fd922758e59fbc6672,2004_427b6b980877bd4df666577f4ccb54cd,T323,T320,He didn't do any of those things,We will proceed cautiously,Attack,2004
2004_26b751ce136754fd922758e59fbc6672,2004_9dbf63d3c7df299df2d16d769753bd6a,T323,T319,He didn't do any of those things,"He went to Cincinnati and he gave a speech in which he said, ""We will plan carefully",Attack,2004
2004_26b751ce136754fd922758e59fbc6672,2004_0c9c1fa66cadc3fa65663162c9d806fa,T323,T318,He didn't do any of those things,"Then the president, in fact, promised them",Attack,2004
2004_26b751ce136754fd922758e59fbc6672,2004_627d07b76a62f7668e158bac862244fb,T323,T324,He didn't do any of those things,They didn't do the planning,Support,2004
2004_8bfc32b92315d7c7aab95beeb00096a6,2004_627d07b76a62f7668e158bac862244fb,T325,T324,They left the planning of the State Department in the State Department desks,They didn't do the planning,Support,2004
2004_e64c658a1d22dd6aa87d4c149d1bc60c,2004_627d07b76a62f7668e158bac862244fb,T326,T324,They avoided even the advice of their own general,They didn't do the planning,Support,2004
2004_114d0c8bc30217ac2018f65d89e94226,2004_e64c658a1d22dd6aa87d4c149d1bc60c,T327,T326,"General Shinsheki, the Army chief of staff, said you're going to need several hundred thousand troops",They avoided even the advice of their own general,Support,2004
2004_39137e4b236ae9474decf1b7c9c508eb,2004_e64c658a1d22dd6aa87d4c149d1bc60c,T328,T326,"Instead of listening to him, they retired him",They avoided even the advice of their own general,Support,2004
2004_fb4879f181467bbf950b79fcd3f83bd7,2004_e64c658a1d22dd6aa87d4c149d1bc60c,T329,T326,"The terrorism czar, who has worked for every president since Ronald Reagan, said, ""Invading Iraq in response to 9/11 would be like Franklin Roosevelt invading Mexico in response to Pearl Harbor.""",They avoided even the advice of their own general,Support,2004
2004_627d07b76a62f7668e158bac862244fb,2004_5f2513a5c19b0eb998f57c0d5214cdc3,T324,T330,They didn't do the planning,what we need now is a president who understands how to bring these other countries together to recognize their stakes in this,Support,2004
2004_eac71df0195e95f50abebd5dd6aa1f6e,2004_1aae41964e4d9e097ee1ee6090c3a55c,T332,T331,They've always had stakes in it,They do have stakes in it,Equivalent,2004
2004_d4b3c2d09edf80fcee957c5c5d47c93b,2004_1aae41964e4d9e097ee1ee6090c3a55c,T333,T331,The Arab countries have a stake in not having a civil war,They do have stakes in it,Support,2004
2004_98939b4d059f1bb489a2ecf1fc106117,2004_1aae41964e4d9e097ee1ee6090c3a55c,T334,T331,The European countries have a stake in not having total disorder on their doorstep,They do have stakes in it,Support,2004
2004_1aae41964e4d9e097ee1ee6090c3a55c,2004_5f2513a5c19b0eb998f57c0d5214cdc3,T331,T330,They do have stakes in it,what we need now is a president who understands how to bring these other countries together to recognize their stakes in this,Support,2004
2004_e601ee27f8743030447fa1bef350e402,2004_5f2513a5c19b0eb998f57c0d5214cdc3,T335,T330,this president hasn't even held the kind of statesman-like summits that pull people together and get them to invest in those states,what we need now is a president who understands how to bring these other countries together to recognize their stakes in this,Attack,2004
2004_8035cc0e091a846b6f594a965fee9463,2004_e601ee27f8743030447fa1bef350e402,T336,T335,he's done the opposite,this president hasn't even held the kind of statesman-like summits that pull people together and get them to invest in those states,Support,2004
2004_2fd04c294411b0f0597158066a3ce647,2004_8035cc0e091a846b6f594a965fee9463,T337,T336,He pushed them away,he's done the opposite,Support,2004
2004_124ab01f9de69b3af3bcd74b1cd12e86,2004_2fd04c294411b0f0597158066a3ce647,T338,T337,"When the Secretary General Kofi Annan offered the United Nations, he said, ""No, no, we'll go do this alone.""",He pushed them away,Support,2004
2004_ad407de846c9c99f3678c0f8b443d117,2004_fe8bf5d429f7093d2a9ad9aff4b3e403,T339,T340,"To save for Halliburton the spoils of the war, they actually issued a memorandum from the Defense Department saying, ""If you weren't with us in the war, don't bother applying for any construction.""",That's not a way to invite people,Support,2004
2004_fe8bf5d429f7093d2a9ad9aff4b3e403,2004_2fd04c294411b0f0597158066a3ce647,T340,T337,That's not a way to invite people,He pushed them away,Support,2004
2004_5114fbed64aeb11fbae0141774eb9884,2004_e0836ed586048fae5d08e15d76816619,T7,T341,the U.N. was invited in,That's totally absurd,Support,2004
2004_265f81b85ddd3571c4927dde0ab76611,2004_b956dcd6ed25d1fef9702d5980cbbc5a,T345,T344,What's he say to Tony Blair,My opponent says we didn't have any allies in this war,Attack,2004
2004_b283fc3bbcd8ad0c12418da36c3a8eeb,2004_b956dcd6ed25d1fef9702d5980cbbc5a,T346,T344,What's he say to Alexander Kwasniewski of Poland,My opponent says we didn't have any allies in this war,Attack,2004
2004_97f703d86239371b4285d359fd934ea2,2004_12835b813975a4f170c3078c0ad2e7fe,T9,T348,"what's the message going to be: ""Please join us in Iraq. For a grand diversion",he says the cornerstone of his plan to succeed in Iraq is to call upon nations to serve,Attack,2004
2004_145bdf07f8335aeea5ae035bf79c35d2,2004_12835b813975a4f170c3078c0ad2e7fe,T10,T348,oin us for a war that is the wrong war at the wrong place at the wrong time?,he says the cornerstone of his plan to succeed in Iraq is to call upon nations to serve,Attack,2004
2004_0e2ef1ee5ffc96550e2a5a81e38d2fe1,2004_1ec2710a3a27f8c4ef396716fac453cf,T350,T349,I deal with them all the time,I know how these people think,Support,2004
2004_c29c1529b80cacd1847af3cd420be2ff,2004_0e2ef1ee5ffc96550e2a5a81e38d2fe1,T351,T350,I sit down with the world leaders frequently and talk to them on the phone frequently,I deal with them all the time,Support,2004
2004_1ec2710a3a27f8c4ef396716fac453cf,2004_93b12af57ad09543014a92dae870f3a3,T349,T352,I know how these people think,"They're not going to follow somebody who says, ""This is the wrong war at the wrong place at the wrong time.""",Support,2004
2004_612c54de029a57ee3d636cc18ce0df91,2004_93b12af57ad09543014a92dae870f3a3,T353,T352,They're not going to follow somebody who says this is the wrong war at the wrong place at the wrong time,"They're not going to follow somebody who says, ""This is the wrong war at the wrong place at the wrong time.""",Equivalent,2004
2004_88f4aaef96d17fb541bcc27a06acd038,2004_6370950c429bb31ab2ca10701fe3adfb,T356,T355,there are summits being held,he says we ought to have a summit,Attack,2004
2004_4885dd8a78f3d16dd6bcebd379fe273f,2004_88f4aaef96d17fb541bcc27a06acd038,T357,T356,Japan is going to have a summit for the donors; $14 billion pledged,there are summits being held,Support,2004
2004_7f72b159f4e41cd4f668e3381ad8abcc,2004_88f4aaef96d17fb541bcc27a06acd038,T358,T356,"Prime Minister Koizumi is going to call countries to account, to get them to contribute",there are summits being held,Support,2004
2004_025a7d84a51540dc6ba5f96b407c3405,2004_88f4aaef96d17fb541bcc27a06acd038,T359,T356,"there's going to be an Arab summit, of the neighborhood countries",there are summits being held,Support,2004
2004_1f119df3eea7008a77ac21d0b5942a1e,2004_025a7d84a51540dc6ba5f96b407c3405,T360,T359,Colin Powell helped set up that summit,"there's going to be an Arab summit, of the neighborhood countries",Support,2004
2004_983cac73b7379719e28bc7b0b6b61082,2004_11a21f94d4476efbea123f64ff6c1850,T362,T363,"The United Nations, Kofi Annan offered help after Baghdad fell. And we never picked him up on that and did what was necessary to transfer authority and to transfer reconstruction",It was always American-run,Support,2004
2004_91627cf45ab8351a6e85e5d33a125c82,2004_da0c9a0bac4cd8441f9ff1300d0a07f1,T364,T365,"when we went in, there were three countries: Great Britain, Australia and the United States",That's not a grand coalition,Support,2004
2004_da0c9a0bac4cd8441f9ff1300d0a07f1,2004_00646282b2a488d206c381b5766f9a6b,T365,T366,That's not a grand coalition,We can do better,Support,2004
2004_11a21f94d4476efbea123f64ff6c1850,2004_3138bcb84540d51e83887abbc5e40ba5,T363,T342,It was always American-run,we support the U.N. efforts there,Attack,2004
2004_e0836ed586048fae5d08e15d76816619,2004_3138bcb84540d51e83887abbc5e40ba5,T341,T342,That's totally absurd,we support the U.N. efforts there,Support,2004
2004_3aed263c00a26f0179d0a3c1f19b1e15,2004_3138bcb84540d51e83887abbc5e40ba5,T8,T342,They pulled out after Sergio de Mello got killed,we support the U.N. efforts there,Support,2004
2004_d9736a90dad0b5ade48d3c10f1ec129e,2004_3138bcb84540d51e83887abbc5e40ba5,T343,T342,they're now back in helping with elections,we support the U.N. efforts there,Support,2004
2004_f0b6d8f189f149cd17d03a6320ae28b7,2004_91627cf45ab8351a6e85e5d33a125c82,T367,T364,he forgot Poland,"when we went in, there were three countries: Great Britain, Australia and the United States",Attack,2004
2004_4eef7c0d74061a647094aa7f24487f9b,2004_19b0f67c585791e1f0c6dcbac87d05bc,T369,T370,I don't appreciate it when a candidate for president denigrates the contributions of these brave soldiers,You cannot lead the world if you do not honor the contributions of those who are with us,Support,2004
2004_63717ffc64c68962942b4110a7a4646a,2004_19b0f67c585791e1f0c6dcbac87d05bc,T371,T370,He called them coerced and the bribed,You cannot lead the world if you do not honor the contributions of those who are with us,Support,2004
2004_c257541e5e5aefa52d98acdc367e02da,2004_63717ffc64c68962942b4110a7a4646a,T372,T371,That's not how you bring people together,He called them coerced and the bribed,Attack,2004
2004_b9213e10a77d43514322a2424a3b7645,2004_481d01a0ee228df22ea5c365c0943a1e,T368,T373,"now there's 30 nations involved, standing side by side with our American troops",Our coalition is strong,Support,2004
2004_481d01a0ee228df22ea5c365c0943a1e,2004_ed7312344b0dbd76e39ddae24bd46d20,T373,T374,Our coalition is strong,"It will remain strong, so long as I'm the president",Support,2004
2004_481d01a0ee228df22ea5c365c0943a1e,2004_00646282b2a488d206c381b5766f9a6b,T373,T366,Our coalition is strong,We can do better,Attack,2004
2004_3b87b8761d76b95747cb946ab0dbbba5,2004_5d8179e98727a1bd87a8e123bb1c1834,T379,T378,Tommy Franks did such a great job in planning the operations,"I mean, we thought we'd whip more of them going in",Support,2004
2004_ecd383ac306aa3e33b4b1f8d52a93438,2004_5d8179e98727a1bd87a8e123bb1c1834,T380,T378,we moved rapidly,"I mean, we thought we'd whip more of them going in",Support,2004
2004_81e7b28870f75f93cc34318eff1271e2,2004_5d8179e98727a1bd87a8e123bb1c1834,T381,T378,a lot of the Baathists and Saddam loyalists laid down their arms and disappeared,"I mean, we thought we'd whip more of them going in",Support,2004
2004_d49f89bdae0aeb47cac609f4cf2babff,2004_1d388e95ea1bc54538717a41c2baeb9d,T382,T383,we're fighting them now,it's hard work,Support,2004
2004_6062ab9d695213251cae5e96ef495d07,2004_1d388e95ea1bc54538717a41c2baeb9d,T384,T383,I understand how hard it is,it's hard work,Support,2004
2004_d514655c5b68d78e0169f8f0f9a93c67,2004_6062ab9d695213251cae5e96ef495d07,T385,T384,I get the casualty reports every day,I understand how hard it is,Support,2004
2004_71df3f15c960de8e7cf10a6f1373ddd9,2004_6062ab9d695213251cae5e96ef495d07,T386,T384,I see on the TV screens how hard it is,I understand how hard it is,Support,2004
2004_d6f8a0cf9592fc89d274e945df7c089a,2004_1d388e95ea1bc54538717a41c2baeb9d,T407,T383,it's necessary work,it's hard work,Attack,2004
2004_53be011783c78f5e4ed1ec0109250085,2004_bb5557060bc009e350bc27991f6fafb6,T388,T387,I know we won't achieve if we send mixed signals,I'm optimistic we'll achieve,Attack,2004
2004_a56cd12a18e59daa0c83c7056edebb2c,2004_bb5557060bc009e350bc27991f6fafb6,T389,T387,"I know we're not going to achieve our objective if we send mixed signals to our troops, our friends, the Iraqi citizens",I'm optimistic we'll achieve,Attack,2004
2004_a734c7d9b05ee959c5db3dd7f3858725,2004_2773aa5fd6678ff25ae5b11e71ccdbc1,T390,T1,The plan says there will be elections in January,there will be,Support,2004
2004_1329b2ad9081378c69c75dfe64127198,2004_ff7234a876807d73b8a3d727ebb0d743,T391,T393,The plan says we'll train Iraqi soldiers so they can do the hard work,we are,Support,2004
2004_7c0e7d875be5fe0031fdfb7dcc4dcc53,2004_ab762f4d196af1cd0dfb04d247b362f4,T395,T392,NATO is now helping,it's not only just America,Support,2004
2004_2c718695a2f1586990c7491b63f71645,2004_ab762f4d196af1cd0dfb04d247b362f4,T396,T392,Jordan's helping train police,it's not only just America,Support,2004
2004_b538cee99d95710b0352be9d9308ed4c,2004_ab762f4d196af1cd0dfb04d247b362f4,T397,T392,UAE is helping train police,it's not only just America,Support,2004
2004_e8e78dca8dc43997e792ec12d06678c1,2004_8e1a22b901bae85df54c255cfb24ec10,T398,T399,We've allocated $7 billion over the next months for reconstruction efforts,we're making progress there,Support,2004
2004_ab762f4d196af1cd0dfb04d247b362f4,2004_761562893eb4e5afdc2de33d46e8fc52,T392,T400,it's not only just America,our alliance is strong,Support,2004
2004_fd298e159e6485465441411fecc6c39f,2004_761562893eb4e5afdc2de33d46e8fc52,T401,T400,there's going to be a summit of the Arab nations,our alliance is strong,Support,2004
2004_0bbf373d1457d6f72695e8e55c58f6db,2004_761562893eb4e5afdc2de33d46e8fc52,T402,T400,Japan will be hosting a summit,our alliance is strong,Support,2004
2004_8e1a22b901bae85df54c255cfb24ec10,2004_705f2c3b4eac80ea1707d1239fc3b115,T399,T403,we're making progress there,We're making progress,Equivalent,2004
2004_09908142b8d5e5146cc0723ee84aef96,2004_1d388e95ea1bc54538717a41c2baeb9d,T404,T383,It is hard work,it's hard work,Equivalent,2004
2004_731a5e8010e369ce5a7dad139ddcabb6,2004_09908142b8d5e5146cc0723ee84aef96,T405,T404,It is hard work to go from a tyranny to a democracy,It is hard work,Support,2004
2004_c9c0ec3069bb3d92c9722103db08c658,2004_09908142b8d5e5146cc0723ee84aef96,T406,T404,"It's hard work to go from a place where people get their hands cut off, or executed, to a place where people are free",It is hard work,Support,2004
2004_ab5e59abe744e71b06c7bdb7aa3edb44,2004_09908142b8d5e5146cc0723ee84aef96,T3,T404,it's necessary work,It is hard work,Attack,2004
2004_ab5e59abe744e71b06c7bdb7aa3edb44,2004_f0b3735d64e1478c6f67f0a27e7e3a11,T3,T408,it's necessary work,a free Iraq is going to make this world a more peaceful place,Support,2004
2004_ab5e59abe744e71b06c7bdb7aa3edb44,2004_d6f8a0cf9592fc89d274e945df7c089a,T3,T407,it's necessary work,it's necessary work,Equivalent,2004
2004_ff7234a876807d73b8a3d727ebb0d743,2004_8e1a22b901bae85df54c255cfb24ec10,T393,T399,we are,we're making progress there,Support,2004
2004_2773aa5fd6678ff25ae5b11e71ccdbc1,2004_8e1a22b901bae85df54c255cfb24ec10,T1,T399,there will be,we're making progress there,Support,2004
2004_92b0fa8a72a8eda9a863876916b93db6,2004_8c6e54ba854cfbdb47a635bffba9e24b,T855,T409,he would still have done everything the same way,I think troubles a lot of people in our country is that the president has just sort of described one kind of mistake,Support,2004
2004_b09fb23fe5c563f6f8ba787c25adf3ee,2004_8c6e54ba854cfbdb47a635bffba9e24b,T410,T409,"what he has said is that, even knowing there were no weapons of mass destruction",I think troubles a lot of people in our country is that the president has just sort of described one kind of mistake,Support,2004
2004_7c1d0ad5fe59fefac0d81153027073dd,2004_8c6e54ba854cfbdb47a635bffba9e24b,T853,T409,even knowing there was no imminent threat,I think troubles a lot of people in our country is that the president has just sort of described one kind of mistake,Support,2004
2004_c876fd1becaa25658e689087ea5cf9b4,2004_8c6e54ba854cfbdb47a635bffba9e24b,T854,T409,even knowing there was no connection with Al Qaida,I think troubles a lot of people in our country is that the president has just sort of described one kind of mistake,Support,2004
2004_02bdffc9766ffb238713c19a69eacb97,2004_92b0fa8a72a8eda9a863876916b93db6,T411,T855,Those are his words,he would still have done everything the same way,Support,2004
2004_c9507c7db8a1d9e30d6ed0305b1aabcd,2004_8c6e54ba854cfbdb47a635bffba9e24b,T412,T409,I would not,I think troubles a lot of people in our country is that the president has just sort of described one kind of mistake,Attack,2004
2004_9d100dfe99f2c2e0d8a8f4c91cce1cf6,2004_2f8f3b51af125e27a87d1dd5ccb9ff74,T413,T347,The president says that I'm denigrating these troops,You can't expect to build an alliance when you denigrate the contributions of those who are serving side by side with American troops in Iraq,Attack,2004
2004_deabb42fae15b9325bc8c49b5ceeab49,2004_700387cad4274c5f4edb9bb8a6f806cc,T419,T416,"the most troops any other country has on the ground is Great Britain, with 8,300",we have a genuine coalition to get this job done,Attack,2004
2004_c19b115df5ccf24d1a97a8c24949b439,2004_700387cad4274c5f4edb9bb8a6f806cc,T418,T416,"below that the four others are below 4,000",we have a genuine coalition to get this job done,Attack,2004
2004_3c034ebe57c0a955d75b1db1883032e7,2004_700387cad4274c5f4edb9bb8a6f806cc,T417,T416,"below that, there isn't anybody out of the hundreds",we have a genuine coalition to get this job done,Attack,2004
2004_700387cad4274c5f4edb9bb8a6f806cc,2004_9d100dfe99f2c2e0d8a8f4c91cce1cf6,T416,T413,we have a genuine coalition to get this job done,The president says that I'm denigrating these troops,Attack,2004
2004_cc667c523ab8b96e2428bdeda36093fa,2004_ee119ea8c20e7cb51ba161b2bab7aa76,T421,T425,"today, we are 90 percent of the casualties and 90 percent of the costs",I'll change that,Support,2004
2004_6dcd0f01fbde5fe9feb54979689c91ae,2004_f1534daf95fd5650b515db396cb22707,T424,T423,They have,"The president is the one that said, ""We can't allow countries to get nuclear weapons.""",Attack,2004
2004_c74b95997b177c98054f358de87e65d2,2004_6dcd0f01fbde5fe9feb54979689c91ae,T422,T424,"meanwhile, North Korea has got nuclear weapons",They have,Support,2004
2004_6dcd0f01fbde5fe9feb54979689c91ae,2004_ee119ea8c20e7cb51ba161b2bab7aa76,T424,T425,They have,I'll change that,Support,2004
2004_a0fb756bd7f6d4ca8cfe0933e7ef3d12,2004_2387d9dacbd00fe69a379266b98345fd,T986,T985,I have made a lot of decisions,"some of them little, like appointments to boards you never heard of",Support,2004
2004_2387d9dacbd00fe69a379266b98345fd,2004_275c17dfbd85af765af1090deff2d15d,T985,T984,"some of them little, like appointments to boards you never heard of",some of them big,Support,2004
2004_275c17dfbd85af765af1090deff2d15d,2004_5a84a1b321dcc1dfaff5f79ba26795b3,T984,T987,some of them big,"in a war, there's a lot of -- there's a lot of tactical decisions that historians will look back and say: He shouldn't have done that",Support,2004
2004_bc201f11c1452189c4197e068c2638a1,2004_5a84a1b321dcc1dfaff5f79ba26795b3,T988,T987,He shouldn't have made that decision,"in a war, there's a lot of -- there's a lot of tactical decisions that historians will look back and say: He shouldn't have done that",Support,2004
2004_ce511029b558a6909e8c7c372c5296be,2004_74134686612a16d11a1eb0a2af4aa1ce,T989,T983,I'm human,I'll take responsibility for them,Support,2004
2004_3ab19a1f3b4660fe68e440478404e62a,2004_fe9c9ffd3057c82efec2e2daeb5d7649,T977,T978,I think they're right,"on the big questions, about whether or not we should have gone into Afghanistan, the big question about whether we should have removed somebody in Iraq, I'll stand by those decisions",Support,2004
2004_5a84a1b321dcc1dfaff5f79ba26795b3,2004_74134686612a16d11a1eb0a2af4aa1ce,T987,T983,"in a war, there's a lot of -- there's a lot of tactical decisions that historians will look back and say: He shouldn't have done that",I'll take responsibility for them,Support,2004
2004_fe9c9ffd3057c82efec2e2daeb5d7649,2004_5a84a1b321dcc1dfaff5f79ba26795b3,T978,T987,"on the big questions, about whether or not we should have gone into Afghanistan, the big question about whether we should have removed somebody in Iraq, I'll stand by those decisions","in a war, there's a lot of -- there's a lot of tactical decisions that historians will look back and say: He shouldn't have done that",Attack,2004
2004_0263797712daf049f82e0e7727138f7b,2004_cd160996e4a84d0d77dc06d0505b8bad,T990,T1,It was the right decision,", ""Did you make a mistake going into Iraq?"" And the answer is, ""Absolutely not.""",Support,2004
2004_cd160996e4a84d0d77dc06d0505b8bad,2004_fe9c9ffd3057c82efec2e2daeb5d7649,T1,T978,", ""Did you make a mistake going into Iraq?"" And the answer is, ""Absolutely not.""","on the big questions, about whether or not we should have gone into Afghanistan, the big question about whether we should have removed somebody in Iraq, I'll stand by those decisions",Support,2004
2004_8de055c197fb222b0d0b53c6b9712477,2004_05394b637a7c2ea6255f6696061a7300,T992,T991,what Saddam Hussein was doing was trying to get rid of sanctions so he could reconstitute a weapons program,The Duelfer report confirmed that decision today,Support,2004
2004_80c2e29c9dbb064f7b9cd75efe4ad643,2004_8de055c197fb222b0d0b53c6b9712477,T993,T992,the biggest threat facing America is terrorists with weapons of mass destruction,what Saddam Hussein was doing was trying to get rid of sanctions so he could reconstitute a weapons program,Support,2004
2004_07b9f0f60becdb85df84e4d3598b6ed6,2004_c4ea2949e2563e0ea5341ae72235a87d,T994,T995,We knew he hated us,We knew he'd been -- invaded other countries,Support,2004
2004_c4ea2949e2563e0ea5341ae72235a87d,2004_e9a5d7e40eda970d057f40c7da6d78c3,T995,T996,We knew he'd been -- invaded other countries,We knew he tortured his own people,Support,2004
2004_e9a5d7e40eda970d057f40c7da6d78c3,2004_cd160996e4a84d0d77dc06d0505b8bad,T996,T1,We knew he tortured his own people,", ""Did you make a mistake going into Iraq?"" And the answer is, ""Absolutely not.""",Support,2004
2004_05394b637a7c2ea6255f6696061a7300,2004_0263797712daf049f82e0e7727138f7b,T991,T990,The Duelfer report confirmed that decision today,It was the right decision,Support,2004
2004_2b3d8a0a2b6bfa682dd3ee29d201e1dd,2004_406656a94c2e871474d2ed56ef932c1c,T998,T997,"On the tax cut, it's a big decision",I did the right decision,Support,2004
2004_d3b34520786387a0b0d1902a7dc3b814,2004_406656a94c2e871474d2ed56ef932c1c,T999,T997,Our recession was one of the shallowest in modern history,I did the right decision,Support,2004
2004_74134686612a16d11a1eb0a2af4aa1ce,2004_9abfa1278a36977205f246995b205fae,T983,T980,I'll take responsibility for them,I'm fully prepared to accept any mistakes that history judges to my administration,Support,2004
2004_47983bb343af050e6047d429d1877ff5,2004_9abfa1278a36977205f246995b205fae,T981,T980,the president makes the decisions,I'm fully prepared to accept any mistakes that history judges to my administration,Support,2004
2004_b3f48d380e670c63220c709df365547b,2004_9abfa1278a36977205f246995b205fae,T982,T980,the president has to take the responsibility,I'm fully prepared to accept any mistakes that history judges to my administration,Support,2004
2004_9e9ae81ff2033a417e7ae07ece2d9515,2004_9abfa1278a36977205f246995b205fae,T1000,T980,"I believe the president made a huge mistake, a catastrophic mistake, not to live up to his own standard, which was: build a true global coalition, give the inspectors time to finish their job and go through the U.N. process to its end and go to war as a last resort",I'm fully prepared to accept any mistakes that history judges to my administration,Attack,2004
2004_a4916638d70551627de720a0ed6af90f,2004_ad5971d88ee87b6252de5b8fdd6b9300,T2,T1001,Was this really going to war as a last resort?,The president rushed our nation to war without a plan to win the peace,Support,2004
2004_ad5971d88ee87b6252de5b8fdd6b9300,2004_9e9ae81ff2033a417e7ae07ece2d9515,T1001,T1000,The president rushed our nation to war without a plan to win the peace,"I believe the president made a huge mistake, a catastrophic mistake, not to live up to his own standard, which was: build a true global coalition, give the inspectors time to finish their job and go through the U.N. process to its end and go to war as a last resort",Support,2004
2004_077e424dbe957f0ee15785b38f9df7ef,2004_b79d6d358bd88665309f32b5f23ca0fc,T1002,T1003,simple things weren't done,That's why Senator Lugar says: incompetent in the delivery of services,Support,2004
2004_b79d6d358bd88665309f32b5f23ca0fc,2004_6b6673fecf68b6c7df3597564128e8d9,T1003,T1004,That's why Senator Lugar says: incompetent in the delivery of services,"That's why Senator Hagel, Republican, says, you know: beyond pitiful, beyond embarrassing, in the zone of dangerous",Support,2004
2004_aefbcc347b7a5c8a4ee8c1e2e9392c74,2004_b79d6d358bd88665309f32b5f23ca0fc,T1005,T1003,"We didn't guard 850,000 tons of ammo",That's why Senator Lugar says: incompetent in the delivery of services,Support,2004
2004_8ae2b16687f57f6c336db683cdbf6a68,2004_aefbcc347b7a5c8a4ee8c1e2e9392c74,T1006,T1005,That ammo is now being used against our kids,"We didn't guard 850,000 tons of ammo",Support,2004
2004_405623d8e5f694a6e9c2bfba82340e95,2004_45dff3a491cb73cb0e4ce4a5cb49516d,T1013,T1012,that's an excuse,"you can't say, because Saddam might have done it 10 years from now, that's a reason",Attack,2004
2004_a4ef79ddf4f749071560e1b5e68938ec,2004_45dff3a491cb73cb0e4ce4a5cb49516d,T1011,T1012,There is no bigger judgment for a president of the United states than how you take a nation to war,"you can't say, because Saddam might have done it 10 years from now, that's a reason",Attack,2004
2004_b79d6d358bd88665309f32b5f23ca0fc,2004_9e9ae81ff2033a417e7ae07ece2d9515,T1003,T1000,That's why Senator Lugar says: incompetent in the delivery of services,"I believe the president made a huge mistake, a catastrophic mistake, not to live up to his own standard, which was: build a true global coalition, give the inspectors time to finish their job and go through the U.N. process to its end and go to war as a last resort",Support,2004
2004_6b6673fecf68b6c7df3597564128e8d9,2004_9e9ae81ff2033a417e7ae07ece2d9515,T1004,T1000,"That's why Senator Hagel, Republican, says, you know: beyond pitiful, beyond embarrassing, in the zone of dangerous","I believe the president made a huge mistake, a catastrophic mistake, not to live up to his own standard, which was: build a true global coalition, give the inspectors time to finish their job and go through the U.N. process to its end and go to war as a last resort",Support,2004
2004_f830d9538cb568a0d740561cc77ddae8,2004_4bdd6565e9cfe144f9f90981db2fc7c0,T1008,T1007,"I visited some of those kids with no limbs today, because they didn't have the armor on those vehicles","Ten thousand out of 12,000 Humvees aren't armored",Support,2004
2004_671dee0e748189ed60a9ecd75fd493b8,2004_f830d9538cb568a0d740561cc77ddae8,T1009,T1008,They didn't have the right body armor,"I visited some of those kids with no limbs today, because they didn't have the armor on those vehicles",Support,2004
2004_8bb9944445af367e920b5ae751eb9f45,2004_671dee0e748189ed60a9ecd75fd493b8,T1010,T1009,I've met parents who've on the Internet gotten the armor to send their kids,They didn't have the right body armor,Support,2004
2004_4bdd6565e9cfe144f9f90981db2fc7c0,2004_b79d6d358bd88665309f32b5f23ca0fc,T1007,T1003,"Ten thousand out of 12,000 Humvees aren't armored",That's why Senator Lugar says: incompetent in the delivery of services,Support,2004
2004_95ab93232d9469bd19e4ecf55c9bcc5f,2004_f830d9538cb568a0d740561cc77ddae8,T1015,T1008,"He complains about the fact our troops don't have adequate equipment, yet he voted against the $87 billion supplemental I sent to the Congress","I visited some of those kids with no limbs today, because they didn't have the armor on those vehicles",Attack,2004
2004_95ab93232d9469bd19e4ecf55c9bcc5f,2004_7b7f15be83287d70c1d828ace977dd59,T1015,T1016,"He complains about the fact our troops don't have adequate equipment, yet he voted against the $87 billion supplemental I sent to the Congress","then issued one of the most amazing quotes in political history: ""I actually did vote for the $87 billion before I voted against it.""",Attack,2004
2004_399e5a16d18bebc07fb1cae1871654db,2004_405623d8e5f694a6e9c2bfba82340e95,T1017,T1013,Saddam Hussein was a risk to our country,that's an excuse,Attack,2004
2004_a6f36ea6b3ac994712c7e1b76dc07f01,2004_f9841c9098891b7d311d078c6951296a,T4,T1014,"Not necessarily be in power, but here's what I'll say about the $87 billion",Saddam would still be in power if he were the president of the United States,Attack,2004
2004_a6f36ea6b3ac994712c7e1b76dc07f01,2004_0df63f2c6f637bb75ccb554925b88d6d,T4,T1018,"Not necessarily be in power, but here's what I'll say about the $87 billion",I made a mistake in the way I talk about it,Attack,2004
2004_3f962c50ca9399d0d9a4afab296d1efe,2004_9abfa1278a36977205f246995b205fae,T1019,T980,He made a mistake in invading Iraq,I'm fully prepared to accept any mistakes that history judges to my administration,Attack,2004
2004_045c125e47176dc8ccee1685754b2ebf,2004_9bf63ea9d89b7d200feaf2376173559f,T1021,T1020,I didn't want to give a slush fund to Halliburton,I voted the way I voted because I saw that he had the policy wrong and I wanted accountability,Support,2004
2004_20a454faf487c47581848d7c2d4c42e7,2004_5f982a5c5e95bdb9ee85b8f60953e5dc,T1022,T1023,I also thought the wealthiest people in America ought to pay for it,He wants your kids to pay for it,Attack,2004
2004_8bae655e05b2cb103e418983c89cc4f5,2004_257146f81f159d674afacb48f3d806ca,T1026,T1024,I don't think that's a bad decision,I wanted us to pay for it,Support,2004
2004_d0a9dbaa75657f60b677f311cf8b37e7,2004_257146f81f159d674afacb48f3d806ca,T1025,T1024,we're at war,I wanted us to pay for it,Support,2004
2004_257146f81f159d674afacb48f3d806ca,2004_5f982a5c5e95bdb9ee85b8f60953e5dc,T1024,T1023,I wanted us to pay for it,He wants your kids to pay for it,Attack,2004
2004_6445ec4ac37ccb8dfaeb2c436a4e9baa,2004_3f962c50ca9399d0d9a4afab296d1efe,T5,T1019,Which is a worse decision,He made a mistake in invading Iraq,Attack,2004
2004_20a454faf487c47581848d7c2d4c42e7,2004_9bf63ea9d89b7d200feaf2376173559f,T1022,T1020,I also thought the wealthiest people in America ought to pay for it,I voted the way I voted because I saw that he had the policy wrong and I wanted accountability,Support,2004
2004_257146f81f159d674afacb48f3d806ca,2004_20a454faf487c47581848d7c2d4c42e7,T1024,T1022,I wanted us to pay for it,I also thought the wealthiest people in America ought to pay for it,Support,2004
2004_8bae655e05b2cb103e418983c89cc4f5,2004_9bf63ea9d89b7d200feaf2376173559f,T1026,T1020,I don't think that's a bad decision,I voted the way I voted because I saw that he had the policy wrong and I wanted accountability,Support,2004
2004_0df63f2c6f637bb75ccb554925b88d6d,2004_7b7f15be83287d70c1d828ace977dd59,T1018,T1016,I made a mistake in the way I talk about it,"then issued one of the most amazing quotes in political history: ""I actually did vote for the $87 billion before I voted against it.""",Attack,2004
2004_53dc21eb1cad7b7b3984512a6c4e612d,2004_4d00dae5332aac3b632e6421f171b661,T193,T194,I've made some decisions that have caused people to not understand the great values of our country,I love our values,Attack,2004
2004_a256a78005faa763f149fd81e6140e47,2004_ca4bd982247c0e339437d6f1aac5428a,T195,T196,I remember when Ronald Reagan was the president,he stood on principle,Support,2004
2004_ca4bd982247c0e339437d6f1aac5428a,2004_36f95f9f3f685c934b3469ebf5050491,T196,T197,he stood on principle,Somebody called that stubborn,Support,2004
2004_36f95f9f3f685c934b3469ebf5050491,2004_a3e884600dfd8231cd99273904832d97,T197,T198,Somebody called that stubborn,"He stood on principle standing up to the Soviet Union, and we won that conflict",Support,2004
2004_a3e884600dfd8231cd99273904832d97,2004_a603c7b46204d8b87d88d73c083b314a,T198,T199,"He stood on principle standing up to the Soviet Union, and we won that conflict","at the same time, he was very -- we were very unpopular in Europe because of the decisions he made",Support,2004
2004_b179441de4a3a453da85a4005eb1bd88,2004_7bed5f4b22d0726b21a853fd51963fbe,T200,T201,I recognize that taking Saddam Hussein out was unpopular,I made the decision because I thought it was in the right interests of our security,Support,2004
2004_a3f6992837929cbbcd2bd5d052d37d63,2004_fd0db287568582d50bcb23d87546bb6e,T203,T202,I wouldn't deal with Arafat,I've made some decisions on Israel that's unpopular,Support,2004
2004_bdaaf83fd5009c626847fcb75cdf5d0d,2004_a3f6992837929cbbcd2bd5d052d37d63,T204,T203,I felt like he had let the former president down,I wouldn't deal with Arafat,Support,2004
2004_d00b2eeff703f548f6cd134c6d5c66a0,2004_a3f6992837929cbbcd2bd5d052d37d63,T205,T203,I don't think he's the kind of person that can lead toward a Palestinian state,I wouldn't deal with Arafat,Support,2004
2004_03cf6bef8671bbd5a5bbbdd4ffbc905c,2004_fd0db287568582d50bcb23d87546bb6e,T206,T202,people in Europe didn't like that decision,I've made some decisions on Israel that's unpopular,Support,2004
2004_99cbdfdd00ef4f7d251b928d9e18b388,2004_03cf6bef8671bbd5a5bbbdd4ffbc905c,T207,T206,that was unpopular,people in Europe didn't like that decision,Support,2004
2004_31a0d3a91b6565471533163e2c7888bf,2004_fd0db287568582d50bcb23d87546bb6e,T208,T202,it was the right thing to do,I've made some decisions on Israel that's unpopular,Attack,2004
2004_6bff80cd642e5df706100d89fd8f9c25,2004_f4ad336a778eadad079ba7bab64c6dcb,T214,T213,leadership that would be willing to reject terrorism,I know they need leadership that's committed to a democracy and freedom,Support,2004
2004_29a696df06fa8d8fb538ec8a031ebea4,2004_f4ad336a778eadad079ba7bab64c6dcb,T209,T213,I believe Palestinians ought to have a state,I know they need leadership that's committed to a democracy and freedom,Support,2004
2004_87bea78ecff469a7f5a96705e92f1e0e,2004_f35ee0e7b0465d124f9dc3d1a9b18d15,T212,T210,"I made a decision not to join the International Criminal Court in The Hague, which is where our troops could be brought to -- brought in front of a judge, an unaccounted judge",I don't think we ought to join that,Support,2004
2004_5edbba315d7e9f284259470ccc257c67,2004_f35ee0e7b0465d124f9dc3d1a9b18d15,T211,T210,That was unpopular,I don't think we ought to join that,Support,2004
2004_f35ee0e7b0465d124f9dc3d1a9b18d15,2004_4e056a0c4ef814bed3f6ceee7bcccef1,T210,T215,I don't think we ought to join that,sometimes in this world you make unpopular decisions because you think they're right,Support,2004
2004_31a0d3a91b6565471533163e2c7888bf,2004_4e056a0c4ef814bed3f6ceee7bcccef1,T208,T215,it was the right thing to do,sometimes in this world you make unpopular decisions because you think they're right,Support,2004
2004_fd0db287568582d50bcb23d87546bb6e,2004_4e056a0c4ef814bed3f6ceee7bcccef1,T202,T215,I've made some decisions on Israel that's unpopular,sometimes in this world you make unpopular decisions because you think they're right,Support,2004
2004_d1263a9f258838117e300e3ba5a5424d,2004_ee31a9ea58d6706fc648aa16779a12f0,T219,T221,"there is 30 nations involved in Iraq, some 40 nations involved in Afghanistan",Sometimes they don't like the decisions made by America,Support,2004
2004_22cda52e883b072ceeb4fa357c1afec7,2004_ee31a9ea58d6706fc648aa16779a12f0,T220,T221,People love America,Sometimes they don't like the decisions made by America,Support,2004
2004_ee31a9ea58d6706fc648aa16779a12f0,2004_eb9f0589d2c026416178465b44c36c2c,T221,T216,Sometimes they don't like the decisions made by America,I don't think you want a president who tries to become popular and does the wrong thing,Support,2004
2004_595119bc81edd54d89ca0bfe3178b28a,2004_eb9f0589d2c026416178465b44c36c2c,T217,T216,You don't want to join the International Criminal Court just because it's popular in certain capitals in Europe,I don't think you want a president who tries to become popular and does the wrong thing,Support,2004
2004_185b2e863fef292ea054e94a2fa6f8a3,2004_bc9ef86a5d2ab54f9cf17261bd2e703f,T223,T222,"The president stood right here in this hall four years ago, and he was asked a question by somebody just like you, ""Under what circumstances would you send people to war?""",every part of the president's answer just now promises you more of the same over the next four years,Support,2004
2004_6cf93acd6fdd574833e5d54450c7f2a7,2004_185b2e863fef292ea054e94a2fa6f8a3,T224,T223,"his answer was, ""With a viable exit strategy and only with enough forces to get the job done.""","The president stood right here in this hall four years ago, and he was asked a question by somebody just like you, ""Under what circumstances would you send people to war?""",Support,2004
2004_37fee0bf438db6513950a00b164181b1,2004_6cf93acd6fdd574833e5d54450c7f2a7,T225,T224,He didn't do that,"his answer was, ""With a viable exit strategy and only with enough forces to get the job done.""",Attack,2004
2004_3a5725d90a0276635c4e5e02979cf2a5,2004_37fee0bf438db6513950a00b164181b1,T226,T225,He broke that promise,He didn't do that,Support,2004
2004_125d51c927a75dad9c5d23981a436bb0,2004_6cf93acd6fdd574833e5d54450c7f2a7,T227,T224,We didn't have enough forces,"his answer was, ""With a viable exit strategy and only with enough forces to get the job done.""",Attack,2004
2004_3a5725d90a0276635c4e5e02979cf2a5,2004_125d51c927a75dad9c5d23981a436bb0,T226,T227,He broke that promise,We didn't have enough forces,Support,2004
2004_37fee0bf438db6513950a00b164181b1,2004_125d51c927a75dad9c5d23981a436bb0,T225,T227,He didn't do that,We didn't have enough forces,Support,2004
2004_98176da73020d06a8190f725e5c434cd,2004_aba9fc83768e7b67c18c8603f9d076b3,T228,T229,"General Shinseki, the Army chief of staff, told him he was going to need several hundred thousand",They retired General Shinseki for telling him that,Support,2004
2004_aba9fc83768e7b67c18c8603f9d076b3,2004_55cec74fa52268ed11832d164e1c3aa6,T229,T230,They retired General Shinseki for telling him that,This president hasn't listened,Support,2004
2004_4bdcf6cb2ea4f765066ec43615ce898b,2004_ac57051bac6b191806c4a2c7ea5bfb21,T231,T232,I went to meet with the members of the Security Council in the week before we voted,I went to New York,Support,2004
2004_ac57051bac6b191806c4a2c7ea5bfb21,2004_185fc1dd8b4f8951c720e337577b61e9,T232,T233,I went to New York,I talked to all of them to find out how serious they were about really holding Saddam Hussein accountable,Support,2004
2004_7f2ce34d0f0ddaf39b82d4a4e00f1d77,2004_b5c041f8cae388064823dff1eecb8cd7,T235,T236,if we worked at it,if we were ready to work and letting Hans Blix do his job and thoroughly go through the inspections,Support,2004
2004_b5c041f8cae388064823dff1eecb8cd7,2004_9f068ec4ea5949c87af6ddaea13e3f81,T236,T237,if we were ready to work and letting Hans Blix do his job and thoroughly go through the inspections,if push came to shove,Support,2004
2004_9f068ec4ea5949c87af6ddaea13e3f81,2004_78f93952c17cd5374d5889fdffda6686,T237,T2,if push came to shove,they'd be there with us,Support,2004
2004_185fc1dd8b4f8951c720e337577b61e9,2004_78f93952c17cd5374d5889fdffda6686,T233,T2,I talked to all of them to find out how serious they were about really holding Saddam Hussein accountable,they'd be there with us,Support,2004
2004_3d9e115be2e3bdac831bb769d0c82e9e,2004_78f93952c17cd5374d5889fdffda6686,T238,T2,"the president just arbitrarily brought the hammer down and said, ""Nope. Sorry, time for diplomacy is over. We're going.""",they'd be there with us,Attack,2004
2004_9a0d7ec7064ae22058289917ec34c439,2004_06d7d133c1239dec44e93bd56eca0c0c,T240,T239,"Ladies and gentleman, he gave you a speech and told you he'd plan carefully",He rushed to war without a plan to win the peace,Support,2004
2004_b74e37a8687891f9df6479a10a0cdf1a,2004_9a0d7ec7064ae22058289917ec34c439,T241,T240,take every precaution,"Ladies and gentleman, he gave you a speech and told you he'd plan carefully",Support,2004
2004_3ea4dfb8b21a46bc8186cb83518f3f32,2004_9a0d7ec7064ae22058289917ec34c439,T242,T240,take our allies with us,"Ladies and gentleman, he gave you a speech and told you he'd plan carefully",Support,2004
2004_9a72f8f92e81560751f8ca4f3b1d253d,2004_9a0d7ec7064ae22058289917ec34c439,T1,T240,He didn't,"Ladies and gentleman, he gave you a speech and told you he'd plan carefully",Attack,2004
2004_9a72f8f92e81560751f8ca4f3b1d253d,2004_731b1396047443a47a12f20100bb8471,T1,T244,He didn't,He broke his word,Support,2004
2004_9a72f8f92e81560751f8ca4f3b1d253d,2004_b74e37a8687891f9df6479a10a0cdf1a,T1,T241,He didn't,take every precaution,Attack,2004
2004_9a72f8f92e81560751f8ca4f3b1d253d,2004_3ea4dfb8b21a46bc8186cb83518f3f32,T1,T242,He didn't,take our allies with us,Attack,2004
2004_76eae9d675f493f18a74799ab35dccab,2004_901790392412b67dac871826d09a5685,T248,T249,"I remember sitting in the White House looking at those generals, saying, ""Do you have what you need in this war? Do you have what it takes?""","I remember going down to the basement of the White House the day we committed our troops as last resort, looking at Tommy Franks and the generals on the ground, asking them, ""Do we have the right plan with the right troop level?""",Support,2004
2004_901790392412b67dac871826d09a5685,2004_b5377433ff44a69993435948da608cc7,T249,T250,"I remember going down to the basement of the White House the day we committed our troops as last resort, looking at Tommy Franks and the generals on the ground, asking them, ""Do we have the right plan with the right troop level?""","they looked me in the eye and said, ""Yes, sir, Mr. President.""",Support,2004
2004_b5377433ff44a69993435948da608cc7,2004_96c0d9815a1fe7a10659ca018e236a97,T250,T247,"they looked me in the eye and said, ""Yes, sir, Mr. President.""",I listen to our generals,Support,2004
2004_7dbfbf1bf9c8555b7c4abf3e1b859808,2004_96c0d9815a1fe7a10659ca018e236a97,T246,T247,That's what a president does,I listen to our generals,Support,2004
2004_96c0d9815a1fe7a10659ca018e236a97,2004_4d8b5f592f9f192a1e73ee2b4e5346c3,T247,T245,I listen to our generals,A president sets the strategy and relies upon good military people to execute that strategy,Support,2004
2004_7dbfbf1bf9c8555b7c4abf3e1b859808,2004_4d8b5f592f9f192a1e73ee2b4e5346c3,T246,T245,That's what a president does,A president sets the strategy and relies upon good military people to execute that strategy,Support,2004
2004_004c08e432ee1256a7b28d09ce9c25fd,2004_0271664887145decd67ce336dd80dc7f,T257,T258,winning the peace is larger than just the military component,You rely on good military people to execute the military component of the strategy,Attack,2004
2004_0c7b726a6c9a4d52ecbcd3d9187d64c2,2004_d0e51d036dbe43d0b8937a293ca5ade0,T260,T259,The military's job is to win the war,"General Shinseki had the wisdom to say, ""You're going to need several hundred thousand troops to win the peace.""",Support,2004
2004_972bffb43c4b04e484dbf27bd70bbd82,2004_d0e51d036dbe43d0b8937a293ca5ade0,T261,T259,A president's job is to win the peace,"General Shinseki had the wisdom to say, ""You're going to need several hundred thousand troops to win the peace.""",Support,2004
2004_524b4f7c94a99c48e5a46ad5c7bf4e2c,2004_d0e51d036dbe43d0b8937a293ca5ade0,T251,T259,The president did not do what was necessary,"General Shinseki had the wisdom to say, ""You're going to need several hundred thousand troops to win the peace.""",Attack,2004
2004_d22fd555cc1bf7e375e25d5413335fd8,2004_524b4f7c94a99c48e5a46ad5c7bf4e2c,T252,T251,Didn't bring in enough nation,The president did not do what was necessary,Support,2004
2004_55f42bb6c8e6d8839cb3f765b0f7109b,2004_524b4f7c94a99c48e5a46ad5c7bf4e2c,T253,T251,Didn't deliver the help,The president did not do what was necessary,Support,2004
2004_edd3785d54b300e177dfe247207b001a,2004_524b4f7c94a99c48e5a46ad5c7bf4e2c,T254,T251,Didn't close off the borders,The president did not do what was necessary,Support,2004
2004_73617c65e30c8225ea83b75a0b540835,2004_524b4f7c94a99c48e5a46ad5c7bf4e2c,T255,T251,Didn't even guard the ammo dumps,The president did not do what was necessary,Support,2004
2004_257ed64e29893670f5d3faa009d65a1d,2004_73617c65e30c8225ea83b75a0b540835,T256,T255,now our kids are being killed with ammos right out of that dump,Didn't even guard the ammo dumps,Support,2004
2004_6b1e66e78c6414576b1e47becafdb393,2004_86c75e1f4a7dd821cfb6f70685418102,T828,T829,I really don't think your rights are being watered down,I wouldn't support it if I thought that,Attack,2004
2004_fa49e25dfceeacf1e948a1e41439007b,2004_685555df90ab0dfb39f5c7ed9b0ea3ca,T831,T832,"Every action being taken against terrorists requires court order, requires scrutiny",the tools now given to the terrorist fighters are the same tools that we've been using against drug dealers and white-collar criminals,Support,2004
2004_31aee1f4811642647e6fcd30042b05ca,2004_6b1e66e78c6414576b1e47becafdb393,T830,T828,I really don't think so,I really don't think your rights are being watered down,Support,2004
2004_31aee1f4811642647e6fcd30042b05ca,2004_685555df90ab0dfb39f5c7ed9b0ea3ca,T830,T832,I really don't think so,the tools now given to the terrorist fighters are the same tools that we've been using against drug dealers and white-collar criminals,Attack,2004
2004_31aee1f4811642647e6fcd30042b05ca,2004_4625c000bb444afa1b2359ac7b039468,T830,T1,I really don't think so,I hope you don't think that,Attack,2004
2004_4625c000bb444afa1b2359ac7b039468,2004_e4a46af6b7f3bceb42b364ed31166c27,T1,T2,I hope you don't think that,"because I think whoever is the president must guard your liberties, must not erode your rights in America.",Support,2004
2004_e4a46af6b7f3bceb42b364ed31166c27,2004_d754ac6b4fa22b53a578d197ea4ca2e5,T2,T833,"because I think whoever is the president must guard your liberties, must not erode your rights in America.",The Patriot Act is necessary,Support,2004
2004_01300929e6818147181c8628b58ce3c6,2004_d09ec62b9a335bfeb110113fad7e6df3,T835,T834,The intelligence-gathering and the law-enforcement arms of the FBI just couldn't share intelligence under the old law,parts of the FBI couldn't talk to each other,Support,2004
2004_d09ec62b9a335bfeb110113fad7e6df3,2004_d754ac6b4fa22b53a578d197ea4ca2e5,T834,T833,parts of the FBI couldn't talk to each other,The Patriot Act is necessary,Support,2004
2004_57621ba04c9859e9423ba166bbeb91f1,2004_d09ec62b9a335bfeb110113fad7e6df3,T836,T834,that didn't make any sense,parts of the FBI couldn't talk to each other,Attack,2004
2004_6b1e66e78c6414576b1e47becafdb393,2004_151f4449f107418288d1bee558d7fd6b,T828,T839,I really don't think your rights are being watered down,I don't think the Patriot Act abridges your rights at all,Support,2004
2004_bbcc23d6ed8b92bef35bfd8e1dd33cf4,2004_a228fc6d5e3678a39e51b468b69cd2bd,T838,T837,That's the task of the 21st century,Our law enforcement must have every tool necessary to find and disrupt terrorists at home and abroad before they hurt us again,Support,2004
2004_ca26efcc45767d28564f0a5120c7457a,2004_a228fc6d5e3678a39e51b468b69cd2bd,T840,T837,it's necessary,Our law enforcement must have every tool necessary to find and disrupt terrorists at home and abroad before they hurt us again,Support,2004
2004_ca26efcc45767d28564f0a5120c7457a,2004_151f4449f107418288d1bee558d7fd6b,T840,T839,it's necessary,I don't think the Patriot Act abridges your rights at all,Support,2004
2004_d754ac6b4fa22b53a578d197ea4ca2e5,2004_151f4449f107418288d1bee558d7fd6b,T833,T839,The Patriot Act is necessary,I don't think the Patriot Act abridges your rights at all,Support,2004
2004_151f4449f107418288d1bee558d7fd6b,2004_e4a46af6b7f3bceb42b364ed31166c27,T839,T2,I don't think the Patriot Act abridges your rights at all,"because I think whoever is the president must guard your liberties, must not erode your rights in America.",Support,2004
2004_e9e1f07a4338e62de43145abefb89b70,2004_24d450dd1f96a7609da1f757df109b5d,T841,T842,I can remember being in upstate New York talking to FBI agents that helped bust a Lackawanna cell up there,"they told me they could not have performed their duty, the duty we all expect of them, if they did not have the ability to communicate with each other under the Patriot Act",Support,2004
2004_24d450dd1f96a7609da1f757df109b5d,2004_d754ac6b4fa22b53a578d197ea4ca2e5,T842,T833,"they told me they could not have performed their duty, the duty we all expect of them, if they did not have the ability to communicate with each other under the Patriot Act",The Patriot Act is necessary,Support,2004
2004_24d450dd1f96a7609da1f757df109b5d,2004_151f4449f107418288d1bee558d7fd6b,T842,T839,"they told me they could not have performed their duty, the duty we all expect of them, if they did not have the ability to communicate with each other under the Patriot Act",I don't think the Patriot Act abridges your rights at all,Support,2004
2004_cbc922ce49ed683eb097467118c2bd76,2004_151f4449f107418288d1bee558d7fd6b,T843,T839,"Former Governor Racicot, as chairman of the Republican Party, said he thought that the Patriot Act has to be changed and fixed",I don't think the Patriot Act abridges your rights at all,Attack,2004
2004_e2da2330fa0203540bf15d14486561d8,2004_151f4449f107418288d1bee558d7fd6b,T844,T839,"Congressman Jim Sensenbrenner, he is the chairman of the House Judiciary Committee, said over his dead body before it gets renewed without being thoroughly rechecked",I don't think the Patriot Act abridges your rights at all,Attack,2004
2004_2437f278a3d4a1bee2d5631e071642fa,2004_151f4449f107418288d1bee558d7fd6b,T845,T839,A whole bunch of folks in America are concerned about the way the Patriot Act has been applied,I don't think the Patriot Act abridges your rights at all,Attack,2004
2004_cbc922ce49ed683eb097467118c2bd76,2004_2437f278a3d4a1bee2d5631e071642fa,T843,T845,"Former Governor Racicot, as chairman of the Republican Party, said he thought that the Patriot Act has to be changed and fixed",A whole bunch of folks in America are concerned about the way the Patriot Act has been applied,Support,2004
2004_e2da2330fa0203540bf15d14486561d8,2004_2437f278a3d4a1bee2d5631e071642fa,T844,T845,"Congressman Jim Sensenbrenner, he is the chairman of the House Judiciary Committee, said over his dead body before it gets renewed without being thoroughly rechecked",A whole bunch of folks in America are concerned about the way the Patriot Act has been applied,Support,2004
2004_0eab9d7b7ac4191f4a7ac390f2796114,2004_2437f278a3d4a1bee2d5631e071642fa,T846,T845,the inspector general of the Justice Department found that John Ashcroft had twice applied it in ways that were inappropriate,A whole bunch of folks in America are concerned about the way the Patriot Act has been applied,Support,2004
2004_0eab9d7b7ac4191f4a7ac390f2796114,2004_151f4449f107418288d1bee558d7fd6b,T846,T839,the inspector general of the Justice Department found that John Ashcroft had twice applied it in ways that were inappropriate,I don't think the Patriot Act abridges your rights at all,Attack,2004
2004_4d10b6fe03ca14ea7ec4ac578e625ca9,2004_151f4449f107418288d1bee558d7fd6b,T847,T839,People's rights have been abused,I don't think the Patriot Act abridges your rights at all,Attack,2004
2004_369ae8e53f581d8fad9bbecbffa3d051,2004_0408c4e18c2b0f2809912dd83185c8fb,T849,T848,"finally, Senator Dick Durbin of Illinois intervened and was able to get him out","I met a man who spent eight months in prison, wasn't even allowed to call his lawyer",Support,2004
2004_0408c4e18c2b0f2809912dd83185c8fb,2004_4d10b6fe03ca14ea7ec4ac578e625ca9,T848,T847,"I met a man who spent eight months in prison, wasn't even allowed to call his lawyer",People's rights have been abused,Support,2004
2004_4d10b6fe03ca14ea7ec4ac578e625ca9,2004_2437f278a3d4a1bee2d5631e071642fa,T847,T845,People's rights have been abused,A whole bunch of folks in America are concerned about the way the Patriot Act has been applied,Support,2004
2004_e83c5c50f92309569918d276fa1d3873,2004_4d10b6fe03ca14ea7ec4ac578e625ca9,T850,T847,They've got sneak-and-peek searches that are allowed,People's rights have been abused,Support,2004
2004_4f71a28849dbbfcb207cf4bb372293ec,2004_4d10b6fe03ca14ea7ec4ac578e625ca9,T851,T847,They've got people allowed to go into churches now and political meetings without any showing of potential criminal activity or otherwise,People's rights have been abused,Support,2004
2004_d98086fd9c18053034781ee3589ccfa3,2004_629ed4923cb7cea73b1196008fb05425,T855,T854,Ninety-nine United States senators voted for it,I voted for the Patriot Act,Support,2004
2004_58b4200abd3e4140e60ce5378051570a,2004_4c4a268dfa6864cc752dfd3b1c2b510e,T853,T856,that's not a flip-flop,"the president's been very busy running around the country using what I just described to you as a reason to say I'm wishy-washy, that I'm a flip-flopper",Attack,2004
2004_58b4200abd3e4140e60ce5378051570a,2004_cb4b5db2b23af825376f6122dad18192,T853,T852,that's not a flip-flop,I believe in the Patriot Act,Support,2004
2004_629ed4923cb7cea73b1196008fb05425,2004_cb4b5db2b23af825376f6122dad18192,T854,T852,I voted for the Patriot Act,I believe in the Patriot Act,Support,2004
2004_42039cc8691c1f8518a9a8396f12bb4b,2004_cb4b5db2b23af825376f6122dad18192,T857,T852,We need the things in it that coordinate the FBI and the CIA,I believe in the Patriot Act,Support,2004
2004_a2fbae12b6eb67811978fd32e0edf80d,2004_cb4b5db2b23af825376f6122dad18192,T858,T852,We need to be stronger on terrorism,I believe in the Patriot Act,Support,2004
2004_cb4b5db2b23af825376f6122dad18192,2004_102542047287a7763f49f9c600120a68,T852,T859,I believe in the Patriot Act,what we also need to do as Americans is never let the terrorists change the Constitution of the United States in a way that disadvantages our rights,Attack,2004
2004_b7f4c480c7b2570a3eddb89a1faaaa90,2004_2e35aba86ad16a4575c11d39501d1e7b,T744,T743,We've made very clear from the beginning,"John Kerry has been, as have I, been completely consistent about Iraq",Support,2004
2004_0881f187d4410fd0380f9da486a14806,2004_b7f4c480c7b2570a3eddb89a1faaaa90,T745,T744,we said it at the time -- that we had to confront Saddam Hussein,We've made very clear from the beginning,Support,2004
2004_2a19afa5b1c1b505dd2fc06a48ffe10f,2004_b7f4c480c7b2570a3eddb89a1faaaa90,T746,T744,that we had to have a coalition and a plan to be successful,We've made very clear from the beginning,Support,2004
2004_c980e455505703b2c9b2231cc8520807,2004_06ade5ae4d64e24eb606db179c9d9a41,T747,T749,the vice president didn't say much about it in your earlier question,they didn't have a plan,Support,2004
2004_b87547e998a906cf705f50145efca292,2004_415084ec587cab6e4a3ac4828589e776,T751,T750,They were first against the 9/11 Commission; then they were for it,They've seen a lot of it during their administration,Support,2004
2004_f853a0a3a31b1a9d20dfa3d42be9760c,2004_415084ec587cab6e4a3ac4828589e776,T752,T750,they were against the Department of Homeland Security; then they were for it,They've seen a lot of it during their administration,Support,2004
2004_0fdcd6bfb937b93cdc4c2061ca708b70,2004_415084ec587cab6e4a3ac4828589e776,T753,T750,they were going to put $2 trillion of the surplus when they came into office aside to protect Social Security; then they changed their minds,They've seen a lot of it during their administration,Support,2004
2004_21e3435926ca8a5e35adaa6a9b626bb3,2004_415084ec587cab6e4a3ac4828589e776,T754,T750,"they supported the troops; and then while our troops were on the ground in Iraq and Afghanistan, they went to the Congress and lobbied to have their combat pay cut",They've seen a lot of it during their administration,Support,2004
2004_b8290f277f1c772d3549bddc56ab476a,2004_415084ec587cab6e4a3ac4828589e776,T761,T750,They said that they were going to fund their No Child Left Behind; $27 billion short today,They've seen a lot of it during their administration,Support,2004
2004_89e76ef459573a523baafc62a6d98e41,2004_415084ec587cab6e4a3ac4828589e776,T762,T750,"Over and over, this administration has said one thing and done another",They've seen a lot of it during their administration,Support,2004
2004_82ce9e1033f8b10222c609241e9182d6,2004_5139b3b0918aff0543baa88a3363815e,T758,T2,"We don't have a patients' bill of rights because of one man today, the president of the United States",This president said : I'm for a national patients' bill of rights,Attack,2004
2004_363d92c48bf2b72e3bb460a0784de644,2004_82ce9e1033f8b10222c609241e9182d6,T759,T758,"John McCain and Senator Kennedy and I wrote it, got it passed in the Senate","We don't have a patients' bill of rights because of one man today, the president of the United States",Support,2004
2004_82ce9e1033f8b10222c609241e9182d6,2004_415084ec587cab6e4a3ac4828589e776,T758,T750,"We don't have a patients' bill of rights because of one man today, the president of the United States",They've seen a lot of it during their administration,Support,2004
2004_3520a4539cd41aff353e8c3d67058678,2004_47eb9773c8bb7750c32ecbae684a8d8c,T769,T768,the key here is not to try to solve the problems in Iraq by putting in more American troops,The key is to get the Iraqis to take on the responsibility for their own security,Support,2004
2004_1c4634a6a1f038edcfce957fdae6eb97,2004_a554584d9d29cf03b7037c7187f24eab,T767,T764,"If they need more troops, they'll ask us",We have looked to our commanders on the ground in Iraq for guidance on what they think they need,Support,2004
2004_47eb9773c8bb7750c32ecbae684a8d8c,2004_c1c6d6a292c040bd858e9e25ebfd1c1a,T768,T770,The key is to get the Iraqis to take on the responsibility for their own security,That's exactly what we're doing,Support,2004
2004_f2c9e329bbc7528b931fb26e821e7f75,2004_c1c6d6a292c040bd858e9e25ebfd1c1a,T771,T770,"If you put American troops in there in larger number and don't get the Iraqis into the fight, you'll postpone the day when you can in fact bring our boys home",That's exactly what we're doing,Support,2004
2004_578afefc84fef4fecf0f137e2e48f1c7,2004_8e5d514b6617b77ec9417e7496a8eeef,T766,T765,that's a lot of money even by Massachusetts' standards,Forty-nine percent increase in funding for elementary and secondary education under No Child Left Behind,Support,2004
2004_8e5d514b6617b77ec9417e7496a8eeef,2004_ce9e7f20c823876825d213a5cbe64cad,T765,T772,Forty-nine percent increase in funding for elementary and secondary education under No Child Left Behind,It's vital that we deal with any need for additional troops by putting Iraqis into the effort,Support,2004
2004_78494f5f68b73bf61f5fc7357b36ebfa,2004_568d2e7142f93fcab99215afe733ec4c,T774,T775,Half of African-Americans are dropping out of high school,we have a clear plan to improve our public schools that starts with getting our best teachers into the schools where we need them the most by creating incentives for them to go there,Support,2004
2004_23cb05da9dcad538aaf5cc666b4ae56d,2004_568d2e7142f93fcab99215afe733ec4c,T776,T775,Half of Hispanic-American are dropping out of high school,we have a clear plan to improve our public schools that starts with getting our best teachers into the schools where we need them the most by creating incentives for them to go there,Support,2004
2004_5849e6e01d46978edc0f257b648bbd01,2004_568d2e7142f93fcab99215afe733ec4c,T773,T775,One-third of our public schools are failing under this administration,we have a clear plan to improve our public schools that starts with getting our best teachers into the schools where we need them the most by creating incentives for them to go there,Support,2004
2004_850cbeeb06070fedba526851202761b4,2004_5849e6e01d46978edc0f257b648bbd01,T780,T773,We are making significant progress there,One-third of our public schools are failing under this administration,Attack,2004
2004_cefc619861ca10781a371603af258c1e,2004_850cbeeb06070fedba526851202761b4,T781,T780,We are closing the achievement gap,We are making significant progress there,Support,2004
2004_fd9314b0562e118183e58f17b75f8c36,2004_cefc619861ca10781a371603af258c1e,T786,T781,"that on math and reading, that in fact our minority students, our Hispanic and African-American students are doing better",We are closing the achievement gap,Support,2004
2004_e892aa825a2ff261c4f800fb6f1904dd,2004_fd9314b0562e118183e58f17b75f8c36,T785,T786,"that gap between them and the majority population is, in fact, closing","that on math and reading, that in fact our minority students, our Hispanic and African-American students are doing better",Support,2004
2004_3d0bbb691b373b7f6007990f0e82f479,2004_850cbeeb06070fedba526851202761b4,T784,T780,"The results coming in from a number of studies show, without question",We are making significant progress there,Support,2004
2004_1c3bbc97bfb4d993a8f0317cced0f79e,2004_568d2e7142f93fcab99215afe733ec4c,T783,T775,"They're the ones who have been for the Patriot Act and against it, for No Child Left Behind and then against it",we have a clear plan to improve our public schools that starts with getting our best teachers into the schools where we need them the most by creating incentives for them to go there,Attack,2004
2004_850cbeeb06070fedba526851202761b4,2004_3bcb466cce2b01213901bb8c0119832a,T780,T782,We are making significant progress there,we are doing exactly the right thing,Support,2004
2004_c50b453b30bf276d7a7b816b77ace3ef,2004_bcd05b34510109a913dae6da7f89b0fd,T788,T787,we thought that accountability and standards were the right thing to do,John and I voted for No Child Left Behind,Support,2004
2004_be60b8aeb42b4c8d2fefee38259684b4,2004_370617dde1733529f151496122ed5a8b,T800,T799,he was able to reach across the aisle and bring Democrats along on major issues of the day,"one of the disappointments of the last four years, is that we've not been able to do what the president did in Texas",Support,2004
2004_add222ad308a69ba20b1b968e59846d0,2004_370617dde1733529f151496122ed5a8b,T794,T799,"We had some success early on, I think, in No Child Left Behind","one of the disappointments of the last four years, is that we've not been able to do what the president did in Texas",Support,2004
2004_987a637574cbbf9d0c543caa8e8bb1e9,2004_370617dde1733529f151496122ed5a8b,T795,T799,We had a lot of support for the Patriot Act,"one of the disappointments of the last four years, is that we've not been able to do what the president did in Texas",Support,2004
2004_ab745e9e22f9ec0e477ff2a28149b701,2004_81e5971d8e18d658db41755701053d49,T801,T793,We'll keep working at it,it's important for us to try,Support,2004
2004_1c07fcc91fcbb3a4383f389ffdc079b1,2004_b0ad931d32cf23d63cedc54d381dc600,T798,T791,"the Senate, of course, has been very evenly divided, 50-50, then 51-49, then 49-51 the other way",it may be the change in the majority-minority status in the Senate has been difficult for both sides to adjust to,Support,2004
2004_78615d637080f488eab2c00ad4eee805,2004_81e5971d8e18d658db41755701053d49,T792,T793,it is essential for us to do everything we can to garner as much support from the other side of the aisle as possible,it's important for us to try,Support,2004
2004_83f09604b49475ffbe39a0c68d96e12f,2004_be06fd7211c9e37acccb4239669d46d9,T802,T803,we had our keynote address at our convention was delivered by Zell Miller,there are some Democrats who agree with our approach,Support,2004
2004_41f18e8c9a5bc14d907b3f6a40aaeaf9,2004_6ed157622a88a570ebf43a253d3b4ebe,T812,T810,Have you ever seen America more divided,The president said that he would unite this country,Attack,2004
2004_cf20597b53a96668158d9d68a37fe62d,2004_6ed157622a88a570ebf43a253d3b4ebe,T811,T810,"he was a uniter, not a divider",The president said that he would unite this country,Support,2004
2004_4dfea5df498087757549094c0913800b,2004_6ed157622a88a570ebf43a253d3b4ebe,T813,T810,Have you ever seen Washington more divided,The president said that he would unite this country,Attack,2004
2004_516b3a7780f6abe4d6583d2521135b6b,2004_6ed157622a88a570ebf43a253d3b4ebe,T814,T810,The reality is it is not an accident,The president said that he would unite this country,Attack,2004
2004_e4da3c7c3fb8a67d32306dacfa353a20,2004_9f183e5385aedde7f9cc328f9ecbdeda,T816,T815,their efforts that have created division in America,It's the direct result of the choices they've made,Support,2004
2004_9f183e5385aedde7f9cc328f9ecbdeda,2004_516b3a7780f6abe4d6583d2521135b6b,T815,T814,It's the direct result of the choices they've made,The reality is it is not an accident,Support,2004
2004_3802488dea7195d9228b99a6d32f58fb,2004_ae4f584d108191fb3eb154db88176603,T817,T809,5 million people losing their health care,We can do better than that in this country,Support,2004
2004_f4e4dce2367a92a4074333fbcd846b23,2004_4c5ea769049ac699d6e7cb0f466e0637,T818,T808,We need to talk about what we will do that they haven't done,I think the American people deserve to know what we would do different,Support,2004
2004_b61205369ec3ace053b2e01875e1ce21,2004_4c5ea769049ac699d6e7cb0f466e0637,T805,T808,we're going to make the same health care that's available to members of Congress available to all Americans,I think the American people deserve to know what we would do different,Support,2004
2004_b530ac7f41a7c979b33c18417ccc5703,2004_4c5ea769049ac699d6e7cb0f466e0637,T807,T808,We're going to cover all kids,I think the American people deserve to know what we would do different,Support,2004
2004_f59fcaded9e9a7a524067f7c6feb034a,2004_4c5ea769049ac699d6e7cb0f466e0637,T806,T808,we're going to bring down costs by pooling the catastrophic costs so we bring down premiums,I think the American people deserve to know what we would do different,Support,2004
2004_50f2d1b39e053240460f400dd53f34e9,2004_b7cc915ccec59cba4a48c1d3eb3e9f1c,T822,T819,They've blocked allowing prescription drugs into this country from Canada,we're also going to finally do something about the cost of prescription drugs,Support,2004
2004_1d364c7a4f88b96cfff5a980a27a2402,2004_23e417c0da01f4ba2b8d5c4584c7d9f7,T824,T823,They would not allow the government to use its negotiating power to get discounts for seniors,We're going to allow it,Support,2004
2004_23e417c0da01f4ba2b8d5c4584c7d9f7,2004_4c5ea769049ac699d6e7cb0f466e0637,T823,T808,We're going to allow it,I think the American people deserve to know what we would do different,Support,2004
2004_38878e85381222de080791c32867ca3c,2004_4c5ea769049ac699d6e7cb0f466e0637,T820,T808,We're also going to stand up to the drug companies and do something about these drug company ads on television which are out of control,I think the American people deserve to know what we would do different,Support,2004
2004_cbac8ebde18be5489b96ef3b99df647f,2004_210ed4e2a872c035d69e9fd9e0305133,T827,T826,It's the most sweeping change in 40 years,the most important and significant change in health care in the last several years was the Medicare reform bill this year,Support,2004
2004_f2053c82881fe37fc0098f9440f222f0,2004_cbac8ebde18be5489b96ef3b99df647f,T828,T827,Medicare used to pay for heart bypass surgery but didn't pay for the prescription drugs,It's the most sweeping change in 40 years,Support,2004
2004_b8980baf7e1da18cb5d62a76850c1aad,2004_b90e7d6446b15a87cbf20279ab5adea2,T831,T830,"It's a very, very significant piece of legislation",It'll provide prescription drug benefits to 40 million senior citizens,Support,2004
2004_43c49af490aa9a3da1eef4a0db5b8dba,2004_b7cc915ccec59cba4a48c1d3eb3e9f1c,T829,T819,Senator Kerry and Senator Edwards voted against it,we're also going to finally do something about the cost of prescription drugs,Attack,2004
2004_6ec5d735e128c7743c2a5469aea57eec,2004_bd1aa9380c17e9ad427c84783e177df1,T833,T837,"They had a choice on allowing prescription drugs into this country from Canada, of being with the American people or with the drug companies",They were with the drug companies,Support,2004
2004_ac3cae4fb6d40cc49306120a1d322e10,2004_c6f04e51fd51a78c6deaa0f2ef5847c4,T834,T3,They had a choice on negotiating discounts in the Medicare prescription drug bill of being with the American people or with the drug companies,They were with the drug companies,Support,2004
2004_7b3ed7db68f5a213784812e1c02f7cee,2004_4ee33f5b88fdea3ffdc96c51ffd79eaa,T835,T836,"They had a choice on the patients' bill of rights, allowing people to make their own health care decisions","not having insurance companies make them, be with the American people, be with the big insurance companies",Support,2004
2004_4ee33f5b88fdea3ffdc96c51ffd79eaa,2004_0de94dcc6041b59a1329ddc7a72c7038,T836,T839,"not having insurance companies make them, be with the American people, be with the big insurance companies",They're with the insurance companies,Support,2004
2004_b3d990d918b52da87f6639c669955de8,2004_bd1aa9380c17e9ad427c84783e177df1,T832,T837,John Kerry and I will always fight for the American people,They were with the drug companies,Attack,2004
2004_b3d990d918b52da87f6639c669955de8,2004_0de94dcc6041b59a1329ddc7a72c7038,T832,T839,John Kerry and I will always fight for the American people,They're with the insurance companies,Attack,2004
2004_67f50ed062f3d9b89dedf164f45ed550,2004_06ade5ae4d64e24eb606db179c9d9a41,T748,T749,Paul Bremer has now made clear that they didn't have enough troops,they didn't have a plan,Support,2004
2004_cda7ac8e50b6c69323562de826428ee0,2004_415084ec587cab6e4a3ac4828589e776,T755,T750,they were going to do something about health care in this country. And they've done something: They've made it worse,They've seen a lot of it during their administration,Support,2004
2004_c1c621bcd5a9bca02b21eebda63306ae,2004_2e35aba86ad16a4575c11d39501d1e7b,T763,T743,"I can think of a lot of words to describe Senator Kerry's position on Iraq; ""consistent"" is not one of them","John Kerry has been, as have I, been completely consistent about Iraq",Attack,2004
2004_bacdf7f658d583c6ca0235e5f45f9ea2,2004_c1c621bcd5a9bca02b21eebda63306ae,T5,T763,"I think if you look at the record from voting for sending the troops then voting against the resources they needed when they got there, then saying I actually voted for the $87 billion before I voted against it, saying in response to a question knowing everything I know now, yes, I would have cast exactly the same vote and then shortly after that saying wrong war, wrong place, wrong time, consistency doesn't come to mind as I consider that record","I can think of a lot of words to describe Senator Kerry's position on Iraq; ""consistent"" is not one of them",Support,2004
2004_698d6023110eee03952d824ec79af930,2004_c0e2c1c9a71c79ac37c5d27d8f00ada9,T779,T778,They voted for it; now they're opposed to it,"No Child Left Behind, they were for it; now they're against it",Support,2004
2004_6bbc1a0c93047086fb5ecec5f0bb4880,2004_415084ec587cab6e4a3ac4828589e776,T760,T750,They've gone back and forth,They've seen a lot of it during their administration,Equivalent,2004
2004_d8936f8366f17dd696a6e9f6cc47f9eb,2004_23e417c0da01f4ba2b8d5c4584c7d9f7,T1,T823,We're going to allow it,We're going to allow it,Equivalent,2004
2004_c6f04e51fd51a78c6deaa0f2ef5847c4,2004_bd1aa9380c17e9ad427c84783e177df1,T3,T837,They were with the drug companies,They were with the drug companies,Equivalent,2004
2004_608e77b03a5a7a358e35556fc942c93d,2004_c85937561f0b9148988872ef20945429,T827,T826,I defended this country as a young man in war,I will defend it as president of the United States,Support,2004
2004_1ae3e0004d7e06b2e023fe0b4c8bb986,2004_5018a339ba24c74ed7f7336fdec9ac13,T829,T828,I believe when we're strongest when we reach out and lead the world and build strong alliances,I have a difference with this president,Support,2004
2004_b0ef751e0240488574f09db7c033dacc,2004_5018a339ba24c74ed7f7336fdec9ac13,T830,T828,I have a plan for Iraq,I have a difference with this president,Support,2004
2004_5c06025bd21476ff02a905357765efc5,2004_5018a339ba24c74ed7f7336fdec9ac13,T832,T828,"we need a fresh start, a new credibility, a president who can bring allies to our side",I have a difference with this president,Support,2004
2004_b2cf42c6766cb8089c0eec402b688f3b,2004_6a37399d31cdff2cf8c114ffd368d7c8,T836,T837,"If America shows uncertainty or weakness in this decade, the world will drift toward tragedy","That's not going to happen, so long as I'm your president",Support,2004
2004_42f38602fc8a649347d48ed7a70e10bb,2004_6a37399d31cdff2cf8c114ffd368d7c8,T838,T837,The next four years we will continue to strengthen our homeland defenses,"That's not going to happen, so long as I'm your president",Support,2004
2004_29becba845958f831d350e583b55a40e,2004_42f38602fc8a649347d48ed7a70e10bb,T839,T838,We will strengthen our intelligence-gathering services,The next four years we will continue to strengthen our homeland defenses,Support,2004
2004_3822283b12b1175e2d4940808e91a3ce,2004_42f38602fc8a649347d48ed7a70e10bb,T840,T838,We will reform our military,The next four years we will continue to strengthen our homeland defenses,Support,2004
2004_59b675c265c925175f04f9b9fa6afc6b,2004_3822283b12b1175e2d4940808e91a3ce,T841,T840,The military will be an all-volunteer army,We will reform our military,Support,2004
2004_9d057ce1cf4349455a5502c0db5aaf73,2004_42f38602fc8a649347d48ed7a70e10bb,T842,T838,We will continue to stay on the offense,The next four years we will continue to strengthen our homeland defenses,Support,2004
2004_67c7ee7cb4f89e6709413fc6e762368b,2004_42f38602fc8a649347d48ed7a70e10bb,T844,T838,We will fight the terrorists around the world,The next four years we will continue to strengthen our homeland defenses,Support,2004
2004_429f4fe6d463ac6fec265576481d671f,2004_67c7ee7cb4f89e6709413fc6e762368b,T843,T844,we do not have to face them here at home,We will fight the terrorists around the world,Support,2004
2004_654aaf62a571a1422bf8dba151ee1c76,2004_42f38602fc8a649347d48ed7a70e10bb,T845,T838,We'll continue to build our alliances,The next four years we will continue to strengthen our homeland defenses,Support,2004
2004_c1f1d3faa077f859d7ed9c84e83bc69a,2004_654aaf62a571a1422bf8dba151ee1c76,T846,T845,"I'll never turn over America's national security needs to leaders of other countries, as we continue to build those alliances",We'll continue to build our alliances,Support,2004
2004_0155c07c554445b7fa35402a97c31849,2004_42f38602fc8a649347d48ed7a70e10bb,T847,T838,we'll continue to spread freedom,The next four years we will continue to strengthen our homeland defenses,Support,2004
2004_d316e6d32db5bfbfc8186adadeaa799e,2004_0155c07c554445b7fa35402a97c31849,T848,T847,I believe in the transformational power of liberty,we'll continue to spread freedom,Support,2004
2004_9799c3085f0b2791d1a5d5b1e8199674,2004_0155c07c554445b7fa35402a97c31849,T849,T847,I believe that the free Iraq is in this nation's interests,we'll continue to spread freedom,Support,2004
2004_4d528fe9d434080999fb3e2a5fbc6b5e,2004_0155c07c554445b7fa35402a97c31849,T850,T847,I believe a free Afghanistan is in this nation's interest,we'll continue to spread freedom,Support,2004
2004_94a79a71f1886c1afd092992ab2d32cb,2004_0155c07c554445b7fa35402a97c31849,T851,T847,I believe both a free Afghanistan and a free Iraq will serve as a powerful example for millions who plead in silence for liberty in the broader Middle East,we'll continue to spread freedom,Support,2004
2004_c06c38245b3662839284137bb19ef1e2,2004_faccf794324d8ef702dfca089cc5c241,T663,T662,They want to know that their president and their vice president will keep them safe,The American people want in their president and in their vice president basically three things,Support,2004
2004_4bc1ad48ef24ec50ced84dcfd217f057,2004_faccf794324d8ef702dfca089cc5c241,T664,T662,They want to know that they have good judgment,The American people want in their president and in their vice president basically three things,Support,2004
2004_7ca70d72fca1af3e667e86d6dbf39324,2004_faccf794324d8ef702dfca089cc5c241,T665,T662,they want to know that you'll tell them the truth,The American people want in their president and in their vice president basically three things,Support,2004
2004_7ca70d72fca1af3e667e86d6dbf39324,2004_f49dbf199a2b3574baf1e9392584e89c,T665,T666,they want to know that you'll tell them the truth,John Kerry and I will tell the American people the truth,Support,2004
2004_f81b37da03819dfcd0e157674f5987c3,2004_1a2403fb0d5f18a5884b7f8b5214e621,T668,T670,traveling to some of the places we've talked about tonight,I have a very clear idea of what has to be done to keep this country safe,Support,2004
2004_4cc7fb9d99c55d63f602db8c34414336,2004_1a2403fb0d5f18a5884b7f8b5214e621,T667,T670,During the time that I have served on the Intelligence Committee in the Senate,I have a very clear idea of what has to be done to keep this country safe,Support,2004
2004_c87f309ac7e8cdfafa494177bbed2628,2004_1a2403fb0d5f18a5884b7f8b5214e621,T669,T670,meeting with the leaders of NATO,I have a very clear idea of what has to be done to keep this country safe,Support,2004
2004_c06c38245b3662839284137bb19ef1e2,2004_1a2403fb0d5f18a5884b7f8b5214e621,T663,T670,They want to know that their president and their vice president will keep them safe,I have a very clear idea of what has to be done to keep this country safe,Support,2004
2004_0e0243a1b63fa62fa428c25ef57a124b,2004_127c8ec564d51c140b1a9ba17c82b1e6,T681,T671,"The threats we face: terrorism, killing terrorists and stopping them before they can do damage to us, making sure that we stop the spread of nuclear weapons",the danger of nuclear weapons getting in the hands of terrorists is one of the greatest threats that America faces,Support,2004
2004_4bc1ad48ef24ec50ced84dcfd217f057,2004_127c8ec564d51c140b1a9ba17c82b1e6,T664,T671,They want to know that they have good judgment,the danger of nuclear weapons getting in the hands of terrorists is one of the greatest threats that America faces,Support,2004
2004_c06c38245b3662839284137bb19ef1e2,2004_5613b1bc764686b4b62a00bb9b8f88d0,T663,T673,They want to know that their president and their vice president will keep them safe,My first priority would be to keep this country safe,Support,2004
2004_bf055360e787934f6c1ce296c269875e,2004_5613b1bc764686b4b62a00bb9b8f88d0,T680,T673,I would find terrorists where they are and stop them and kill them before they do harm to us,My first priority would be to keep this country safe,Support,2004
2004_a8772e67c6ceabbb8c7586ce2ee8707f,2004_5613b1bc764686b4b62a00bb9b8f88d0,T674,T673,We would stop the spread of nuclear weapons,My first priority would be to keep this country safe,Support,2004
2004_348324913cfecf755a1d4dd7942287e2,2004_78b89f48d85e573cf9fd0d1221d3b231,T676,T675,providing the equipment and training that they need,we would also strengthen this military,Support,2004
2004_78b89f48d85e573cf9fd0d1221d3b231,2004_5613b1bc764686b4b62a00bb9b8f88d0,T675,T673,we would also strengthen this military,My first priority would be to keep this country safe,Support,2004
2004_43e9f83dfe27170e088ef4869dc96191,2004_78b89f48d85e573cf9fd0d1221d3b231,T677,T675,"We want to raise the active-duty forces by 40,000",we would also strengthen this military,Support,2004
2004_1834886ce550b9f7e88b53f7942832fe,2004_78b89f48d85e573cf9fd0d1221d3b231,T679,T675,provide the kind of support for families,we would also strengthen this military,Support,2004
2004_6fe9a0dd841d939c7da4affbaa44f837,2004_78b89f48d85e573cf9fd0d1221d3b231,T678,T675,double the special forces so we can find terrorists where they are,we would also strengthen this military,Support,2004
2004_e316eb63201d52d3e188eea02faa9889,2004_d8e351b4f5d89e89d8666e6a863d732a,T691,T682,Different presidents approach it in different ways,I think the important thing in picking a vice president probably varies from president to president,Support,2004
2004_f96c205c66cc282455cdb81563e8fae4,2004_63d37e0de53b9ce14378aa5b29ed9796,T689,T690,"When George Bush asked me to sign on, it obviously wasn't because he was worried about carrying Wyoming","he wanted me to do was to sign on because of my experience to be a member of the team, to help him govern",Support,2004
2004_63d37e0de53b9ce14378aa5b29ed9796,2004_d8e351b4f5d89e89d8666e6a863d732a,T690,T682,"he wanted me to do was to sign on because of my experience to be a member of the team, to help him govern",I think the important thing in picking a vice president probably varies from president to president,Support,2004
2004_a3aa33ce6434bae19a1029f6230b00ae,2004_f973150b1ab4b92ce81688642494a704,T683,T687,I think it's worked in part,"I think from the perspective of the nation, it's worked in our relationship, in this administration",Support,2004
2004_b2843de3a3b5d9ef7b05569d9ce6c6e3,2004_c209634d91202738da38c1a9dc2ff5af,T684,T685,I made it clear that I don't have any further political aspirations myself,I think that's been an advantage,Support,2004
2004_c209634d91202738da38c1a9dc2ff5af,2004_a3aa33ce6434bae19a1029f6230b00ae,T685,T683,I think that's been an advantage,I think it's worked in part,Support,2004
2004_f973150b1ab4b92ce81688642494a704,2004_89bb54721e40235895c745f6f7f61499,T687,T686,"I think from the perspective of the nation, it's worked in our relationship, in this administration",I think it allows the president to know that my only agenda is his agenda,Support,2004
2004_fd6630b70e2fcc0cc32ccd85fd4a4298,2004_f38fc95b48047f0e25250c569803dc6e,T693,T694,I knew him before,I know him better now,Support,2004
2004_f38fc95b48047f0e25250c569803dc6e,2004_78d41b9ff9333fa51e9693fbc4e5d5ce,T694,T692,I know him better now,I think the most important thing I've learned from this process is what I now know about John Kerry,Support,2004
2004_0c60dd2e3c8866d1bd9f50291bf02429,2004_78d41b9ff9333fa51e9693fbc4e5d5ce,T700,T692,He's the one candidate who's led troops in battle,I think the most important thing I've learned from this process is what I now know about John Kerry,Support,2004
2004_37ce7cabd1c359170655b4949fb95511,2004_be7a1afe40a2e572d8aaf357230f20ce,T698,T697,putting people behind bars to protect neighborhoods from crim,He was a prosecutor,Support,2004
2004_be7a1afe40a2e572d8aaf357230f20ce,2004_78d41b9ff9333fa51e9693fbc4e5d5ce,T697,T692,He was a prosecutor,I think the most important thing I've learned from this process is what I now know about John Kerry,Support,2004
2004_26585d5c41692ab4a5600625454fee0c,2004_78d41b9ff9333fa51e9693fbc4e5d5ce,T696,T692,"He fought for 100,000 cops on the street",I think the most important thing I've learned from this process is what I now know about John Kerry,Support,2004
2004_10f6e33bc52557eed3b82fac3367372b,2004_78d41b9ff9333fa51e9693fbc4e5d5ce,T699,T692,went with John McCain to Vietnam to find out what happened to our POWs,I think the most important thing I've learned from this process is what I now know about John Kerry,Support,2004
2004_78d41b9ff9333fa51e9693fbc4e5d5ce,2004_e8287e812e2b2a4e403194185ec22dc0,T692,T695,I think the most important thing I've learned from this process is what I now know about John Kerry,He is ready to be commander in chief,Support,2004
2004_ffeb547703e38b3186e1429b1e7b81a0,2004_4655cb4e757ef821b266c75fb9512963,T703,T701,He's already done it for four years,I clearly believe that George W. Bush would be a better commander in chief,Support,2004
2004_4655cb4e757ef821b266c75fb9512963,2004_e8287e812e2b2a4e403194185ec22dc0,T701,T695,I clearly believe that George W. Bush would be a better commander in chief,He is ready to be commander in chief,Attack,2004
2004_0a6a9638185ea2f0d0a957ec37cd33b9,2004_7c319cf7f425f2962b1dd7771b486f50,T704,T706,"he's demonstrated, without question, the conviction, the vision, the determination to win this war against terror",those very special qualities are vital in a commander in chief,Support,2004
2004_b56cf469da266f140c95b13edc20c9ed,2004_7c319cf7f425f2962b1dd7771b486f50,T705,T706,He understands it's a global conflict that reaches from the United States all the way around the globe to Jakarta,those very special qualities are vital in a commander in chief,Support,2004
2004_7c319cf7f425f2962b1dd7771b486f50,2004_f20534e19b8e0aa0288f01b08faefed4,T706,T702,those very special qualities are vital in a commander in chief,I think the president has them,Support,2004
2004_a33bd91105f1dfcb01b0209fbca4a1cc,2004_e8287e812e2b2a4e403194185ec22dc0,T707,T695,I'm not at all convinced his opponent does,He is ready to be commander in chief,Attack,2004
2004_f20534e19b8e0aa0288f01b08faefed4,2004_4655cb4e757ef821b266c75fb9512963,T702,T701,I think the president has them,I clearly believe that George W. Bush would be a better commander in chief,Support,2004
2004_0c0dd0d8bf5243499aa9f2f575bf93ed,2004_4056048c1ed75df109d9d959024fc9a4,T710,T709,I come from relatively modest circumstances,"I think, probably there are more similarities than there are differences in our personal story",Support,2004
2004_826b6f8d7a8f872958fb2c3a15d4aad3,2004_0c0dd0d8bf5243499aa9f2f575bf93ed,T711,T710,My grandfather never even went to high school,I come from relatively modest circumstances,Support,2004
2004_28542056871afbd9453160656626a7f2,2004_4056048c1ed75df109d9d959024fc9a4,T712,T709,I'm the first in my family to graduate from college,"I think, probably there are more similarities than there are differences in our personal story",Support,2004
2004_3f55b9e2a30baa118d8d49d9b1d22d78,2004_0c0dd0d8bf5243499aa9f2f575bf93ed,T714,T710,"I've been laid off, been hospitalized without health insurance",I come from relatively modest circumstances,Support,2004
2004_fad31664c07381e73ece5179e7461d9e,2004_0c0dd0d8bf5243499aa9f2f575bf93ed,T713,T710,I carried a ticket in the International Brotherhood of Electrical Workers for six years,I come from relatively modest circumstances,Support,2004
2004_6e85c1ef5ba71bd01e0f888f25d934e5,2004_73a64d5a908712c248977723f6313905,T715,T708,I have some idea of the problems that people encounter,"I think the personal stories are, in some respects, surprisingly similar",Support,2004
2004_95fffcbe7558880280d6d57971fe86ce,2004_9186d1dfe2f7c906dd8460d70f4758ba,T716,T717,"the idea of a terrorist in the middle of one of our cities with a nuclear weapon, is very real",we have to use extraordinary measures to deal with it,Support,2004
2004_9fa34481df8769da00e0f52f99a61e96,2004_fa3a01a08064e2736f6c4a80a2bf94c2,T720,T719,"It forces us to think in new ways about strategy, about national security, about how we structure our forces and about how we use U.S. military power",I feel very strongly that the significance of 9/11 cannot be underestimated,Support,2004
2004_8321db933e59429bf82a2cb2d2b4f92d,2004_7765b75571bac547aad7a30871775d3c,T722,T721,I would argue we've already been attacked,Some people say we should wait until we are attacked before we use force,Attack,2004
2004_f5178c9dedbba2b5f5efa7f252487817,2004_8321db933e59429bf82a2cb2d2b4f92d,T723,T722,We lost more people on 9/11 than we lost at Pearl Harbor,I would argue we've already been attacked,Support,2004
2004_8321db933e59429bf82a2cb2d2b4f92d,2004_46df2288e8a73cad186a0c1aa2e10deb,T722,T718,I would argue we've already been attacked,I'm a very strong advocate of a very aggressive policy of going after the terrorists and those who support terror,Support,2004
2004_9c88556fed1cb4fe2899bbae0764c50f,2004_8321db933e59429bf82a2cb2d2b4f92d,T724,T722,"Mr. Vice President, we were attacked",I would argue we've already been attacked,Support,2004
2004_8ea36514e96ad557d00a104b48a4b204,2004_d886a95e59c95ebb38b880c6ee10ac2d,T727,T726,The reality is that the best defense is a good offense,One thing that we agree about is the need to be offensive in going after terrorists,Support,2004
2004_3614be84a6863edfe705b715730d7068,2004_8ea36514e96ad557d00a104b48a4b204,T739,T727,America returning to its proud tradition of the last 75 years,The reality is that the best defense is a good offense,Support,2004
2004_8f64442e5922d2c659ffc0213b70f60f,2004_3614be84a6863edfe705b715730d7068,T740,T739,"once again leading strong coalitions so we can get at these terrorist cells where they are, before they can do damage to us and to the American people",America returning to its proud tradition of the last 75 years,Support,2004
2004_c57b930678bb149d5c0e6cc458f23d23,2004_f8b82b11d662f95350a711655bd187ec,T741,T742,we made clear on Thursday night that we will do that,we will do it aggressively,Support,2004
2004_f8b82b11d662f95350a711655bd187ec,2004_d886a95e59c95ebb38b880c6ee10ac2d,T742,T726,we will do it aggressively,One thing that we agree about is the need to be offensive in going after terrorists,Support,2004
2004_0c37f091a88b16686927fa9559b4003a,2004_0d42f0a3b60130ddef9d4295b87f2bef,T731,T730,"three years after 9/11, we find out that the administration still does not have a unified terrorist watch list",there are things that need to be done to keep this country safe that have not yet been done,Support,2004
2004_a980277e36698b8324217d688b3f7151,2004_0c37f091a88b16686927fa9559b4003a,T732,T731,What are we waiting for,"three years after 9/11, we find out that the administration still does not have a unified terrorist watch list",Attack,2004
2004_a96aab5898d7b7298d251996b2615d95,2004_282d76f056ebb25e9a752244004191f9,T734,T735,we don't screen the cargo,we still don't have one list that everyone can work off of to see if terrorists are entering this country,Support,2004
2004_582fe5e85910ec23dd53caf30ca8413d,2004_0d42f0a3b60130ddef9d4295b87f2bef,T729,T730,There are so many things that could be done to keep this country safe,there are things that need to be done to keep this country safe that have not yet been done,Support,2004
2004_dd6148cd01d021de7536b4a9865a478c,2004_582fe5e85910ec23dd53caf30ca8413d,T736,T729,You have to be strong,There are so many things that could be done to keep this country safe,Support,2004
2004_fd00549cfc1f762164e0b7a3d5319b21,2004_582fe5e85910ec23dd53caf30ca8413d,T737,T729,you have to be aggressive,There are so many things that could be done to keep this country safe,Support,2004
2004_fbd91a8c2eb4d30b6a3c263b909f7b72,2004_582fe5e85910ec23dd53caf30ca8413d,T738,T729,we also have to be smart,There are so many things that could be done to keep this country safe,Support,2004
2004_73a64d5a908712c248977723f6313905,2004_4056048c1ed75df109d9d959024fc9a4,T708,T709,"I think the personal stories are, in some respects, surprisingly similar","I think, probably there are more similarities than there are differences in our personal story",Equivalent,2004
2004_282d76f056ebb25e9a752244004191f9,2004_0c37f091a88b16686927fa9559b4003a,T735,T731,we still don't have one list that everyone can work off of to see if terrorists are entering this country,"three years after 9/11, we find out that the administration still does not have a unified terrorist watch list",Equivalent,2004
2004_98bc83e53f9bd3ae167968839eee8817,2004_0d42f0a3b60130ddef9d4295b87f2bef,T728,T730,there are things that have not been done that need to be done to keep the American people safe,there are things that need to be done to keep this country safe that have not yet been done,Equivalent,2004
2004_62407f151f9c40fd30e208439793e282,2004_847fce4bd199778bc862564be577e3e8,T860,T861,I think we can save lives,I think we can do ethically guided embryonic stem-cell research,Support,2004
2004_5d6102d9120753d50a039291404603ec,2004_94fe9b6de8b27f245566557e911ff404,T2,T3,"I was at a forum with Michael J. Fox the other day in New Hampshire, who's suffering from Parkinson's, and he wants us to do stem cell, embryonic stem cell.","this fellow stood up, and he was quivering",Support,2004
2004_94fe9b6de8b27f245566557e911ff404,2004_a67b90fd8ba8466b24ad89ecb51d380e,T3,T4,"this fellow stood up, and he was quivering","His whole body was shaking from the nerve disease, the muscular disease that he had",Support,2004
2004_a67b90fd8ba8466b24ad89ecb51d380e,2004_88d3246a32410c14d3e10e26f4e74e93,T4,T5,"His whole body was shaking from the nerve disease, the muscular disease that he had","And he said to me and to the whole hall, he said, ""You know, don't take away my hope, because my hope is what keeps me going.""",Support,2004
2004_88d3246a32410c14d3e10e26f4e74e93,2004_b2837b54b458afd916a1ad5900e15bc6,T5,T6,"And he said to me and to the whole hall, he said, ""You know, don't take away my hope, because my hope is what keeps me going.""",Chris Reeve is a friend of mine,Support,2004
2004_b2837b54b458afd916a1ad5900e15bc6,2004_096a7e440d3b456d348d5b52a1b6fff1,T6,T7,Chris Reeve is a friend of mine,"Chris Reeve exercises every single day to keep those muscles alive for the day when he believes he can walk again, and I want him to walk again",Support,2004
2004_096a7e440d3b456d348d5b52a1b6fff1,2004_62407f151f9c40fd30e208439793e282,T7,T860,"Chris Reeve exercises every single day to keep those muscles alive for the day when he believes he can walk again, and I want him to walk again",I think we can save lives,Support,2004
2004_22166d920929173c91c36190dfe7ffe7,2004_d2e3bd672c08c43ebe63c35e0effb999,T863,T862,These weren't taken from abortion or something like that,"We have 100,000 to 200,000 embryos that are frozen in nitrogen today from fertility clinics",Support,2004
2004_d2e3bd672c08c43ebe63c35e0effb999,2004_09c0f9c85f1621a98963409ff2fa02cd,T862,T864,"We have 100,000 to 200,000 embryos that are frozen in nitrogen today from fertility clinics",They're from a fertility clinic,Support,2004
2004_09c0f9c85f1621a98963409ff2fa02cd,2004_77365f9d2ac9a775b388dfc2e499fc10,T864,T865,They're from a fertility clinic,they're either going to be destroyed or left frozen,Support,2004
2004_d26ad321d8aee5500fd3a9238739750d,2004_80ba6abae2a07857eefb91223162b3cf,T871,T866,"I believe if we have the option, which scientists tell us we do, of curing Parkinson's, curing diabetes, curing, you know, some kind of a, you know, paraplegic or quadriplegic or, you know, a spinal cord injury, anything, that's the nature of the human spirit",I think it is respecting life to reach for that cure,Support,2004
2004_77365f9d2ac9a775b388dfc2e499fc10,2004_80ba6abae2a07857eefb91223162b3cf,T865,T866,they're either going to be destroyed or left frozen,I think it is respecting life to reach for that cure,Support,2004
2004_4ff9cfb8117674553bfe0544c34c30c7,2004_80ba6abae2a07857eefb91223162b3cf,T867,T866,I think it is respecting life to do it in an ethical way,I think it is respecting life to reach for that cure,Support,2004
2004_80ba6abae2a07857eefb91223162b3cf,2004_ae95ed3cd90a05dd81aa23583187d44e,T866,T868,I think it is respecting life to reach for that cure,the president has chosen a policy that makes it impossible for our scientists to do that,Attack,2004
2004_d2b140bfd4f15fd1c823a32ee4ebeae1,2004_16b694509c2bb3fa27c8f7020f4b17b7,T869,T870,I want the future,I think we have to grab it,Support,2004
2004_16b694509c2bb3fa27c8f7020f4b17b7,2004_80ba6abae2a07857eefb91223162b3cf,T870,T866,I think we have to grab it,I think it is respecting life to reach for that cure,Support,2004
2004_16b694509c2bb3fa27c8f7020f4b17b7,2004_ae95ed3cd90a05dd81aa23583187d44e,T870,T868,I think we have to grab it,the president has chosen a policy that makes it impossible for our scientists to do that,Attack,2004
2004_4f441efd5bc24064a74af3c4f9efadc8,2004_678b3dc79098ac6b73919b0d610e0464,T873,T874,Embryonic stem-cell research requires the destruction of life to create a stem cell,I'm the first president ever to allow funding -- federal funding -- for embryonic stem-cell research,Support,2004
2004_678b3dc79098ac6b73919b0d610e0464,2004_0e6dbeaa6ff513197f4eab63fa4fdc0e,T874,T876,I'm the first president ever to allow funding -- federal funding -- for embryonic stem-cell research,I too hope that we'll discover cures from the stem cells and from the research derived,Support,2004
2004_220d8005b77cfd95e4fa92da6f36d401,2004_0e6dbeaa6ff513197f4eab63fa4fdc0e,T872,T876,I think we've got to be very careful in balancing the ethics and the science,I too hope that we'll discover cures from the stem cells and from the research derived,Attack,2004
2004_220d8005b77cfd95e4fa92da6f36d401,2004_bf85b738c2368230e23e297ef4dc0520,T872,T877,I think we've got to be very careful in balancing the ethics and the science,"I made the decision we wouldn't spend any more money beyond the 70 lines, 22 of which are now in action",Support,2004
2004_2a2c28f1d3f1f8e615453de48f144fe8,2004_bf85b738c2368230e23e297ef4dc0520,T878,T877,"science is important, but so is ethics","I made the decision we wouldn't spend any more money beyond the 70 lines, 22 of which are now in action",Support,2004
2004_83b75e1a602f70d56d4bd8de60f05029,2004_bf85b738c2368230e23e297ef4dc0520,T879,T877,so is balancing life,"I made the decision we wouldn't spend any more money beyond the 70 lines, 22 of which are now in action",Support,2004
2004_696f8d02900dab5928ebc4cc046f0f17,2004_24b75e8881cbd21bfdcbb297b97af75d,T885,T884,to balance science and the concerns for life,the approach I took is one that I think is a balanced and necessary approach,Support,2004
2004_da2bfa037f20fd2a3c8bdf100045bbe1,2004_220d8005b77cfd95e4fa92da6f36d401,T880,T872,To destroy life to save life is -- it's one of the real ethical dilemmas that we face,I think we've got to be very careful in balancing the ethics and the science,Support,2004
2004_00dc94e92a248b2292bfca34f7c055ef,2004_bf85b738c2368230e23e297ef4dc0520,T881,T877,"There is going to be hundreds of experiments off the 22 lines that now exist that are active, and hopefully we find a cure","I made the decision we wouldn't spend any more money beyond the 70 lines, 22 of which are now in action",Support,2004
2004_968adb096e0d09be40eefc60a4637e0b,2004_24b75e8881cbd21bfdcbb297b97af75d,T883,T884,I helped double the NIH budget to $28 billion a year to find cures,the approach I took is one that I think is a balanced and necessary approach,Support,2004
2004_b21bb505b36fa0b69b21d37b33e31179,2004_24b75e8881cbd21bfdcbb297b97af75d,T882,T884,we need to continue to pursue adult stem-cell research,the approach I took is one that I think is a balanced and necessary approach,Support,2004
2004_24b75e8881cbd21bfdcbb297b97af75d,2004_bf85b738c2368230e23e297ef4dc0520,T884,T877,the approach I took is one that I think is a balanced and necessary approach,"I made the decision we wouldn't spend any more money beyond the 70 lines, 22 of which are now in action",Support,2004
2004_08ef6cbab8e5bd12c085147fc22f1f1b,2004_455d524c0415530d05cf7a500476a717,T9,T8,I don't know how you draw that line.,"he says he's allowed it, which means he's going to allow the destruction of life up to a certain amount and then he isn't going to allow it",Attack,2004
2004_6c54ce38c5d22d2090b9c2ae51a17e1e,2004_bf85b738c2368230e23e297ef4dc0520,T889,T877,"the lines of stem cells that he's made available, every scientist in the country will tell you, ""Not adequate,"" because they're contaminated by mouse cells, and because there aren't 60 or 70 -- they're are only about 11 to 20 now -- and there aren't enough to be able to do the research because they're contaminated","I made the decision we wouldn't spend any more money beyond the 70 lines, 22 of which are now in action",Attack,2004
2004_4d2c8043ae8a9096e4df3f723ea2a338,2004_6c54ce38c5d22d2090b9c2ae51a17e1e,T886,T889,We've got to open up the possibilities of this research,"the lines of stem cells that he's made available, every scientist in the country will tell you, ""Not adequate,"" because they're contaminated by mouse cells, and because there aren't 60 or 70 -- they're are only about 11 to 20 now -- and there aren't enough to be able to do the research because they're contaminated",Attack,2004
2004_44cc636d97be09946fa3c71a92e9b358,2004_55f97a36c19e1d90da3e0d292bb29b8b,T1,T887,we have to,"when I am president, I'm going to do it",Support,2004
2004_4d2c8043ae8a9096e4df3f723ea2a338,2004_55f97a36c19e1d90da3e0d292bb29b8b,T886,T887,We've got to open up the possibilities of this research,"when I am president, I'm going to do it",Support,2004
2004_f8cf13eddb10f467aea347a66b13334a,2004_7988d02032dc8d45706e8c2c377bd5bc,T11,T12,The embryo had already been destroyed prior to my decision,"I had to make the decision to destroy more life, so do we continue to destroy life",Support,2004
2004_7988d02032dc8d45706e8c2c377bd5bc,2004_17074d0da5b9bbe7e431b792df9c5f26,T12,T13,"I had to make the decision to destroy more life, so do we continue to destroy life",I made the decision to balance science and ethics,Support,2004
2004_17074d0da5b9bbe7e431b792df9c5f26,2004_945375954ec038f954be09d83ec5217b,T13,T10,I made the decision to balance science and ethics,Those stem- cells lines already existed,Support,2004
2004_f8cf13eddb10f467aea347a66b13334a,2004_945375954ec038f954be09d83ec5217b,T11,T10,The embryo had already been destroyed prior to my decision,Those stem- cells lines already existed,Support,2004
2004_406af1346a75b91da05e6e35f3578ba9,2004_1c6096dd1712b284100d10c44a35a7c9,T263,T264,it is a threat,it's a huge threat,Support,2004
2004_6ff8f81d3e35f3b7287a453942b1d8bc,2004_ac79053542b41805ff358035b532c14d,T267,T266,If he'd let the inspectors do their job and go on,we wouldn't have 10 times the numbers of forces in Iraq that we have in Afghanistan chasing Osama bin Laden,Support,2004
2004_1c6096dd1712b284100d10c44a35a7c9,2004_e68ab673132d0bf53d280584ee73edab,T264,T265,it's a huge threat,"it's a threat that has grown while the president has been preoccupied with Iraq, where there wasn't a threat",Attack,2004
2004_ac79053542b41805ff358035b532c14d,2004_e68ab673132d0bf53d280584ee73edab,T266,T265,we wouldn't have 10 times the numbers of forces in Iraq that we have in Afghanistan chasing Osama bin Laden,"it's a threat that has grown while the president has been preoccupied with Iraq, where there wasn't a threat",Attack,2004
2004_b992d063259b349830f0cbad65782ee4,2004_d3f3401ed4b17cc51a64e682941f7fcf,T268,T269,"Meanwhile, while Iran is moving toward nuclear weapons, some 37 tons of what they called yellow cake, the stuff they use to make enriched uranium, while they're doing that, North Korea has moved from one bomb maybe, maybe, to four to seven bombs","For two years, the president didn't even engage with North Korea, did nothing at all, while it was growing more dangerous, despite the warnings of former Secretary of Defense William Perry, who negotiated getting television cameras and inspectors into that reactor",Support,2004
2004_b154d63b96cdd0e4c351d99f55f57196,2004_d3f3401ed4b17cc51a64e682941f7fcf,T270,T269,We were safer before President Bush came to office,"For two years, the president didn't even engage with North Korea, did nothing at all, while it was growing more dangerous, despite the warnings of former Secretary of Defense William Perry, who negotiated getting television cameras and inspectors into that reactor",Attack,2004
2004_b154d63b96cdd0e4c351d99f55f57196,2004_ac79053542b41805ff358035b532c14d,T270,T266,We were safer before President Bush came to office,we wouldn't have 10 times the numbers of forces in Iraq that we have in Afghanistan chasing Osama bin Laden,Attack,2004
2004_d46c05f851e4d0e8fc0af615e6365c04,2004_d00063a734a4ea05afabead45f311e9a,T272,T271,Now they have the bombs,we're less safe,Support,2004
2004_d00063a734a4ea05afabead45f311e9a,2004_b154d63b96cdd0e4c351d99f55f57196,T271,T270,we're less safe,We were safer before President Bush came to office,Support,2004
2004_b401af83278baf688f28471dca59038e,2004_78d74ef83916bb66650f2993084c4429,T274,T275,We've got to lead the world now to crack down on proliferation as a whole,"the president's been slow to do that, even in Russia",Attack,2004
2004_9cddad4189077b1841bd472685e7e415,2004_78d74ef83916bb66650f2993084c4429,T276,T275,"At his pace, it's going to take 13 years to reduce and get ahold of all the loose nuclear material in the former Soviet Union","the president's been slow to do that, even in Russia",Attack,2004
2004_5d3d6255f500d1c492af6cdf6e52ee63,2004_9cddad4189077b1841bd472685e7e415,T277,T276,I've proposed a plan that can capture it and contain it and clean it within four years,"At his pace, it's going to take 13 years to reduce and get ahold of all the loose nuclear material in the former Soviet Union",Attack,2004
2004_51c6f86335c813bdd47bbb071adf2bd0,2004_8536f83d689fdc9ad55bceab7bff8e4f,T278,T280,the president is moving to the creation of our own bunker- busting nuclear weapon,It's very hard to get other countries to give up their weapons when you're busy developing a new one,Support,2004
2004_8715ac54ea51fb5e3c300cde1eb67a5f,2004_b401af83278baf688f28471dca59038e,T273,T274,"We've got to join with the British and the French, with the Germans, who've been involved, in their initiative",We've got to lead the world now to crack down on proliferation as a whole,Support,2004
2004_b401af83278baf688f28471dca59038e,2004_d8a6d9fb2c5e870f06f8993404080ee7,T274,T279,We've got to lead the world now to crack down on proliferation as a whole,I'm going to lead the world in the greatest counterproliferation effort,Support,2004
2004_d8a6d9fb2c5e870f06f8993404080ee7,2004_8536f83d689fdc9ad55bceab7bff8e4f,T279,T280,I'm going to lead the world in the greatest counterproliferation effort,It's very hard to get other countries to give up their weapons when you're busy developing a new one,Attack,2004
2004_a7fd6a6b4e84bb60ce931ec4e1fe01c3,2004_95020043483d8461dc6239fd0796e77e,T282,T284,It's naive and dangerous to say that,"He keeps talking about, ""Let the inspectors do their job.""",Attack,2004
2004_34af041421f855b0a4dfe385ece9a539,2004_a7fd6a6b4e84bb60ce931ec4e1fe01c3,T283,T282,That's what the Duelfer report showed,It's naive and dangerous to say that,Support,2004
2004_419ec7f148de0aac59156f3d680f74ed,2004_34af041421f855b0a4dfe385ece9a539,T285,T283,He was deceiving the inspectors,That's what the Duelfer report showed,Support,2004
2004_d63635a5855a79449f38891acc30721e,2004_9a37a53593ad937aa5ec07a36f5c7e19,T287,T288,we've been involved with Iran,I fully understand the threat,Support,2004
2004_9a37a53593ad937aa5ec07a36f5c7e19,2004_55aab415b78eb150073b3e8255692235,T288,T286,I fully understand the threat,"we're doing what he suggested we do: Get the Brits, the Germans and the French to go make it very clear to the Iranians that if they expect to be a party to the world to give up their nuclear ambitions",Support,2004
2004_4954422f4dbd50c3f69d61985ef40370,2004_55aab415b78eb150073b3e8255692235,T289,T286,We've been doing that,"we're doing what he suggested we do: Get the Brits, the Germans and the French to go make it very clear to the Iranians that if they expect to be a party to the world to give up their nuclear ambitions",Support,2004
2004_259f072b7bc06d9e7faaff46c475ac21,2004_e01d8b6724ba96ff1d02b1f0d42be1b7,T290,T292,"It is naive and dangerous to take a policy that he suggested the other day, which is to have bilateral relations with North Korea",he's the person who's accusing me of not acting multilaterally,Attack,2004
2004_ef7d29eda49e917cf81b6450a35b1674,2004_259f072b7bc06d9e7faaff46c475ac21,T291,T290,"He now wants to take the six-party talks we have -- China, North Korea, South Korea, Russia, Japan and the United States -- and undermine them by having bilateral talks","It is naive and dangerous to take a policy that he suggested the other day, which is to have bilateral relations with North Korea",Support,2004
2004_a653df6dd61356d7cce4d0fdd51a09bc,2004_ef7d29eda49e917cf81b6450a35b1674,T293,T291,That's what President Clinton did,"He now wants to take the six-party talks we have -- China, North Korea, South Korea, Russia, Japan and the United States -- and undermine them by having bilateral talks",Support,2004
2004_0afbc67a71470a126d893af73d306802,2004_a653df6dd61356d7cce4d0fdd51a09bc,T294,T293,He had bilateral talks with the North Koreans,That's what President Clinton did,Support,2004
2004_01508752a2bba1ccfa80cb5b9612a108,2004_232ac5275cd8f9ea8c6314250bb0df63,T296,T295,He was enriching uranium,He didn't honor the agreement,Support,2004
2004_64f8b7476d3c4f9f456ca815aad6abf3,2004_232ac5275cd8f9ea8c6314250bb0df63,T297,T295,That is a bad policy,He didn't honor the agreement,Attack,2004
2004_232ac5275cd8f9ea8c6314250bb0df63,2004_0afbc67a71470a126d893af73d306802,T295,T294,He didn't honor the agreement,He had bilateral talks with the North Koreans,Attack,2004
2004_6f50ad7978595a37e92d42d932595dfa,2004_4dd560992c74c9a302f36edbc2910d1e,T298,T300,we're paying attention to these,we're paying attention to it,Support,2004
2004_6e6206b2efa843b77df01cf7a21fa5f6,2004_4dd560992c74c9a302f36edbc2910d1e,T301,T300,we're making progress,we're paying attention to it,Support,2004
2004_d64d1eabeefda6fdbb40a1dda7a1b693,2004_4dd560992c74c9a302f36edbc2910d1e,T299,T300,"There's an ""Axis of Evil,"" Iraq, Iran and North Korea",we're paying attention to it,Support,2004
2004_0bfc157462db1cd74cc75e22707e539b,2004_c9616e498cb8d1d944dfc443ad701fb2,T372,T371,the most important weapon in doing that is intelligence,I just think I can do that far more effectively,Support,2004
2004_92d8c5836ed26d1f375aee10f5fe6f6b,2004_fbc4cef2fac7c4b2f6fb1372e9269f76,T366,T367,"Between the World Trade Center bombing in, what was it, 1993 or so, and the next time was five years, seven years",These people wait,Support,2004
2004_fbc4cef2fac7c4b2f6fb1372e9269f76,2004_08e2373f9a950e02226f79041ce0dd39,T367,T368,These people wait,They'll plan,Support,2004
2004_08e2373f9a950e02226f79041ce0dd39,2004_296f46b99e1aa0c3c366703f07a79548,T368,T369,They'll plan,They plot,Support,2004
2004_296f46b99e1aa0c3c366703f07a79548,2004_34dca81b7e565da2fdbdb4cb92da2044,T369,T365,They plot,The when I can't tell you,Support,2004
2004_c9616e498cb8d1d944dfc443ad701fb2,2004_327475ee08e94550b08315cb67f29b4f,T371,T370,I just think I can do that far more effectively,we have to go after them and get them wherever they are,Attack,2004
2004_6cfdf0878162dba19104019e8722f80b,2004_8881e87d4436f5b35ad860d1acaed4e9,T375,T373,to have the best intelligence in the world to know who the terrorists are and where they are and what they're plotting,You've got to have the best intelligence in the world,Support,2004
2004_8881e87d4436f5b35ad860d1acaed4e9,2004_2192b96d6e1c8b14e0b9659bcb168041,T373,T374,You've got to have the best intelligence in the world,you've got to have the best cooperation you've ever had in the world,Support,2004
2004_96fb1e00e68b9a3bfaf9df15de4b8882,2004_2192b96d6e1c8b14e0b9659bcb168041,T376,T374,we're not getting the best cooperation in the world today,you've got to have the best cooperation you've ever had in the world,Attack,2004
2004_602568840881e81c216a9662fb1641ed,2004_96fb1e00e68b9a3bfaf9df15de4b8882,T377,T376,We've got a whole bunch of countries that pay a price for dealing with the United States of America now,we're not getting the best cooperation in the world today,Support,2004
2004_1a557cbf54000782583ddc52b2bcea33,2004_602568840881e81c216a9662fb1641ed,T378,T377,I'm going to change that,We've got a whole bunch of countries that pay a price for dealing with the United States of America now,Attack,2004
2004_1a557cbf54000782583ddc52b2bcea33,2004_2d0f853383b037e29d78ddb28b0190ef,T378,T379,I'm going to change that,I'm going to put in place a better homeland security effort,Support,2004
2004_a15b1a200a252136700bb22da78b28ac,2004_284833a86b3d74faf04a4390dbd04e08,T380,T381,95 percent of our containers coming into this country are not inspected today,"When you get on an airplane, your bag is X- rayed, but the cargo hold isn't X-rayed",Support,2004
2004_d80698950ff0ffcad518d33c90ac13b9,2004_284833a86b3d74faf04a4390dbd04e08,T3,T381,Do you feel safer,"When you get on an airplane, your bag is X- rayed, but the cargo hold isn't X-rayed",Attack,2004
2004_f6d67a7bafea04adf052578df81e9e12,2004_e38a0cd2bf4918983ef57c39bf7e2232,T388,T387,Wrong choice,This president chose a tax cut over homeland security,Attack,2004
2004_acc766161f4d2a1d93aff355eb98ee3b,2004_e38a0cd2bf4918983ef57c39bf7e2232,T383,T387,He chose a tax cut for the wealthiest Americans over getting that equipment out into the homeland as fast as possible,This president chose a tax cut over homeland security,Support,2004
2004_a15b1a200a252136700bb22da78b28ac,2004_28fbed12d25802f8d97540326c26f11c,T380,T382,95 percent of our containers coming into this country are not inspected today,"This president in the last debate said, ""Well, that would be a big tax gap if we did that.""",Attack,2004
2004_e38a0cd2bf4918983ef57c39bf7e2232,2004_28fbed12d25802f8d97540326c26f11c,T387,T382,This president chose a tax cut over homeland security,"This president in the last debate said, ""Well, that would be a big tax gap if we did that.""",Attack,2004
2004_2d0f853383b037e29d78ddb28b0190ef,2004_f31bef9a0ceaf5f92e056a4f823473ce,T379,T384,I'm going to put in place a better homeland security effort,We have bridges and tunnels that aren't being secured,Attack,2004
2004_2d0f853383b037e29d78ddb28b0190ef,2004_1022b936739bb96c7985bc0039844f6f,T379,T385,I'm going to put in place a better homeland security effort,"chemical plants, nuclear plants that aren't secured",Attack,2004
2004_2d0f853383b037e29d78ddb28b0190ef,2004_e6f2f688ae8e27262e0b4d75b542f476,T379,T386,I'm going to put in place a better homeland security effort,hospitals that are overcrowded with their emergency rooms,Attack,2004
2004_2d0f853383b037e29d78ddb28b0190ef,2004_a15b1a200a252136700bb22da78b28ac,T379,T380,I'm going to put in place a better homeland security effort,95 percent of our containers coming into this country are not inspected today,Support,2004
2004_dd440c16d8b64b0c20160a6b717d3878,2004_72877bef0d983dfd138d5481fa781183,T390,T389,we've tripled the homeland security budget from $10 billion to $30 billion,That's an odd thing to say,Support,2004
2004_72877bef0d983dfd138d5481fa781183,2004_e38a0cd2bf4918983ef57c39bf7e2232,T389,T387,That's an odd thing to say,This president chose a tax cut over homeland security,Attack,2004
2004_dd440c16d8b64b0c20160a6b717d3878,2004_5f335bc10942fdac6f1494363bff1a22,T390,T391,we've tripled the homeland security budget from $10 billion to $30 billion,we'll do everything we can to protect the homeland,Support,2004
2004_adc0c50afc1ce17639cce6b7688406ed,2004_d731863cc6d76181978497e3aa9e9ef3,T393,T394,It's also a curious thing for him to say,right after 1993 he voted to cut the intelligence budget by $7.5 billion,Attack,2004
2004_9328761c9d0e1d905c7b04708022854d,2004_adc0c50afc1ce17639cce6b7688406ed,T392,T393,we need good intelligence,It's also a curious thing for him to say,Attack,2004
2004_9328761c9d0e1d905c7b04708022854d,2004_8881e87d4436f5b35ad860d1acaed4e9,T392,T373,we need good intelligence,You've got to have the best intelligence in the world,Support,2004
2004_0a90e95c101d59291d27a2f8ae4e5695,2004_b35b032ec9977466c76a42e5428b105b,T401,T400,The Patriot Act is vital,the Patriot Act was important,Support,2004
2004_72a06cbf2cd3b19037bab57456a7f0dd,2004_7a1381a32da15c274f9202d98197660d,T403,T404,My opponent says he hadn't changed his position on it,he's for weakening it,Attack,2004
2004_aefb2e8344c02be3d142a4028046d186,2004_0a90e95c101d59291d27a2f8ae4e5695,T402,T401,It's a tool that law enforcement now uses to be able to talk between each other,The Patriot Act is vital,Support,2004
2004_20b9156fa4e4b45afeee302c0cfa32a0,2004_ac7c45a45aa997b08e0e79fc817b6d67,T396,T395,We got to be right 100 percent of the time here at home,The best way to defend America in this world we live in is to stay on the offense,Support,2004
2004_95502ce8e7f5fd65b73f15bc3f928cba,2004_ac7c45a45aa997b08e0e79fc817b6d67,T397,T395,they got to be right once,The best way to defend America in this world we live in is to stay on the offense,Support,2004
2004_aea3d14202232026f975557e6b1bda37,2004_ad31c54022b8a976e56453372d0c4b68,T398,T399,there's a lot of good people working hard,We're doing the best we possibly can to share information,Support,2004
2004_ad31c54022b8a976e56453372d0c4b68,2004_b35b032ec9977466c76a42e5428b105b,T399,T400,We're doing the best we possibly can to share information,the Patriot Act was important,Support,2004
2004_b35b032ec9977466c76a42e5428b105b,2004_ac7c45a45aa997b08e0e79fc817b6d67,T400,T395,the Patriot Act was important,The best way to defend America in this world we live in is to stay on the offense,Support,2004
2004_ab1f5ce9007cc131f9bf42c2b5a5d35f,2004_c5750707672922885daa55952c93bc8e,T406,T405,I really don't,I don't think my opponent has got the right view about the world to make us safe,Support,2004
2004_b17e1ba5c152767fb7764ea6681aa7c8,2004_51ed47f02c2c54319b664772265f791d,T409,T408,there would be money and the world would be much more dangerous,"if Iraq were to fail, it'd be a haven for terrorists",Support,2004
2004_30a34267e09acb76cdf59ce2b9830656,2004_c5750707672922885daa55952c93bc8e,T407,T405,I don't think he can succeed in Iraq,I don't think my opponent has got the right view about the world to make us safe,Support,2004
2004_abba4c51273a90a5b561d1edaa119350,2004_91607c85cc97455a5365b96e6f57f2f9,T416,T413,you don't believe we should be there in the first place,I don't see how you can win in Iraq,Support,2004
2004_91607c85cc97455a5365b96e6f57f2f9,2004_c5750707672922885daa55952c93bc8e,T413,T405,I don't see how you can win in Iraq,I don't think my opponent has got the right view about the world to make us safe,Attack,2004
2004_e20883dd0ea944408437285c4a51905d,2004_ba9c97457b0bb44adf6e5a78f8610560,T417,T414,you say it's the wrong war at the wrong place at the wrong time,I don't see how you can lead troops,Support,2004
2004_ba9c97457b0bb44adf6e5a78f8610560,2004_c5750707672922885daa55952c93bc8e,T414,T405,I don't see how you can lead troops,I don't think my opponent has got the right view about the world to make us safe,Attack,2004
2004_9d0fd835712c630743c4b2ec0e53d372,2004_a8013ea600799be7fea236a39ba1daab,T418,T415,all they hear is that it was a mistake to be there in the first place,I don't see how the Iraqis are going to have confidence in the American president,Support,2004
2004_a8013ea600799be7fea236a39ba1daab,2004_c5750707672922885daa55952c93bc8e,T415,T405,I don't see how the Iraqis are going to have confidence in the American president,I don't think my opponent has got the right view about the world to make us safe,Attack,2004
2004_63bb137cc10dca86b73c46af69e94afe,2004_42c6f2f20e4ccdff15f2e5ec18edb4d4,T410,T411,"This war is a long, long war",it requires steadfast determination,Support,2004
2004_42c6f2f20e4ccdff15f2e5ec18edb4d4,2004_66c98e7c4e6d01e444b6d29135ba7f2c,T411,T412,it requires steadfast determination,it requires a complete understanding that we not only chase down Al Qaida but we disrupt terrorist safe havens as well as people who could provide the terrorists with support,Support,2004
2004_66c98e7c4e6d01e444b6d29135ba7f2c,2004_c5750707672922885daa55952c93bc8e,T412,T405,it requires a complete understanding that we not only chase down Al Qaida but we disrupt terrorist safe havens as well as people who could provide the terrorists with support,I don't think my opponent has got the right view about the world to make us safe,Attack,2004
2004_9d6397625b10f9f1b0d6c01f6987e0bd,2004_e3d7a9ee7d65f18258257d8df7b3eb46,T428,T427,I accept what the president has said,the president and his experts have told America that it's not a question of if; it's a question of when,Support,2004
2004_b1577db08a4e2edfe21dfd93e54c146f,2004_9d6397625b10f9f1b0d6c01f6987e0bd,T429,T428,These terrorists are serious,I accept what the president has said,Support,2004
2004_ca9bd1a3ec4e2ea8de2a9097fbd4f66c,2004_9d6397625b10f9f1b0d6c01f6987e0bd,T430,T428,they're deadly,I accept what the president has said,Support,2004
2004_59674dbabccc42b41a0b001dff6cad61,2004_9d6397625b10f9f1b0d6c01f6987e0bd,T431,T428,they know nothing except trying to kill,I accept what the president has said,Support,2004
2004_9d6397625b10f9f1b0d6c01f6987e0bd,2004_36e456ba6411f708641f71a730ffb8ab,T428,T422,I accept what the president has said,I will never stop at anything to hunt down and kill the terrorists,Support,2004
2004_2914d0c9016d368964fd5634de1cda40,2004_9326e4070e3d5d67702e40319176f41d,T423,T426,the test is not if you've added money,you heard the president just say to you that we've added money,Attack,2004
2004_2914d0c9016d368964fd5634de1cda40,2004_b5caa902d1eee3cbdcbe79bae2acc25d,T423,T424,the test is not if you've added money,the test is that you've done everything possible to make America secure,Support,2004
2004_b5caa902d1eee3cbdcbe79bae2acc25d,2004_6794c7b009b96c1906841a7e45544add,T424,T425,the test is that you've done everything possible to make America secure,He chose a tax cut for wealthy Americans over the things that I listed to you,Attack,2004
2004_7dbdad83fe0afb06f535f2c15bf9a804,2004_5907e0d98b215fb259c71f338b24c27c,T432,T1,I'm worried,I'm worried.,Support,2004
2004_5907e0d98b215fb259c71f338b24c27c,2004_47b70df1720746c5f17a1c1890d84be6,T1,T434,I'm worried.,I'm worried about our country,Support,2004
2004_ac6035ad558a2819bc73400dde13c485,2004_afa95ee2ccb10bc2b04dc9a899763c4e,T436,T2,there's a vicious enemy that has an ideology of hate,I'm worried,Support,2004
2004_f5d6bf0f50502a668b76ec20095b4be0,2004_8d17918903c81341ff028ed68de60324,T440,T439,that's what's happening in Afghanistan and Iraq,Liberty can change habits,Support,2004
2004_afa95ee2ccb10bc2b04dc9a899763c4e,2004_47b70df1720746c5f17a1c1890d84be6,T2,T434,I'm worried,I'm worried about our country,Support,2004
2004_9f3daaa5beedd7fc497a4b9a0623b3b2,2004_ac6035ad558a2819bc73400dde13c485,T438,T436,"the way to defeat them long-term, by the way, is to spread freedom",there's a vicious enemy that has an ideology of hate,Attack,2004
2004_8d17918903c81341ff028ed68de60324,2004_9f3daaa5beedd7fc497a4b9a0623b3b2,T439,T438,Liberty can change habits,"the way to defeat them long-term, by the way, is to spread freedom",Support,2004
2004_131e551d03c2e59968109bec79c1a6f9,2004_558932f98b8d9bf17e53316d16a1083e,T757,T758,there are a lot of ways to be competitive,this administration has not seized them and embraced them,Attack,2004
2004_454540e5bf9f05a5ba884487e4d11253,2004_10a271aeb11e363661a867fa8edd76c8,T759,T760,There is a tax loophole right now,"If you're a company in St. Louis working, trying to make jobs here, there is actually an incentive for you to go away",Support,2004
2004_10a271aeb11e363661a867fa8edd76c8,2004_b329e05bec206c58c41e54352d394732,T760,T761,"If you're a company in St. Louis working, trying to make jobs here, there is actually an incentive for you to go away","You get more money, you keep more of your taxes by going abroad",Support,2004
2004_47042b0c60b2e850359537e4c3a65caf,2004_b329e05bec206c58c41e54352d394732,T762,T761,I'm going to shut that loophole,"You get more money, you keep more of your taxes by going abroad",Attack,2004
2004_47042b0c60b2e850359537e4c3a65caf,2004_fcc95cd442cdc3c1db1747da686da934,T762,T763,I'm going to shut that loophole,I'm going to give the tax benefit to the companies that stay here in America,Support,2004
2004_59f7e39dfe6f29cec2ea265573481518,2004_fcc95cd442cdc3c1db1747da686da934,T764,T763,to help make them more competitive,I'm going to give the tax benefit to the companies that stay here in America,Support,2004
2004_fcc95cd442cdc3c1db1747da686da934,2004_558932f98b8d9bf17e53316d16a1083e,T763,T758,I'm going to give the tax benefit to the companies that stay here in America,this administration has not seized them and embraced them,Attack,2004
2004_fcc95cd442cdc3c1db1747da686da934,2004_131e551d03c2e59968109bec79c1a6f9,T763,T757,I'm going to give the tax benefit to the companies that stay here in America,there are a lot of ways to be competitive,Support,2004
2004_63cdcd1badc5f463b992ac562b6e14ec,2004_131e551d03c2e59968109bec79c1a6f9,T765,T757,we're going to create a manufacturing jobs credit and a new jobs credit for people to be able to help hire and be more competitive here in America,there are a lot of ways to be competitive,Support,2004
2004_1833bc314dc5fc31a863d75029f47340,2004_f405a6b43dc470ae05be6d6c9ff834dd,T766,T767,what's really hurting American business more than anything else is the cost of health care,"you didn't hear any plan from the president, because he doesn't have a plan to lower the cost of health care",Attack,2004
2004_6571ceefc613edccc7f64d8247eea413,2004_17abba67d3b1997cf06f010c5d264a75,T768,T769,Five million Americans have lost their health care,"620,000 Missourians have no health care at all",Support,2004
2004_17abba67d3b1997cf06f010c5d264a75,2004_7067c2cdaac243b3e5c7ac0165c52e1f,T769,T770,"620,000 Missourians have no health care at all","96,000 Missourians have lost their health care under President Bush",Support,2004
2004_bc5642f714e5e258b34768b2d3b1332d,2004_1f26c9a02bcbe3a8b449092837a0337d,T771,T772,I have a plan to cover those folks,"it's a plan that lowers cost for everybody, covers all children",Support,2004
2004_9956389552a9c2bebb937c9de1a9d69b,2004_03db82b3af316d7da7d24380d823be06,T2,T773,the way I pay for it is I roll back the tax cut this president so fiercely wants to defend,I'm not fiscally irresponsible,Attack,2004
2004_9956389552a9c2bebb937c9de1a9d69b,2004_5ffc48804cd50da6284bf1d8831d031d,T2,T775,the way I pay for it is I roll back the tax cut this president so fiercely wants to defend,I think you ought to get the break,Support,2004
2004_1f26c9a02bcbe3a8b449092837a0337d,2004_5ffc48804cd50da6284bf1d8831d031d,T772,T775,"it's a plan that lowers cost for everybody, covers all children",I think you ought to get the break,Support,2004
2004_1f26c9a02bcbe3a8b449092837a0337d,2004_a3a9f14a1e7a154b3603c35c8266a0e6,T772,T776,"it's a plan that lowers cost for everybody, covers all children",I want to lower your cost to health care,Support,2004
2004_a3a9f14a1e7a154b3603c35c8266a0e6,2004_5ffc48804cd50da6284bf1d8831d031d,T776,T775,I want to lower your cost to health care,I think you ought to get the break,Support,2004
2004_7067c2cdaac243b3e5c7ac0165c52e1f,2004_1833bc314dc5fc31a863d75029f47340,T770,T766,"96,000 Missourians have lost their health care under President Bush",what's really hurting American business more than anything else is the cost of health care,Support,2004
2004_bc5642f714e5e258b34768b2d3b1332d,2004_f405a6b43dc470ae05be6d6c9ff834dd,T771,T767,I have a plan to cover those folks,"you didn't hear any plan from the president, because he doesn't have a plan to lower the cost of health care",Attack,2004
2004_1833bc314dc5fc31a863d75029f47340,2004_bc5642f714e5e258b34768b2d3b1332d,T766,T771,what's really hurting American business more than anything else is the cost of health care,I have a plan to cover those folks,Support,2004
2004_de3743a1bd6dc34228ccd4543aaf44ef,2004_e1cec51cc3e3ecf943883cf80c713c73,T777,T778,"I want to fully fund education, No Child Left Behind, special-needs education","that's how we're going to be more competitive, by making sure our kids are graduating from school and college",Support,2004
2004_a3a9f14a1e7a154b3603c35c8266a0e6,2004_131e551d03c2e59968109bec79c1a6f9,T776,T757,I want to lower your cost to health care,there are a lot of ways to be competitive,Support,2004
2004_e1cec51cc3e3ecf943883cf80c713c73,2004_131e551d03c2e59968109bec79c1a6f9,T778,T757,"that's how we're going to be more competitive, by making sure our kids are graduating from school and college",there are a lot of ways to be competitive,Support,2004
2004_e1cec51cc3e3ecf943883cf80c713c73,2004_62eec58efcff0f95754046dce96189f8,T778,T779,"that's how we're going to be more competitive, by making sure our kids are graduating from school and college",China and India are graduating more graduates in technology and science than we are,Attack,2004
2004_7919c524714b827810309a23ec042f87,2004_83f6789a6d766d74bae727a4455be45a,T782,T781,we're going to put our laboratories and our colleges and our universities to work,I have a plan for energy independence within 10 years,Support,2004
2004_a9a64ad7ecb6f24499c7a0f7c5bd44e6,2004_3d725f1aef5d07d789daa00487fe720b,T780,T783,We've got to create the products of the future,we're going to get the great entrepreneurial spirit of this country,Support,2004
2004_c721af7183186be3bb2de1029c6b7ce8,2004_3d725f1aef5d07d789daa00487fe720b,T784,T783,we're going to free ourselves from this dependency on Mideast oil,we're going to get the great entrepreneurial spirit of this country,Support,2004
2004_3d725f1aef5d07d789daa00487fe720b,2004_83f6789a6d766d74bae727a4455be45a,T783,T781,we're going to get the great entrepreneurial spirit of this country,I have a plan for energy independence within 10 years,Support,2004
2004_83f6789a6d766d74bae727a4455be45a,2004_8351db1f22a76d816073ad3a4d11055b,T781,T785,I have a plan for energy independence within 10 years,That's how you create jobs and become competitive,Support,2004
2004_131e551d03c2e59968109bec79c1a6f9,2004_8351db1f22a76d816073ad3a4d11055b,T757,T785,there are a lot of ways to be competitive,That's how you create jobs and become competitive,Support,2004
2004_9cb5f678700e9512985f876f5b5a477e,2004_206cf35e01911fd54c925f4fe8edee66,T786,T1,how to control the cost of health care: medical liability reform,which he's opposed,Attack,2004
2004_19f8a951df9717e69f28d317f4f52f09,2004_4ea049d4676b1e241c74aa6a5ecba4a5,T790,T789,You own your own account,"It's good for small businesses, good for owners",Support,2004
2004_b3dab217d1443cdda643ddf9737b53ce,2004_4ea049d4676b1e241c74aa6a5ecba4a5,T791,T789,You can save tax-free,"It's good for small businesses, good for owners",Support,2004
2004_39a36392dd8eccfe62ee279a6135d01a,2004_4ea049d4676b1e241c74aa6a5ecba4a5,T792,T789,You get a catastrophic plan to help you on it,"It's good for small businesses, good for owners",Support,2004
2004_c489a2c2dd33ef6e9601c23a4768dc9a,2004_2d444bcb852144b699c183b25e099b58,T797,T796,Robert Rubin looked at his plan and said it won't work,You know he calls it an outsourcing to keep -- stop outsourcing,Attack,2004
2004_c489a2c2dd33ef6e9601c23a4768dc9a,2004_85bee2c1f1c18b40e1683100404437c1,T797,T793,Robert Rubin looked at his plan and said it won't work,"The best way to keep jobs here in America is, one, have an energy plan",Support,2004
2004_85bee2c1f1c18b40e1683100404437c1,2004_2d444bcb852144b699c183b25e099b58,T793,T796,"The best way to keep jobs here in America is, one, have an energy plan",You know he calls it an outsourcing to keep -- stop outsourcing,Attack,2004
2004_35091ae32414ff1ac0c451a515cefcb5,2004_e1b3dc7af6eaea571f0e223f3e818180,T799,T798,It encourages the use of renewables like ethanol and biodiesel,"I proposed one to the Congress two years ago, encourages conservation, encourages technology to explore for environmentally friendly ways for coal -- to use coal and gas",Support,2004
2004_e1b3dc7af6eaea571f0e223f3e818180,2004_85bee2c1f1c18b40e1683100404437c1,T798,T793,"I proposed one to the Congress two years ago, encourages conservation, encourages technology to explore for environmentally friendly ways for coal -- to use coal and gas","The best way to keep jobs here in America is, one, have an energy plan",Support,2004
2004_e1b3dc7af6eaea571f0e223f3e818180,2004_e8599f68488bd26559cfe179820cc397,T798,T800,"I proposed one to the Congress two years ago, encourages conservation, encourages technology to explore for environmentally friendly ways for coal -- to use coal and gas",It's stuck in the Senate,Attack,2004
2004_e8599f68488bd26559cfe179820cc397,2004_3f3a9588dd66ed89d6ae621bfda31d5c,T800,T801,It's stuck in the Senate,He and his running-mate didn't show up to vote when they could have got it going in the Senate,Attack,2004
2004_5b2582c0f52dc5bb77c078da33050218,2004_4ea049d4676b1e241c74aa6a5ecba4a5,T788,T789,spread what's called health savings accounts,"It's good for small businesses, good for owners",Support,2004
2004_2ae0f61eb90ac3cba350f8ba23c035c4,2004_4ea049d4676b1e241c74aa6a5ecba4a5,T787,T789,allow small businesses to pool together so they can share risk and buy insurance at the same discounts big businesses get to do,"It's good for small businesses, good for owners",Support,2004
2004_9cb5f678700e9512985f876f5b5a477e,2004_4ea049d4676b1e241c74aa6a5ecba4a5,T786,T789,how to control the cost of health care: medical liability reform,"It's good for small businesses, good for owners",Support,2004
2004_39a36392dd8eccfe62ee279a6135d01a,2004_f2986ca229af7f4adc97f29ee97cf99d,T792,T794,You get a catastrophic plan to help you on it,"This is different from saying, ""OK, let me incent you to go on the government.""",Attack,2004
2004_a8fea4a962d0c483d7a158a813394c35,2004_f2986ca229af7f4adc97f29ee97cf99d,T795,T794,He's talking about his plan to keep jobs here,"This is different from saying, ""OK, let me incent you to go on the government.""",Support,2004
2004_4ea049d4676b1e241c74aa6a5ecba4a5,2004_2d444bcb852144b699c183b25e099b58,T789,T796,"It's good for small businesses, good for owners",You know he calls it an outsourcing to keep -- stop outsourcing,Attack,2004
2004_f6e197e33b5f3f371fc2b2b73a05d0ef,2004_07704ebe2372bf3e38d77e8a5ad89a43,T805,T806,"900,000 small businesses will be taxed under his plan",he says he's only going to tax the rich,Attack,2004
2004_0e3d06ac71fb38bc34d3d0abab9ff1bb,2004_f6e197e33b5f3f371fc2b2b73a05d0ef,T807,T805,"most small businesses are Subchapter S corps or limited partnerships, and they pay tax at the individual income tax level","900,000 small businesses will be taxed under his plan",Support,2004
2004_21437626b5866c5091039bf733dbc745,2004_fbc9936c358cc40cad5c3e89fc304c08,T808,T809,"when you're running up the taxes like that, you're taxing job creators",that's not how you keep jobs here,Support,2004
2004_f6e197e33b5f3f371fc2b2b73a05d0ef,2004_fbc9936c358cc40cad5c3e89fc304c08,T805,T809,"900,000 small businesses will be taxed under his plan",that's not how you keep jobs here,Attack,2004
2004_0ea92a09ff290ec5ff7aeb772bb54f29,2004_85bee2c1f1c18b40e1683100404437c1,T802,T793,Less regulations if we want jobs here,"The best way to keep jobs here in America is, one, have an energy plan",Support,2004
2004_0246facb6faa9724b56ff523f51eb250,2004_85bee2c1f1c18b40e1683100404437c1,T803,T793,legal reform if we want jobs here,"The best way to keep jobs here in America is, one, have an energy plan",Support,2004
2004_09108fa1138fb7b21f359d99ccadeb5a,2004_f6e197e33b5f3f371fc2b2b73a05d0ef,T804,T805,we've got to keep taxes low,"900,000 small businesses will be taxed under his plan",Attack,2004
2004_09108fa1138fb7b21f359d99ccadeb5a,2004_85bee2c1f1c18b40e1683100404437c1,T804,T793,we've got to keep taxes low,"The best way to keep jobs here in America is, one, have an energy plan",Support,2004
2004_59ca4232d3b2fbbe9959563bd62782a8,2004_3e07f0164c4a0832e27ab5c0d773c67c,T811,T810,I've never promised that,You can't stop all outsourcing,Attack,2004
2004_3e07f0164c4a0832e27ab5c0d773c67c,2004_2d444bcb852144b699c183b25e099b58,T810,T796,You can't stop all outsourcing,You know he calls it an outsourcing to keep -- stop outsourcing,Attack,2004
2004_2eab767a996573c73c0f6672225d6c20,2004_59ca4232d3b2fbbe9959563bd62782a8,T812,T811,I'm not going to,I've never promised that,Attack,2004
2004_9f62e3ea3051c96236f382c25c72ac39,2004_2eab767a996573c73c0f6672225d6c20,T813,T812,that would be pandering,I'm not going to,Support,2004
2004_b0d8dac1c0b90821a09f041ca2189ea5,2004_f6e197e33b5f3f371fc2b2b73a05d0ef,T816,T805,that's just not true what he said,"900,000 small businesses will be taxed under his plan",Attack,2004
2004_1206de5caf215c284d67b8652a08bc20,2004_b0d8dac1c0b90821a09f041ca2189ea5,T821,T816,That's just not right,that's just not true what he said,Support,2004
2004_c516d71d8f9986444ea34e1726eee0b7,2004_59ca4232d3b2fbbe9959563bd62782a8,T815,T811,what you can do is create a fair playing field,I've never promised that,Attack,2004
2004_1af13035f864ccbb38ffcaf3249cd96b,2004_b0d8dac1c0b90821a09f041ca2189ea5,T817,T816,The Wall Street Journal said 96 percent of small businesses are not affected at all by my plan,that's just not true what he said,Support,2004
2004_cb3b452c1afcabf1241f49e1f9ba0b19,2004_dd61923965c9e442977154750b1f0062,T819,T820,Dick Cheney's counted as a small business,That's how they do things,Support,2004
2004_10acb7f44d57fef5280aec26ffe36304,2004_cb3b452c1afcabf1241f49e1f9ba0b19,T818,T819,"you know why he gets that count? The president got $84 from a timber company that owns, and he's counted as a small business",Dick Cheney's counted as a small business,Support,2004
2004_b0d8dac1c0b90821a09f041ca2189ea5,2004_10acb7f44d57fef5280aec26ffe36304,T816,T818,that's just not true what he said,"you know why he gets that count? The president got $84 from a timber company that owns, and he's counted as a small business",Attack,2004
2004_1206de5caf215c284d67b8652a08bc20,2004_10acb7f44d57fef5280aec26ffe36304,T821,T818,That's just not right,"you know why he gets that count? The president got $84 from a timber company that owns, and he's counted as a small business",Attack,2004
2004_7e20716fe9248e7acf45482ef07bd50b,2004_090fc41d843658ca1be5f7fe5e2db6b7,T823,T822,They just are,Most small businesses are Subchapter S corps,Support,2004
2004_b722b96f7af3551da6dca6ee06435257,2004_6581005163eb2d74f8a0daa090c0f95e,T824,T825,"I met Grant Milliron, Mansfield, Ohio",He's creating jobs,Support,2004
2004_6581005163eb2d74f8a0daa090c0f95e,2004_7d35e783ac6eb10bf405e00a36cc84f4,T825,T826,He's creating jobs,70 percent of the new jobs in America are created by small businesses,Support,2004
2004_7d35e783ac6eb10bf405e00a36cc84f4,2004_090fc41d843658ca1be5f7fe5e2db6b7,T826,T822,70 percent of the new jobs in America are created by small businesses,Most small businesses are Subchapter S corps,Support,2004
2004_7d35e783ac6eb10bf405e00a36cc84f4,2004_c5f405d89d0baf526de59f6ab4ef29d0,T826,T827,70 percent of the new jobs in America are created by small businesses,Taxes are going up when you run up the top two brackets,Support,2004
2004_df7985575c3776143c2de3752da0e320,2004_c5f405d89d0baf526de59f6ab4ef29d0,T3,T827,It's a fact,Taxes are going up when you run up the top two brackets,Support,2004
2004_134ebbbd46b721260100090f8c065b14,2004_a1ec72fbb08ecb7193b443d530863bb2,T873,T875,What he was doing was learning math on television,he was doing what he could do to get a better job in the mill where he worked,Support,2004
2004_e6e259e5331c8f95827d00772dad6406,2004_a1ec72fbb08ecb7193b443d530863bb2,T872,T875,I'd see my father sitting at a table,he was doing what he could do to get a better job in the mill where he worked,Support,2004
2004_a1ec72fbb08ecb7193b443d530863bb2,2004_17406c89bfdc364f8762cc90c6707a9b,T875,T876,he was doing what he could do to get a better job in the mill where he worked,I was proud of him,Support,2004
2004_84a57cff9c6a1b85a8cf980a552392a2,2004_a1b53d2122ed0bf146c6060d831a08fd,T844,T843,I knew that I lived in a country where I could get a college education,I was also hopeful,Support,2004
2004_a1b53d2122ed0bf146c6060d831a08fd,2004_0710e2672029995478dc620463c5f7a7,T843,T845,I was also hopeful,I have grown up in the bright light of America,Support,2004
2004_17406c89bfdc364f8762cc90c6707a9b,2004_0710e2672029995478dc620463c5f7a7,T876,T845,I was proud of him,I have grown up in the bright light of America,Support,2004
2004_d7c968a81ade6a2223ebb5fb09209b89,2004_117f1b149e862f5ce586f3c86ee0c7ae,T878,T1,you do,But that light is flickering today,Support,2004
2004_ac480f25e73b74f328726ec271ce5e86,2004_d7c968a81ade6a2223ebb5fb09209b89,T879,T878,"You see it when your incomes are going down and the cost of everything -- college tuition, health care -- is going through the roof",you do,Support,2004
2004_284cebf658e7d02fd27e4de79cec7a84,2004_d7c968a81ade6a2223ebb5fb09209b89,T880,T878,You see it when you sit at your table each night and there's an empty chair because a loved one is serving in Iraq or Afghanistan,you do,Support,2004
2004_30465bd157050dd3a0e1ec9a2952e07f,2004_117f1b149e862f5ce586f3c86ee0c7ae,T846,T1,they're going to give you is four more years of the same,But that light is flickering today,Support,2004
2004_117f1b149e862f5ce586f3c86ee0c7ae,2004_c2e241629d085b0bedd0d5177aca4808,T1,T847,But that light is flickering today,John Kerry and I believe that we can do better,Support,2004
2004_978b19c8508b1d9d6460262a64535d8d,2004_c2e241629d085b0bedd0d5177aca4808,T840,T847,We believe in a strong middle-class in this country,John Kerry and I believe that we can do better,Support,2004
2004_53ca1f817ef37624d246e7a83791d63b,2004_c2e241629d085b0bedd0d5177aca4808,T848,T847,"we have a plan to create jobs, getting rid of tax cuts for companies outsourcing your jobs",John Kerry and I believe that we can do better,Support,2004
2004_e3e85535ea496cfe217d86c79e773102,2004_c2e241629d085b0bedd0d5177aca4808,T849,T847,give tax cuts to companies that'll keep jobs here in America,John Kerry and I believe that we can do better,Support,2004
2004_73b1bc448e6dd37556f30322336338ef,2004_c2e241629d085b0bedd0d5177aca4808,T841,T847,we have a health care plan,John Kerry and I believe that we can do better,Support,2004
2004_f558e8255d0539c952e54375108e4ed8,2004_c2e241629d085b0bedd0d5177aca4808,T842,T847,we have a plan to keep you safe and to fix this mess in Iraq,John Kerry and I believe that we can do better,Support,2004
2004_4688a5e14348bf58c82c9352c3ef841e,2004_1014491209c7051fbba386b851fb5a14,T869,T868,You have the ability to decide where America's going to go,The truth is that every four years you get to decide,Support,2004
2004_1014491209c7051fbba386b851fb5a14,2004_20fcae0ae4e124a1951f87099c1d6aca,T868,T870,The truth is that every four years you get to decide,John Kerry and I are asking you to give us the power to fight for you,Support,2004
2004_75129bbee5fd5e1c45612bbde149d599,2004_20fcae0ae4e124a1951f87099c1d6aca,T871,T870,"to fight to keep that dream in America, that I saw as a young man, alive for every parent sitting at that kitchen table",John Kerry and I are asking you to give us the power to fight for you,Support,2004
2004_7b007b4a45699354600d15c8720624c0,2004_48d97db35185f0634e7350313ebf5dba,T854,T855,"We've cut taxes, added 1.7 million new jobs in the last year",we'll continue to provide opportunities for business and for workers,Support,2004
2004_c7f26ed2bb29421bd1588f7d6cd457cf,2004_a8b1591b0c8fefcde1e5dcf950afbe4c,T865,T866,I've worked for four presidents and watched two others up close,I know that there's no such thing as a routine day in the Oval Office,Support,2004
2004_4c5d27d0f6cb65a67c40462a36c61753,2004_7957db5adeccc146e437dc46838900b8,T859,T857,faced with the possibility that terrorists could smuggle a deadly biological agent or a nuclear weapon into the middle of one of our own cities,we find ourselves in the midst of a conflict unlike any we've ever known,Support,2004
2004_7957db5adeccc146e437dc46838900b8,2004_bb771a3c167e0a1a84564b4566ff405c,T857,T858,we find ourselves in the midst of a conflict unlike any we've ever known,the presidential leadership needed to deal with it,Support,2004
2004_bb771a3c167e0a1a84564b4566ff405c,2004_a8b1591b0c8fefcde1e5dcf950afbe4c,T858,T866,the presidential leadership needed to deal with it,I know that there's no such thing as a routine day in the Oval Office,Support,2004
2004_9338e4cc286ec0476622105d6c032407,2004_9bfcafd9cd16f58ed32a409663684588,T861,T860,to use the power of the United States to aggressively go after the terrorists wherever we find them and also to hold to account states that sponsor terror,The only viable option for winning the war on terrorism is the one the president has chosen,Support,2004
2004_b6f6647ca31dd66aa8bab4bd7420e01e,2004_b8f5776074184882e959aeca175ea9c5,T862,T863,we've captured or killed thousands of Al Qaida and taken down the regimes of Saddam Hussein and the Taliban,it's important that we stand up democratically elected governments as the only guarantee that they'll never again revert to terrorism or the production of deadly weapons,Support,2004
2004_b8f5776074184882e959aeca175ea9c5,2004_ef21d926cae58fc20fe670dd24aeab13,T863,T864,it's important that we stand up democratically elected governments as the only guarantee that they'll never again revert to terrorism or the production of deadly weapons,This is the task of our generation,Support,2004
2004_b818b73388da7070a18092a86a4df8cb,2004_c24833188bde6371aaf5b407ffbe3785,T853,T852,to make certain that it's there for future generations,We'll do everything we can to preserve Social Security,Equivalent,2004
2004_34622e5af3adb0bf574791c2cf1c0d91,2004_042b0fce8531ffba12c72d9cbed50e33,T651,T650,we signed an agreement with North Korea that my administration found out that was not being honored by the North Koreans,"I decided that a better way to approach the issue was to get other nations involved, just besides us",Support,2004
2004_042b0fce8531ffba12c72d9cbed50e33,2004_4315c3b82b362bfd087076fb234be6e7,T650,T649,"I decided that a better way to approach the issue was to get other nations involved, just besides us","North Korea, first, I do",Support,2004
2004_d6ecdbb6040d475a0c5cc962e564e03b,2004_34622e5af3adb0bf574791c2cf1c0d91,T856,T651,the policy of this government was to have bilateral negotiations with North Korea,we signed an agreement with North Korea that my administration found out that was not being honored by the North Koreans,Support,2004
2004_23893080fbca4e311a145d81b4cb4c3f,2004_300b22b3433b336091c5ed20fb88b7f4,T652,T653,"in Crawford, Texas, Jiang Zemin and I agreed that the nuclear-weapons-free peninsula, Korean Peninsula, was in his interest and our interest and the world's interest","we began a new dialogue with North Korea, one that included not only the United States, but now China",Support,2004
2004_451fdd69d80832484ef985c7a2cf2ef7,2004_300b22b3433b336091c5ed20fb88b7f4,T654,T653,"China's a got a lot of influence over North Korea, some ways more than we do","we began a new dialogue with North Korea, one that included not only the United States, but now China",Support,2004
2004_6a475e26491d963f9c0edc9503c90dfb,2004_300b22b3433b336091c5ed20fb88b7f4,T655,T653,"we included South Korea, Japan and Russia","we began a new dialogue with North Korea, one that included not only the United States, but now China",Support,2004
2004_9a9910340fdb9e7122ba62f6f4e4f6cd,2004_300b22b3433b336091c5ed20fb88b7f4,T656,T653,"now there are five voices speaking to Kim Jong Il, not just one","we began a new dialogue with North Korea, one that included not only the United States, but now China",Support,2004
2004_2cd1568d3bef5b1a8987516205be4da0,2004_a1767513d18fdd47972400725cc51ec9,T658,T657,"he'd be doing injustice to China, as well","if Kim Jong Il decides again to not honor an agreement, he's not only doing injustice to America",Support,2004
2004_a1767513d18fdd47972400725cc51ec9,2004_03a8fa31c6b900daa47b4b452f45acf8,T657,T659,"if Kim Jong Il decides again to not honor an agreement, he's not only doing injustice to America",I think this will work,Support,2004
2004_300b22b3433b336091c5ed20fb88b7f4,2004_03a8fa31c6b900daa47b4b452f45acf8,T653,T659,"we began a new dialogue with North Korea, one that included not only the United States, but now China",I think this will work,Support,2004
2004_397d50ca497f3a9d896f4315414f99b1,2004_03a8fa31c6b900daa47b4b452f45acf8,T660,T659,It's not going to work if we open up a dialogue with Kim Jong Il,I think this will work,Attack,2004
2004_a764a6368d94ab76508f63828dce3825,2004_397d50ca497f3a9d896f4315414f99b1,T661,T660,Thatâ€™s what he wants,It's not going to work if we open up a dialogue with Kim Jong Il,Support,2004
2004_8ae9d836fafa2017ba456bf6b1b8c396,2004_397d50ca497f3a9d896f4315414f99b1,T662,T660,"He wants to unravel the six- party talks, or the five-nation coalition that's sending him a clear message",It's not going to work if we open up a dialogue with Kim Jong Il,Support,2004
2004_8ae694a13c759fe3c87f4935adc9ef0c,2004_beb0f1fc2dc82f436d6ce572370ef33f,T1,T663,"We worked very closely with the foreign ministers of France, Germany and Great Britain, who have been the folks delivering the message to the mullahs that if you expect to be part of the world of nations, get rid of your nuclear programs.","On Iran, I hope we can do the same thing, continue to work with the world to convince the Iranian mullahs to abandon their nuclear ambitions",Support,2004
2004_86aa8284f8fab1bf848de9b5cb0d5592,2004_beb0f1fc2dc82f436d6ce572370ef33f,T666,T663,The IAEA is involved,"On Iran, I hope we can do the same thing, continue to work with the world to convince the Iranian mullahs to abandon their nuclear ambitions",Support,2004
2004_f32e3ea9e53b8be5e37a5159f67ede39,2004_beb0f1fc2dc82f436d6ce572370ef33f,T665,T663,There's a special protocol recently been passed that allows for inspections,"On Iran, I hope we can do the same thing, continue to work with the world to convince the Iranian mullahs to abandon their nuclear ambitions",Support,2004
2004_beb0f1fc2dc82f436d6ce572370ef33f,2004_1d1b3012bff39b0e1a3cd846805ae0e8,T663,T664,"On Iran, I hope we can do the same thing, continue to work with the world to convince the Iranian mullahs to abandon their nuclear ambitions",we've got a good strategy,Support,2004
2004_b677e47c2026f16909c3d15c33f28dc6,2004_8ae694a13c759fe3c87f4935adc9ef0c,T2,T1,"With respect to Iran, the British, French, and Germans were the ones who initiated an effort without the United States, regrettably, to begin to try to move to curb the nuclear possibilities in Iran","We worked very closely with the foreign ministers of France, Germany and Great Britain, who have been the folks delivering the message to the mullahs that if you expect to be part of the world of nations, get rid of your nuclear programs.",Attack,2004
2004_b677e47c2026f16909c3d15c33f28dc6,2004_d78b9a346482052d8a6addd9fc6e5b68,T2,T667,"With respect to Iran, the British, French, and Germans were the ones who initiated an effort without the United States, regrettably, to begin to try to move to curb the nuclear possibilities in Iran",I believe we could have done better,Support,2004
2004_793d9651a061df35b234397a10dca1b0,2004_d78b9a346482052d8a6addd9fc6e5b68,T668,T667,"I think the United States should have offered the opportunity to provide the nuclear fuel, test them, see whether or not they were actually looking for it for peaceful purposes",I believe we could have done better,Support,2004
2004_1fd4ad5debcd3f5ed0a0b9bea83a7ed1,2004_793d9651a061df35b234397a10dca1b0,T669,T668,"If they weren't willing to work a deal, then we could have put sanctions together","I think the United States should have offered the opportunity to provide the nuclear fuel, test them, see whether or not they were actually looking for it for peaceful purposes",Support,2004
2004_d78b9a346482052d8a6addd9fc6e5b68,2004_da62d665f5db699b70b5cd2c4345365c,T667,T670,I believe we could have done better,The president did nothing,Attack,2004
2004_278268e13dcee1ce9787da9cd41f358b,2004_662c7b477146a3e6c3124084baf791c2,T671,T673,"With respect to North Korea, the real story: We had inspectors and television cameras in the nuclear reactor in North Korea",we knew where the fuel rods were,Support,2004
2004_662c7b477146a3e6c3124084baf791c2,2004_86a12b43b33e75bab53f97771037c15a,T673,T674,we knew where the fuel rods were,we knew the limits on their nuclear power,Support,2004
2004_3a880048e3e4882fea4d25d58c1dd566,2004_0177172a72ecd221ed2b8ae3624162d1,T675,T676,The president reversed it publicly while the president of South Korea was here,the president of South Korea went back to South Korea bewildered and embarrassed,Support,2004
2004_20d6807e5986444ed4102eabb510d448,2004_0177172a72ecd221ed2b8ae3624162d1,T677,T676,it went against his policy,the president of South Korea went back to South Korea bewildered and embarrassed,Support,2004
2004_0177172a72ecd221ed2b8ae3624162d1,2004_a9b6ada505283d30c286ef0d7f52a0ad,T676,T682,the president of South Korea went back to South Korea bewildered and embarrassed,"I think, is one of the most serious, sort of, reversals or mixed messages that you could possibly send",Support,2004
2004_ca9ff3aca690d80a515ea8066c69c9c8,2004_a9b6ada505283d30c286ef0d7f52a0ad,T3,T682,"Colin Powell, our secretary of state, announced one day that we were going to continue the dialog of working with the North Koreans","I think, is one of the most serious, sort of, reversals or mixed messages that you could possibly send",Support,2004
2004_25c30f66a191654422fe56b3a7fc2251,2004_a9b6ada505283d30c286ef0d7f52a0ad,T680,T682,"today, there are four to seven nuclear weapons in the hands of North Korea","I think, is one of the most serious, sort of, reversals or mixed messages that you could possibly send",Support,2004
2004_ab4a225a6447e4ba54e90a7e1ca92865,2004_a9b6ada505283d30c286ef0d7f52a0ad,T679,T682,"While they didn't talk at all, the fuel rods came out, the inspectors were kicked out, the television cameras were kicked out","I think, is one of the most serious, sort of, reversals or mixed messages that you could possibly send",Support,2004
2004_58f029dfa9966d172f498276081eafc8,2004_a9b6ada505283d30c286ef0d7f52a0ad,T678,T682,"for two years, this administration didn't talk at all to North Korea","I think, is one of the most serious, sort of, reversals or mixed messages that you could possibly send",Support,2004
2004_eeefadb7ebd586b9688b77aed3f80093,2004_e5b56c2a72d7577cc0f4896025fb69b6,T683,T4,"The minute we have bilateral talks, the six-party talks will unwind","I want bilateral talks which put all of the issues, from the armistice of 1952, the economic issues, the human rights issues, the artillery disposal issues, the DMZ issues and the nuclear issues on the table",Attack,2004
2004_d412e613c4465ea7ee1ca8b5df661aeb,2004_eeefadb7ebd586b9688b77aed3f80093,T684,T683,That's exactly what Kim Jong Il wants,"The minute we have bilateral talks, the six-party talks will unwind",Support,2004
2004_5a6aded70520761f07836577096cb54f,2004_d05d1eea80f528b55cdbdd6ac7cc4bd2,T686,T685,The breach on the agreement is highly enriched uranium,the breach on the agreement was not through plutonium,Support,2004
2004_d05d1eea80f528b55cdbdd6ac7cc4bd2,2004_9021ddeceebe90cabf40fddd9242de63,T685,T687,the breach on the agreement was not through plutonium,That's what we caught him doing,Support,2004
2004_9021ddeceebe90cabf40fddd9242de63,2004_f516cc2c659d0a81483f9df0164968b9,T687,T688,That's what we caught him doing,That's where he was breaking the agreement,Support,2004
2004_1d6db74e29e6e39482d64aebb3f865f4,2004_50e6a90671ed884ffff999046ac94981,T690,T689,we've already sanctioned Iran,my opponent said where he worked to put sanctions on Iran,Attack,2004
2004_887eda29cf97db548965782210cda516,2004_1d6db74e29e6e39482d64aebb3f865f4,T691,T690,We can't sanction them any more,we've already sanctioned Iran,Support,2004
2004_e2a4fdb44fd3d78d7c13860aafa5eac3,2004_1d6db74e29e6e39482d64aebb3f865f4,T692,T690,There are sanctions in place on Iran,we've already sanctioned Iran,Equivalent,2004
2004_6e0b522454ad17a6886af7dca5c02df9,2004_b677e47c2026f16909c3d15c33f28dc6,T693,T2,"we were a party to the convention -- to working with Germany, France and Great Britain to send their foreign ministers into Iran","With respect to Iran, the British, French, and Germans were the ones who initiated an effort without the United States, regrettably, to begin to try to move to curb the nuclear possibilities in Iran",Attack,2004
2004_cd33ec0a3611f4f985f23ea388a5454c,2004_1d6db74e29e6e39482d64aebb3f865f4,T695,T690,"In order for the sanctions to be effective, we should have been working with the British, French and Germans and other countries",we've already sanctioned Iran,Attack,2004
2004_fd37189a4489a5a2be635b7f541c1082,2004_cd33ec0a3611f4f985f23ea388a5454c,T694,T695,Only the United States put the sanctions on alone,"In order for the sanctions to be effective, we should have been working with the British, French and Germans and other countries",Support,2004
2004_eab54039984efa033b69dbc542bb1ee5,2004_a233b2f87ab75b7884a3e3bc1a6da393,T699,T698,"we can do this through the African Union, providing we give them the logistical support",I think the reason that we're not saying send American troops in at this point is severalfold,Support,2004
2004_eab54039984efa033b69dbc542bb1ee5,2004_72c17a962a3f0559dde07343bd687417,T699,T700,"we can do this through the African Union, providing we give them the logistical support",Right now all the president is providing is humanitarian support,Attack,2004
2004_8694d5156b2be8281c3c246c41f013a3,2004_72c17a962a3f0559dde07343bd687417,T701,T700,We need to do more than that,Right now all the president is providing is humanitarian support,Attack,2004
2004_8694d5156b2be8281c3c246c41f013a3,2004_eab54039984efa033b69dbc542bb1ee5,T701,T699,We need to do more than that,"we can do this through the African Union, providing we give them the logistical support",Support,2004
2004_c2c794b378c0e2e82557f575b9142999,2004_8694d5156b2be8281c3c246c41f013a3,T702,T701,They've got to have the logistical capacity to go in and stop the killing,We need to do more than that,Support,2004
2004_1b11c0bca4bafa7aa8099a9af6ff2efa,2004_fa21b29736ef8cb59978d4287f375f4d,T5,T703,Ask the people in the armed forces today,I also believe that it is -- one of the reasons we can't do it is we're overextended,Support,2004
2004_2c52942cd58113efa5392851ef2139bb,2004_fa21b29736ef8cb59978d4287f375f4d,T704,T703,We've got Guards and Reserves who are doing double duties,I also believe that it is -- one of the reasons we can't do it is we're overextended,Support,2004
2004_a95b8f9f0427aa20c0cd76651fd306e7,2004_5998c64fdf6af993a5e6dbe37c8451e5,T706,T708,people with stop-loss programs where they're told you can't get out of the military,this is the way the president has overextended the United States,Support,2004
2004_429af209bfd684a80fccc879e7ea9846,2004_5998c64fdf6af993a5e6dbe37c8451e5,T707,T708,"nine out of our 10 active duty divisions committed to Iraq one way or the other, either going, coming or preparing",this is the way the president has overextended the United States,Support,2004
2004_5998c64fdf6af993a5e6dbe37c8451e5,2004_fa21b29736ef8cb59978d4287f375f4d,T708,T703,this is the way the president has overextended the United States,I also believe that it is -- one of the reasons we can't do it is we're overextended,Support,2004
2004_5998c64fdf6af993a5e6dbe37c8451e5,2004_b8afeb8d2ee5d7245fefb154d4db07a6,T708,T709,this is the way the president has overextended the United States,"in my plan, I add two active duty divisions to the United States Army, not for Iraq, but for our general demands across the globe",Support,2004
2004_954922acae23240c0c02d6e2a38d4d6b,2004_b8afeb8d2ee5d7245fefb154d4db07a6,T710,T709,I also intend to double the number of special forces,"in my plan, I add two active duty divisions to the United States Army, not for Iraq, but for our general demands across the globe",Support,2004
2004_b8afeb8d2ee5d7245fefb154d4db07a6,2004_586cd6e502260f72e3be094909aa3d1d,T709,T711,"in my plan, I add two active duty divisions to the United States Army, not for Iraq, but for our general demands across the globe",we can do the job we need to do with respect fighting the terrorists around the world,Support,2004
2004_b8f74b7efda89f75e75b356bacd6ada8,2004_e05fdb6c7169baa0ec6e959e2fdb37e7,T713,T712,we could never allow another Rwanda,"as president, if it took American forces to some degree to coalesce the African Union, I'd be prepared to do it",Support,2004
2004_1256b76a67352bb6cb3903bb49d47236,2004_e05fdb6c7169baa0ec6e959e2fdb37e7,T714,T712,It's a moral responsibility for us and the world,"as president, if it took American forces to some degree to coalesce the African Union, I'd be prepared to do it",Support,2004
2004_0df52899a85f5e09ad3d716b01034138,2004_fd37189a4489a5a2be635b7f541c1082,T715,T694,It was not my administration that put the sanctions on Iran,Only the United States put the sanctions on alone,Attack,2004
2004_b18846efef6e92e160bc9c992361295d,2004_0df52899a85f5e09ad3d716b01034138,T716,T715,"That happened long before I arrived in Washington, D.C",It was not my administration that put the sanctions on Iran,Support,2004
2004_11a8242c6733fd60b3299ac3666a85c6,2004_ee11e0ea56c4f358d76f8cb7aa38b08e,T718,T717,Colin Powell so stated,"In terms of Darfur, I agree it's genocide",Support,2004
2004_dc4915fa6e3606394f970eb6a8880a0e,2004_3044844f6f2dc05d8fab265798879664,T7,T6,We have committed $200 million worth of aid,We're the leading donor in the world to help the suffering people there,Support,2004
2004_72e20119a95a3e092e9ecac8f3b6fe81,2004_ece59302baee256662dd04f908351596,T720,T719,We ought to be working with the African Union to do so,I agree with my opponent that we shouldn't be committing troops,Support,2004
2004_40721488bef38435fc604cdb452b79d2,2004_72e20119a95a3e092e9ecac8f3b6fe81,T721,T720,precisely what we did in Liberia,We ought to be working with the African Union to do so,Support,2004
2004_18cee5826da845918168db48e956db4f,2004_72e20119a95a3e092e9ecac8f3b6fe81,T723,T720,"We helped stabilize the situation with some troops, and when the African Union came, we moved them out",We ought to be working with the African Union to do so,Support,2004
2004_ece59302baee256662dd04f908351596,2004_a233b2f87ab75b7884a3e3bc1a6da393,T719,T698,I agree with my opponent that we shouldn't be committing troops,I think the reason that we're not saying send American troops in at this point is severalfold,Support,2004
2004_e6b80671fa7fa1761591dfe86261cbd1,2004_c11654e758c82b0710dba09b3bd30fac,T9,T722,"He changes positions on something as fundamental as what you believe in your core, in your heart of hearts, is right in Iraq",he changes positions on the war in Iraq,Support,2004
2004_ff0ba22253c804507bcc10183f0d1cf1,2004_41ec553ae05f3d2a87187efc7b08f0f1,T725,T724,Mixed messages send the wrong signals to our troops,You cannot lead if you send mixed messages,Support,2004
2004_8405ee8cad1c9acd7c0991dbe42f66c9,2004_41ec553ae05f3d2a87187efc7b08f0f1,T726,T724,Mixed messages send the wrong signals to our allies,You cannot lead if you send mixed messages,Support,2004
2004_968ad719a01a6de8ef625a6ab74abcd1,2004_41ec553ae05f3d2a87187efc7b08f0f1,T727,T724,Mixed messages send the wrong signals to the Iraqi citizens,You cannot lead if you send mixed messages,Support,2004
2004_41ec553ae05f3d2a87187efc7b08f0f1,2004_f954de7d7d227ef925d11ad2c9aacc2d,T724,T857,You cannot lead if you send mixed messages,that's my biggest concern about my opponent,Support,2004
2004_c11654e758c82b0710dba09b3bd30fac,2004_41ec553ae05f3d2a87187efc7b08f0f1,T722,T724,he changes positions on the war in Iraq,You cannot lead if you send mixed messages,Support,2004
2004_24f255783813f6e25228093a1637d8f2,2004_1c9d16e4a297d861ef9f359ba8bbf991,T729,T728,we never change our beliefs,we change tactics when need to,Attack,2004
2004_2cdd4a0c683491a5e3687d972bb5730c,2004_24f255783813f6e25228093a1637d8f2,T730,T729,the strategic beliefs that are necessary to protect this country in the world,we never change our beliefs,Support,2004
2004_24f255783813f6e25228093a1637d8f2,2004_41ec553ae05f3d2a87187efc7b08f0f1,T729,T724,we never change our beliefs,You cannot lead if you send mixed messages,Support,2004
2004_064bda4c0552bab41e00ff36c294e6b2,2004_7ac6e70ad8b06ddc6dd18b2499ec7f12,T732,T731,he's not acknowledging the realities of North Korea,I worry about with the president is that he's not acknowledging what's on the ground,Support,2004
2004_45a6716773ece6870919b671a85fb7ef,2004_7ac6e70ad8b06ddc6dd18b2499ec7f12,T733,T731,he's not acknowledging the truth of the science of stem-cell research or of global warming and other issues,I worry about with the president is that he's not acknowledging what's on the ground,Support,2004
2004_7ac6e70ad8b06ddc6dd18b2499ec7f12,2004_700463c9dc0cc311a7007d0eceed2aad,T731,T10,I worry about with the president is that he's not acknowledging what's on the ground,certainty sometimes can get you in trouble,Support,2004
2004_41785be1515dc9ac8f70ac982d689b6d,2004_7e8b6a28c498d05c41371c2f6540f9ca,T735,T734,Our commanders have got all the flexibility to do what is necessary to succeed,"I fully agree that one should shift tactics, and we will, in Iraq",Support,2004
2004_3f7282ca1ab7e93e41578216b1bb4a73,2004_7e8b6a28c498d05c41371c2f6540f9ca,T736,T734,what I won't do is change my core values because of politics or because of pressure,"I fully agree that one should shift tactics, and we will, in Iraq",Attack,2004
2004_6dd741b44aa576305ae9f306a0d76e03,2004_a1952f31dcfa73e3aba43f942fa2cb5f,T11,T737,"it is one of the things I've learned in the White House, is that there's enormous pressure on the president",he cannot wilt under that pressure,Support,2004
2004_1404fcfa29c0fb399ccf285301048593,2004_a1952f31dcfa73e3aba43f942fa2cb5f,T12,T737,the world won't be better off,he cannot wilt under that pressure,Support,2004
2004_3f7282ca1ab7e93e41578216b1bb4a73,2004_a1952f31dcfa73e3aba43f942fa2cb5f,T736,T737,what I won't do is change my core values because of politics or because of pressure,he cannot wilt under that pressure,Support,2004
2004_dac3904a0055632a417073412979dec8,2004_a1952f31dcfa73e3aba43f942fa2cb5f,T738,T737,I have no intention of wilting,he cannot wilt under that pressure,Attack,2004
2004_e84e33219ce30900ae97d85c1243e100,2004_dac3904a0055632a417073412979dec8,T739,T738,I've never wilted in my life,I have no intention of wilting,Support,2004
2004_e82e68631a0b56f165976dfa8eac1e87,2004_dac3904a0055632a417073412979dec8,T740,T738,I've never wavered in my life,I have no intention of wilting,Support,2004
2004_0e28d2d0b39b6ae462a0a1e7a34ab2bb,2004_dac3904a0055632a417073412979dec8,T741,T738,I know exactly what we need to do in Iraq,I have no intention of wilting,Support,2004
2004_87567f0926ed27332a5f7f10fa1ce199,2004_dac3904a0055632a417073412979dec8,T742,T738,my position has been consistent,I have no intention of wilting,Support,2004
2004_50e9cee5c292c391707bc57fd0340345,2004_d69633258f1f755ecfae67f2b55698dc,T743,T744,Saddam Hussein is a threat,He needed to be disarmed,Support,2004
2004_89085b051956d44ec2f1a53f6fcf1bc3,2004_d69633258f1f755ecfae67f2b55698dc,T745,T744,We needed to go to the U.N,He needed to be disarmed,Support,2004
2004_08a898c248919f70e04af0cec9229d98,2004_a0876ccc9053fb0eadc937906ca28384,T747,T746,he never did it without the threat of force,The president needed the authority to use force in order to be able to get him to do something,Support,2004
2004_a0876ccc9053fb0eadc937906ca28384,2004_e3c699f57009b81a0d2f0cdd39d0188d,T746,T748,The president needed the authority to use force in order to be able to get him to do something,we didn't need to rush to war without a plan to win the peace,Support,2004
2004_d69633258f1f755ecfae67f2b55698dc,2004_e3c699f57009b81a0d2f0cdd39d0188d,T744,T748,He needed to be disarmed,we didn't need to rush to war without a plan to win the peace,Support,2004
2004_50d0810fd100a91c3e5ed2edce004947,2004_fe72cbb30013a2dcc726e693cd1809fc,T749,T13,Nuclear proliferation,Nuclear proliferation,Equivalent,2004
2004_0819f28387f6da135eb870c9903057fc,2004_fe72cbb30013a2dcc726e693cd1809fc,T750,T13,There's some 600-plus tons of unsecured material still in the former Soviet Union and Russia,Nuclear proliferation,Support,2004
2004_af1819f0696f74e3f02e6b0c50f0e305,2004_fe72cbb30013a2dcc726e693cd1809fc,T751,T13,"At the rate that the president is currently securing it, it'll take 13 years to get it",Nuclear proliferation,Support,2004
2004_95a931dd025d4f8e68e8ae02cf1761f4,2004_af1819f0696f74e3f02e6b0c50f0e305,T752,T751,I did a lot of work on this,"At the rate that the president is currently securing it, it'll take 13 years to get it",Support,2004
2004_6b17ec93443b53fd029c127eaf974cea,2004_95a931dd025d4f8e68e8ae02cf1761f4,T753,T752,"I wrote a book about it several years ago -- six, seven years ago -- called ""The New War,"" which saw the difficulties of this international criminal network",I did a lot of work on this,Support,2004
2004_c931d932c33ecc7e2ed0e664a6cf376b,2004_6b17ec93443b53fd029c127eaf974cea,T14,T753,"back then, we intercepted a suitcase in a Middle Eastern country with nuclear materials in it","I wrote a book about it several years ago -- six, seven years ago -- called ""The New War,"" which saw the difficulties of this international criminal network",Support,2004
2004_e076f2d134f2b3d0c2eb836bf20b8478,2004_6b17ec93443b53fd029c127eaf974cea,T15,T753,the black market sale price was about $250 million,"I wrote a book about it several years ago -- six, seven years ago -- called ""The New War,"" which saw the difficulties of this international criminal network",Support,2004
2004_fc0a00cc1bee233c167641a891090f36,2004_fe72cbb30013a2dcc726e693cd1809fc,T16,T13,there are terrorists trying to get their hands on that stuff today,Nuclear proliferation,Support,2004
2004_ec1c6ba5a49b81a81e342fcd30ca4f00,2004_f5b423cdf23a03260b8833fdc68b678c,T755,T17,The president actually cut the money for it,We have to do this job,Attack,2004
2004_282c8503e92385114d655d896764b9b8,2004_f5b423cdf23a03260b8833fdc68b678c,T756,T17,You have to put the money into it and the funding and the leadership,We have to do this job,Support,2004
2004_d4fb88f394635af4d5989a68182723c6,2004_f5b423cdf23a03260b8833fdc68b678c,T754,T17,"this president, I regret to say, has secured less nuclear material in the last two years since 9/11 than we did in the two years preceding 9/11",We have to do this job,Attack,2004
2004_deaa89e81e0ebd8cd172ccb8e687d8e6,2004_282c8503e92385114d655d896764b9b8,T757,T756,part of that leadership is sending the right message to places like North Korea,You have to put the money into it and the funding and the leadership,Support,2004
2004_5efbe87a905e2972d0104ac803135012,2004_50c8e6a86422fe6242c2e79d0b9b94b5,T758,T19,Right now the president is spending hundreds of millions of dollars to research bunker-busting nuclear weapons,It doesn't make sense,Support,2004
2004_a5c947a1744745da800c593aa8d20e68,2004_50c8e6a86422fe6242c2e79d0b9b94b5,T759,T19,The United States is pursuing a new set of nuclear weapons,It doesn't make sense,Support,2004
2004_e2d9630d79422cad01e537ad1a7c5a77,2004_50c8e6a86422fe6242c2e79d0b9b94b5,T760,T19,"We're telling other people, ""You can't have nuclear weapons,"" but we're pursuing a new nuclear weapon that we might even contemplate using",It doesn't make sense,Support,2004
2004_50c8e6a86422fe6242c2e79d0b9b94b5,2004_56e1210e1718d0ac5e36eb34926d64cb,T19,T761,It doesn't make sense,I'm going to shut that program down,Support,2004
2004_56e1210e1718d0ac5e36eb34926d64cb,2004_24d05b44986ca1b10411ebb5bbb8452c,T761,T762,I'm going to shut that program down,we're going to make it clear to the world we're serious about containing nuclear proliferation,Support,2004
2004_f542617452ade9257424c71a6bbb4ba9,2004_aa89744cfc424537e2e2ded3abd80123,T763,T764,we're going to get the job of containing all of that nuclear material in Russia done in four years,we're going to build the strongest international network to prevent nuclear proliferation,Support,2004
2004_24d05b44986ca1b10411ebb5bbb8452c,2004_aa89744cfc424537e2e2ded3abd80123,T762,T764,we're going to make it clear to the world we're serious about containing nuclear proliferation,we're going to build the strongest international network to prevent nuclear proliferation,Support,2004
2004_783f3a13bcf20463cdc7270309e45a18,2004_aa89744cfc424537e2e2ded3abd80123,T765,T764,This is the scale of what President Kennedy set out to do with the nuclear test ban treaty,we're going to build the strongest international network to prevent nuclear proliferation,Support,2004
2004_7db5b4ddc1dbb2894ae9567f2a6f742e,2004_783f3a13bcf20463cdc7270309e45a18,T766,T765,It's our generation's equivalent,This is the scale of what President Kennedy set out to do with the nuclear test ban treaty,Support,2004
2004_ca617ebf1b5b8fbe534b9ae00c449b1c,2004_aa89744cfc424537e2e2ded3abd80123,T767,T764,I intend to get it done,we're going to build the strongest international network to prevent nuclear proliferation,Support,2004
2004_fe72cbb30013a2dcc726e693cd1809fc,2004_aa89744cfc424537e2e2ded3abd80123,T13,T764,Nuclear proliferation,we're going to build the strongest international network to prevent nuclear proliferation,Support,2004
2004_40787dc41ff049f92073b18815a74075,2004_fc0a00cc1bee233c167641a891090f36,T769,T16,I agree with my opponent that the biggest threat facing this country is weapons of mass destruction in the hands of a terrorist network,there are terrorists trying to get their hands on that stuff today,Support,2004
2004_bfedd70cf69908516b6d42949f85625a,2004_c62c3c149df5443377f5bf75406f4b28,T771,T770,My administration started what's called the Proliferation Security Initiative,proliferation is one of the centerpieces of a multi-prong strategy to make the country safer,Support,2004
2004_72fd296e6319e3feecf311809c6eda89,2004_6c43beca287f72a4f131645f678d84da,T773,T20,We busted the A.Q. Khan network,we've been effective,Support,2004
2004_5f10582e8cb99b0fcfe5176138702f27,2004_72fd296e6319e3feecf311809c6eda89,T774,T773,This was a proliferator out of Pakistan that was selling secrets to places like North Korea and Libya,We busted the A.Q. Khan network,Support,2004
2004_22fe1569f3a3cae8445c191981b6f004,2004_6c43beca287f72a4f131645f678d84da,T775,T20,We convinced Libya to disarm,we've been effective,Support,2004
2004_c62c3c149df5443377f5bf75406f4b28,2004_f8261015145402497c477ca97500cfd9,T770,T776,proliferation is one of the centerpieces of a multi-prong strategy to make the country safer,It's a central part of dealing with weapons of mass destruction and proliferation,Support,2004
2004_6c43beca287f72a4f131645f678d84da,2004_f8261015145402497c477ca97500cfd9,T20,T776,we've been effective,It's a central part of dealing with weapons of mass destruction and proliferation,Support,2004
2004_739198fb3a9b93099104b2dbab25292f,2004_db692f326b66d0c686b0dd9de9c7fb41,T777,T778,another way to help protect America in the long run is to continue with missile defenses,we've got a robust research and development program that has been ongoing during my administration,Support,2004
2004_db692f326b66d0c686b0dd9de9c7fb41,2004_44bca8591bd8dae4581e92150a44b1b6,T778,T780,we've got a robust research and development program that has been ongoing during my administration,that is another way to help deal with the threats that we face in the 21st century,Support,2004
2004_9f51ae3b3bd467013c058efb1972f572,2004_44bca8591bd8dae4581e92150a44b1b6,T779,T780,We'll be implementing a missile-defense system relatively quickly,that is another way to help deal with the threats that we face in the 21st century,Support,2004
2004_1d266c4a295fb60b080fcfdd7fc098a2,2004_44bca8591bd8dae4581e92150a44b1b6,T781,T780,My opponent opposed the missile defenses,that is another way to help deal with the threats that we face in the 21st century,Attack,2004
2004_33baceaefcc4176662b96e5cd2503cb4,2004_3aa178f0109b990249282ea4b498a454,T784,T783,"I can't tell you how big a mistake I think that is, to have bilateral talks with North Korea",I'm going to immediately set out to have bilateral talks with North Korea,Attack,2004
2004_681df578af8267f25f2b01f4eef35249,2004_33baceaefcc4176662b96e5cd2503cb4,T785,T784,It's precisely what Kim Jong Il wants,"I can't tell you how big a mistake I think that is, to have bilateral talks with North Korea",Support,2004
2004_bb2db4f1a96ad24b96840ab01d9b34a9,2004_33baceaefcc4176662b96e5cd2503cb4,T786,T784,It will cause the six-party talks to evaporate,"I can't tell you how big a mistake I think that is, to have bilateral talks with North Korea",Support,2004
2004_27a5b13ed0d22b6032630178b456a74c,2004_33baceaefcc4176662b96e5cd2503cb4,T787,T784,"It will mean that China no longer is involved in convincing, along with us, for Kim Jong Il to get rid of his weapons","I can't tell you how big a mistake I think that is, to have bilateral talks with North Korea",Support,2004
2004_33baceaefcc4176662b96e5cd2503cb4,2004_de3a4da4314bb07a0c5e2d07ecf7f10d,T784,T788,"I can't tell you how big a mistake I think that is, to have bilateral talks with North Korea",It's a big mistake to do that,Equivalent,2004
2004_b53bdcc3e830a3377ae406516a8e998b,2004_4b6f79c6e5187de2eaf6fedaa2b9e664,T789,T790,"We must have China's leverage on Kim Jong Il, besides ourselves","if you enter bilateral talks, they'll be happy to walk away from the table",Support,2004
2004_4b6f79c6e5187de2eaf6fedaa2b9e664,2004_19ea249735d6deec6c50de4e882e129e,T790,T791,"if you enter bilateral talks, they'll be happy to walk away from the table",I don't think that'll work,Support,2004
2004_19ea249735d6deec6c50de4e882e129e,2004_de3a4da4314bb07a0c5e2d07ecf7f10d,T791,T788,I don't think that'll work,It's a big mistake to do that,Support,2004
2004_e5df78bc3e08a8662ce1850d15d51be6,2004_b453abcaa8c15d344a902f6fb727303b,T21,T792,said so publicly,I don't think it's OK,Support,2004
2004_7185c5b8e633e934b9c842566b18c914,2004_b453abcaa8c15d344a902f6fb727303b,T793,T792,I think that there needs to be checks and balances in a democracy,I don't think it's OK,Support,2004
2004_5c57ed2192671f6f478fc43cc7a2da1a,2004_7185c5b8e633e934b9c842566b18c914,T794,T793,made that very clear that by consolidating power in the central government,I think that there needs to be checks and balances in a democracy,Support,2004
2004_728714711dd4061403156e899b8d067c,2004_b453abcaa8c15d344a902f6fb727303b,T795,T792,he's sending a signal to the Western world and United States that perhaps he doesn't believe in checks and balances,I don't think it's OK,Support,2004
2004_5ca47396d9733ee268150e23bcd5f8b0,2004_090f3539b4f98371d7b255b80a7a0c77,T797,T798,"they went through a horrible situation in Beslan, where these terrorists gunned down young school kids",he's also a strong ally in the war on terror,Support,2004
2004_53dca1de117ed2eb9b677d363d4a370d,2004_0c6f20e99551cef1467714bc38ac7955,T800,T799,that enables me to better comment to him,it's important that we do have a good relation,Support,2004
2004_1d6259f70c1c450bfaf964bc5823f0c0,2004_0c6f20e99551cef1467714bc38ac7955,T801,T799,"to better to discuss with him, some of the decisions he makes",it's important that we do have a good relation,Support,2004
2004_ff527f1e65f2e728599403136da65d01,2004_0c6f20e99551cef1467714bc38ac7955,T802,T799,"in this world, that it's important to establish good personal relationships with people",it's important that we do have a good relation,Support,2004
2004_4e92c5673ba1a9f3e7c1b9d9a18f9ac0,2004_ff527f1e65f2e728599403136da65d01,T803,T802,"when you have disagreements, you're able to disagree in a way that is effective","in this world, that it's important to establish good personal relationships with people",Support,2004
2004_d31fddb4f7e57c0b78217f6a25435ed3,2004_a152413bce8fa960e80e7b8c5ce3d57d,T806,T805,Russia is a country in transition,Vladimir is going to have to make some hard choices,Support,2004
2004_5d7c5911e8801e5b364a6e108466feb3,2004_939d06568c46fef3a9c0ccd838105092,T808,T807,I was there right after the transformation,I've had an extraordinary experience of watching up close and personal that transition in Russia,Support,2004
2004_f0a07bf13c15f52460cdfae05e102dcd,2004_939d06568c46fef3a9c0ccd838105092,T809,T807,"I was probably one of the first senators, along with Senator Bob Smith of New Hampshire, a former senator, to go down into the KGB underneath Treblinka Square and see reams of files with names in them",I've had an extraordinary experience of watching up close and personal that transition in Russia,Support,2004
2004_7ec04491d6cc5536168fdfece82266e5,2004_094b7ec886b71d09c5397ce0a0439d40,T811,T810,Mr. Putin now controls all the television stations,I think it goes beyond just the response to terror,Support,2004
2004_bb4b248371022e02a1336b2bce675738,2004_094b7ec886b71d09c5397ce0a0439d40,T812,T810,His political opposition is being put in jail,I think it goes beyond just the response to terror,Support,2004
2004_89c8bc399573af44d4c89f4f4c4cb249,2004_0b80909376802d17afa4441a48fc8f0a,T814,T813,This is a very important country to us,"I think it's very important to the United States, obviously, to have a working relationship that is good",Support,2004
2004_c9c1b385f683e8d6035ef185b298f305,2004_0b80909376802d17afa4441a48fc8f0a,T815,T813,We want a partnership,"I think it's very important to the United States, obviously, to have a working relationship that is good",Support,2004
2004_160011346be37ee089bee74c4eeb112e,2004_0b80909376802d17afa4441a48fc8f0a,T816,T813,we always have to stand up for democracy,"I think it's very important to the United States, obviously, to have a working relationship that is good",Attack,2004
2004_550fe5bf44c0908647e296e32c122d4f,2004_160011346be37ee089bee74c4eeb112e,T817,T816,"George Will said the other day, ""Freedom on the march; not in Russia right now.""",we always have to stand up for democracy,Support,2004
2004_3225ddb51bb0f7a6eeeb219c83016156,2004_35f60f5a2eecde8ddb7fc9b0604545b3,T820,T819,"China has an interest in the outcome, too",we can get those weapons at the same time as we get China,Support,2004
2004_35f60f5a2eecde8ddb7fc9b0604545b3,2004_3a9866ab1d0fca30e303e645cea62a4d,T819,T818,we can get those weapons at the same time as we get China,We could have bilateral talks with Kim Jong Il,Support,2004
2004_c46b4bdabbdc29db6d8ca1caef42a1bc,2004_e14e897399fa1bae08f402d5bd6849e6,T22,T821,we looked at the same intelligence and came to the same conclusion,that Saddam Hussein was a grave threat,Support,2004
2004_d9a3e55fccb1f27052fc0fa8a31aca56,2004_a8be7bf75c061e3e960f6c360385b8dc,T24,T23,That's not the issue,It was a threat,Attack,2004
2004_a811bc6d74cf3782bdbf691764826aa1,2004_d9a3e55fccb1f27052fc0fa8a31aca56,T25,T24,"The president said he was going to build a true coalition, exhaust the remedies of the U.N. and go to war as a last resort",That's not the issue,Support,2004
2004_3f8e0aa550ad822dad704fa465c4730e,2004_a811bc6d74cf3782bdbf691764826aa1,T822,T25,he didn't go to war as a last resort,"The president said he was going to build a true coalition, exhaust the remedies of the U.N. and go to war as a last resort",Attack,2004
2004_8daf0c21de9e99118ae826af5a7245f2,2004_3f8e0aa550ad822dad704fa465c4730e,T823,T822,we have this incredible mess in Iraq -- $200 billion,he didn't go to war as a last resort,Support,2004
2004_3f8e0aa550ad822dad704fa465c4730e,2004_1f41708c0ae84191279ef519395f54f3,T822,T824,he didn't go to war as a last resort,It's not what the American people thought they were getting when they voted,Support,2004
2004_19de1098f9289151e9ae5cb577211e66,2004_9d78824bf291ea76a02beb0e5d56b396,T3,T2,That was a great doctrine throughout the Cold War,"The president always has the right, and always has had the right, for preemptive strike",Support,2004
2004_1f52d09c277120baffdf65a3902a53f4,2004_9d78824bf291ea76a02beb0e5d56b396,T4,T2,it was always one of the things we argued about with respect to arms control,"The president always has the right, and always has had the right, for preemptive strike",Support,2004
2004_1b9604525739e387615dbe08e2c36048,2004_9d78824bf291ea76a02beb0e5d56b396,T1,T2,"No president, through all of American history, has ever ceded, and nor would I, the right to preempt in any way necessary to protect the United States of America","The president always has the right, and always has had the right, for preemptive strike",Support,2004
2004_91c371c84404981c46a57d2f94bac065,2004_9d78824bf291ea76a02beb0e5d56b396,T5,T2,"you have to do it in a way that passes the test, that passes the global test where your countrymen, your people understand fully why you're doing what you're doing and you can prove to the world that you did it for legitimate reasons","The president always has the right, and always has had the right, for preemptive strike",Attack,2004
2004_a5cfa1ba2a967523d114a8ae53ba2e5c,2004_91c371c84404981c46a57d2f94bac065,T7,T5,"I mean, we can remember when President Kennedy in the Cuban missile crisis sent his secretary of state to Paris to meet with DeGaulle","you have to do it in a way that passes the test, that passes the global test where your countrymen, your people understand fully why you're doing what you're doing and you can prove to the world that you did it for legitimate reasons",Support,2004
2004_e2a79154a1ebf0f2cf239a0f497271ee,2004_91c371c84404981c46a57d2f94bac065,T8,T5,"in the middle of the discussion, to tell them about the missiles in Cuba, he said, ""Here, let me show you the photos."" And DeGaulle waved them off and said, ""No, no, no, no. The word of the president of the United States is good enough for me.""","you have to do it in a way that passes the test, that passes the global test where your countrymen, your people understand fully why you're doing what you're doing and you can prove to the world that you did it for legitimate reasons",Support,2004
2004_c1c89914ec03aa1f916464c00faed61f,2004_91c371c84404981c46a57d2f94bac065,T6,T5,Here we have our own secretary of state who has had to apologize to the world for the presentation he made to the United Nations,"you have to do it in a way that passes the test, that passes the global test where your countrymen, your people understand fully why you're doing what you're doing and you can prove to the world that you did it for legitimate reasons",Attack,2004
2004_54dabb7b7d38008312b3bf867d1a08bd,2004_44ffc57162ce7d4c25083ebb17eaa46b,T10,T9,what is at test here is the credibility of the United States of America and how we lead the world,"How many leaders in the world today would respond to us, as a result of what we've done, in that way?",Attack,2004
2004_c8c33f8a8a5fad105f486e650a5108cf,2004_58e3a5c535063c55d8211eed6861c544,T629,T631,Iran and Iraq are now more dangerous,"As president, I'll never take my eye off that ball",Support,2004
2004_671a9b5828182966b04b8b19d63f03f0,2004_58e3a5c535063c55d8211eed6861c544,T630,T631,Iran and North Korea are now more dangerous,"As president, I'll never take my eye off that ball",Support,2004
2004_8689fa03aab01ba9cadf9307e030bc39,2004_2e2d3e2a2aa6a42a9cecc08fdabd6284,T632,T633,I've been fighting for proliferation the entire time -- anti-proliferation the entire time I've been in the Congress,we've watched this president actually turn away from some of the treaties that were on the table,Support,2004
2004_2e2d3e2a2aa6a42a9cecc08fdabd6284,2004_0a2df50607be1541277632afde7e6041,T633,T634,we've watched this president actually turn away from some of the treaties that were on the table,"You don't help yourself with other nations when you turn away from the global warming treaty, for instance, or when you refuse to deal at length with the United Nations",Support,2004
2004_0a2df50607be1541277632afde7e6041,2004_f624915e3803132fe444bbe9e9805de0,T634,T635,"You don't help yourself with other nations when you turn away from the global warming treaty, for instance, or when you refuse to deal at length with the United Nations",I think we have a lot of earning back to do,Support,2004
2004_c56c1424e252e9c1884282a6ab409110,2004_91c371c84404981c46a57d2f94bac065,T636,T5,My attitude is you take preemptive action in order to protect the American people,"you have to do it in a way that passes the test, that passes the global test where your countrymen, your people understand fully why you're doing what you're doing and you can prove to the world that you did it for legitimate reasons",Attack,2004
2004_215f93da3fb8905ee5a213bf447a20d0,2004_c56c1424e252e9c1884282a6ab409110,T637,T636,you act in order to make this country secure,My attitude is you take preemptive action in order to protect the American people,Support,2004
2004_5b4529159a01bb50f5d915a5ae020063,2004_f6f4c82964bed069ff5770a11c03e5dd,T640,T638,I think it shows the difference of our opinion -- the difference of opinions,My opponent talks about me not signing certain treaties,Attack,2004
2004_5b4529159a01bb50f5d915a5ae020063,2004_2e2d3e2a2aa6a42a9cecc08fdabd6284,T640,T633,I think it shows the difference of our opinion -- the difference of opinions,we've watched this president actually turn away from some of the treaties that were on the table,Attack,2004
2004_e656e7d668acbbb45464dbb530948b1c,2004_443c186bc997252822ddf4c6c41b36f6,T641,T639,This is a body based in The Hague where unaccountable judges and prosecutors can pull our troops or diplomats up for trial,I wouldn't join the International Criminal Court,Support,2004
2004_5450a53e99c15136cefc9763fdcd449c,2004_443c186bc997252822ddf4c6c41b36f6,T11,T639,I wouldn't join i,I wouldn't join the International Criminal Court,Equivalent,2004
2004_964e903f501afd06f6a5d6210ab0cb40,2004_443c186bc997252822ddf4c6c41b36f6,T643,T639,it's the right move not to join a foreign court that could -- where our people could be prosecuted,I wouldn't join the International Criminal Court,Support,2004
2004_443c186bc997252822ddf4c6c41b36f6,2004_fb4a4a41f32f2ca320cf1bd69d29b357,T639,T644,I wouldn't join the International Criminal Court,My opponent is for joining the International Criminal Court,Attack,2004
2004_de871a5d4bf01d3edcc58bb74212e912,2004_fb4a4a41f32f2ca320cf1bd69d29b357,T645,T644,"I just think trying to be popular, kind of, in the global sense",My opponent is for joining the International Criminal Court,Support,2004
2004_3deacebeef0435bdde7ac7d3b165d292,2004_fb4a4a41f32f2ca320cf1bd69d29b357,T646,T644,if it's not in our best interest makes no sense,My opponent is for joining the International Criminal Court,Support,2004
2004_a4df89856f7fbed1612c274bab1ce9eb,2004_fb4a4a41f32f2ca320cf1bd69d29b357,T647,T644,I'm interested in working with our nations and do a lot of it,My opponent is for joining the International Criminal Court,Attack,2004
2004_420362449972c76454c61c8b94935fbc,2004_fb4a4a41f32f2ca320cf1bd69d29b357,T648,T644,I'm not going to make decisions that I think are wrong for America,My opponent is for joining the International Criminal Court,Attack,2004
2004_9db201810e5a47e5a0c099ffd93fe23a,2004_062bb6ee9b4b5e1acd0f9520dfceb287,T708,T707,"What happens in those forests, because of lousy federal policy, is they grow to be -- they are not -- they're not harvested",We proposed and passed a healthy forest bill which was essential to working with -- particularly in Western states -- to make sure that our forests were protected,Support,2004
2004_b60af2ebd99b9ef0bce272da85fa1201,2004_9db201810e5a47e5a0c099ffd93fe23a,T709,T708,They're not taken care of,"What happens in those forests, because of lousy federal policy, is they grow to be -- they are not -- they're not harvested",Support,2004
2004_9db201810e5a47e5a0c099ffd93fe23a,2004_f57f6b21dc66a1349104a26f366e6beb,T708,T710,"What happens in those forests, because of lousy federal policy, is they grow to be -- they are not -- they're not harvested","as a result, they're like tinderboxes",Attack,2004
2004_556e6de83072cac61d7a298829443cb4,2004_f88c072cfe60925c78edfa05c85daa40,T701,T700,to protect old stands of trees and at the same time make sure our forests aren't vulnerable to the forest fires that have destroyed acres after acres in the West,this is a reasonable policy,Support,2004
2004_f88c072cfe60925c78edfa05c85daa40,2004_062bb6ee9b4b5e1acd0f9520dfceb287,T700,T707,this is a reasonable policy,We proposed and passed a healthy forest bill which was essential to working with -- particularly in Western states -- to make sure that our forests were protected,Support,2004
2004_e00e8c56702c53f2afe2580b37611f51,2004_f88c072cfe60925c78edfa05c85daa40,T699,T700,"We've got a good, common-sense policy",this is a reasonable policy,Support,2004
2004_24a3d8a8a4fad5cc165a936b982fd9fc,2004_142b62a47aab047342deae7fe4ed2f8b,T712,T716,what I really think is going to happen over time is technology is going to change the way we live for the good for the environment,I proposed a hydrogen automobile -- hydrogen-generated automobile,Support,2004
2004_f97374c4345d22bdb95b19c3e0a6b31f,2004_142b62a47aab047342deae7fe4ed2f8b,T717,T716,We're spending $1 billion to come up with the technologies to do that,I proposed a hydrogen automobile -- hydrogen-generated automobile,Support,2004
2004_ae7de159e5a0911c517b9440d1e71a42,2004_22f1918b11c6d23049c5e6d3b570191b,T715,T714,to make sure we can use coal but in a clean way,I'm a big proponent of clean coal technology,Support,2004
2004_22f1918b11c6d23049c5e6d3b570191b,2004_f97374c4345d22bdb95b19c3e0a6b31f,T714,T717,I'm a big proponent of clean coal technology,We're spending $1 billion to come up with the technologies to do that,Support,2004
2004_22f1918b11c6d23049c5e6d3b570191b,2004_16aa815914f20f3eddd8f65d798a198b,T714,T713,I'm a big proponent of clean coal technology,I'm a good steward of the land,Support,2004
2004_142b62a47aab047342deae7fe4ed2f8b,2004_16aa815914f20f3eddd8f65d798a198b,T716,T713,I proposed a hydrogen automobile -- hydrogen-generated automobile,I'm a good steward of the land,Support,2004
2004_f88c072cfe60925c78edfa05c85daa40,2004_16aa815914f20f3eddd8f65d798a198b,T700,T713,this is a reasonable policy,I'm a good steward of the land,Support,2004
2004_062bb6ee9b4b5e1acd0f9520dfceb287,2004_16aa815914f20f3eddd8f65d798a198b,T707,T713,We proposed and passed a healthy forest bill which was essential to working with -- particularly in Western states -- to make sure that our forests were protected,I'm a good steward of the land,Support,2004
2004_58a4990cea96c7339a2bad0b06502215,2004_16aa815914f20f3eddd8f65d798a198b,T706,T713,I have -- was fought for a very strong title in the farm bill for the conservation reserve program to set aside millions of acres of land to help improve wildlife and the habitat,I'm a good steward of the land,Support,2004
2004_16aa815914f20f3eddd8f65d798a198b,2004_4301a3c8165fe2f99111aa477f691b07,T713,T720,I'm a good steward of the land,More land being restored since I've been the president,Support,2004
2004_7db857004d5245bdd1f5cdbdf70ed313,2004_395fa347e70b1d93db3079d53c79e7d5,T705,T718,"I proposed to the United States Congress a Clear Skies Initiative to reduce sulfur dioxide, nitrogen oxide and mercury by 70 percent",The quality of the air's cleaner since I've been the president,Support,2004
2004_f4f4c1107e15239de88acc6fc2df8c07,2004_4301a3c8165fe2f99111aa477f691b07,T704,T720,We've got an aggressive brown field program to refurbish inner-city sore spots to useful pieces of property,More land being restored since I've been the president,Support,2004
2004_4866d7f711fe383053da81923e1696ce,2004_16aa815914f20f3eddd8f65d798a198b,T703,T713,I've got a plan to increase the wetlands by 3 million,I'm a good steward of the land,Support,2004
2004_ff74bb5d8d541b34c439352bb1c56383,2004_395fa347e70b1d93db3079d53c79e7d5,T702,T718,Off-road diesel engines -- we have reached an agreement to reduce pollution from off-road diesel engines by 90 percent,The quality of the air's cleaner since I've been the president,Support,2004
2004_84510ac9507881ff8b87521572f3d32b,2004_99cfdd509c1a252d37e0748887f55081,T2,T1,"But if you're a president, it's not","Now, if you're a Red Sox fan, that's OK.",Attack,2004
2004_99cfdd509c1a252d37e0748887f55081,2004_bde755ce029514f5839ca46202b78f7d,T1,T721,"Now, if you're a Red Sox fan, that's OK.","the president, I don't think, is living in a world of reality with respect to the environment",Support,2004
2004_bde755ce029514f5839ca46202b78f7d,2004_4301a3c8165fe2f99111aa477f691b07,T721,T720,"the president, I don't think, is living in a world of reality with respect to the environment",More land being restored since I've been the president,Attack,2004
2004_bde755ce029514f5839ca46202b78f7d,2004_16aa815914f20f3eddd8f65d798a198b,T721,T713,"the president, I don't think, is living in a world of reality with respect to the environment",I'm a good steward of the land,Attack,2004
2004_bde755ce029514f5839ca46202b78f7d,2004_395fa347e70b1d93db3079d53c79e7d5,T721,T718,"the president, I don't think, is living in a world of reality with respect to the environment",The quality of the air's cleaner since I've been the president,Attack,2004
2004_bde755ce029514f5839ca46202b78f7d,2004_0caf2526958968a48a25e1059f041c9c,T721,T719,"the president, I don't think, is living in a world of reality with respect to the environment",Fewer water complaints since I've been the president,Attack,2004
2004_843b1dce4326a517d1d1bde1caacfe18,2004_970906254c1160b0f780923fe3318d5c,T724,T729,Labels don't mean anything,Labels don't fit,Support,2004
2004_d80f8ab8077f24e8b0ff230045893392,2004_843b1dce4326a517d1d1bde1caacfe18,T725,T724,I supported welfare reform,Labels don't mean anything,Support,2004
2004_0515e8d50790036391c4f8f41e27c684,2004_843b1dce4326a517d1d1bde1caacfe18,T726,T724,"I led the fight to put 100,000 cops on the streets of America",Labels don't mean anything,Support,2004
2004_94b6720c994cb369055d69d0ea106122,2004_843b1dce4326a517d1d1bde1caacfe18,T727,T724,I've been for faith-based initiatives helping to intervene in the lives of young children for years,Labels don't mean anything,Support,2004
2004_5c059ff3c48240ce08d724d804d78d23,2004_843b1dce4326a517d1d1bde1caacfe18,T728,T724,"I was -- broke with my party in 1985, one of the first three Democrats to fight for a balanced budget when it was heresy",Labels don't mean anything,Support,2004
2004_a826e0fce17da7b0a489439ab14ae5ee,2004_bde755ce029514f5839ca46202b78f7d,T722,T721,"when it comes to the issue of the environment, this is one of the worst administrations in modern history","the president, I don't think, is living in a world of reality with respect to the environment",Support,2004
2004_76633d30afb22ec12a8c3019803d8118,2004_395fa347e70b1d93db3079d53c79e7d5,T723,T718,"The Clear Skies bill that he just talked about, it's one of those Orwellian names you pull out of the sky, slap it onto something, like ""No Child Left Behind"" but you leave millions of children behind",The quality of the air's cleaner since I've been the president,Attack,2004
2004_76633d30afb22ec12a8c3019803d8118,2004_223475126b6b459c9658a9fc96523fef,T723,T730,"The Clear Skies bill that he just talked about, it's one of those Orwellian names you pull out of the sky, slap it onto something, like ""No Child Left Behind"" but you leave millions of children behind",Here they're leaving the skies and the environment behind,Support,2004
2004_b52ce61dce2591c3411e0874f280f42c,2004_66ac4b7ca2adabc279108b7519332a1e,T731,T732,the air would be cleaner than it is if you pass the Clear Skies act,"If they just left the Clean Air Act all alone the way it is today, no change",Attack,2004
2004_b52ce61dce2591c3411e0874f280f42c,2004_409af65d5bf64e736a2060602ca5944b,T731,T733,the air would be cleaner than it is if you pass the Clear Skies act,We're going backwards,Support,2004
2004_102595781809d7567e9c541599b31585,2004_409af65d5bf64e736a2060602ca5944b,T734,T733,his environmental enforcement chief air-quality person at the EPA resigned in protest over what they're doing to what they are calling the new source performance standards for air quality,We're going backwards,Support,2004
2004_b52ce61dce2591c3411e0874f280f42c,2004_102595781809d7567e9c541599b31585,T731,T734,the air would be cleaner than it is if you pass the Clear Skies act,his environmental enforcement chief air-quality person at the EPA resigned in protest over what they're doing to what they are calling the new source performance standards for air quality,Attack,2004
2004_bdf8f912f3c05d8d32d08a93b984dbef,2004_409af65d5bf64e736a2060602ca5944b,T735,T733,They're going backwards on the definition for wetlands,We're going backwards,Support,2004
2004_09b4e1ae2b5105fa1bfb65a55e1c3544,2004_409af65d5bf64e736a2060602ca5944b,T736,T733,They're going backwards on the water quality,We're going backwards,Support,2004
2004_1eeb1f05852f69db2b3a374ce91683ce,2004_6fe6b1d706138b9e945ecd1fd72de734,T740,T738,didn't even accept the science,They pulled out of the global warming,Support,2004
2004_a98161b89bab3177b87bf00ad28cca33,2004_6fe6b1d706138b9e945ecd1fd72de734,T739,T738,declared it dead,They pulled out of the global warming,Support,2004
2004_6fe6b1d706138b9e945ecd1fd72de734,2004_409af65d5bf64e736a2060602ca5944b,T738,T733,They pulled out of the global warming,We're going backwards,Support,2004
2004_7e392fccd2c0f95abf747ce15956df81,2004_6fe6b1d706138b9e945ecd1fd72de734,T737,T738,I'm going to be a president who believes in science,They pulled out of the global warming,Attack,2004
2004_408ba502299caac32d155840c6b3e4a6,2004_a94b43934fb310e58ecf71b5c2a087b6,T742,T743,"had we joined the Kyoto treaty, which I guess he's referring to, it would have cost America a lot of jobs","It's one of these deals where, in order to be popular in the halls of Europe, you sign a treaty",Attack,2004
2004_408ba502299caac32d155840c6b3e4a6,2004_350b3e544ffb9f8c045ce4fc99c5fb95,T742,T741,"had we joined the Kyoto treaty, which I guess he's referring to, it would have cost America a lot of jobs",I think there's a better way to do it,Support,2004
2004_cac3bd5de5914d12868e7887a3835dc2,2004_350b3e544ffb9f8c045ce4fc99c5fb95,T744,T741,I just told you the facts,I think there's a better way to do it,Support,2004
2004_0af6aed5f5bc94bf329fee9ec4b6ace5,2004_cac3bd5de5914d12868e7887a3835dc2,T745,T744,The quality of the air is cleaner since I've been the president of the United States,I just told you the facts,Support,2004
2004_32f63f34e35aeff20b5d2cfc49254b88,2004_cac3bd5de5914d12868e7887a3835dc2,T746,T744,we'll continue to spend money on research and development,I just told you the facts,Support,2004
2004_08c313d3a083f7dadfca7068d524ffba,2004_32f63f34e35aeff20b5d2cfc49254b88,T747,T746,"I truly believe that's the way to get from how we live today to being able to live a standard of living that we're accustomed to and being able to protect our environment better, the use of technologies",we'll continue to spend money on research and development,Support,2004
2004_08c485724b22c82a25e61166e6772112,2004_408ba502299caac32d155840c6b3e4a6,T748,T742,the Kyoto treaty was flawed,"had we joined the Kyoto treaty, which I guess he's referring to, it would have cost America a lot of jobs",Attack,2004
2004_0899d0545112bfd8a6a1c1c862aae2d9,2004_b40bcf0d5c3a726dec49df3206c55bbc,T749,T750,I was in Kyoto,I was part of that,Support,2004
2004_b40bcf0d5c3a726dec49df3206c55bbc,2004_e99a0e636f995f6d9dcdd0065b52667c,T750,T751,I was part of that,I know what happened,Support,2004
2004_e99a0e636f995f6d9dcdd0065b52667c,2004_08c485724b22c82a25e61166e6772112,T751,T748,I know what happened,the Kyoto treaty was flawed,Support,2004
2004_08c485724b22c82a25e61166e6772112,2004_259f9fbd68b8be5b36d9ca89c1aee733,T748,T752,the Kyoto treaty was flawed,this president didn't try to fix it,Attack,2004
2004_259f9fbd68b8be5b36d9ca89c1aee733,2004_f5f6b8a7caa0f2a72fcc69d923d709f9,T752,T753,this president didn't try to fix it,He just declared it dead,Attack,2004
2004_259f9fbd68b8be5b36d9ca89c1aee733,2004_389e640a515c57910c9f6a841710e58d,T752,T754,this president didn't try to fix it,we walked away from the work of 160 nations over 10 years,Attack,2004
2004_fb4f5f45dbcb5225c8e407482d7d419a,2004_20fb792739025bd7eb348cfe4bac505c,T756,T755,I will,The president's done nothing to try to fix it,Attack,2004
2004_20fb792739025bd7eb348cfe4bac505c,2004_259f9fbd68b8be5b36d9ca89c1aee733,T755,T752,The president's done nothing to try to fix it,this president didn't try to fix it,Support,2004
2004_5c44ea7ca99cb2d7aa62c195429173da,2004_b4a58a145db2e54737888db2ac12283d,T303,T304,The all- volunteer army works,It works particularly when we pay our troops well,Support,2004
2004_b4a58a145db2e54737888db2ac12283d,2004_fd7032d61e01234cbc4d8cff5bdf4388,T304,T305,It works particularly when we pay our troops well,"It works when we make sure they've got housing, like we have done in the last military budgets",Support,2004
2004_fd7032d61e01234cbc4d8cff5bdf4388,2004_e71e68b36b404d2df3941d3f95a1fc60,T305,T306,"It works when we make sure they've got housing, like we have done in the last military budgets",An all-volunteer army is best suited to fight the new wars of the 21st century,Support,2004
2004_5c44ea7ca99cb2d7aa62c195429173da,2004_cab08ee7eb676340109d95ef340a1f98,T303,T302,The all- volunteer army works,We're not going to have a draft,Attack,2004
2004_e71e68b36b404d2df3941d3f95a1fc60,2004_cab08ee7eb676340109d95ef340a1f98,T306,T302,An all-volunteer army is best suited to fight the new wars of the 21st century,We're not going to have a draft,Attack,2004
2004_792b1c4f50f5554a79555772d5cab1b7,2004_e71e68b36b404d2df3941d3f95a1fc60,T307,T306,which is to be specialized and to find these people as they hide around the world,An all-volunteer army is best suited to fight the new wars of the 21st century,Support,2004
2004_71b1d9c2aaf140c1801a112cb93000c9,2004_e71e68b36b404d2df3941d3f95a1fc60,T308,T306,We don't need mass armies anymore,An all-volunteer army is best suited to fight the new wars of the 21st century,Support,2004
2004_6d1427a9af21145d67eba670b6060ea7,2004_a732bef7444bbd1ab9e8e7fbdbb7f35c,T310,T309,we're moving troops out of Korea and replacing them with more effective weapons,One of the things we've done is we've taken the -- we're beginning to transform our military,Support,2004
2004_a732bef7444bbd1ab9e8e7fbdbb7f35c,2004_71b1d9c2aaf140c1801a112cb93000c9,T309,T308,One of the things we've done is we've taken the -- we're beginning to transform our military,We don't need mass armies anymore,Support,2004
2004_14f38972841e256a69d52bff7aaa0d3a,2004_6d1427a9af21145d67eba670b6060ea7,T311,T310,We don't need as much manpower on the Korean Peninsula to keep a deterrent,we're moving troops out of Korea and replacing them with more effective weapons,Support,2004
2004_2e0131d9d4ec5961bd71ced03b075f57,2004_9ba22702a368d1d09b1b0dd21af8806c,T314,T312,those days are over with,"In Europe, we have massed troops as if the Soviet Union existed and was going to invade into Europe",Attack,2004
2004_2e0131d9d4ec5961bd71ced03b075f57,2004_71b1d9c2aaf140c1801a112cb93000c9,T314,T308,those days are over with,We don't need mass armies anymore,Support,2004
2004_8173b4c2cbdffbc0d9511556421567d3,2004_a732bef7444bbd1ab9e8e7fbdbb7f35c,T313,T309,we're moving troops out of Europe and replacing it with more effective equipment,One of the things we've done is we've taken the -- we're beginning to transform our military,Support,2004
2004_8173b4c2cbdffbc0d9511556421567d3,2004_9ba22702a368d1d09b1b0dd21af8806c,T313,T312,we're moving troops out of Europe and replacing it with more effective equipment,"In Europe, we have massed troops as if the Soviet Union existed and was going to invade into Europe",Attack,2004
2004_f0c7c176b5ef87f26c3330dfd5f8f64a,2004_545ee50a59c34ed3529b9df8628f5bbe,T316,T315,so there's less rotation,we're withdrawing manpower so they can be stationed here in America,Support,2004
2004_5ec867c9b338a68b160ff7d776e671b6,2004_545ee50a59c34ed3529b9df8628f5bbe,T318,T315,so life is easier on their families,we're withdrawing manpower so they can be stationed here in America,Support,2004
2004_545ee50a59c34ed3529b9df8628f5bbe,2004_91b923f3ce2c71a0999fb25496ac3cd4,T315,T317,we're withdrawing manpower so they can be stationed here in America,we'll be more likely to be able to keep people in the all-volunteer army,Support,2004
2004_a732bef7444bbd1ab9e8e7fbdbb7f35c,2004_ebb1d8e6500bd121a1f72d6593398c55,T309,T319,One of the things we've done is we've taken the -- we're beginning to transform our military,One of the more important things we're doing in this administration is transformation,Support,2004
2004_4345313861020895d51d2155508e102f,2004_374e5e770fd0d7b50413df52c8d75ca3,T320,T321,There are some really interesting technologies,"For instance, we're flying unmanned vehicles that can send real- time messages back to stations in the United States",Support,2004
2004_e2805f3ccef9d5b70e525f4c892edc04,2004_374e5e770fd0d7b50413df52c8d75ca3,T322,T321,That saves manpower,"For instance, we're flying unmanned vehicles that can send real- time messages back to stations in the United States",Support,2004
2004_cc59be4944832ee23ef18b858f0e3a88,2004_374e5e770fd0d7b50413df52c8d75ca3,T323,T321,it saves equipment,"For instance, we're flying unmanned vehicles that can send real- time messages back to stations in the United States",Support,2004
2004_374e5e770fd0d7b50413df52c8d75ca3,2004_ebb1d8e6500bd121a1f72d6593398c55,T321,T319,"For instance, we're flying unmanned vehicles that can send real- time messages back to stations in the United States",One of the more important things we're doing in this administration is transformation,Support,2004
2004_6c3d1ab4c85b6c257c033746bdd39937,2004_f41d96f3220a19e4ab7f48a7ab65f4c4,T324,T325,we can target things easier and move more quickly,we need to be lighter and quicker and more facile and highly trained,Support,2004
2004_f41d96f3220a19e4ab7f48a7ab65f4c4,2004_ebb1d8e6500bd121a1f72d6593398c55,T325,T319,we need to be lighter and quicker and more facile and highly trained,One of the more important things we're doing in this administration is transformation,Support,2004
2004_cab08ee7eb676340109d95ef340a1f98,2004_242cd1ab6ad8e2e4bb2bc9e41d386553,T302,T326,We're not going to have a draft,We're not going to have a draft so long as I am the president,Support,2004
2004_7eff2451e8f993c8a17edf0ee0f0fa52,2004_242cd1ab6ad8e2e4bb2bc9e41d386553,T327,T326,I don't support a draft,We're not going to have a draft so long as I am the president,Support,2004
2004_bbe6ea9ccf682abfffba968ea7840a92,2004_0749609e7bf405de1fd4c79f7c2cea12,T329,T328,"I am very proud in this race to have the support of General John Shalikashvili, former chairman of the Joint Chiefs of Staff; Admiral William Crowe, former chairman of the Joint Chiefs of Staff; General Tony McPeak, who ran the air war for the president's father and did a brilliant job, supporting me",our military is overextended under the president,Support,2004
2004_0353de7599239e76c85c3ebff1836804,2004_0749609e7bf405de1fd4c79f7c2cea12,T330,T328,Our Guard and reserves have been turned into almost active duty,our military is overextended under the president,Support,2004
2004_67770383fefa8b1f32ef67034de4e464,2004_0749609e7bf405de1fd4c79f7c2cea12,T331,T328,You've got people doing two and three rotations,our military is overextended under the president,Support,2004
2004_33c4c15352e8ef484ee013470d738072,2004_0749609e7bf405de1fd4c79f7c2cea12,T332,T328,"You've got stop-loss policies, so people can't get out when they were supposed to",our military is overextended under the president,Support,2004
2004_1f56a1548c53f1c46b4a6f6b8d45a8bb,2004_0749609e7bf405de1fd4c79f7c2cea12,T333,T328,You've got a back-door draft right now,our military is overextended under the president,Support,2004
2004_14c7ef81383b1794a60caca82a0b7bfa,2004_0749609e7bf405de1fd4c79f7c2cea12,T334,T328,a lot of our military are underpaid,our military is overextended under the president,Support,2004
2004_88e8c49e6b07f32955bacdfc3be1739c,2004_0749609e7bf405de1fd4c79f7c2cea12,T335,T328,These are families that get hurt,our military is overextended under the president,Support,2004
2004_88e8c49e6b07f32955bacdfc3be1739c,2004_93b0ae90d37b8ef05b97e68befc476cb,T335,T336,These are families that get hurt,It hurts the middle class,Support,2004
2004_93b0ae90d37b8ef05b97e68befc476cb,2004_aa6fa9cf3e4017a3c6562dcd1368bf67,T336,T337,It hurts the middle class,It hurts communities,Support,2004
2004_6dc1e99a2b961b8dc26b9b6b00888188,2004_aa6fa9cf3e4017a3c6562dcd1368bf67,T338,T337,these are our first responders,It hurts communities,Support,2004
2004_63380bc4047b9617ec9660cd9da1df1c,2004_aa6fa9cf3e4017a3c6562dcd1368bf67,T340,T337,"they're over there, not over here",It hurts communities,Support,2004
2004_5ff466c1790a705ccc259087bb2c2821,2004_c016c3ee8dee8e664b6f6bf89bf434d8,T341,T342,"I'm going to add 40,000 active duty forces to the military","I'm going to make people feel good about being safe in our military, and not overextended",Support,2004
2004_d8bb4704f426f6b209ebc4aeb8aa27b0,2004_c016c3ee8dee8e664b6f6bf89bf434d8,T343,T342,"I'm going to run a foreign policy that actually does what President Reagan did, President Eisenhower did, and others","I'm going to make people feel good about being safe in our military, and not overextended",Support,2004
2004_c016c3ee8dee8e664b6f6bf89bf434d8,2004_0749609e7bf405de1fd4c79f7c2cea12,T342,T328,"I'm going to make people feel good about being safe in our military, and not overextended",our military is overextended under the president,Attack,2004
2004_cb0be96890a0bff93d79070880d2661e,2004_d8bb4704f426f6b209ebc4aeb8aa27b0,T346,T343,We're not going to go alone like this president did,"I'm going to run a foreign policy that actually does what President Reagan did, President Eisenhower did, and others",Support,2004
2004_e00777f5d476e3aaed105a1346e4a880,2004_535f1235495f95eb200b466a73ca0a1e,T344,T345,We're going to build alliances,We're not going to go unilaterally,Support,2004
2004_535f1235495f95eb200b466a73ca0a1e,2004_cb0be96890a0bff93d79070880d2661e,T345,T346,We're not going to go unilaterally,We're not going to go alone like this president did,Support,2004
2004_a8abce390c81077d7c804dc575ae3a5d,2004_c2a10de0abcbde78cfccae72f10ba7ca,T349,T350,You tell Tony Blair we're going alone,Tell Tony Blair we're going alone,Support,2004
2004_c2a10de0abcbde78cfccae72f10ba7ca,2004_6655598c5111f2b95f52f873dbf5d3f4,T350,T351,Tell Tony Blair we're going alone,Tell Silvio Berlusconi we're going alone,Support,2004
2004_6655598c5111f2b95f52f873dbf5d3f4,2004_0822693feb274ade9752f927d34f106f,T351,T352,Tell Silvio Berlusconi we're going alone,Tell Aleksander Kwasniewski of Poland we're going alone,Support,2004
2004_0822693feb274ade9752f927d34f106f,2004_0b230592e5115d0fde96d884d49e421a,T352,T353,Tell Aleksander Kwasniewski of Poland we're going alone,There are 30 countries there,Support,2004
2004_0b230592e5115d0fde96d884d49e421a,2004_fa70789ecccd3d68523a522d5695eb39,T353,T347,There are 30 countries there,"It denigrates an alliance to say we're going alone, to discount their sacrifices",Support,2004
2004_21671702d309cdee29c97e01d796ed67,2004_fa70789ecccd3d68523a522d5695eb39,T348,T347,"You cannot lead an alliance if you say, you know, you're going alone","It denigrates an alliance to say we're going alone, to discount their sacrifices",Support,2004
2004_7a67b28824999168bd6cf707c399b4b0,2004_84fbb0009112ecf096f4ed3c1b68c7d0,T354,T355,people listen,They're sacrificing with us,Support,2004
2004_84fbb0009112ecf096f4ed3c1b68c7d0,2004_fa70789ecccd3d68523a522d5695eb39,T355,T347,They're sacrificing with us,"It denigrates an alliance to say we're going alone, to discount their sacrifices",Support,2004
2004_fa70789ecccd3d68523a522d5695eb39,2004_cb0be96890a0bff93d79070880d2661e,T347,T346,"It denigrates an alliance to say we're going alone, to discount their sacrifices",We're not going to go alone like this president did,Attack,2004
2004_545a9fbc5df3eec8f22210c27b23f505,2004_0b230592e5115d0fde96d884d49e421a,T356,T353,"countries are leaving the coalition, not joining",There are 30 countries there,Attack,2004
2004_ab86648754480fa7c528ba96aec460bd,2004_545a9fbc5df3eec8f22210c27b23f505,T357,T356,Eight countries have left it,"countries are leaving the coalition, not joining",Support,2004
2004_692795fb3e2ba25f2a5aa5ea779a48a8,2004_b2aa064dee43a92b27f3ebb5253a578a,T358,T359,"If Missouri, just given the number of people from Missouri who are in the military over there today, were a country, it would be the third largest country in the coalition, behind Great Britain and the United States",That's not a grand coalition,Support,2004
2004_b2aa064dee43a92b27f3ebb5253a578a,2004_0b230592e5115d0fde96d884d49e421a,T359,T353,That's not a grand coalition,There are 30 countries there,Attack,2004
2004_a6ed69c0a52aa315db50fb7b9fece43d,2004_e42e239d861f0335ed97da119b270581,T360,T361,Ninety percent of the casualties are American,Ninety percent of the costs are coming out of your pockets,Support,2004
2004_e42e239d861f0335ed97da119b270581,2004_b2aa064dee43a92b27f3ebb5253a578a,T361,T359,Ninety percent of the costs are coming out of your pockets,That's not a grand coalition,Support,2004
2004_a6ed69c0a52aa315db50fb7b9fece43d,2004_b2aa064dee43a92b27f3ebb5253a578a,T360,T359,Ninety percent of the casualties are American,That's not a grand coalition,Support,2004
2004_48021c513c035e54164682cc4eda33c0,2004_545a9fbc5df3eec8f22210c27b23f505,T363,T356,I could do a better job,"countries are leaving the coalition, not joining",Attack,2004
2004_7af04a971ba2e16aec7c2b7dc7d2a736,2004_48021c513c035e54164682cc4eda33c0,T362,T363,My plan does a better job,I could do a better job,Support,2004
2004_48021c513c035e54164682cc4eda33c0,2004_13bc6c6e9e84445572fc91bcfa4cfb1e,T363,T364,I could do a better job,I'll be a better commander in chief,Support,2004
