source_unique_id,target_unique_id,source_id,target_id,relation_class,year
2008_e19126b1d981e4ae27bfc8565bdba920,2008_b0e917599185216ae313380e315b473a,T362,T363,Support,2008
2008_b9ebaffa5d0f4bf090bbe1fa20b367f8,2008_e2efe969fff14b1b6555543bb68055d1,T364,T365,Support,2008
2008_35d461a901171eb69f662f4a713109f4,2008_f92ea96a7d1a9b911a07be2f3e3439cd,T368,T366,Support,2008
2008_27201cd822758fb8dbc93e821ab27989,2008_b9d06dd1c768de2b0f1ed38ef6c1bcb4,T370,T369,Support,2008
2008_21af51ae75cbc720bf7bce6d5b4bf1ba,2008_27201cd822758fb8dbc93e821ab27989,T371,T370,Support,2008
2008_728f3ad0662c62ea5e8afa1ec105d2e9,2008_08fa9bf27e94f5ebb101120b26f3980a,T372,T373,Support,2008
2008_c80ffa9c4e00ee0bbce930adfd4ea9e1,2008_dae3983deb5844b6f29d74c9e3f40536,T375,T374,Support,2008
2008_134a149aab0662932298827985d5b8c6,2008_c80ffa9c4e00ee0bbce930adfd4ea9e1,T376,T375,Attack,2008
2008_0f1aebaf20374d812da3cb3b8fb7a39b,2008_dae3983deb5844b6f29d74c9e3f40536,T377,T374,Support,2008
2008_4718cae833d26d0322e1d20de415b72e,2008_6800b5f179b9a4e4f3e85a1cee387d8b,T381,T380,Support,2008
2008_b92b0473f9a2f7763020eb91bd144795,2008_6800b5f179b9a4e4f3e85a1cee387d8b,T382,T380,Support,2008
2008_de1aaf0cfaec3d8debabd950b8606228,2008_d8893c3b6ee9b1e82b535d1ae17df34b,T378,T383,Attack,2008
2008_8b8cfcf79ca5ff8670a71e2b7519454c,2008_d8893c3b6ee9b1e82b535d1ae17df34b,T379,T383,Attack,2008
2008_dae3983deb5844b6f29d74c9e3f40536,2008_f92ea96a7d1a9b911a07be2f3e3439cd,T374,T366,Support,2008
2008_31d180c160503953adbbbeaabf39f765,2008_4a21f8f6871e98659a6514f105e51f71,T384,T386,Support,2008
2008_85d99dd391f01590939c7e2b83b2166b,2008_4a21f8f6871e98659a6514f105e51f71,T385,T386,Support,2008
2008_988a7edd8e9c3a78631a4065741270d1,2008_4a21f8f6871e98659a6514f105e51f71,T387,T386,Support,2008
2008_fc6b0745eec271e9dd281b40bcfbd167,2008_988a7edd8e9c3a78631a4065741270d1,T388,T387,Support,2008
2008_09440f0b8af74e12d8a112cf52fb8630,2008_4a21f8f6871e98659a6514f105e51f71,T389,T386,Support,2008
2008_46fe78964e5509608d324c76de21de78,2008_234b9aa913ad79e12bf28a86021855c6,T390,T393,Support,2008
2008_46e8229163c611d765f650caa841e9f9,2008_f852bfcab94204d158d2f934121a86d3,T394,T392,Support,2008
2008_f852bfcab94204d158d2f934121a86d3,2008_234b9aa913ad79e12bf28a86021855c6,T392,T393,Support,2008
2008_7c6e12f5518f5721f6ca0b8c44e4b356,2008_2885b36ae6813967644a7a6a2f93ff50,T398,T395,Support,2008
2008_48139584881534f56738c435a696aa18,2008_c9496cfcd3a22845956db656a4cf84cd,T400,T399,Support,2008
2008_c83caff68ada54dc3d8f224ab0d172be,2008_1c72d392f9ce02b6a79ab0e994a873f2,T401,T402,Support,2008
2008_1c72d392f9ce02b6a79ab0e994a873f2,2008_c9496cfcd3a22845956db656a4cf84cd,T402,T399,Support,2008
2008_2be6ec527b10dac3cd69e69763f0fea3,2008_86ce1159b94f47da9dfdbcfcffa4a583,T408,T409,Support,2008
2008_c205cbd1b86aa56bac5abe9d9f15a89c,2008_86ce1159b94f47da9dfdbcfcffa4a583,T407,T409,Support,2008
2008_a1a6acbc68948c9b2b5f269c29979afd,2008_86ce1159b94f47da9dfdbcfcffa4a583,T406,T409,Support,2008
2008_b9d06dd1c768de2b0f1ed38ef6c1bcb4,2008_f92ea96a7d1a9b911a07be2f3e3439cd,T369,T366,Support,2008
2008_08fa9bf27e94f5ebb101120b26f3980a,2008_b9d06dd1c768de2b0f1ed38ef6c1bcb4,T373,T369,Support,2008
2008_27201cd822758fb8dbc93e821ab27989,2008_08fa9bf27e94f5ebb101120b26f3980a,T370,T373,Support,2008
2008_8b8cfcf79ca5ff8670a71e2b7519454c,2008_6800b5f179b9a4e4f3e85a1cee387d8b,T379,T380,Attack,2008
2008_de1aaf0cfaec3d8debabd950b8606228,2008_b92b0473f9a2f7763020eb91bd144795,T378,T382,Attack,2008
2008_4d7a330a56292e95deffa96567d8ed13,2008_3f7524faa56c3d04e33320e370965cd8,T1,T2,Support,2008
2008_3f7524faa56c3d04e33320e370965cd8,2008_308bf4ae7b72ce5efa9cc7a1a2b2b1b5,T2,T391,Support,2008
2008_308bf4ae7b72ce5efa9cc7a1a2b2b1b5,2008_234b9aa913ad79e12bf28a86021855c6,T391,T393,Support,2008
2008_4d7a330a56292e95deffa96567d8ed13,2008_5ee8637cda51bf32cb86e560afc70b9e,T1,T396,Attack,2008
2008_713b42eb8b42abdf65c8ce4eedb0d0bb,2008_3953f14d206e923e5d6d670b3851ff62,T403,T404,Attack,2008
2008_713b42eb8b42abdf65c8ce4eedb0d0bb,2008_a48dff20a6ae22370bf1ef7d20551e51,T403,T405,Attack,2008
2008_78fe0c343d347d6391db43cb2dba21f9,2008_2885b36ae6813967644a7a6a2f93ff50,T397,T395,Equivalent,2008
2008_02e4f7b106376f510dcb8b5adf38c647,2008_699df3d7133a6c22a82b8cbca75b553c,T413,T414,Support,2008
2008_cddacee3c237bc6726689933fe904f9c,2008_37f5269aa7e813353f250b5eb6795201,T417,T418,Support,2008
2008_8cc389ddaa2de817d33d2ce4412e7777,2008_64125546284754ea935fe0bca05a5050,T424,T419,Attack,2008
2008_773494270bd45cf6fe8aa156ee5ee261,2008_37f5269aa7e813353f250b5eb6795201,T425,T418,Support,2008
2008_d81189f9bd4b4fa6f60d8592f4e7ae5d,2008_37f5269aa7e813353f250b5eb6795201,T426,T418,Support,2008
2008_c430e71c645d53682b909c40ae384ef7,2008_37f5269aa7e813353f250b5eb6795201,T427,T418,Support,2008
2008_773494270bd45cf6fe8aa156ee5ee261,2008_64125546284754ea935fe0bca05a5050,T425,T419,Attack,2008
2008_d81189f9bd4b4fa6f60d8592f4e7ae5d,2008_64125546284754ea935fe0bca05a5050,T426,T419,Attack,2008
2008_c430e71c645d53682b909c40ae384ef7,2008_64125546284754ea935fe0bca05a5050,T427,T419,Attack,2008
2008_95ee37f0ee4395127ccd91ea36640f84,2008_c87c9a3e63de0bea069d5fc8f22d1b84,T411,T410,Support,2008
2008_51c2df32aac4ffccc5d4f76146939b65,2008_10391b529c5aa9ae3871ba1b0f0d3dc4,T430,T431,Support,2008
2008_976c63a45ebb99ad90c1176a9451c88d,2008_10391b529c5aa9ae3871ba1b0f0d3dc4,T421,T431,Support,2008
2008_739195523f0de17bb0151e5a8b290bce,2008_10391b529c5aa9ae3871ba1b0f0d3dc4,T422,T431,Support,2008
2008_0c4796afbb1bc91f658e69f70a02d119,2008_10391b529c5aa9ae3871ba1b0f0d3dc4,T423,T431,Support,2008
2008_655225d66c01c78bf8aa2ed68b3addc5,2008_c193d1aa57268462787c39f1c730230a,T434,T433,Support,2008
2008_3054c5714aecb73ff999ec046830f0f7,2008_c193d1aa57268462787c39f1c730230a,T435,T433,Support,2008
2008_b018450a8fadeacea1b2d4aa621322b1,2008_10391b529c5aa9ae3871ba1b0f0d3dc4,T1,T431,Support,2008
2008_74e541c8614e1456f036db2069e65a44,2008_c0cd6d37c8ebd5ab108a656f7865d581,T439,T438,Support,2008
2008_344119c3e7289028281b22fa36ead93a,2008_14f10deec93e789e3d48a9521ba5c27b,T440,T429,Attack,2008
2008_7514b45e8c0c19b4dfe887e50d0d1b46,2008_4ce39541ca2e620e4cddcd988d52635d,T443,T442,Attack,2008
2008_91bb080b0e58895848fed81fa449d9b1,2008_669c8835debcad8af875ae0728c58468,T444,T446,Support,2008
2008_7514b45e8c0c19b4dfe887e50d0d1b46,2008_669c8835debcad8af875ae0728c58468,T443,T446,Support,2008
2008_4ce39541ca2e620e4cddcd988d52635d,2008_669c8835debcad8af875ae0728c58468,T442,T446,Support,2008
2008_669c8835debcad8af875ae0728c58468,2008_ee9d7525141ace72b0d66bed8aa376b4,T446,T445,Support,2008
2008_170ba05394a9213a3d51662409140fa2,2008_2e3c07f6eb3e936b426a10fe7bc82a59,T447,T448,Support,2008
2008_f7d689dc2329d45abef289a9be4f72c0,2008_ae8ad5544580083d6246d3fd9756da3e,T449,T450,Support,2008
2008_7de2c48dee32af2096adb680d84afd6f,2008_a889600c7dbbf3618be717c22876cfcd,T452,T451,Support,2008
2008_6cd31f58fac6b9aba6fe27ca6fba594e,2008_7a0b7e575ff9f2d669e46cedb3a029ce,T454,T453,Support,2008
2008_ddc1fb339095b0171d2d5fbb99021fb2,2008_f91b8f311368769a324825a06f522cc9,T465,T464,Support,2008
2008_47d85f810b33d9d8ee7aae21c3f38b5d,2008_ec0812c1cbc9723bebd1cb052aee0cab,T469,T466,Support,2008
2008_181932a58528798d5b632030071fbdb9,2008_3e5c9f39d65b5bda26b8ef592bbcb216,T468,T467,Support,2008
2008_b4e11847bb279d7166e03b8e2b3c8c56,2008_3226e730eb330f79106d1cbd479340ca,T455,T475,Support,2008
2008_b93b32d6de2f1df2482c8cac59ade3f7,2008_3226e730eb330f79106d1cbd479340ca,T456,T475,Support,2008
2008_5421d125f8f127b8b21a0dc691688700,2008_b93b32d6de2f1df2482c8cac59ade3f7,T457,T456,Support,2008
2008_3226e730eb330f79106d1cbd479340ca,2008_d051a05382b03a8d9d63171b30cc49d4,T475,T461,Support,2008
2008_58ac2df2ebc5869b1d2a0a777f5ec3a7,2008_d051a05382b03a8d9d63171b30cc49d4,T462,T461,Support,2008
2008_d051a05382b03a8d9d63171b30cc49d4,2008_2e3c07f6eb3e936b426a10fe7bc82a59,T461,T448,Attack,2008
2008_526c6e77178a1e63e385130698188a52,2008_699df3d7133a6c22a82b8cbca75b553c,T412,T414,Attack,2008
2008_9432e93242ded4a356cfa6cce3150170,2008_699df3d7133a6c22a82b8cbca75b553c,T3,T414,Support,2008
2008_2a96240b1dfdb021c86468b3794591d6,2008_699df3d7133a6c22a82b8cbca75b553c,T415,T414,Support,2008
2008_386ca055dcaf8a7764ae766375a15947,2008_699df3d7133a6c22a82b8cbca75b553c,T4,T414,Support,2008
2008_133b6446f150affb72c660b706530f6f,2008_cddacee3c237bc6726689933fe904f9c,T416,T417,Support,2008
2008_c87c9a3e63de0bea069d5fc8f22d1b84,2008_37f5269aa7e813353f250b5eb6795201,T410,T418,Support,2008
2008_828b31ec0738e6f9332505af69f35345,2008_bf9086f048e7b7ba8359af8d975253a3,T5,T6,Support,2008
2008_bf9086f048e7b7ba8359af8d975253a3,2008_c0cd6d37c8ebd5ab108a656f7865d581,T6,T438,Support,2008
2008_2e3c07f6eb3e936b426a10fe7bc82a59,2008_8c59220d4ca0526a28ff330c3ad0e788,T448,T7,Attack,2008
2008_4d5e0162df07cc231961ad42dec0f9d4,2008_ec0812c1cbc9723bebd1cb052aee0cab,T472,T466,Support,2008
2008_c87c9a3e63de0bea069d5fc8f22d1b84,2008_99f936ebbf6d82e64f5f24d46e8ee2ac,T410,T428,Equivalent,2008
2008_10391b529c5aa9ae3871ba1b0f0d3dc4,2008_4d947cd90661bd9d101b7735d0d9268c,T431,T420,Equivalent,2008
2008_8831f019f508b9147762f48a34a302dc,2008_4d5e0162df07cc231961ad42dec0f9d4,T471,T472,Equivalent,2008
2008_47d85f810b33d9d8ee7aae21c3f38b5d,2008_27f2e2475354116ee6d73ed9ef425edb,T469,T2,Equivalent,2008
2008_c7ef16f83395772dcccdd422bc836382,2008_3ed3c0612600104504614f9152f0dd97,T575,T574,Support,2008
2008_73d8df3240ec1085b1bd080519c8e8dd,2008_09ca41ded1be4f7ee7e5f57ef3fd8bfb,T577,T576,Support,2008
2008_ef26c179d3cf90007b87334b6359d892,2008_657cacce5b7dae2f09a44975740916ab,T579,T578,Support,2008
2008_a45ed747b9e7b70ee210fe951f45ea52,2008_ea41b0e10e1543ffd75816976dfcf0b4,T585,T586,Support,2008
2008_6baa58f4aea3115a6ed59f3063d89320,2008_ea41b0e10e1543ffd75816976dfcf0b4,T589,T586,Support,2008
2008_1acf7f7cc6fde6a1d7813e7f20eab11c,2008_ea41b0e10e1543ffd75816976dfcf0b4,T588,T586,Support,2008
2008_e4575ae4843c7146ccea412eb9870fe3,2008_ea41b0e10e1543ffd75816976dfcf0b4,T587,T586,Support,2008
2008_bb285edc91f400374a2478a579a83532,2008_e4575ae4843c7146ccea412eb9870fe3,T583,T587,Support,2008
2008_f57fea3f0ab2dd4e29accc1180a2bf58,2008_e4575ae4843c7146ccea412eb9870fe3,T584,T587,Support,2008
2008_afb21e5f101fab2d4202fd9f471cc402,2008_75d56105dcfb9e0bb37c49325e9843e5,T595,T596,Support,2008
2008_a7d74bbe6eb2d3e8e0a103f8b19f5ab7,2008_75d56105dcfb9e0bb37c49325e9843e5,T594,T596,Support,2008
2008_d91e9daac4787d8715c7f81882934231,2008_75d56105dcfb9e0bb37c49325e9843e5,T593,T596,Support,2008
2008_cbc0e68429eab68280987efc74068cb1,2008_0c363dc9ec4e2ed5aafff34cedb3e42c,T597,T598,Support,2008
2008_16905f8677a22d81d8702e641e625a90,2008_0c363dc9ec4e2ed5aafff34cedb3e42c,T600,T598,Support,2008
2008_bc39344a125fd222a14a10ed3276ea4e,2008_16905f8677a22d81d8702e641e625a90,T599,T600,Support,2008
2008_eec137ed02cd812247ea45c58509a4dd,2008_0a21bbff4ed74049da9f28346e5f0bc7,T603,T604,Support,2008
2008_193f5baa28b833b9fccf5d5e46d939dc,2008_0a21bbff4ed74049da9f28346e5f0bc7,T612,T604,Support,2008
2008_b5f26c63adeb60418a97131889274962,2008_1f99bbfd2fa84b6d4254741990e76e6a,T614,T613,Support,2008
2008_1f99bbfd2fa84b6d4254741990e76e6a,2008_0a21bbff4ed74049da9f28346e5f0bc7,T613,T604,Support,2008
2008_68bac5d7bfc0f54b96b90188e63b2660,2008_0a21bbff4ed74049da9f28346e5f0bc7,T615,T604,Support,2008
2008_f7fe90b0ce9116a16f9d90184df4eca9,2008_29c9508f32ca9aab8fd434ecfb846a9b,T620,T616,Attack,2008
2008_c5aa5c8a0fd3c75b5d8b8521c2f71574,2008_e58f53a9df708e5f1683acd0702a64be,T618,T617,Attack,2008
2008_841190bdd13c917207ddb3565036d159,2008_0a9c2cb917897589c5cd7c15b0fce7c2,T619,T605,Support,2008
2008_91898f237a89ba446102a500f3edd314,2008_f58d743848088be25d87969f0bd26795,T602,T608,Support,2008
2008_1269a65039f3ab06b65e5424039915df,2008_6436bcfcff695443be54c3f1b2c512e0,T611,T610,Support,2008
2008_f58d743848088be25d87969f0bd26795,2008_3204ccfda55abf3dd489840fb2c8ac97,T608,T609,Support,2008
2008_ebf6f346468a7d2f3ccba102ba808089,2008_3204ccfda55abf3dd489840fb2c8ac97,T607,T609,Support,2008
2008_f5ea06ea9010274db546bdf328a03599,2008_3204ccfda55abf3dd489840fb2c8ac97,T606,T609,Support,2008
2008_4e092132002a108ce1179c2eda1ac803,2008_35228eca2b42e9aaba647eb3ad106cf7,T628,T630,Support,2008
2008_25327e1e5692c038cf3b57a73e9078e0,2008_35228eca2b42e9aaba647eb3ad106cf7,T631,T630,Support,2008
2008_9902a307d1f021e15622bb13e2a9fa08,2008_35228eca2b42e9aaba647eb3ad106cf7,T632,T630,Support,2008
2008_35228eca2b42e9aaba647eb3ad106cf7,2008_db5cdc8a8e157afafd781626a166f807,T630,T621,Support,2008
2008_5c1c96e306408a05e8aa1eb3f1662b09,2008_a3f726eb10ce881eb80f3b52199e3048,T633,T622,Support,2008
2008_644dc38297b2689a34819c024c1f34f1,2008_8612e265c82406e892bd7ed1080428dd,T626,T625,Support,2008
2008_ea93046d438c4d95bccdf607342aff1d,2008_644dc38297b2689a34819c024c1f34f1,T627,T626,Support,2008
2008_d5acf0ff2c8fdeb6d268dccf201497e2,2008_e34eb60c499743b02ad51b7707316e89,T641,T638,Support,2008
2008_26a4e69d70a599a84a9665ae39586cbe,2008_e34eb60c499743b02ad51b7707316e89,T642,T638,Support,2008
2008_f6ae816c18ca572b5980958ae66540a7,2008_2f6451090e2e32c1a5bb67e332e131ab,T635,T643,Support,2008
2008_f5701f7921d9667c19d4a3ab4213e1fc,2008_2f6451090e2e32c1a5bb67e332e131ab,T636,T643,Support,2008
2008_b14044d145dd601c67f04b86361affa2,2008_f5701f7921d9667c19d4a3ab4213e1fc,T653,T636,Support,2008
2008_be160090662c3dbdf470f1f4d806db9e,2008_b14044d145dd601c67f04b86361affa2,T654,T653,Support,2008
2008_3717fc42cc343f7e880d1d02df9261e1,2008_f5701f7921d9667c19d4a3ab4213e1fc,T655,T636,Support,2008
2008_e78052ed0a2ea80556458c8e5072f63d,2008_6cb48254abae91b5f9013d71643dfa00,T647,T646,Support,2008
2008_6cb48254abae91b5f9013d71643dfa00,2008_4764f2990a48155fd5e60d01f82761cc,T646,T645,Support,2008
2008_3fd09f6f2bee5eca2d30858bd525d530,2008_4764f2990a48155fd5e60d01f82761cc,T650,T645,Support,2008
2008_9ba7d74323edea0e481da2caf2a8376a,2008_4764f2990a48155fd5e60d01f82761cc,T651,T645,Support,2008
2008_dac4222f3f17e13c6bdf3ce7bad5a251,2008_7b03bbf38eae936c07e5bfae94542896,T649,T648,Support,2008
2008_9f486248965862dfed312e924ba046d1,2008_202a6863bef35e46e8580fdb4c558ec1,T484,T483,Support,2008
2008_7477aa972f9bdab924fee0c27d40c8f2,2008_3ca3a7912ba36348a4b01d4c106034e2,T486,T485,Support,2008
2008_202a6863bef35e46e8580fdb4c558ec1,2008_bee80e097bb716294c338758201f650d,T483,T476,Support,2008
2008_4d84b5d3aaad32271812c719ce578944,2008_692263159a0df92af2ff1211608ad6e6,T478,T477,Support,2008
2008_d088f96139b25530ea05ddab40bdb94c,2008_7516433192ef1eed89aa0051d0b19d5a,T480,T479,Support,2008
2008_432882d4319aac23872e85a1e7f8a704,2008_7516433192ef1eed89aa0051d0b19d5a,T481,T479,Support,2008
2008_c7ed7a8577f446fd98851a5d3afb45e9,2008_432882d4319aac23872e85a1e7f8a704,T482,T481,Support,2008
2008_06cfeb89e14bafdc76a209ac835e53ea,2008_82ddadc53af1a0cf83074145f2b45a6a,T488,T491,Support,2008
2008_e2ef9a6c997ca9501006b5b8f4d74e84,2008_3d04539bce88f0acb8c45279031d78ff,T490,T489,Support,2008
2008_3d04539bce88f0acb8c45279031d78ff,2008_82ddadc53af1a0cf83074145f2b45a6a,T489,T491,Support,2008
2008_ebd4cd98f609c28b233a731728467a34,2008_320b85d1a77f7ceb4ff489c0dc0cbf99,T493,T492,Attack,2008
2008_cc81cf747a4b8e2ece3a6e1329ea26d1,2008_320b85d1a77f7ceb4ff489c0dc0cbf99,T494,T492,Attack,2008
2008_bce18ac6268ef7fd699602583c30c2c0,2008_f92aff6433a4f965293e456c8a16985a,T496,T495,Attack,2008
2008_7bee1e71d4da58a33387415a11931a90,2008_f92aff6433a4f965293e456c8a16985a,T499,T495,Attack,2008
2008_2445bb0b7b9468d1fe69ad240a94f853,2008_6459cca8f33ad492ee10606714dd8783,T497,T500,Support,2008
2008_147e76210886cd0e838ab44cfbd8c6c0,2008_1193b50d1ffd9d26627b718d6164c46c,T502,T503,Support,2008
2008_76265b62be72c2dc847a78deec59e581,2008_1193b50d1ffd9d26627b718d6164c46c,T508,T503,Support,2008
2008_cfe6909df07ec935d279832bada35fb6,2008_1193b50d1ffd9d26627b718d6164c46c,T509,T503,Support,2008
2008_0f32b05d6b644b516ec83cf279be6c1c,2008_1193b50d1ffd9d26627b718d6164c46c,T510,T503,Support,2008
2008_f3a5875217f04b787aeca45130d64964,2008_1193b50d1ffd9d26627b718d6164c46c,T511,T503,Support,2008
2008_d4410767403da2e80d46cbd617429786,2008_52261c9303d3050102d44b0bf1def566,T512,T513,Support,2008
2008_9068e9f35ea01497af97f03d3ad4f68f,2008_f5e3e2e4c4e8cd4074f2f95239f88093,T504,T507,Support,2008
2008_52261c9303d3050102d44b0bf1def566,2008_f5e3e2e4c4e8cd4074f2f95239f88093,T513,T507,Support,2008
2008_006958450e9be32c35b47a7b2f27b02a,2008_f5e3e2e4c4e8cd4074f2f95239f88093,T505,T507,Support,2008
2008_087d58c60ec4d551c292af2207989f5c,2008_f5e3e2e4c4e8cd4074f2f95239f88093,T506,T507,Support,2008
2008_90b5abc76f8399f1860604f40846b2e4,2008_00334894d8b824c04b5bcda2e98b898b,T517,T515,Support,2008
2008_854e77ef96522a95ff2dfd3751ab7dfb,2008_00334894d8b824c04b5bcda2e98b898b,T516,T515,Support,2008
2008_087d58c60ec4d551c292af2207989f5c,2008_00334894d8b824c04b5bcda2e98b898b,T506,T515,Support,2008
2008_f3afb8f0e89f4f1eb13c54760a2aea76,2008_03431625f5b02436ea084041682b2c8f,T518,T514,Support,2008
2008_03431625f5b02436ea084041682b2c8f,2008_00334894d8b824c04b5bcda2e98b898b,T514,T515,Support,2008
2008_c5fbe2093c3b019962fc5dfaf6672e3c,2008_e3d9113d7ac6f8d9cc6da691f5c243b6,T519,T520,Support,2008
2008_0a24ceb11a975ad9c63799402c9de3f8,2008_e3f7638ab45a9f03af5ae7b31c52cda2,T526,T525,Support,2008
2008_f70a1d8f5171d297e2457d73768cb0a4,2008_0ae384cd3e3e485bf408c88cee6f4a6f,T522,T523,Support,2008
2008_e3f7638ab45a9f03af5ae7b31c52cda2,2008_0ae384cd3e3e485bf408c88cee6f4a6f,T525,T523,Support,2008
2008_6495b08718476507af4a5fb41f89d3fe,2008_0ae384cd3e3e485bf408c88cee6f4a6f,T524,T523,Support,2008
2008_538de96c49c0d5c79d5c12ed53829fea,2008_332b57586cb19315e95aaf101e1e979b,T528,T527,Support,2008
2008_b5a4a61d9e273d5f49a7ab878a96f1aa,2008_538de96c49c0d5c79d5c12ed53829fea,T529,T528,Support,2008
2008_e079da1adad3aa0267b4ff946432191b,2008_32822d8de0c3f12e621a1a97dcbb7a61,T530,T531,Support,2008
2008_be6b70f0a120d417366da3e4557b18d1,2008_634e118427edfb50773f9bce392c050a,T537,T536,Support,2008
2008_6f6efdc2f547ab865b664a689ecee54b,2008_634e118427edfb50773f9bce392c050a,T532,T536,Support,2008
2008_b61b0f158e0b302e4b81e4786eff4f10,2008_634e118427edfb50773f9bce392c050a,T538,T536,Support,2008
2008_c687d371d21bf7e68e6fbd0109239b83,2008_9aaadcb70a1e019bb350e0676eeb4668,T534,T533,Support,2008
2008_b9fff8fd0651b01c4d223fafdbd8cf79,2008_9aaadcb70a1e019bb350e0676eeb4668,T535,T533,Support,2008
2008_9cc314899f8d87dd87eac29892341eb6,2008_7ae6809bd94e11534cb5d39f02f485b1,T544,T540,Support,2008
2008_79ee33148715ba112b56f7ee39ff8a39,2008_7ae6809bd94e11534cb5d39f02f485b1,T543,T540,Support,2008
2008_febf9d90e0dd95550f08ee60549d1acb,2008_5150f8ffb938613af662c85573a9c460,T542,T541,Support,2008
2008_8615356b19f6e4b09c61f512f20a933e,2008_5150f8ffb938613af662c85573a9c460,T547,T541,Support,2008
2008_549fe7b2e00c5f80b2f209f516f39bc0,2008_5150f8ffb938613af662c85573a9c460,T552,T541,Support,2008
2008_7f7322209af100e84c13feb4e790749b,2008_5150f8ffb938613af662c85573a9c460,T551,T541,Support,2008
2008_d94ccb3976cd371455e26627e00d0b3b,2008_9022700906ebcd384134d4830dca28f6,T554,T553,Support,2008
2008_90cb1ccae97930fd4faa53caf1458f90,2008_9022700906ebcd384134d4830dca28f6,T555,T553,Support,2008
2008_6cabcc15dcc56b9399062e9d6da433ed,2008_7631e970b63881494b60810c307227d4,T556,T557,Support,2008
2008_cb7b4795e3d14a04013f8a893af781a6,2008_fded69966b7491355772c4e60a84c8ed,T560,T559,Support,2008
2008_4a5c222407c56ea6e4050d9e80a326a7,2008_ed9287ea262306891ae0c6f1d6c62e3e,T562,T563,Support,2008
2008_f1812435c1d5b9a0afb0d7d90041de3a,2008_ed9287ea262306891ae0c6f1d6c62e3e,T564,T563,Support,2008
2008_0c28f80708a2fa90e03378fb3d3734ac,2008_ed9287ea262306891ae0c6f1d6c62e3e,T565,T563,Support,2008
2008_f5c2ac91eea9d5740184c2aed8dc5bdf,2008_ed9287ea262306891ae0c6f1d6c62e3e,T566,T563,Support,2008
2008_6e40ef0f7146f0234411b633d7ac137b,2008_ed9287ea262306891ae0c6f1d6c62e3e,T567,T563,Support,2008
2008_ed9287ea262306891ae0c6f1d6c62e3e,2008_b10aff60d20daddc052f344669bf7778,T563,T561,Support,2008
2008_b374fc5cf8c1cd7d680867132f3f2f50,2008_58e060ec13e9555d2270891b34878e82,T550,T549,Support,2008
2008_0f169c4021acd09810ce7108c53cb28a,2008_81c74be798b966feadf2ddc966fc672e,T572,T568,Support,2008
2008_a71cfdbe9764525b6838f18c04e846f4,2008_81c74be798b966feadf2ddc966fc672e,T573,T568,Support,2008
2008_6882e10dd7eab53b6593e5b997cb2522,2008_a71cfdbe9764525b6838f18c04e846f4,T571,T573,Support,2008
2008_23118a278cd539ee0a9edd5d64c354f7,2008_a71cfdbe9764525b6838f18c04e846f4,T570,T573,Attack,2008
2008_23118a278cd539ee0a9edd5d64c354f7,2008_7de6d545a207ccd17c4d667398065122,T570,T569,Support,2008
2008_76ebc013011b2cf9316a3d01709f4d52,2008_bf64d9221d75989ea1840dbb52974b50,T82,T83,Support,2008
2008_856864197bbf1773b341090417249742,2008_16e35c452ca533220b47a3795cd1ff8f,T80,T81,Support,2008
2008_ede9d5105a5a9e19533489560d85bf25,2008_bfc8a4dbf8f71f42532842ff18bddba9,T85,T84,Support,2008
2008_69235fbf122a3eb0d507cee40f77b29a,2008_bfc8a4dbf8f71f42532842ff18bddba9,T86,T84,Support,2008
2008_bfc8a4dbf8f71f42532842ff18bddba9,2008_16e35c452ca533220b47a3795cd1ff8f,T84,T81,Support,2008
2008_054dcd76ba1f509d710a0ca72a9580d8,2008_b9201a380ed179a8be6c7d515d98df32,T89,T88,Support,2008
2008_b9201a380ed179a8be6c7d515d98df32,2008_bc31ce1aaaa6f1c013c59f2f5916776e,T88,T87,Support,2008
2008_43790c1ac1ab01b08acc0d0887cb4bc3,2008_12ec5e398b01d990cf3fc825110753f3,T92,T91,Attack,2008
2008_47a66a82e4fcabcbcada4b2c09f3df82,2008_43790c1ac1ab01b08acc0d0887cb4bc3,T93,T92,Support,2008
2008_5fb64fa768dc4bb62b96cdcfda848194,2008_43790c1ac1ab01b08acc0d0887cb4bc3,T94,T92,Support,2008
2008_487b752d7d2b83847cbda926de597aea,2008_43790c1ac1ab01b08acc0d0887cb4bc3,T95,T92,Support,2008
2008_e61bdcdafe4ae0133b893fd4a917e620,2008_16e35c452ca533220b47a3795cd1ff8f,T96,T81,Support,2008
2008_7b316aaab712e6a8eaa681281018da51,2008_dec209b32d5696b325623e3487ab1697,T98,T97,Support,2008
2008_4a10c52df4190aad60d3d8701b2f3d0b,2008_dec209b32d5696b325623e3487ab1697,T99,T97,Support,2008
2008_a99f7472c7988fcb24d7b1a379853f0c,2008_dec209b32d5696b325623e3487ab1697,T100,T97,Support,2008
2008_aa636c2910462a88c6b31e32bdc9ec03,2008_dec209b32d5696b325623e3487ab1697,T101,T97,Support,2008
2008_dec209b32d5696b325623e3487ab1697,2008_e61bdcdafe4ae0133b893fd4a917e620,T97,T96,Attack,2008
2008_43790c1ac1ab01b08acc0d0887cb4bc3,2008_97b733b56e1d85fb8bdae7f3a82fd4dc,T92,T104,Support,2008
2008_7512487e895547ef743040dbb07d9087,2008_a8660fb619dd98667d50e5fa1308dbff,T105,T106,Support,2008
2008_a8660fb619dd98667d50e5fa1308dbff,2008_be7c4b1f7083ad6fc06d0f16f4ba9dce,T106,T107,Support,2008
2008_be7c4b1f7083ad6fc06d0f16f4ba9dce,2008_d43d0a2d0cfac49bd12abc182bfcbce2,T107,T108,Support,2008
2008_d43d0a2d0cfac49bd12abc182bfcbce2,2008_bc3a48a74c2c1da159acec061ae15168,T108,T109,Support,2008
2008_bc3a48a74c2c1da159acec061ae15168,2008_4f888e77e1257b98437d441607ae46a0,T109,T110,Support,2008
2008_fb7855503d8ebbb68ffbffa62d139ee3,2008_842035447b0c3f3476c6a1ab182bfe7e,T113,T114,Attack,2008
2008_644f9e4b5b0be3c0e522800fcf42b934,2008_caf0cb26e128b79c777029fae21d9f42,T117,T115,Support,2008
2008_f5d3d4c278b25da71916f67e21eb9e34,2008_caf0cb26e128b79c777029fae21d9f42,T118,T115,Support,2008
2008_41f7eaba27ffeffcdc2c7a6efd09f5db,2008_caf0cb26e128b79c777029fae21d9f42,T119,T115,Support,2008
2008_caf0cb26e128b79c777029fae21d9f42,2008_4c7069a2ae5f1f1f9eb154bb6f50683b,T115,T116,Attack,2008
2008_cc7c976c4ede5300bd8ca43ac8abf44e,2008_872de36ebb9c1ea5d200ffbc4b04731a,T122,T121,Support,2008
2008_0218862aea978ab745338e07a7b33dc0,2008_74fc38895ae06b4476a86ce2eb84a9c7,T124,T125,Support,2008
2008_41fed6de5d2274024448d7b382a77ffd,2008_74fc38895ae06b4476a86ce2eb84a9c7,T123,T125,Support,2008
2008_e26c4df94251957cd50334a97dfa48fd,2008_487b752d7d2b83847cbda926de597aea,T126,T95,Attack,2008
2008_b548c5b490adc2bb3cc1a9bce0f65fcf,2008_9a92959e5e21e54ee16a0147348fe255,T129,T130,Support,2008
2008_2122ab204b7681c80c29207ab0512588,2008_c07a9e4a720b3419d0da877e0d9b2359,T132,T131,Support,2008
2008_45229c126618fc3aeee05fa15d31683f,2008_9464c851f6110aab444c70f1bc029056,T135,T134,Support,2008
2008_c07a9e4a720b3419d0da877e0d9b2359,2008_9464c851f6110aab444c70f1bc029056,T131,T134,Support,2008
2008_c183444803e23d6dc64d3ebf157fdba6,2008_e6bd190fa8931f79104ecad4597a3d1b,T138,T137,Attack,2008
2008_10ec3cd40812535828c0ccb58cad2d5c,2008_3bccbd5c66d1e5fe4b0d223378dc4b5e,T146,T145,Support,2008
2008_3bccbd5c66d1e5fe4b0d223378dc4b5e,2008_ebfca2ab011454106e8e6bce32a031a8,T145,T144,Support,2008
2008_3690cb7b894a1e511f5b5d8ee7288b6a,2008_ebfca2ab011454106e8e6bce32a031a8,T147,T144,Support,2008
2008_ae0e5315802444b65f28544174448cee,2008_8f2fc9fa885ebe93439f124f87091b91,T148,T149,Attack,2008
2008_ebfca2ab011454106e8e6bce32a031a8,2008_049ad58f0fffd7a7b1e5950b81769422,T144,T151,Support,2008
2008_96d68a5a29b8453f4c3ddf2c3235c9fa,2008_049ad58f0fffd7a7b1e5950b81769422,T152,T151,Support,2008
2008_d571dcea83104c5955feb58ddebdcb53,2008_96d68a5a29b8453f4c3ddf2c3235c9fa,T153,T152,Support,2008
2008_6d45d0f59bccac673ecdd83e45c788a3,2008_96d68a5a29b8453f4c3ddf2c3235c9fa,T161,T152,Support,2008
2008_17eaa5708b044edbed0804b38e1583e7,2008_96d68a5a29b8453f4c3ddf2c3235c9fa,T155,T152,Support,2008
2008_9ebf40e58f5d70805d9906f4b101c829,2008_96d68a5a29b8453f4c3ddf2c3235c9fa,T156,T152,Support,2008
2008_ae14adaa7e8396b956a7e6f56c585485,2008_96d68a5a29b8453f4c3ddf2c3235c9fa,T154,T152,Support,2008
2008_0bbddb6bf86512f808a174f49b8cf66c,2008_96d68a5a29b8453f4c3ddf2c3235c9fa,T157,T152,Equivalent,2008
2008_96d68a5a29b8453f4c3ddf2c3235c9fa,2008_43bbe88af3c8e6c77381fe12b05c1968,T152,T158,Support,2008
2008_eafbf1f73b8e4adcb5d7bdc29fe8a136,2008_43bbe88af3c8e6c77381fe12b05c1968,T160,T158,Support,2008
2008_43bbe88af3c8e6c77381fe12b05c1968,2008_2ff822d3b961e88e5bc3d59efb518ccc,T158,T150,Support,2008
2008_049ad58f0fffd7a7b1e5950b81769422,2008_2ff822d3b961e88e5bc3d59efb518ccc,T151,T150,Support,2008
2008_95fc79a8f1f9f9d5e4a21a0c32aa4e7c,2008_438a2f19e87c513d58d8ff1a6d072785,T103,T102,Support,2008
2008_4f888e77e1257b98437d441607ae46a0,2008_16700df55b3ba2e368f990b8678c5108,T110,T111,Support,2008
2008_842035447b0c3f3476c6a1ab182bfe7e,2008_872de36ebb9c1ea5d200ffbc4b04731a,T114,T121,Support,2008
2008_caf0cb26e128b79c777029fae21d9f42,2008_842035447b0c3f3476c6a1ab182bfe7e,T115,T114,Attack,2008
2008_7dd6f841273ff1229481238ea7b3e8bb,2008_4c7069a2ae5f1f1f9eb154bb6f50683b,T120,T116,Support,2008
2008_74fc38895ae06b4476a86ce2eb84a9c7,2008_e26c4df94251957cd50334a97dfa48fd,T125,T126,Support,2008
2008_752b8bce817fdb78d68570be2a67c049,2008_487b752d7d2b83847cbda926de597aea,T127,T95,Attack,2008
2008_e6bd190fa8931f79104ecad4597a3d1b,2008_173611413bc2865191ac5607a379a219,T137,T136,Support,2008
2008_438a2f19e87c513d58d8ff1a6d072785,2008_bc31ce1aaaa6f1c013c59f2f5916776e,T102,T87,Equivalent,2008
2008_62230aacd65337840e9a4f156e51ccf3,2008_43bbe88af3c8e6c77381fe12b05c1968,T159,T158,Equivalent,2008
2008_485db9033b6fb656771b0ee07e82282d,2008_02543d80519c8e3c926c9b9d90cb78d4,T320,T321,Support,2008
2008_02543d80519c8e3c926c9b9d90cb78d4,2008_a5628cebf29adabe862b6c3992106e71,T321,T322,Attack,2008
2008_29d7a89702c3448257fe540f22293900,2008_a5628cebf29adabe862b6c3992106e71,T323,T322,Support,2008
2008_f5b62fd53f735edb5aed15acf1253554,2008_880e6c20b724fa83b53e70655f4b08dd,T325,T324,Support,2008
2008_e344c52789ddf3cc65c0b6560c9c5ad0,2008_bdc1f5859d7b3a4bb89b7318051e27a0,T328,T327,Support,2008
2008_bdc1f5859d7b3a4bb89b7318051e27a0,2008_76ce5996cbf048712cd23b13a40c6523,T327,T326,Attack,2008
2008_76ce5996cbf048712cd23b13a40c6523,2008_29d7a89702c3448257fe540f22293900,T326,T323,Support,2008
2008_126ec3ba331a507c511346d550131081,2008_f1c2912665577f99bf3b024d3f9b0f1b,T329,T330,Support,2008
2008_f1c2912665577f99bf3b024d3f9b0f1b,2008_fe5d0d9e61c3c72b2be7d64bdf13fe1c,T330,T331,Support,2008
2008_fe5d0d9e61c3c72b2be7d64bdf13fe1c,2008_41367baa504ff07523b603da7b75aa4e,T331,T332,Support,2008
2008_393ba37036a19a17aaed2cabccaba867,2008_41367baa504ff07523b603da7b75aa4e,T333,T332,Support,2008
2008_b07299409e9ec9b60693cb914934ebca,2008_41367baa504ff07523b603da7b75aa4e,T334,T332,Support,2008
2008_0cd2648a5179436843e02bd22499564b,2008_aa9418fe811378a8ce929afdf60cefc1,T336,T335,Support,2008
2008_5169930bde8eb929f708259c035c3ed2,2008_1c123b9b43b1e09d20866d4016fc36c7,T337,T338,Attack,2008
2008_d7f48ed10de7d340170831c5079019dc,2008_1c123b9b43b1e09d20866d4016fc36c7,T339,T338,Attack,2008
2008_41367baa504ff07523b603da7b75aa4e,2008_509e70668c23cb07c8439aa7357e6e28,T332,T340,Support,2008
2008_794d5c710cfd5cef0196f2613435645d,2008_6003ab0cef9e85dd56b9044038ddec46,T343,T342,Attack,2008
2008_c6dffa538526a7b1e94e82ac75571349,2008_5d32b696c603aed545f3ac4693d13d52,T345,T344,Support,2008
2008_5d32b696c603aed545f3ac4693d13d52,2008_794d5c710cfd5cef0196f2613435645d,T344,T343,Support,2008
2008_3bd1bde493ec45a001f2dae4db21219d,2008_794d5c710cfd5cef0196f2613435645d,T346,T343,Support,2008
2008_80cf201de98c17d79db7947d9ecaf969,2008_cc227fb276d83fa9dbdd3db844d69366,T2,T1,Attack,2008
2008_de63da6bb470cf34577a06d907351305,2008_8a022e8806bb98ae795ff4d329e998cc,T349,T348,Support,2008
2008_8a022e8806bb98ae795ff4d329e998cc,2008_80cf201de98c17d79db7947d9ecaf969,T348,T2,Support,2008
2008_726b6d057da6d581461a69371a7d474f,2008_3d24ed801171214db5739f16ee5c415a,T350,T351,Attack,2008
2008_a6205c13d58e9596963d1994206e3781,2008_726b6d057da6d581461a69371a7d474f,T355,T350,Support,2008
2008_a53938f9001d992e239790f61ba60e5c,2008_072e3ff3698b3d1be0f2b53222ac24a5,T352,T353,Support,2008
2008_2fa60019d4432f69327dc9ecd1d049cf,2008_a53938f9001d992e239790f61ba60e5c,T354,T352,Support,2008
2008_14d4275bfa9be65a917ea9aaf8d16bf6,2008_e5c79bb3c88a44d34b56293c069c6a2c,T356,T357,Support,2008
2008_e5c79bb3c88a44d34b56293c069c6a2c,2008_ed37d3205638ece839adfed929e66339,T357,T358,Attack,2008
2008_087a7017e46f9da9d13a703b1bd2bb52,2008_ed37d3205638ece839adfed929e66339,T359,T358,Attack,2008
2008_3a02421165fb9ff783e23ca1f0cb2985,2008_087a7017e46f9da9d13a703b1bd2bb52,T360,T359,Attack,2008
2008_de57677f93c4337512f25fc60f526a44,2008_d52d818ee8701e7742c2b0ad7762497b,T362,T361,Support,2008
2008_d52d818ee8701e7742c2b0ad7762497b,2008_087a7017e46f9da9d13a703b1bd2bb52,T361,T359,Support,2008
2008_543c0bc8d9a0063d6556bb1e9dd1d236,2008_ea031560f3d91af48716d8d1872ab27e,T363,T364,Support,2008
2008_ea031560f3d91af48716d8d1872ab27e,2008_c051923e72921ccdf4f5452a108284e0,T364,T365,Support,2008
2008_a259527ed7346743923680e66e05c134,2008_0ed8d230044e20df7c8aa169fac72060,T366,T367,Support,2008
2008_7c36cc2ebdc5009fe6746c67479cb900,2008_54db46ba0efaa34156624103533138ae,T369,T368,Support,2008
2008_0ed8d230044e20df7c8aa169fac72060,2008_c051923e72921ccdf4f5452a108284e0,T367,T365,Support,2008
2008_c051923e72921ccdf4f5452a108284e0,2008_54db46ba0efaa34156624103533138ae,T365,T368,Attack,2008
2008_0de8f8d5ba90cccaf61c64ec67e7c6c3,2008_ba0783261bd0157b756f3660214c87fd,T3,T370,Attack,2008
2008_ba0783261bd0157b756f3660214c87fd,2008_7c36cc2ebdc5009fe6746c67479cb900,T370,T369,Attack,2008
2008_363befe8089e2690f17399415d847b9d,2008_b1d146fe6fa73c96e708f285911cd626,T374,T371,Support,2008
2008_89e2dd8f95c4ce2e4211bdee54820094,2008_363befe8089e2690f17399415d847b9d,T375,T374,Support,2008
2008_27fe773434b3787ebb7f0101fabcc27d,2008_89e2dd8f95c4ce2e4211bdee54820094,T372,T375,Support,2008
2008_538d67b571cb251fe416ae7bf6efa360,2008_cfa5473d68ed5b6b52be65a29888f335,T378,T379,Attack,2008
2008_cfa5473d68ed5b6b52be65a29888f335,2008_ac9f4e89d59ee0c5472bdc57de39ef50,T379,T380,Support,2008
2008_322953d863bb7e9e5fcb2570a547ee29,2008_ac9f4e89d59ee0c5472bdc57de39ef50,T373,T380,Attack,2008
2008_1c7591780d2121def58dc53c08d92639,2008_56080b6a88a975ba24ecd13556531fa2,T382,T381,Support,2008
2008_56080b6a88a975ba24ecd13556531fa2,2008_917b358ad7b711e9c389e761085bc511,T381,T376,Attack,2008
2008_917b358ad7b711e9c389e761085bc511,2008_322953d863bb7e9e5fcb2570a547ee29,T376,T373,Support,2008
2008_572a7677fbf0c692f4cdbb215af62dbe,2008_a203e9cbc539cc43e2fefc7ca011ec37,T385,T387,Support,2008
2008_a203e9cbc539cc43e2fefc7ca011ec37,2008_ada53e351bcb3865a0863a7efe0da665,T387,T386,Support,2008
2008_9ed50055ed87dbac66e946e862aed3ba,2008_d8bd2514a5f470e38100ded28b17f102,T389,T388,Support,2008
2008_d8bd2514a5f470e38100ded28b17f102,2008_63f861d9b304ca5b5c34bdb9dfe3c827,T388,T390,Support,2008
2008_1621eb07a0443b3e0cbad0ba433f0c8c,2008_63f861d9b304ca5b5c34bdb9dfe3c827,T383,T390,Support,2008
2008_ada53e351bcb3865a0863a7efe0da665,2008_63f861d9b304ca5b5c34bdb9dfe3c827,T386,T390,Support,2008
2008_63f861d9b304ca5b5c34bdb9dfe3c827,2008_d2d0878a65eb8a8df1504c30f9408a48,T390,T391,Support,2008
2008_f49c937bc419bb0d48b8fd89a9d8da7c,2008_32486d905fed57b3cbb4fb8bd1b575f1,T393,T392,Support,2008
2008_6133e6eb096089c24a00801cffbccc20,2008_23501529abbfa2da991d0ea8054ab6a2,T394,T395,Support,2008
2008_23501529abbfa2da991d0ea8054ab6a2,2008_94c7af89ca4d06e3636e660fba4dc6b9,T395,T396,Support,2008
2008_94c7af89ca4d06e3636e660fba4dc6b9,2008_d9997e230141faecd2b328d917c9c4bf,T396,T397,Support,2008
2008_d9997e230141faecd2b328d917c9c4bf,2008_f49c937bc419bb0d48b8fd89a9d8da7c,T397,T393,Support,2008
2008_37871f931f94bac0da7d4e3f225d3084,2008_01c24255a8287517be356ef9463a90d0,T398,T399,Support,2008
2008_8b279cd0bd0e27a1fc9611fda0a0a437,2008_b6f69d98d594ebb76103847cee3af02c,T402,T401,Support,2008
2008_14dbe5200ea98dc3c5e558bbd35a7e0f,2008_b6f69d98d594ebb76103847cee3af02c,T400,T401,Support,2008
2008_01c24255a8287517be356ef9463a90d0,2008_b6f69d98d594ebb76103847cee3af02c,T399,T401,Support,2008
2008_58f039b8f74743f468b99047fbf1526e,2008_efcd5ac5f8820b6ffe2c12bcfa28ff22,T403,T404,Support,2008
2008_125ce298ebd14d5689a12ee5ea470e97,2008_c99033382a6fe1d469978790bf50b945,T407,T406,Support,2008
2008_129611ebb58abf972e085cad9930a74f,2008_ff7713a552052c54d3e2b63820739c1d,T410,T409,Support,2008
2008_810066a2235a09dce08a1e2460043520,2008_ff7713a552052c54d3e2b63820739c1d,T405,T409,Support,2008
2008_df308ced27ac02ba82324bd67a032d20,2008_eeee66a5274e98104bdb41dd19ca1bbf,T412,T413,Support,2008
2008_eeee66a5274e98104bdb41dd19ca1bbf,2008_272efbd60069b3a6603062889ef10980,T413,T411,Support,2008
2008_8af1e0864850836ce51b89268bfbb497,2008_d32d63d8608a228ad45ef225b2f505ba,T414,T1,Attack,2008
2008_f6e4e0036a0ead526f4851c8e79bbd83,2008_8af1e0864850836ce51b89268bfbb497,T415,T414,Support,2008
2008_fa8675a61f8f216a7fabaf8af8f6b07e,2008_f6e4e0036a0ead526f4851c8e79bbd83,T416,T415,Support,2008
2008_bba3cb59aa55afa4fc6f75f1e3312b43,2008_8b08e6ba25575ad1d7234e55fe3be910,T417,T418,Support,2008
2008_8b08e6ba25575ad1d7234e55fe3be910,2008_a3402af731cb8990b6b0742a57da364a,T418,T2,Attack,2008
2008_02b3eaf882a48d215d1e8ae853cc7bbe,2008_a3402af731cb8990b6b0742a57da364a,T420,T2,Attack,2008
2008_b33eaa97fa925c1a74029b371e357c45,2008_02b3eaf882a48d215d1e8ae853cc7bbe,T421,T420,Support,2008
2008_7b82336dfa84a826680ad34593634cd2,2008_e04de9f540358ff38c08dc564ed5b5f7,T423,T422,Support,2008
2008_e04de9f540358ff38c08dc564ed5b5f7,2008_0a6f0c736c10396616db01340e7b5ae4,T422,T424,Attack,2008
2008_2adc9d5e8236bbc9fb1314f4018dd4f9,2008_0a6f0c736c10396616db01340e7b5ae4,T425,T424,Support,2008
2008_5a8cf18c5a25c18644d74676240a6e02,2008_0a6f0c736c10396616db01340e7b5ae4,T426,T424,Support,2008
2008_c197fa718fee44a36fd4f88fb2c2ada9,2008_34faf07e7d136adfd46441aaa86e9394,T428,T427,Support,2008
2008_34faf07e7d136adfd46441aaa86e9394,2008_a3402af731cb8990b6b0742a57da364a,T427,T2,Attack,2008
2008_1dbe12d078bb6641c79dd4ec7be1ebd6,2008_d91902ce34f87946e4161ff3450e2ff4,T430,T429,Attack,2008
2008_5e6d6a577e565406bfcf8e5fd68db64d,2008_ebe1516b2f91bb7c096c072238fadf46,T431,T432,Support,2008
2008_ebe1516b2f91bb7c096c072238fadf46,2008_6ef1a68ff460dd356c6cd656cf4d94b3,T432,T433,Support,2008
2008_6ef1a68ff460dd356c6cd656cf4d94b3,2008_46f35159f977fc05d3d2aedeb6724fb9,T433,T434,Attack,2008
2008_71bff711e5903b8cd9e2ea98c2d86aff,2008_46f35159f977fc05d3d2aedeb6724fb9,T3,T434,Attack,2008
2008_d2e2bd7a7505afd56b04dd0498fd7f73,2008_01f3ee486aa10b5e5b4f179d48241994,T435,T436,Support,2008
2008_b27bad434a64234aead96d5dceb6bde1,2008_5157b447c1dbacafd2d91dd694af61f0,T437,T438,Attack,2008
2008_01f3ee486aa10b5e5b4f179d48241994,2008_46f35159f977fc05d3d2aedeb6724fb9,T436,T434,Attack,2008
2008_8632b04d2b8806be6f470e186429b2ca,2008_2a06a530a362d25a9c22f7eaec5d93a6,T440,T439,Attack,2008
2008_80df46e866c10f312b8ca39696c53089,2008_06e6fe4b63a915080ef4875c7f941431,T4,T442,Support,2008
2008_06e6fe4b63a915080ef4875c7f941431,2008_b7e06fe20528f7db701dc8a7708cfd1b,T442,T443,Support,2008
2008_b7e06fe20528f7db701dc8a7708cfd1b,2008_ac2b79949476ec44c43a7762292cac62,T443,T444,Support,2008
2008_ac2b79949476ec44c43a7762292cac62,2008_89be4c63de44253c455d0ec7bcf89107,T444,T445,Support,2008
2008_89be4c63de44253c455d0ec7bcf89107,2008_0b1cbebb85243b53d195ea89ee11e754,T445,T5,Attack,2008
2008_b6fca5b6eae2e13a1054fcd991d44b9e,2008_89be4c63de44253c455d0ec7bcf89107,T446,T445,Support,2008
2008_69607a197df012fb252a6eb7111a4959,2008_01f8b8a3b2fd1c41d75269adfb557085,T449,T448,Support,2008
2008_1135694aca33971b8492e3b5ec96c6ab,2008_01f8b8a3b2fd1c41d75269adfb557085,T450,T448,Support,2008
2008_01f8b8a3b2fd1c41d75269adfb557085,2008_1b121bfae267ac9d83f8040cfb687e9b,T448,T447,Support,2008
2008_1b121bfae267ac9d83f8040cfb687e9b,2008_e2f341b2953ca3adc6409e75deec6c47,T447,T451,Support,2008
2008_adb55a46c78ef53c47d4777e1d886717,2008_99024810bde7a3ee6c5d650ac5291f19,T452,T453,Support,2008
2008_e2f341b2953ca3adc6409e75deec6c47,2008_adb55a46c78ef53c47d4777e1d886717,T451,T452,Support,2008
2008_5e7ff07924c9dd4590d9b9ad9db4743c,2008_09062fa409a2896f93f61650cdbbec22,T454,T455,Support,2008
2008_df0b6586421fbc448c5761e2f43bec67,2008_64f558c07a79ca8a6466e8607e5966be,T458,T459,Support,2008
2008_116d952c0ef7360e6284910eb4e092d0,2008_e7f376d91c64d39290e9930563a01fa4,T461,T462,Support,2008
2008_492cc1d77ba97e4d8a9a74a708d80e7f,2008_0cca0a290751063f8cf148923861d72e,T463,T464,Support,2008
2008_64f558c07a79ca8a6466e8607e5966be,2008_663a86e93be54b2f2f1a20f65b2c28b1,T459,T456,Support,2008
2008_e7f376d91c64d39290e9930563a01fa4,2008_663a86e93be54b2f2f1a20f65b2c28b1,T462,T456,Support,2008
2008_663a86e93be54b2f2f1a20f65b2c28b1,2008_eac6af5ca97aeab7e9849cf04dcaccd9,T456,T460,Support,2008
2008_0cca0a290751063f8cf148923861d72e,2008_eac6af5ca97aeab7e9849cf04dcaccd9,T464,T460,Support,2008
2008_c41329883465a963f88ab5e392da63d6,2008_eac6af5ca97aeab7e9849cf04dcaccd9,T465,T460,Support,2008
2008_9c030422cf9ca9fb36f04762982290f9,2008_eac6af5ca97aeab7e9849cf04dcaccd9,T466,T460,Attack,2008
2008_ce93fd9ac6e4f2ebb878d57e16f8145e,2008_0be9962f9cbf251c0a8f0dd5578b8c25,T473,T474,Support,2008
2008_0be9962f9cbf251c0a8f0dd5578b8c25,2008_019513e9b5d2b467fc2d2522eb2d7c45,T474,T475,Support,2008
2008_019513e9b5d2b467fc2d2522eb2d7c45,2008_d13f5da48877f6674de91cebc46e6d49,T475,T476,Support,2008
2008_d13f5da48877f6674de91cebc46e6d49,2008_e5e876db5ba9b389ae02f8224bb8ff7f,T476,T6,Support,2008
2008_e5e876db5ba9b389ae02f8224bb8ff7f,2008_df37c0b95614ef3213212a1ce009bdd0,T6,T477,Support,2008
2008_ba4f4ca82b78d8ee6152e861d586e865,2008_df37c0b95614ef3213212a1ce009bdd0,T478,T477,Support,2008
2008_8de5424076513da56ffed01a83382bfe,2008_df37c0b95614ef3213212a1ce009bdd0,T479,T477,Support,2008
2008_ef013ec5c0f6033ccb6f951ed49601cc,2008_8de5424076513da56ffed01a83382bfe,T481,T479,Support,2008
2008_930426acc9ac443820684f0ad5e40852,2008_df37c0b95614ef3213212a1ce009bdd0,T480,T477,Support,2008
2008_295794fe471a2266afa35fb598cb6914,2008_13f2e123fc10fc3ecd85ae7614b82a66,T469,T471,Support,2008
2008_13f2e123fc10fc3ecd85ae7614b82a66,2008_abc0611deea1a705296080710feabf4a,T471,T472,Support,2008
2008_ee540ba991d2c05080c9dc010463c55c,2008_abc0611deea1a705296080710feabf4a,T470,T472,Attack,2008
2008_bd2fe5292c097697626ee3f0084a38a7,2008_e65af0590c9743a38a2d04bea744f342,T7,T482,Support,2008
2008_a16946bfb8539a1e8a66f2cb90bec657,2008_e65af0590c9743a38a2d04bea744f342,T483,T482,Support,2008
2008_7bf29e19f0e4360536084fb6c4ab9e7c,2008_e65af0590c9743a38a2d04bea744f342,T484,T482,Support,2008
2008_f7ab6f133b821f6789f434eb0f78bafd,2008_e65af0590c9743a38a2d04bea744f342,T485,T482,Support,2008
2008_e3e6e5c4eb2c7109e35edbd979774958,2008_e65af0590c9743a38a2d04bea744f342,T486,T482,Support,2008
2008_e65af0590c9743a38a2d04bea744f342,2008_a41bf1522ca37f6b221ff945ff65a55c,T482,T488,Support,2008
2008_a41bf1522ca37f6b221ff945ff65a55c,2008_7db46b475e12dd578560d1af8b0a6f22,T488,T487,Attack,2008
2008_4b14377b1b8618e16aef3416b275c6af,2008_dbe1241309a171a45082aa7cc6bb370f,T490,T489,Support,2008
2008_d1f29b251eb0b71064283cda81fac3b1,2008_cb9e10292930ac494bc5ff3db887ed90,T494,T491,Support,2008
2008_5752ec9d49fe37625ff1264973fe6f66,2008_9d29e233f286d333799aac0a7618fe43,T492,T493,Support,2008
2008_9d29e233f286d333799aac0a7618fe43,2008_cb9e10292930ac494bc5ff3db887ed90,T493,T491,Attack,2008
2008_4c0bf1e0c432729e934381cf67b969f7,2008_bd1200f58fcec421f0d587257069de2a,T496,T495,Support,2008
2008_bd1200f58fcec421f0d587257069de2a,2008_2125244b2f8be192c9d96dfa7ef1d51b,T495,T497,Support,2008
2008_9edda4466188ee4057c8d3917a27aa58,2008_5fff5044c9f6f4e16442434b17eb9fa7,T498,T8,Attack,2008
2008_338ca7312b300e5e562de1243f6e21f8,2008_9edda4466188ee4057c8d3917a27aa58,T499,T498,Support,2008
2008_4916e8651d1095db9311b859fd64cd8f,2008_4e2acb100f1d800be4f764f07abf207c,T500,T9,Attack,2008
2008_a542add3cdb91988bddf72bc2ac17f19,2008_4916e8651d1095db9311b859fd64cd8f,T501,T500,Support,2008
2008_fd4a4ccf4c55600ed98bbba865eac7bd,2008_a542add3cdb91988bddf72bc2ac17f19,T502,T501,Support,2008
2008_1dc205dc878428dac8177611bb1615b0,2008_fd4a4ccf4c55600ed98bbba865eac7bd,T503,T502,Support,2008
2008_b52c96c5e61199a86d14ed3306f5be62,2008_9edda4466188ee4057c8d3917a27aa58,T504,T498,Attack,2008
2008_8d6cd223e14c589bc10d286245c8b102,2008_ab8d3f8bc1f342146e0ae35317105c73,T505,T506,Support,2008
2008_ab8d3f8bc1f342146e0ae35317105c73,2008_0efc16d8f77561792b824cfc9ff1c50e,T506,T507,Support,2008
2008_3bb1f3da6b771862fb61913edc2c1d37,2008_bbe78ff032d4b226487b387d8e081852,T10,T508,Support,2008
2008_0efc16d8f77561792b824cfc9ff1c50e,2008_bbe78ff032d4b226487b387d8e081852,T507,T508,Attack,2008
2008_396fa74b88f6e649463e379e26a1165c,2008_b5934cafa2d7c3770e29c3f6d69cedc5,T511,T510,Support,2008
2008_e5fcbcc2c048c9af2e238f0747e77217,2008_b5934cafa2d7c3770e29c3f6d69cedc5,T509,T510,Attack,2008
2008_c39393b298aed275eaafcb310a6349dd,2008_a5911d6bf8821ecff4a583d1e037c9e4,T513,T514,Support,2008
2008_7d83544b215b8018fc6df77353e35a0c,2008_a5911d6bf8821ecff4a583d1e037c9e4,T515,T514,Attack,2008
2008_4f36e9c2c6b8ddb59f30bdaa5b0ce117,2008_b52c96c5e61199a86d14ed3306f5be62,T516,T504,Attack,2008
2008_20451b03e541511924c8726e82c7d47f,2008_ef57e3768706bcf8ca24c5c9c15e0fbb,T517,T518,Support,2008
2008_ef57e3768706bcf8ca24c5c9c15e0fbb,2008_d1527b2298377ad2a9e0cd03745911da,T518,T519,Support,2008
2008_ae992ce9caf75343db9d9cd134763151,2008_d1527b2298377ad2a9e0cd03745911da,T520,T519,Support,2008
2008_d1527b2298377ad2a9e0cd03745911da,2008_96f4fcdebbc1ec75c0f56375bd9045f4,T519,T521,Support,2008
2008_794f93ebe786540ad99ff9d266a85c39,2008_96f4fcdebbc1ec75c0f56375bd9045f4,T522,T521,Support,2008
2008_de2b11426668bf135c344a6d50f6fd7a,2008_4f36e9c2c6b8ddb59f30bdaa5b0ce117,T523,T516,Attack,2008
2008_4aa5f9ec6d3751e50d1c16245a5174c7,2008_c312f27ad18ecd134dea6291a09d336e,T13,T11,Support,2008
2008_c312f27ad18ecd134dea6291a09d336e,2008_0f31c77d9a5df61bc18525078df22c24,T11,T12,Attack,2008
2008_8877a87bfc203a09b7cadb0038a7050c,2008_a41a9652cd662ec659a4f0b4b9a0a42a,T525,T526,Support,2008
2008_a41a9652cd662ec659a4f0b4b9a0a42a,2008_0f31c77d9a5df61bc18525078df22c24,T526,T12,Attack,2008
2008_d0537cf43c4bd1cca29843332e4711bd,2008_46776b69645fdd7603b84ffbf76d03c1,T163,T162,Support,2008
2008_34b927ac6affd50df82944b0582b56d0,2008_46776b69645fdd7603b84ffbf76d03c1,T164,T162,Support,2008
2008_6ab3e831854af77ea3d006fc1ef164d7,2008_34b927ac6affd50df82944b0582b56d0,T165,T164,Support,2008
2008_a4f43ef333716aa2c529023d9634835d,2008_34b927ac6affd50df82944b0582b56d0,T166,T164,Support,2008
2008_e9ed171130545b85eff5680675a1ce75,2008_46776b69645fdd7603b84ffbf76d03c1,T167,T162,Support,2008
2008_eeb66ee33fe709e45ce0e33f97547b9d,2008_46776b69645fdd7603b84ffbf76d03c1,T168,T162,Support,2008
2008_bf0cc91d5fa42897675543bf5f634824,2008_46776b69645fdd7603b84ffbf76d03c1,T169,T162,Support,2008
2008_703ffaf83566efae2652644950410b1c,2008_46776b69645fdd7603b84ffbf76d03c1,T170,T162,Attack,2008
2008_3150e9a1824aad184e4d9342ca518f45,2008_36ee91eaa01a35e25081d08749790bd2,T171,T172,Support,2008
2008_36ee91eaa01a35e25081d08749790bd2,2008_703ffaf83566efae2652644950410b1c,T172,T170,Support,2008
2008_f93f1ae2786736487fbc0b9f6a295173,2008_c6ae018c4c2db6532837eb6b5414731b,T173,T174,Support,2008
2008_428d507cb47bc13df392f31db0db9257,2008_c6ae018c4c2db6532837eb6b5414731b,T175,T174,Support,2008
2008_c6ae018c4c2db6532837eb6b5414731b,2008_703ffaf83566efae2652644950410b1c,T174,T170,Support,2008
2008_76194dc451ae3a051d04d305b3d951d9,2008_6fa28d2a8b3729a82914ef50c3aeb99a,T178,T176,Support,2008
2008_1d98b17fc50d2522c1c50140c4b4e716,2008_1e62adae1ed41adad2f657573335c082,T179,T177,Support,2008
2008_dc761b66e222ea5427ed3478cee10ec2,2008_0b99a187845d54b3b715886ea39f95f6,T180,T181,Support,2008
2008_0b99a187845d54b3b715886ea39f95f6,2008_1e62adae1ed41adad2f657573335c082,T181,T177,Support,2008
2008_ffa797b60769510ea210679acdeeca8c,2008_6722cc647a833a845b72a523fe30eb94,T183,T182,Support,2008
2008_6722cc647a833a845b72a523fe30eb94,2008_1e62adae1ed41adad2f657573335c082,T182,T177,Support,2008
2008_0aaf9b62b54c35153007d708813c3196,2008_1e62adae1ed41adad2f657573335c082,T184,T177,Support,2008
2008_c60df27b552190464cfb7c549be620c0,2008_1e62adae1ed41adad2f657573335c082,T185,T177,Support,2008
2008_3e9501467bd5bbcc17a992b5df8f5b02,2008_1e62adae1ed41adad2f657573335c082,T186,T177,Support,2008
2008_238578e82dec5c8cdeb540eefaeee848,2008_1e62adae1ed41adad2f657573335c082,T187,T177,Support,2008
2008_07ff54b23524a2b3f32769f76456481d,2008_03fe9f641a063ce9c86262aa844fee5c,T192,T191,Support,2008
2008_03fe9f641a063ce9c86262aa844fee5c,2008_aa3e0ca650ad8951122b4d7970faafc2,T191,T193,Support,2008
2008_84dbc7f6b907e46551b56340b932a683,2008_46776b69645fdd7603b84ffbf76d03c1,T194,T162,Support,2008
2008_053bdf993ca0a1d0d3386714ed175a70,2008_84dbc7f6b907e46551b56340b932a683,T195,T194,Support,2008
2008_a80e08f03260e25b4fc02a90ecd0e819,2008_6e796672ddb775ff4b2ba3973a3568f6,T202,T197,Support,2008
2008_3ca17b34b47d2c773b71c8e7d7d0c7c1,2008_6e796672ddb775ff4b2ba3973a3568f6,T203,T197,Support,2008
2008_01856c5606a84a14b52f90eaedecd266,2008_3c25e0c71a69fd0ed2fc06a47fd8f4cf,T207,T204,Support,2008
2008_6e796672ddb775ff4b2ba3973a3568f6,2008_ab6271ca391f0be67b20d945ead0455b,T197,T196,Support,2008
2008_3c25e0c71a69fd0ed2fc06a47fd8f4cf,2008_ab6271ca391f0be67b20d945ead0455b,T204,T196,Support,2008
2008_f6064d18d7db75fd7941e8c050c3eb04,2008_84dbc7f6b907e46551b56340b932a683,T205,T194,Support,2008
2008_92656ca3a85ff7804c3ed81d7b3a3d56,2008_20ad6c1bd9f1aee1d07d6329e18288f5,T212,T211,Support,2008
2008_301658e6e621225c7a0ec22258d3fb62,2008_20ad6c1bd9f1aee1d07d6329e18288f5,T213,T211,Support,2008
2008_f33ea398b980fa631d3e31eb48a313bf,2008_76b315e24fd65a9f6c76d503a8b93274,T214,T215,Support,2008
2008_76b315e24fd65a9f6c76d503a8b93274,2008_6cad6e058a6c996ea96f4815fcb16bfe,T215,T190,Attack,2008
2008_f64f0390374d781774e92c8752fd88c5,2008_5f383ad2e144a508b43c51b5b7f49756,T216,T217,Support,2008
2008_5f383ad2e144a508b43c51b5b7f49756,2008_76b315e24fd65a9f6c76d503a8b93274,T217,T215,Support,2008
2008_31ce154d06ce70935e020badd434bc54,2008_5f383ad2e144a508b43c51b5b7f49756,T218,T217,Support,2008
2008_76b315e24fd65a9f6c76d503a8b93274,2008_be2cf07ccc0fc7fc0a9a600555ace57c,T215,T221,Support,2008
2008_3c25e0c71a69fd0ed2fc06a47fd8f4cf,2008_48e2284bc24bb96feaf66cc0fb6455b1,T204,T220,Support,2008
2008_cf79bd3813b26cb1a564d07b5b2cf01c,2008_1da97b03596adbfc941f2385c751d069,T228,T198,Support,2008
2008_78e09b5e9be461ecd457c9f10eaf2183,2008_1da97b03596adbfc941f2385c751d069,T226,T198,Support,2008
2008_9865a8d8ee580095e32ee1ddcc1dbd16,2008_1da97b03596adbfc941f2385c751d069,T199,T198,Support,2008
2008_1e9adfb53e7dc3aff9d77e1e8d0612a9,2008_9865a8d8ee580095e32ee1ddcc1dbd16,T201,T199,Support,2008
2008_6a961a758aefe4e6a6eb011d00368a78,2008_9865a8d8ee580095e32ee1ddcc1dbd16,T200,T199,Support,2008
2008_fac9e1d221ea42707ea3634e414f049a,2008_9865a8d8ee580095e32ee1ddcc1dbd16,T224,T199,Support,2008
2008_a5c4ef9eb321544528f2c48e6c390387,2008_9865a8d8ee580095e32ee1ddcc1dbd16,T225,T199,Support,2008
2008_1d7ceb7498bfd5f839609590e14521b0,2008_9865a8d8ee580095e32ee1ddcc1dbd16,T223,T199,Support,2008
2008_864556a1053b744275239ac6bcf771b5,2008_9865a8d8ee580095e32ee1ddcc1dbd16,T222,T199,Support,2008
2008_9899bd0d5622808226e158f6cb80decd,2008_b27dd6dc88a7498bb96a41893380c265,T231,T230,Support,2008
2008_548581ccf3c214f5f88c2409329a41f4,2008_067b08f339049958a65b7f6a64054ccc,T233,T232,Support,2008
2008_259d2cc66b8ea7039773a76d420f8393,2008_0bc8cbf08ab4498e32f4407964c917f8,T235,T234,Support,2008
2008_18564856da5dec4e94e03eab11cffe98,2008_1f53db9f1e02e8ca1998dbd7764d72b3,T237,T236,Support,2008
2008_fd8102f97b1342753f8c241cba72b815,2008_e9f60f1fa01b52ec40adc94995c0509d,T238,T239,Support,2008
2008_e9f60f1fa01b52ec40adc94995c0509d,2008_1f53db9f1e02e8ca1998dbd7764d72b3,T239,T236,Support,2008
2008_7c57987dc94f7d5d5d97275b03c9807e,2008_e129ff88f02d4673744913bda7111d0e,T240,T229,Support,2008
2008_0bc8cbf08ab4498e32f4407964c917f8,2008_e129ff88f02d4673744913bda7111d0e,T234,T229,Support,2008
2008_64ed9c1c20bbab9fc455285af558d2d0,2008_40196fd802de0f08547c4e0bfc6c9ba4,T241,T243,Support,2008
2008_f732ce30944327b424d71323cdaec031,2008_40196fd802de0f08547c4e0bfc6c9ba4,T242,T243,Support,2008
2008_7c57987dc94f7d5d5d97275b03c9807e,2008_40196fd802de0f08547c4e0bfc6c9ba4,T240,T243,Support,2008
2008_03b28542267f495adc454cc266ef5572,2008_40196fd802de0f08547c4e0bfc6c9ba4,T244,T243,Support,2008
2008_b3038b28cd3ead727ce3f1ff171c7aa5,2008_03b28542267f495adc454cc266ef5572,T246,T244,Support,2008
2008_5d3c72f1e25f41ad23e101be4911e1e7,2008_03b28542267f495adc454cc266ef5572,T245,T244,Support,2008
2008_477decb48136828c928287be19cad56d,2008_73b987e29566b31d06549817b8c0b0e8,T248,T249,Support,2008
2008_334767cd1171088c4abf82d9545aa75a,2008_73b987e29566b31d06549817b8c0b0e8,T250,T249,Support,2008
2008_40196fd802de0f08547c4e0bfc6c9ba4,2008_73b987e29566b31d06549817b8c0b0e8,T243,T249,Support,2008
2008_73b987e29566b31d06549817b8c0b0e8,2008_e129ff88f02d4673744913bda7111d0e,T249,T229,Support,2008
2008_6b5fae667518c7c5bd46271f136fb484,2008_334767cd1171088c4abf82d9545aa75a,T251,T250,Support,2008
2008_e780c711246539d2ee67422a29ae595b,2008_da5c269f16ab6c6883b409500e37cc2f,T252,T254,Support,2008
2008_da5c269f16ab6c6883b409500e37cc2f,2008_e129ff88f02d4673744913bda7111d0e,T254,T229,Attack,2008
2008_8ca46ad492374c5f8cf4fd5a6006991a,2008_da5c269f16ab6c6883b409500e37cc2f,T255,T254,Support,2008
2008_5d3a89668491971eac70d263abd18b42,2008_da5c269f16ab6c6883b409500e37cc2f,T253,T254,Support,2008
2008_3d86c95114d6e1618f57bf8d42104a5b,2008_5e7a83d8e79cd1970b2189464404dc55,T257,T256,Support,2008
2008_c3bd5a541f02cb9bd8c5cf7a2668e559,2008_3d86c95114d6e1618f57bf8d42104a5b,T258,T257,Support,2008
2008_c7c9f44b083493c664181348cebcb01a,2008_5e7a83d8e79cd1970b2189464404dc55,T259,T256,Support,2008
2008_16fb956fd4c6b6324d6ba8330e0882c9,2008_5e7a83d8e79cd1970b2189464404dc55,T260,T256,Support,2008
2008_c508d87e687cd36de093a523463fe747,2008_16fb956fd4c6b6324d6ba8330e0882c9,T261,T260,Support,2008
2008_8fcf85455d03af16f9485fdafb186c2a,2008_5e7a83d8e79cd1970b2189464404dc55,T262,T256,Equivalent,2008
2008_5e7a83d8e79cd1970b2189464404dc55,2008_f1c81cb544a85cf9dd2df9fcf2d36a57,T256,T263,Support,2008
2008_57245c30e03b86d31bc84c84d724522b,2008_fcc67ceb2393264de3f4fa57095d4171,T267,T266,Support,2008
2008_fcc67ceb2393264de3f4fa57095d4171,2008_f1c81cb544a85cf9dd2df9fcf2d36a57,T266,T263,Support,2008
2008_7adede5ae73f0d63a20af01aa1d2858e,2008_505c87191c2ce8212d7df32db4522b83,T271,T268,Support,2008
2008_8aa12d910c1b810cfeb07983678bb185,2008_505c87191c2ce8212d7df32db4522b83,T269,T268,Support,2008
2008_505c87191c2ce8212d7df32db4522b83,2008_642b50c42627ea9c875dd89ce2b77592,T268,T270,Support,2008
2008_5e7a83d8e79cd1970b2189464404dc55,2008_639ff05be543ae75a7350ae4b90426d9,T256,T272,Support,2008
2008_f1c81cb544a85cf9dd2df9fcf2d36a57,2008_639ff05be543ae75a7350ae4b90426d9,T263,T272,Support,2008
2008_642b50c42627ea9c875dd89ce2b77592,2008_639ff05be543ae75a7350ae4b90426d9,T270,T272,Support,2008
2008_f0bc95a17650d476df8b04633c384fb6,2008_da5c269f16ab6c6883b409500e37cc2f,T273,T254,Support,2008
2008_5e7a83d8e79cd1970b2189464404dc55,2008_da5c269f16ab6c6883b409500e37cc2f,T256,T254,Support,2008
2008_f1c3337fe6e9744b70a7e1d95d326236,2008_f0bc95a17650d476df8b04633c384fb6,T274,T273,Support,2008
2008_be9364d05139e51fefe208d0d0905622,2008_f0bc95a17650d476df8b04633c384fb6,T275,T273,Support,2008
2008_4436854ea285533e671fb1bea6fe7efa,2008_da5c269f16ab6c6883b409500e37cc2f,T276,T254,Support,2008
2008_62957efa38c36c897b48acd2cf929913,2008_0d7ad274baa7f804b49af1e6c836052b,T277,T279,Support,2008
2008_4cd4aa362001f6a793e500982b4bc3c5,2008_0d7ad274baa7f804b49af1e6c836052b,T278,T279,Support,2008
2008_9561e4252bee4ffeb30590afb3a0a7b8,2008_b70bc0f2463332998002c6d033bc0640,T284,T283,Attack,2008
2008_5634838ab895d8a9ff8870b217749be5,2008_9561e4252bee4ffeb30590afb3a0a7b8,T285,T284,Support,2008
2008_0850749264526e0a7bd491258fe06dab,2008_c939016a4fd1fa96d3597a42ab7b68b0,T282,T286,Attack,2008
2008_ac0f9e15d1ccd183e57e807f1c67e422,2008_91497da422676ef24c4e1d032d4c91a7,T264,T265,Support,2008
2008_0850749264526e0a7bd491258fe06dab,2008_91497da422676ef24c4e1d032d4c91a7,T282,T265,Support,2008
2008_da5c269f16ab6c6883b409500e37cc2f,2008_91497da422676ef24c4e1d032d4c91a7,T254,T265,Support,2008
2008_937da17cf37b78f4dc52b8ee789bb8cd,2008_472303aa4b0722f7e70ad2382916236a,T291,T292,Support,2008
2008_472303aa4b0722f7e70ad2382916236a,2008_f455cc2afb35b0fe687e73dd4d7e4498,T292,T287,Support,2008
2008_909983b9635718131b61967f030132bc,2008_d3c2fa7075e63e54a37601abf2469840,T293,T289,Support,2008
2008_5af5300970da96fe2ea907a1a8a863c3,2008_d3c2fa7075e63e54a37601abf2469840,T290,T289,Support,2008
2008_d3c2fa7075e63e54a37601abf2469840,2008_472303aa4b0722f7e70ad2382916236a,T289,T292,Support,2008
2008_38dfad0be0126463167c3616b22e8148,2008_80ec04d7b467f17ad60a3ddb17173b03,T294,T288,Support,2008
2008_021e5eb07d1bcf362ae816b767774ef1,2008_c83f57171a71122363f7df3b1cb33a38,T295,T296,Support,2008
2008_6d230ce731222bcc07a2c82c10e88e16,2008_628228455a17298b01f7a45f3b177d7a,T298,T299,Support,2008
2008_628228455a17298b01f7a45f3b177d7a,2008_2d382c392dc32c64b24b08134121c36f,T299,T297,Support,2008
2008_76f3fb626326a5955c61c69580d626f2,2008_82fe21b9ac739e486ddbc84e4ffa4080,T300,T301,Support,2008
2008_3fd82890aeda9f93da458c86c5cc9fba,2008_84c749a769ec0db9e997503c22564d54,T303,T302,Support,2008
2008_84c749a769ec0db9e997503c22564d54,2008_82fe21b9ac739e486ddbc84e4ffa4080,T302,T301,Support,2008
2008_f09078356b98eceb7be7ba01dbccf1d8,2008_6bd8d3e08a8ca1e56c8c3016e77a6cd1,T305,T306,Support,2008
2008_6bd8d3e08a8ca1e56c8c3016e77a6cd1,2008_ae12f78bd080d4df73ddfc884410cac3,T306,T304,Support,2008
2008_6f8ca9538e4544979e279a0c7f029a0f,2008_1b7e9c490bf521e1ee6b5ab08064cee8,T307,T308,Support,2008
2008_980f5c76b89062fcb0f56056fbe80118,2008_1b7e9c490bf521e1ee6b5ab08064cee8,T309,T308,Support,2008
2008_dad9b9b19eb4e9fa47283e3537931a32,2008_dccb37ee8b8ee75c0223b4823dacd89f,T316,T315,Support,2008
2008_95de7a12a3187530e37050d9ffbd01cc,2008_85ec41e97b9afb7d1f1f722e287a3d58,T317,T318,Support,2008
2008_dccb37ee8b8ee75c0223b4823dacd89f,2008_85ec41e97b9afb7d1f1f722e287a3d58,T315,T318,Support,2008
2008_31b149155da3c99286a6b3af4e91f951,2008_85ec41e97b9afb7d1f1f722e287a3d58,T319,T318,Support,2008
2008_14d9f9bc3bae481b5f3b3a66c7470b9f,2008_0aaeaf06923dbc8bb588bf99dc89e739,T321,T324,Support,2008
2008_28f726d404c6851eccdf5aac2ddf29bc,2008_5302cb81d999e61eacfb2d95b65dc97e,T323,T322,Support,2008
2008_55fa373343975bce1671f5545012e0e7,2008_41b9bc2851f43a48e66011e202a97340,T325,T310,Support,2008
2008_26f2d791a5e9fa3fe82efbca28768374,2008_fed60dfafc11eb365c77c6934e988d72,T327,T326,Support,2008
2008_e84af076fee9e8732fe17c9c937fd107,2008_fed60dfafc11eb365c77c6934e988d72,T328,T326,Support,2008
2008_41b9bc2851f43a48e66011e202a97340,2008_fed60dfafc11eb365c77c6934e988d72,T310,T326,Support,2008
2008_7ef2d628b738c7be74fa79131b34877f,2008_d4bcc36989afb3bac7c910eacd89e20d,T330,T329,Support,2008
2008_9bb3f4c50b7ce7229a82ec4ed7be9d85,2008_7ef2d628b738c7be74fa79131b34877f,T332,T330,Support,2008
2008_dc18ce7a44bf217f492ad01292671062,2008_7ef2d628b738c7be74fa79131b34877f,T331,T330,Support,2008
2008_d0f2ae3b66028bddeaa864658dcdbc7e,2008_7ef2d628b738c7be74fa79131b34877f,T333,T330,Support,2008
2008_57109e50e7bb2a744513c3b4520b60df,2008_feb479f01a0c2f091ee1025cac7c7c03,T311,T312,Support,2008
2008_d164014db32828cb1d265653891b701c,2008_feb479f01a0c2f091ee1025cac7c7c03,T313,T312,Support,2008
2008_0f18683e62a39eb55ed9c8dedc61018a,2008_d164014db32828cb1d265653891b701c,T314,T313,Support,2008
2008_285d0af4ba4c7814db86ad7abfc93044,2008_e4ecb9b302910eb2132f24cc57263def,T336,T335,Support,2008
2008_e4ecb9b302910eb2132f24cc57263def,2008_f07596d311d6102caf2a9572db043f0a,T335,T334,Support,2008
2008_f77b3bd4db2ac7fdb7597fbd4f541961,2008_24e813b919e9897ed915c93297f3af6f,T342,T343,Support,2008
2008_2d621a3b0cb2fb636beb7c0b4116a396,2008_f77b3bd4db2ac7fdb7597fbd4f541961,T344,T342,Attack,2008
2008_a8833d3e792068e67e8fd9ef10dcbc62,2008_e2431f91dfebdfc1c933176cb4c81582,T345,T337,Support,2008
2008_e2431f91dfebdfc1c933176cb4c81582,2008_f07596d311d6102caf2a9572db043f0a,T337,T334,Support,2008
2008_82838f9b812c098741107efbcb958265,2008_e2431f91dfebdfc1c933176cb4c81582,T346,T337,Support,2008
2008_9c7db34a82491a60bf76dd56a1dbab49,2008_a983d5db871aa7565d5ce81b7b1d7d26,T339,T340,Support,2008
2008_a983d5db871aa7565d5ce81b7b1d7d26,2008_0f2fdc3c5e585b4ab55f3659ed2c4f84,T340,T338,Support,2008
2008_6bbdb8331ffc91fb6477ca5932448e22,2008_f4380df280fec88de26f832dbe06ef94,T347,T341,Support,2008
2008_34af0ba67a2cb8ffb3b6d00e539e8ad2,2008_1fbedd120e3f8b0262a4f5dbcd2f05ce,T350,T351,Support,2008
2008_318862449cd51a491be61032c4c77d8a,2008_ba8ef9e8022ea648a7933113a88c32c5,T349,T348,Attack,2008
2008_740a0c4df302b3533fc3b3ceb58a1a75,2008_698f82b97c2811f04f1987e67fac9139,T355,T354,Attack,2008
2008_b4e65d068e29cc871d51c2978fa51c05,2008_740a0c4df302b3533fc3b3ceb58a1a75,T356,T355,Support,2008
2008_de43ff7a2af368e2dbfee832b6bf3834,2008_0773637d6f23f15064b9b1712a2888d4,T1,T359,Support,2008
2008_270c8e72a4665da11686566b11673cf9,2008_f44c7462fefd89d70c490722978aeb67,T353,T352,Support,2008
2008_703ffaf83566efae2652644950410b1c,2008_6fa28d2a8b3729a82914ef50c3aeb99a,T170,T176,Support,2008
2008_6cad6e058a6c996ea96f4815fcb16bfe,2008_3e097f1f53822369b077cf6d197311a5,T190,T189,Attack,2008
2008_03fe9f641a063ce9c86262aa844fee5c,2008_6cad6e058a6c996ea96f4815fcb16bfe,T191,T190,Support,2008
2008_02a1e4430f5e124ff740b9a5a2a4dd78,2008_20ad6c1bd9f1aee1d07d6329e18288f5,T209,T211,Support,2008
2008_417ac05017c0ed08a04b8d9a1aaec77e,2008_76b315e24fd65a9f6c76d503a8b93274,T219,T215,Attack,2008
2008_f5dbce379c5c5ba93dbf2a5cff50af04,2008_1f53db9f1e02e8ca1998dbd7764d72b3,T3,T236,Support,2008
2008_1f53db9f1e02e8ca1998dbd7764d72b3,2008_e129ff88f02d4673744913bda7111d0e,T236,T229,Support,2008
2008_1a47478aa5f7955a115b4ca6472d07b3,2008_1e9adfb53e7dc3aff9d77e1e8d0612a9,T247,T201,Support,2008
2008_642b50c42627ea9c875dd89ce2b77592,2008_fcc67ceb2393264de3f4fa57095d4171,T270,T266,Support,2008
2008_9561e4252bee4ffeb30590afb3a0a7b8,2008_c939016a4fd1fa96d3597a42ab7b68b0,T284,T286,Support,2008
2008_e71a9d7ac3d788abf844d19210b79f65,2008_75717b65f9e822a5050032b618703f21,T1,T2,Support,2008
2008_c36caec0046cd8575854e17425de2d3b,2008_70edfe82b5998b9865f1de20e8f1861f,T4,T3,Support,2008
2008_75717b65f9e822a5050032b618703f21,2008_70edfe82b5998b9865f1de20e8f1861f,T2,T3,Support,2008
2008_17e433f19969edb823d41d356beebb7f,2008_70edfe82b5998b9865f1de20e8f1861f,T5,T3,Support,2008
2008_118d60b1e2a8c7c0038f4dfbc6f792d8,2008_17e433f19969edb823d41d356beebb7f,T6,T5,Attack,2008
2008_8e033da1fd3d3ae9b0498c9a980a80c8,2008_d8d142c7d657e3ead9e0f3c99cb62a16,T19,T9,Support,2008
2008_0d3da7c6148f3c75f6fcaf0ed04e6e92,2008_d8d142c7d657e3ead9e0f3c99cb62a16,T7,T9,Support,2008
2008_d35bdf1dec6d2a00aeb08de87affa89d,2008_0d3da7c6148f3c75f6fcaf0ed04e6e92,T18,T7,Support,2008
2008_960205e3db59974969c93a6ce5988d13,2008_d8d142c7d657e3ead9e0f3c99cb62a16,T8,T9,Support,2008
2008_a99fc2cb492eb2a6a8dbcd5c1dff77c0,2008_8526e539b6f93cccdad0dc973132ebc1,T20,T21,Support,2008
2008_98d19c851744e23cb2668ae162a82f53,2008_6135d727a8379bff769a6363daa674e9,T11,T10,Support,2008
2008_61bb8963e7a8be5b151fcb11c81b82a0,2008_6135d727a8379bff769a6363daa674e9,T12,T10,Support,2008
2008_6dc4243d84450af5f692e7d3a409eb32,2008_6135d727a8379bff769a6363daa674e9,T13,T10,Support,2008
2008_d435e820ec3b3365fff73081d4039944,2008_16929e90442ca55d522f0168bb485fc3,T17,T16,Support,2008
2008_6135d727a8379bff769a6363daa674e9,2008_0d3da7c6148f3c75f6fcaf0ed04e6e92,T10,T7,Support,2008
2008_1a0955b8a0b1518e7df17d3137145a7f,2008_0d3da7c6148f3c75f6fcaf0ed04e6e92,T14,T7,Support,2008
2008_da12c94cbb469df748bd6079eb3904bd,2008_0d3da7c6148f3c75f6fcaf0ed04e6e92,T15,T7,Support,2008
2008_3795105dd3e1595d890cc2732ab6a8d3,2008_21c6cb54325eb9680fd6afb33aca2701,T26,T23,Support,2008
2008_e4b5639a663d2411f4bad0109abe9357,2008_21c6cb54325eb9680fd6afb33aca2701,T24,T23,Support,2008
2008_21c6cb54325eb9680fd6afb33aca2701,2008_fdabb550e7ca058faad08c17cba2a9fe,T23,T27,Support,2008
2008_fdabb550e7ca058faad08c17cba2a9fe,2008_bdb4d1879c7a260444b59ea0e39c1574,T27,T28,Support,2008
2008_e67595b8483842d78fd18d45db1d0703,2008_bdb4d1879c7a260444b59ea0e39c1574,T29,T28,Support,2008
2008_804acbb138ea2ceb311047571fcb20de,2008_bdb4d1879c7a260444b59ea0e39c1574,T30,T28,Support,2008
2008_534028e32005bafea503102594d1d4ca,2008_f1d54c634f1d03a17f134c41bc1e061b,T32,T31,Support,2008
2008_f1d54c634f1d03a17f134c41bc1e061b,2008_bdb4d1879c7a260444b59ea0e39c1574,T31,T28,Support,2008
2008_a2f4841d62edf1dd3c3cc01fbcaadee6,2008_f1d54c634f1d03a17f134c41bc1e061b,T33,T31,Support,2008
2008_22bcfcd4f56a528998790cf947bb68b0,2008_bdb4d1879c7a260444b59ea0e39c1574,T34,T28,Support,2008
2008_87317943e261955395686f1bbf673172,2008_22bcfcd4f56a528998790cf947bb68b0,T35,T34,Support,2008
2008_ea9429ba0080ae1473b660500f4c7a58,2008_7ba2f863ab23092ffb64fe59be2fff30,T37,T36,Support,2008
2008_7ba2f863ab23092ffb64fe59be2fff30,2008_bdb4d1879c7a260444b59ea0e39c1574,T36,T28,Support,2008
2008_31f2b4ce8c17c59954093dde142c26e3,2008_4b6e4a43d4778df5663501050d2ce0fc,T38,T22,Support,2008
2008_8870dfd012852a7eede19d90aee950d6,2008_4b6e4a43d4778df5663501050d2ce0fc,T39,T22,Support,2008
2008_5e957c31376e7e8bb44c0ecc8776dd2f,2008_a15ac998419ab280a0f82e6cdb5321d2,T41,T40,Support,2008
2008_7a80f9ff8b1ce80cbc1d82c6ee9023e3,2008_a15ac998419ab280a0f82e6cdb5321d2,T43,T40,Support,2008
2008_6168850377d9792b43054e2a9a116255,2008_a15ac998419ab280a0f82e6cdb5321d2,T42,T40,Support,2008
2008_a8b6ccb41fb955dda5ce347de39541ac,2008_8d13aa0157068da513f4e04e370dcf60,T52,T51,Support,2008
2008_8d13aa0157068da513f4e04e370dcf60,2008_6ccf42004204bcf637220d91d56b37bf,T51,T47,Support,2008
2008_f3b8ecfbca74451c4371b21ff79399cf,2008_3784d96113195533eeb43e4bc2718c2e,T49,T48,Support,2008
2008_5aef3576d753f88b69d3641362ba060f,2008_3784d96113195533eeb43e4bc2718c2e,T50,T48,Support,2008
2008_6ccf42004204bcf637220d91d56b37bf,2008_3784d96113195533eeb43e4bc2718c2e,T47,T48,Support,2008
2008_c079b299def0a8cc3cea94618432ceed,2008_3784d96113195533eeb43e4bc2718c2e,T46,T48,Support,2008
2008_96b3d8c0dd6cffe52395ada96a1c80ab,2008_82ecdb5030bc62519dbbeebc0a700799,T65,T64,Support,2008
2008_ab7f89829f52a49eb3e916a59c1c09e4,2008_b2fb54c39709873d67358067e379d435,T62,T61,Support,2008
2008_e7854f163bdf516eb47d62eb283d2a6e,2008_b2fb54c39709873d67358067e379d435,T63,T61,Support,2008
2008_555c4044764fade58bfbc5edb9cfa657,2008_9b755ff0677800b66c19cc4d1e750394,T56,T55,Support,2008
2008_9b755ff0677800b66c19cc4d1e750394,2008_b2fb54c39709873d67358067e379d435,T55,T61,Support,2008
2008_33d5ed01008e2f2a174af6b22e0a436b,2008_e67c8b115a2891e64ee7cdac2da2a9e1,T57,T58,Attack,2008
2008_fb83ddd8241cced625c474082da39649,2008_e67c8b115a2891e64ee7cdac2da2a9e1,T59,T58,Support,2008
2008_85034f5e2358f7110948723e720816b0,2008_e67c8b115a2891e64ee7cdac2da2a9e1,T60,T58,Support,2008
2008_4b24729b0ce7e5bef78704ff100a28ac,2008_e1ef6c78baf0d24d5c33a8e9d0949592,T67,T66,Support,2008
2008_adf67db90afd4754144b3d3d3f23d260,2008_e1ef6c78baf0d24d5c33a8e9d0949592,T70,T66,Support,2008
2008_fa7effbadc582188292a34cf20eca0a7,2008_1ffc906e814d162806b901b477bd1329,T72,T71,Support,2008
2008_5dae2926a0aa18cff2d72cbc91b3352d,2008_066933986260bb23d65321884c49cd9c,T73,T75,Support,2008
2008_2884cff0ea441ec26f2382ed000369ca,2008_066933986260bb23d65321884c49cd9c,T74,T75,Support,2008
2008_ffdfaa3e85e2a7823fbd736befcfac0d,2008_066933986260bb23d65321884c49cd9c,T76,T75,Support,2008
2008_c260438b40f173082aba724412ba84b3,2008_929ee58ded6b8da4696298dd45b5fe9e,T78,T77,Attack,2008
2008_17e433f19969edb823d41d356beebb7f,2008_c36caec0046cd8575854e17425de2d3b,T5,T4,Support,2008
2008_118d60b1e2a8c7c0038f4dfbc6f792d8,2008_0d3da7c6148f3c75f6fcaf0ed04e6e92,T6,T7,Support,2008
2008_8526e539b6f93cccdad0dc973132ebc1,2008_d8d142c7d657e3ead9e0f3c99cb62a16,T21,T9,Support,2008
2008_534028e32005bafea503102594d1d4ca,2008_98d19c851744e23cb2668ae162a82f53,T32,T11,Attack,2008
2008_8d13aa0157068da513f4e04e370dcf60,2008_04b3f67bc52d1d5628165f0474e60a5f,T51,T44,Attack,2008
2008_7e939c962f4d3bd58261483165f50212,2008_ce6a959cecbe9cb92ad7643e3f95a8ed,T69,T68,Attack,2008
2008_5dae2926a0aa18cff2d72cbc91b3352d,2008_fa7effbadc582188292a34cf20eca0a7,T73,T72,Attack,2008
2008_929ee58ded6b8da4696298dd45b5fe9e,2008_8d13aa0157068da513f4e04e370dcf60,T77,T51,Support,2008
2008_04b3f67bc52d1d5628165f0474e60a5f,2008_a15ac998419ab280a0f82e6cdb5321d2,T44,T40,Attack,2008
2008_efe9b5cc88dbb37b685e2b2212bc94f5,2008_e4b5639a663d2411f4bad0109abe9357,T25,T24,Equivalent,2008
2008_505761fa3ce4c978d871178e27f07e70,2008_69ad42afa0dbefe4e74ccc872b913cdf,T807,T805,Support,2008
2008_3600865d7ba1d1f474123c86019c9c1d,2008_69f5672ead1150bcdbaf134810faab6e,T810,T809,Support,2008
2008_b3535b334aca401d89d1ba7f0d17e51e,2008_3600865d7ba1d1f474123c86019c9c1d,T811,T810,Support,2008
2008_2fe593ae2b9930298a3a9d8f1e51ace1,2008_69f5672ead1150bcdbaf134810faab6e,T812,T809,Support,2008
2008_793ab6fad1bfcb940d92d0e24b1c4680,2008_2fe593ae2b9930298a3a9d8f1e51ace1,T816,T812,Support,2008
2008_9c71804e481323aa6331afb747bd9bf3,2008_793ab6fad1bfcb940d92d0e24b1c4680,T817,T816,Support,2008
2008_836714aabaa98e695cc2be7cce7dc605,2008_15a76c389f84b0de385bc6b1eaa86131,T820,T819,Support,2008
2008_f354b254cefcbb37a17b3c147cc75e47,2008_ab90ac027a01ccc84a63d5f849289560,T822,T813,Support,2008
2008_718dd394287785ef84806cafb49b4c98,2008_ab90ac027a01ccc84a63d5f849289560,T821,T813,Support,2008
2008_6d8f64bc4ab345a38b74b3ec1e38ab52,2008_2e3bd8800ab6322d0486ac9b6e3612e3,T814,T815,Support,2008
2008_f4e58569ecd2a552a7e555a106585bbb,2008_96e5e72c00169d337f9d94a810807b3f,T835,T834,Support,2008
2008_ca8490d46b87b4e99da39aa21306ff63,2008_96e5e72c00169d337f9d94a810807b3f,T837,T834,Support,2008
2008_6da881ba5447a4773a42b6b34daa9620,2008_96e5e72c00169d337f9d94a810807b3f,T836,T834,Support,2008
2008_02e50b9179bd3b36ff03af0868de3217,2008_96e5e72c00169d337f9d94a810807b3f,T838,T834,Support,2008
2008_96e5e72c00169d337f9d94a810807b3f,2008_ceb273a5f4726cc96adbf759695caaa7,T834,T824,Support,2008
2008_9f02506c86307239667b780559f1c995,2008_ceb273a5f4726cc96adbf759695caaa7,T825,T824,Support,2008
2008_7be61221ad19c819a296b7d44db8dea9,2008_ceb273a5f4726cc96adbf759695caaa7,T832,T824,Support,2008
2008_3f31264558b96514c0d09634ef8ef60a,2008_d5c6525d4e09837217a4d15f3f066a3b,T833,T826,Support,2008
2008_d5c6525d4e09837217a4d15f3f066a3b,2008_ceb273a5f4726cc96adbf759695caaa7,T826,T824,Support,2008
2008_9c30208e76eefa89727128c206e00638,2008_0446b4a9d694110462bb994dbb30af84,T829,T828,Support,2008
2008_b168275f05193a064b47c826471be24a,2008_03e57ba69bdfcd07a16a28ff208a843f,T830,T1,Support,2008
2008_1fceed05512247ed025c4923e8e56923,2008_03e57ba69bdfcd07a16a28ff208a843f,T827,T1,Support,2008
2008_0446b4a9d694110462bb994dbb30af84,2008_03e57ba69bdfcd07a16a28ff208a843f,T828,T1,Support,2008
2008_70f71aad5519a5bfcf3982d63bd7ceab,2008_94f99b33acf25f74304e778863f82474,T841,T844,Support,2008
2008_94f99b33acf25f74304e778863f82474,2008_756bb364f6bf6ad547338d33ce24c533,T844,T840,Support,2008
2008_6a5672b0f9f14dcaa4eb42d3fcbe6a73,2008_756bb364f6bf6ad547338d33ce24c533,T843,T840,Support,2008
2008_756bb364f6bf6ad547338d33ce24c533,2008_895bee7e0ccc139fb9a3ef9ecf615622,T840,T842,Support,2008
2008_8719634e659be4c9ac336106cc789353,2008_3359a630a729ef252f8cf69fb31bc9a9,T846,T847,Support,2008
2008_a6cab9379a96acfb886fb4f0fd1165c4,2008_58601b29a772367c8260285db0915fa4,T851,T850,Support,2008
2008_aeb66a5f2e5f83e595547bab2fa12954,2008_a6cab9379a96acfb886fb4f0fd1165c4,T852,T851,Support,2008
2008_3c23f398b1c6312fffb1fce6785f650f,2008_a6cab9379a96acfb886fb4f0fd1165c4,T853,T851,Support,2008
2008_14cd79f7589b6c26907c99c2734f80fb,2008_a6cab9379a96acfb886fb4f0fd1165c4,T854,T851,Support,2008
2008_0ba204685e741b037e114acab1b0850b,2008_5eb6b611055cb6810e60f1a66f1c2e6f,T858,T857,Support,2008
2008_c48b49b61c1d2f121a8e6077ab5619b6,2008_58601b29a772367c8260285db0915fa4,T855,T850,Support,2008
2008_991a94a1c994f79781fd2f2236c8e8c4,2008_58601b29a772367c8260285db0915fa4,T856,T850,Support,2008
2008_455946cb4cba448d6dafde5b5324fbf2,2008_523410f7688007e7cdede366d6d0b51d,T863,T862,Support,2008
2008_a487672036202936b9be877e0182e8c4,2008_523410f7688007e7cdede366d6d0b51d,T864,T862,Support,2008
2008_f91d3633f718838cccb2c39e0b0d3c1f,2008_a487672036202936b9be877e0182e8c4,T865,T864,Support,2008
2008_21ce05945a288d41cf966f02cb279fdf,2008_523410f7688007e7cdede366d6d0b51d,T866,T862,Support,2008
2008_e3a2c2a921bb1ccc7758462bf8ab18bb,2008_21ce05945a288d41cf966f02cb279fdf,T867,T866,Support,2008
2008_523410f7688007e7cdede366d6d0b51d,2008_9beabcb60cdf85f9e6a8c8c13a45f837,T862,T868,Support,2008
2008_9beabcb60cdf85f9e6a8c8c13a45f837,2008_b3e547182ecbc7c66b8a34c5c9c67cac,T868,T861,Support,2008
2008_b8211438a4d7ff9019bb7ae52c6e9fa3,2008_7018f5713a7bf6ecb9044051ff40f32b,T872,T871,Support,2008
2008_187349a4da1c3dc1554dde6c9d641eae,2008_b8211438a4d7ff9019bb7ae52c6e9fa3,T873,T872,Support,2008
2008_c26b742e24ba653ffb6ef478a59e2b63,2008_ac919651de7538146ce051a45d92f46d,T878,T877,Support,2008
2008_1db09691038e0fbdc6bc770711285216,2008_79c2001c3e7711fac725f1c08922dca8,T879,T884,Support,2008
2008_669af887a332f4ef99f2baf33e69efbf,2008_79c2001c3e7711fac725f1c08922dca8,T883,T884,Support,2008
2008_624825d40b8ac46bf07238e962454b2e,2008_79c2001c3e7711fac725f1c08922dca8,T882,T884,Support,2008
2008_0dcaaba14170cfb3a96cb4e3f5896827,2008_79c2001c3e7711fac725f1c08922dca8,T881,T884,Support,2008
2008_75248373845fcbbf6018f489cb8a6219,2008_79c2001c3e7711fac725f1c08922dca8,T880,T884,Support,2008
2008_deceddbd233506463d828436b89fefc7,2008_7393d92e2025131e48f42cc62a8343cb,T848,T845,Support,2008
2008_aba712f0ec2383f9194e838e5bd6c438,2008_7393d92e2025131e48f42cc62a8343cb,T849,T845,Support,2008
2008_08e5965669a92c08644777aefbfd7d78,2008_9af8cebcc1b2ec9bc21d7464fd312674,T782,T783,Support,2008
2008_9af8cebcc1b2ec9bc21d7464fd312674,2008_e454fa057b80f898f174986abb00d2f5,T783,T784,Support,2008
2008_e454fa057b80f898f174986abb00d2f5,2008_3dd98a8d165abaa5473018201f4108ad,T784,T785,Support,2008
2008_1a0df597f32742859b2e2d361cf1f73c,2008_3dd98a8d165abaa5473018201f4108ad,T786,T785,Support,2008
2008_29e720177797ab62a6780e3e9655fb50,2008_a9d91a7b40b36374c51a269ef2fa2524,T787,T788,Support,2008
2008_a9d91a7b40b36374c51a269ef2fa2524,2008_5b53de2a813cb0d3e570b5e2bfd81651,T788,T789,Support,2008
2008_5b53de2a813cb0d3e570b5e2bfd81651,2008_a77469da01a4fc3e42267bf60524b508,T789,T790,Support,2008
2008_a77469da01a4fc3e42267bf60524b508,2008_4304e8fac4a8adb734abf0cf915c80d8,T790,T791,Support,2008
2008_4304e8fac4a8adb734abf0cf915c80d8,2008_be2dc8fa70d7efa44438272548a9953b,T791,T792,Support,2008
2008_d7e7193645860953c9be07c642a89570,2008_be2dc8fa70d7efa44438272548a9953b,T793,T792,Support,2008
2008_be2dc8fa70d7efa44438272548a9953b,2008_a717fbe455b00cfc3118c02e1ecbe78e,T792,T794,Support,2008
2008_3dd98a8d165abaa5473018201f4108ad,2008_a717fbe455b00cfc3118c02e1ecbe78e,T785,T794,Support,2008
2008_c0089c7ca97aabe77e67af292d8011f0,2008_b14bd8f4c9becdb3f7c5e2ea0d575543,T796,T795,Support,2008
2008_b14bd8f4c9becdb3f7c5e2ea0d575543,2008_810f61bea671cdb05619fddca9cee36b,T795,T797,Support,2008
2008_810f61bea671cdb05619fddca9cee36b,2008_521ea24c2c32cf44b6c5e34ad7f0806a,T797,T798,Support,2008
2008_106328c5638730a538060723dfad188c,2008_521ea24c2c32cf44b6c5e34ad7f0806a,T799,T798,Support,2008
2008_a717fbe455b00cfc3118c02e1ecbe78e,2008_521ea24c2c32cf44b6c5e34ad7f0806a,T794,T798,Support,2008
2008_3042626071c83ce9f91c144ee4cd1a71,2008_1a6cfe7c12496a3feecf08e711cce042,T802,T803,Support,2008
2008_1a6cfe7c12496a3feecf08e711cce042,2008_792258949625359884474dae96c0704a,T803,T804,Support,2008
2008_792258949625359884474dae96c0704a,2008_fba9e211526145063214c621a625175d,T804,T805,Support,2008
2008_fba9e211526145063214c621a625175d,2008_9ac9cb81b99c59b858324ee0f9e51364,T805,T806,Support,2008
2008_9ac9cb81b99c59b858324ee0f9e51364,2008_f8cecd5b5a189e1eeb71a643a346b700,T806,T807,Support,2008
2008_f8cecd5b5a189e1eeb71a643a346b700,2008_3581d80bc540fe555f9bcd14ab9fbd5e,T807,T808,Support,2008
2008_3581d80bc540fe555f9bcd14ab9fbd5e,2008_1276aab430dc00bb0a35e73966a15b21,T808,T811,Support,2008
2008_1276aab430dc00bb0a35e73966a15b21,2008_aba5fcdc88c56bf6b32564b9b2d8de65,T811,T812,Support,2008
2008_aba5fcdc88c56bf6b32564b9b2d8de65,2008_22973587dee5d9c5c19218cc4f0ac13c,T812,T809,Support,2008
2008_833ab3821f3c40fb5bf271d8c67e4f82,2008_22973587dee5d9c5c19218cc4f0ac13c,T810,T809,Support,2008
2008_22973587dee5d9c5c19218cc4f0ac13c,2008_0e8d55c383d8251367b81a640f110489,T809,T813,Support,2008
2008_7b4f48076ac1c554acbd7e4e0a904a10,2008_0e8d55c383d8251367b81a640f110489,T814,T813,Support,2008
2008_ef89160e04caadec9e1ec931f9ce9943,2008_9dcb85f020d90f9170eac52d9b059c5e,T817,T815,Support,2008
2008_f0a13b61dccdaf32c381ffef519a1ffa,2008_9dcb85f020d90f9170eac52d9b059c5e,T816,T815,Support,2008
2008_0e8d55c383d8251367b81a640f110489,2008_9dcb85f020d90f9170eac52d9b059c5e,T813,T815,Support,2008
2008_211202255c957b3b51c05b1ae124440a,2008_8d2908dc6bdc93af61300ad828c31349,T299,T300,Support,2008
2008_8d2908dc6bdc93af61300ad828c31349,2008_b029ae93aacd400549eff472773192a3,T300,T301,Support,2008
2008_0f309a2e273fa14ccb4f26b3da357071,2008_b029ae93aacd400549eff472773192a3,T302,T301,Support,2008
2008_b029ae93aacd400549eff472773192a3,2008_7353669a3130529babcfe6763e746bee,T301,T303,Support,2008
2008_7353669a3130529babcfe6763e746bee,2008_c49b7c29d3941ce627e5442f4658640f,T303,T304,Support,2008
2008_19f9b98e47801e65ce80c86a3f4f1c86,2008_c49b7c29d3941ce627e5442f4658640f,T305,T304,Attack,2008
2008_fb0e84c4eee1aa3d340d5068ca3b3a4e,2008_19f9b98e47801e65ce80c86a3f4f1c86,T306,T305,Support,2008
2008_d0253ecd1e27eca5c419d43bb38d1bd7,2008_65a70fdfed9d9de42936a6c3d3946d36,T308,T307,Support,2008
2008_6e9f138f284a31cf227cbfb4276d9048,2008_65a70fdfed9d9de42936a6c3d3946d36,T309,T307,Support,2008
2008_84b41025844ada21d3ce7b4954d448ea,2008_65a70fdfed9d9de42936a6c3d3946d36,T310,T307,Attack,2008
2008_b4704d8208c57a768acb0390365e4311,2008_84b41025844ada21d3ce7b4954d448ea,T311,T310,Support,2008
2008_01b20044271765afe0cf7f5306b8bbf5,2008_6db95357ef5d366638db6b6ca64098a5,T315,T314,Support,2008
2008_d6150716280ccdeb6b09af6c299db62a,2008_6db95357ef5d366638db6b6ca64098a5,T316,T314,Support,2008
2008_bf1594d7ec13b91986c20433be955a07,2008_bd0d042c6fb5cae782f0e5f4fc2c7166,T318,T317,Support,2008
2008_d30b001e348ae1c80aa4bbde27b9892a,2008_164a908cb20132c906e397c7fca534ee,T4,T5,Support,2008
2008_2b56759cffee83c212f10ab7c5712768,2008_d30b001e348ae1c80aa4bbde27b9892a,T6,T4,Support,2008
2008_0ba8e38f04428fc6bf298088b4af28d4,2008_b1dc6226f23095e6afb1df1f7e97fc6d,T2,T3,Support,2008
2008_a2b8d05f5fe424060e459424a0c1f4d1,2008_24bf90f38807e8abf5d51a3d3233efda,T1,T7,Support,2008
2008_2d750000a29ffdcea421d00a362ec786,2008_a2b8d05f5fe424060e459424a0c1f4d1,T8,T1,Support,2008
2008_2ca139e8383eb49eee5ea2988a565196,2008_81a7a6b351c61c4f188f0dafff64a6fa,T13,T10,Support,2008
2008_fc74bc4d71a9293faa96de86809991d8,2008_81a7a6b351c61c4f188f0dafff64a6fa,T14,T10,Support,2008
2008_fd1de2449f65a8c79cde06ccf3eadafe,2008_f96072dc903a4fe17e98545c32215806,T16,T15,Support,2008
2008_6e72be99e01eec4e4b7de1916b8742cf,2008_d44237be12c997aa3e5a023afd2edd6b,T19,T18,Support,2008
2008_fb9763252aea22461d6bc17ea6a429d3,2008_8b591213f965f027aa2a69b92769c708,T21,T24,Support,2008
2008_a7d43e486a4b96b2a136a84e4e8bfe63,2008_8b591213f965f027aa2a69b92769c708,T25,T24,Support,2008
2008_aa16c839737c6bbdbbf021b6a460893d,2008_8b591213f965f027aa2a69b92769c708,T26,T24,Support,2008
2008_6eb800a17886d742de25c32d0c3e9454,2008_057a66a6209fab166ef5b86d1e79e138,T28,T27,Support,2008
2008_057a66a6209fab166ef5b86d1e79e138,2008_937022692a455e9ca80909ff7bd42d6f,T27,T95,Support,2008
2008_9d3f7103b7dea199fa0f907a080d085d,2008_937022692a455e9ca80909ff7bd42d6f,T23,T95,Support,2008
2008_d1970d27a2dea4685ddf51f5ac79ce58,2008_9d3f7103b7dea199fa0f907a080d085d,T29,T23,Support,2008
2008_926cb306adb9aacb6e775a9699436a30,2008_937022692a455e9ca80909ff7bd42d6f,T30,T95,Support,2008
2008_96ea5bd590e96dbf4fdf556a6ab6535a,2008_926cb306adb9aacb6e775a9699436a30,T31,T30,Support,2008
2008_bad427ba8360e680718446aeb44e3da4,2008_6e72be99e01eec4e4b7de1916b8742cf,T32,T19,Support,2008
2008_16079d5c02054085811fa3f47304d039,2008_6e72be99e01eec4e4b7de1916b8742cf,T20,T19,Support,2008
2008_afd714bd9c59793053759280107c849b,2008_b383a9ff4d8b2331fdc959c8c62d89df,T34,T33,Support,2008
2008_64721a811e14208f1b630669dc7fe034,2008_b383a9ff4d8b2331fdc959c8c62d89df,T36,T33,Support,2008
2008_128f965d0f5cb1d2cc87654a9479ed76,2008_936e7ff0f363a447d3bc0c087b834631,T39,T38,Support,2008
2008_936e7ff0f363a447d3bc0c087b834631,2008_937022692a455e9ca80909ff7bd42d6f,T38,T95,Support,2008
2008_bc16c8ad1169e79a52defaf735e29b96,2008_936e7ff0f363a447d3bc0c087b834631,T40,T38,Support,2008
2008_102a40f214714ce5cb13f6afd957ace2,2008_936e7ff0f363a447d3bc0c087b834631,T41,T38,Support,2008
2008_c63722da5b12703c45dfbaf2fcca16bc,2008_937022692a455e9ca80909ff7bd42d6f,T37,T95,Support,2008
2008_bea3c6824ae96f571d5057e21ca38791,2008_172be9a8562ef36307456204b6750f41,T51,T52,Support,2008
2008_d9a962e271a99944b48f22ba67435637,2008_2c296e81e0b559ed6548cf3fe9548910,T50,T49,Support,2008
2008_282dc7bf317fda2ae5f7e09081d591f4,2008_172be9a8562ef36307456204b6750f41,T53,T52,Support,2008
2008_c888186bfe67fdad0757d1d724272c0d,2008_282dc7bf317fda2ae5f7e09081d591f4,T54,T53,Support,2008
2008_240467ff1b69544bef0b89dcbe8533be,2008_7db67189981d7fe828486685078ef360,T43,T42,Support,2008
2008_60d066fcc8311f68857dce23d2499d18,2008_240467ff1b69544bef0b89dcbe8533be,T45,T43,Support,2008
2008_38aee8c304bf76120ff5f5c5a212a67d,2008_7db67189981d7fe828486685078ef360,T44,T42,Support,2008
2008_1716574c680a2233523cedd499040444,2008_e5a06de5312759d640504629b0e2c3c1,T47,T46,Support,2008
2008_e5a06de5312759d640504629b0e2c3c1,2008_60d066fcc8311f68857dce23d2499d18,T46,T45,Support,2008
2008_172be9a8562ef36307456204b6750f41,2008_2dac2f6e2e483f1acb3efad43387b864,T52,T48,Support,2008
2008_be78eed06a85867f9447aca9f18e52b3,2008_4c78651f572d027ec5742f7ed9291558,T58,T57,Support,2008
2008_e61400ee59fe683fa4cfe0a03ef20675,2008_4c78651f572d027ec5742f7ed9291558,T59,T57,Support,2008
2008_cc1247b04da646bcf9ff42d4b448bdd6,2008_e61400ee59fe683fa4cfe0a03ef20675,T60,T59,Support,2008
2008_4978e1ae1c2112ab842e7242ca0b5597,2008_4c78651f572d027ec5742f7ed9291558,T61,T57,Support,2008
2008_87e9f5266bd4dcce600946be29918499,2008_4978e1ae1c2112ab842e7242ca0b5597,T62,T61,Support,2008
2008_d97b5a269b6be7fe7dae0bf5d84f6428,2008_87e9f5266bd4dcce600946be29918499,T63,T62,Support,2008
2008_b9a5163ce258a050da2190645f30210f,2008_1e48ab2f42f47b248c3cc6caceb18bfd,T65,T64,Support,2008
2008_bffff65b19db5466781940358ff83b65,2008_2dac2f6e2e483f1acb3efad43387b864,T66,T48,Attack,2008
2008_6a52594cfcc31ba5c50fb311ec1f4b0d,2008_709d9094baa2db4a55070d35ee5dfc58,T67,T68,Support,2008
2008_a5f43a5b27232ad765d2af648dd45dd3,2008_34425377a4e1c10b8e0827e9cf836f31,T71,T70,Support,2008
2008_37da0f20bae03ba47474e751ba071fba,2008_a5f43a5b27232ad765d2af648dd45dd3,T72,T71,Support,2008
2008_faadd74e54f8dbc18f6f633785bb9781,2008_fe8f3606335ddc7804efe82e84309c7d,T79,T78,Support,2008
2008_fd094a4c4331b66cf088fb81ca27e2d4,2008_0ea1c533dab64d86b05da98e4304135c,T81,T77,Support,2008
2008_ea4f191663147dac5db775dba3ee17d6,2008_56b5ca9eb6186ebc71cbf07d3d2ece67,T97,T73,Support,2008
2008_1ec1826043e2ae1d55b6585b6f6eac01,2008_3d06e91b7b411408ccd27dd5f988dcb9,T83,T84,Support,2008
2008_ee4275a72f7ae1a182588734ee5ee34f,2008_b40b0cb190d99ceb8ef377b5d14db9a4,T99,T98,Support,2008
2008_3d06e91b7b411408ccd27dd5f988dcb9,2008_ff449ce835de0a35a61b97862ab314db,T84,T74,Support,2008
2008_0cc950b76c135d54aaa47be866a51d85,2008_3e8f7140d8df8f8edea3d4018ea589d4,T89,T88,Support,2008
2008_4d8f0bda372231c230d7f7024eff69fb,2008_3e8f7140d8df8f8edea3d4018ea589d4,T90,T88,Support,2008
2008_3e8f7140d8df8f8edea3d4018ea589d4,2008_44cd2ad6713a651fdf46fcf56adc7765,T88,T91,Support,2008
2008_f4ae985ebe12878115d0ae4a9d409464,2008_44cd2ad6713a651fdf46fcf56adc7765,T92,T91,Support,2008
2008_5b1b096f5df17c8b81723419cf1eaee9,2008_dcd121066fc08fbf44be5a79a32bebf7,T94,T93,Support,2008
2008_24bf90f38807e8abf5d51a3d3233efda,2008_164a908cb20132c906e397c7fca534ee,T7,T5,Equivalent,2008
2008_24bf90f38807e8abf5d51a3d3233efda,2008_b1dc6226f23095e6afb1df1f7e97fc6d,T7,T3,Equivalent,2008
2008_1e48ab2f42f47b248c3cc6caceb18bfd,2008_4978e1ae1c2112ab842e7242ca0b5597,T64,T61,Equivalent,2008
2008_f2c8b17c28fb6964b75419b7032c8e63,2008_01fdc80f313a353d3fd5a28e8a9abf0f,T12,T8,Support,2008
2008_b4ec4beb5ee6f461d3caa6e96b88d647,2008_01fdc80f313a353d3fd5a28e8a9abf0f,T13,T8,Support,2008
2008_2133488339cf3d46726ce67e55ef9dd4,2008_e7a899bd5985f8724e90fc2134fc78e7,T14,T15,Support,2008
2008_39a959c9723d682e0a6cffd401a2d759,2008_e7a899bd5985f8724e90fc2134fc78e7,T16,T15,Support,2008
2008_e9b751028fe2d5a782ad219cb5bca99b,2008_e7a899bd5985f8724e90fc2134fc78e7,T17,T15,Support,2008
2008_42a398da5540850988535ba86b95a9dc,2008_e7a899bd5985f8724e90fc2134fc78e7,T18,T15,Support,2008
2008_e7a899bd5985f8724e90fc2134fc78e7,2008_b2d19caee388dd3c34f1f7d79132b90b,T15,T19,Support,2008
2008_dabe486879461ee8b530368681c862a4,2008_b2d19caee388dd3c34f1f7d79132b90b,T21,T19,Support,2008
2008_ee00e389b80e8583a7e70b217d5cea5e,2008_ae47c23075a8f82fb464b76ec61b279b,T2,T1,Support,2008
2008_8f1d3a1802a2e8fce7faa99b86e4bc85,2008_3074103720bcbf3c0eefb02b9dbba46e,T4,T3,Support,2008
2008_b7f656274f9ae85051eb1a8a1277c6cd,2008_4d77c913757c332575f4770fa492ed64,T7,T6,Support,2008
2008_6298e7ce8e391b17ee3d90b4d8108b3a,2008_4ad70a245181873fc53fc5b7d811b4b4,T11,T10,Support,2008
2008_4e18819eb1194f9b6b17c6d81ba847cb,2008_6298e7ce8e391b17ee3d90b4d8108b3a,T9,T11,Attack,2008
2008_93fe5cfcecbd03a2ef307a3a1b180d3a,2008_78f6bee8a57bbfad8a1f3dde88a5e1f0,T23,T24,Support,2008
2008_d5bc3f67e8ccf380ce6e81737f3d6e92,2008_1266474db1e74c3fb22c7f4de0509d12,T25,T30,Support,2008
2008_1266474db1e74c3fb22c7f4de0509d12,2008_2e02fa60dd7fc41419ed26875a5423b9,T30,T26,Support,2008
2008_2e02fa60dd7fc41419ed26875a5423b9,2008_93fe5cfcecbd03a2ef307a3a1b180d3a,T26,T23,Support,2008
2008_43dbafb27e85f4f09718394d650e25b3,2008_2725d33b6773af1985aced3d30a7af99,T28,T22,Support,2008
2008_fc5209604576be47956014a09a9be246,2008_2725d33b6773af1985aced3d30a7af99,T27,T22,Support,2008
2008_c55d3b046a04e98c38f5ee0909b17c16,2008_2725d33b6773af1985aced3d30a7af99,T29,T22,Support,2008
2008_3c1527ff0c673fc906d0640dfdd83f6e,2008_d576268d539a814733b079ba2ed0041f,T32,T31,Support,2008
2008_c2ee807e3d0feeb5f36f6cdcc4d090c9,2008_bcc87a2dc6d426724390f8c1187176bf,T34,T33,Support,2008
2008_13a6055e36e3d6d6f1fd53d9c5702c91,2008_c2ee807e3d0feeb5f36f6cdcc4d090c9,T35,T34,Support,2008
2008_157354b21cc1b923d7442ba634671a4c,2008_bcc87a2dc6d426724390f8c1187176bf,T36,T33,Support,2008
2008_64c963a905f344c6bbbf5b898305b91a,2008_bcc87a2dc6d426724390f8c1187176bf,T37,T33,Support,2008
2008_e01f20884f48ad2dec8c1082791d2373,2008_bcc87a2dc6d426724390f8c1187176bf,T38,T33,Support,2008
2008_b229aa8227afd6ffdf4fa783c1719be5,2008_615477439b7cd139529836da048870d8,T45,T39,Support,2008
2008_985fdf7e420a11f0b9ce75ba5df022f7,2008_900a165321acdde6b14e59c37da5da17,T42,T41,Support,2008
2008_bf73d75a96ef13ed4fef1b1033f1d0e3,2008_900a165321acdde6b14e59c37da5da17,T43,T41,Support,2008
2008_c948d3ef68dba1e6ccda195b1741b853,2008_900a165321acdde6b14e59c37da5da17,T44,T41,Support,2008
2008_900a165321acdde6b14e59c37da5da17,2008_fdef4731d8dc2ae91771320d4f258c57,T41,T40,Support,2008
2008_021c7e17a7553b9fe00a5dd19c44a71a,2008_fdef4731d8dc2ae91771320d4f258c57,T46,T40,Support,2008
2008_f1913394b634bddb20a68d5c556bcefd,2008_0f7fea7d4f69d1156ad28911a4798fcf,T48,T47,Support,2008
2008_0f7fea7d4f69d1156ad28911a4798fcf,2008_fdef4731d8dc2ae91771320d4f258c57,T47,T40,Support,2008
2008_521ef14d2b9c00eb2e95f807a387913d,2008_2da35928417c6fa46962a8d74e761e43,T50,T49,Support,2008
2008_2da35928417c6fa46962a8d74e761e43,2008_0f7fea7d4f69d1156ad28911a4798fcf,T49,T47,Support,2008
2008_4a98ae0e3f765ffb2df64bb4e9770d9a,2008_249378458cf38e8e5b42062d9f1c9cfa,T55,T54,Support,2008
2008_c0ddef7339d8de3dfa7ff5936a5d096c,2008_249378458cf38e8e5b42062d9f1c9cfa,T56,T54,Support,2008
2008_249378458cf38e8e5b42062d9f1c9cfa,2008_f02dc7789ca073c392412a20f20fa864,T54,T57,Support,2008
2008_683769e83cf3029506d1ec6629e24013,2008_75252f706291639b355f358bf270db89,T59,T58,Support,2008
2008_1b492f84ad386c7ee32749b45b9695bd,2008_75252f706291639b355f358bf270db89,T61,T58,Support,2008
2008_3edb03e2f177fae105033ce46f203bb4,2008_75252f706291639b355f358bf270db89,T62,T58,Support,2008
2008_67e7176ad7dfc1627a746d795f274fd0,2008_6e79a6644978e7cd2c423cdfb0c0a8ad,T53,T60,Support,2008
2008_c9764bacb3b2e345c3d628692ab8b9d8,2008_76e1ecf831130e54c9f894746ece2c42,T64,T63,Support,2008
2008_76e1ecf831130e54c9f894746ece2c42,2008_fc5209604576be47956014a09a9be246,T63,T27,Support,2008
2008_e6ceea8295f882acaae2e6e48265fed8,2008_c9764bacb3b2e345c3d628692ab8b9d8,T66,T64,Support,2008
2008_7b43530d9a13e2b4b798b98806050634,2008_c9764bacb3b2e345c3d628692ab8b9d8,T65,T64,Support,2008
2008_e9213041d1074714d3ae2d88efd4692c,2008_c9764bacb3b2e345c3d628692ab8b9d8,T67,T64,Support,2008
2008_e9af20b9869d85e20c1dc9c8550a7b90,2008_3e1b138e1516565fba86f4d9fd63745c,T68,T72,Support,2008
2008_a028a1505bfc5b5ddad8286723aa2ff5,2008_3e1b138e1516565fba86f4d9fd63745c,T69,T72,Support,2008
2008_3e1b138e1516565fba86f4d9fd63745c,2008_f41577c1e09c3bbc0aed532908ef0e49,T72,T71,Support,2008
2008_938a77f68ba5be5d160755155ba77a88,2008_6f719b27225a1234070a874c28f7843e,T70,T74,Support,2008
2008_8eb309ea4c1a2a84abf28cb4e90302a3,2008_819b6577b88f5de69c49011f49457279,T75,T73,Support,2008
2008_6f719b27225a1234070a874c28f7843e,2008_819b6577b88f5de69c49011f49457279,T74,T73,Support,2008
2008_f204b7f34e466d47b68dedb244ca81f9,2008_695805ce8d5f2f73e71a598e082eceb7,T77,T76,Support,2008
2008_695805ce8d5f2f73e71a598e082eceb7,2008_1eacb2a165b7761fe33c70c8aefcfbe1,T76,T78,Support,2008
2008_1eacb2a165b7761fe33c70c8aefcfbe1,2008_b28f57558fc5d645de25ad8de162e79c,T78,T79,Support,2008
2008_26e3b4a1a0b2e292daf67413bc8f9ab4,2008_b28f57558fc5d645de25ad8de162e79c,T80,T79,Support,2008
2008_6c0766c86527f85be3956f70f467babd,2008_5fda39810169f2119cc5a2b7fdd27a24,T82,T81,Support,2008
2008_43c8732dcf70d3fc418f5fafdb216ae7,2008_e40f4ecbfb85d2516de47d182ba9d146,T83,T84,Support,2008
2008_a0fc2214eb7ea5dd767b54c431a8e436,2008_e40f4ecbfb85d2516de47d182ba9d146,T85,T84,Support,2008
2008_43c8732dcf70d3fc418f5fafdb216ae7,2008_b28f57558fc5d645de25ad8de162e79c,T83,T79,Support,2008
2008_bfa3d53504d732d66785039c858807a3,2008_e557f25ced7bb962c7382f561800c3f7,T88,T90,Support,2008
2008_325cfdde745929e5e42b9e72ce486d1f,2008_e557f25ced7bb962c7382f561800c3f7,T89,T90,Support,2008
2008_e557f25ced7bb962c7382f561800c3f7,2008_0e01765b70d2a4326a1b6149d3cb464c,T90,T87,Support,2008
2008_0e01765b70d2a4326a1b6149d3cb464c,2008_98aee0e0ff07d686dae1e5277893bd82,T87,T86,Support,2008
2008_8060f4d2e48abd3d64e9d90ae2d8885e,2008_ba05d4ee6407d40df7aa3c207447efcb,T92,T91,Support,2008
2008_aa3492e91c1cc2c5356551f4aa1226cc,2008_8060f4d2e48abd3d64e9d90ae2d8885e,T93,T92,Support,2008
2008_1374d3a58073a927464532597077c393,2008_8060f4d2e48abd3d64e9d90ae2d8885e,T94,T92,Support,2008
2008_6b7b8c913519a9d4cf241fa47297ffe9,2008_49d234c3e3de7b0f91c6ef7b0b54b504,T96,T95,Support,2008
2008_4b10d05886f92364fd6b440d21a2e0c2,2008_49d234c3e3de7b0f91c6ef7b0b54b504,T97,T95,Support,2008
2008_49d234c3e3de7b0f91c6ef7b0b54b504,2008_8060f4d2e48abd3d64e9d90ae2d8885e,T95,T92,Support,2008
2008_338419ed78e7fff323b3f2e44074544a,2008_6ba1b1b3d917c389609cb93987f8f3a4,T99,T98,Support,2008
2008_6ba1b1b3d917c389609cb93987f8f3a4,2008_8060f4d2e48abd3d64e9d90ae2d8885e,T98,T92,Support,2008
2008_69fdb2aa43c3ddf0e6589f531981fc75,2008_377a7043433cf49e5f50d1b0f54d277b,T100,T101,Support,2008
2008_377a7043433cf49e5f50d1b0f54d277b,2008_8060f4d2e48abd3d64e9d90ae2d8885e,T101,T92,Support,2008
2008_8060f4d2e48abd3d64e9d90ae2d8885e,2008_108e6670ee35bbe92fc37d67928315b5,T92,T105,Support,2008
2008_64762917d07f655d0198dd0f404f9e85,2008_0ee249b5347ef69c8fb3f989a703a90b,T103,T104,Support,2008
2008_dfb9c305a85dccea9165ce1fe50c4fd4,2008_0ee249b5347ef69c8fb3f989a703a90b,T107,T104,Support,2008
2008_e67f9f1a6e1a8c3c705763a9a02634fb,2008_0ee249b5347ef69c8fb3f989a703a90b,T108,T104,Support,2008
2008_06c97c4e809c6111ec0f917f1c09e3aa,2008_74cdc626e07d1b12d84908e6d3aa1de4,T111,T110,Support,2008
2008_74cdc626e07d1b12d84908e6d3aa1de4,2008_d9cd8378d6726b84c18035022b851b65,T110,T109,Support,2008
2008_d9cd8378d6726b84c18035022b851b65,2008_e7af03693a9bb24630d7ff0f53ef9492,T109,T112,Support,2008
2008_d9cd8378d6726b84c18035022b851b65,2008_950dabda2f0e204adb0b33201cdb64e5,T109,T106,Support,2008
2008_d86fdeae16cd8f5a1a9d75b5530b4bf1,2008_49d234c3e3de7b0f91c6ef7b0b54b504,T113,T95,Support,2008
2008_d86fdeae16cd8f5a1a9d75b5530b4bf1,2008_895d160583c07cd3bf853352a53d24d4,T113,T115,Support,2008
2008_0562d78d56e778ae61c457cd9a6f0fb9,2008_16ac5104a282729872daca1db4ca916f,T117,T119,Support,2008
2008_3f783434cd4f7c08aa79470fc7ef102b,2008_08fc9a5dff2321c2c5f7ad6f6585e0e9,T114,T120,Support,2008
2008_d3c82723d6571855cc75b52716abcd76,2008_751ae2e6953d6731c2c3ce3303eecb0e,T121,T122,Support,2008
2008_751ae2e6953d6731c2c3ce3303eecb0e,2008_08fc9a5dff2321c2c5f7ad6f6585e0e9,T122,T120,Support,2008
2008_08fc9a5dff2321c2c5f7ad6f6585e0e9,2008_53b716d0e625b7365d9ae789e94465d3,T120,T123,Support,2008
2008_dcfbe38218463eb97bbe0ef59161b6e9,2008_18dc91361c5e0365527e5a01c4592f5a,T125,T124,Support,2008
2008_aabc147ee858aa049326322f03b3ddf1,2008_18dc91361c5e0365527e5a01c4592f5a,T126,T124,Support,2008
2008_53b716d0e625b7365d9ae789e94465d3,2008_18dc91361c5e0365527e5a01c4592f5a,T123,T124,Support,2008
2008_34b723a0969f406b7f8cb0394fe558d0,2008_18dc91361c5e0365527e5a01c4592f5a,T118,T124,Support,2008
2008_4c3609ad9df57f1a6042365055bfe6b4,2008_0de5e9be6e593544f3dfe59a278de0c3,T132,T131,Support,2008
2008_67e20a1b5abfba4cd818bf628d21b9c5,2008_1d4310099cce09b99156d1d24a4c5958,T133,T136,Support,2008
2008_9d2260956718c097601a502bed1673b4,2008_1d4310099cce09b99156d1d24a4c5958,T134,T136,Support,2008
2008_46c9b4ee9423cf0a06ef66b42cbd27b3,2008_f02a401f7040fef1ae9953b127b494b2,T137,T128,Support,2008
2008_3c784cfa46ef94f29b81dcef23e9972a,2008_058e2e6dd2d47727554298e8695c578c,T144,T138,Support,2008
2008_636ea1d8733c3bde0e7a5c407ff66b7e,2008_058e2e6dd2d47727554298e8695c578c,T143,T138,Support,2008
2008_1b86127928848b184827483170d18479,2008_058e2e6dd2d47727554298e8695c578c,T145,T138,Support,2008
2008_058e2e6dd2d47727554298e8695c578c,2008_f91b7b414326381f7f7adf6f84075ffd,T138,T146,Support,2008
2008_7b097ec80b25d2b21ac16e3f405d2440,2008_796eb86cf549f9f71aa564bf56574521,T139,T140,Support,2008
2008_796eb86cf549f9f71aa564bf56574521,2008_be7327bc6a2bfc916f011beb3d7b0446,T140,T141,Support,2008
2008_528c5d6d230b271c689c4356899a78f9,2008_98bf6769b0a8096f66215604a864f44b,T148,T149,Support,2008
2008_b423c525c534c1fa4a117d11c6c6f3d9,2008_98bf6769b0a8096f66215604a864f44b,T147,T149,Support,2008
2008_98bf6769b0a8096f66215604a864f44b,2008_1d2c873374a802c6be83e6ab943b56f7,T149,T150,Support,2008
2008_f5d17d97d6c56c199fd0a014a7d7465c,2008_abc7bd027a0aa2caf57b4808d8eca626,T152,T151,Support,2008
2008_abc7bd027a0aa2caf57b4808d8eca626,2008_4c75622914ce353945b53543d0ba3d2d,T151,T153,Support,2008
2008_9222ca4cfbe5b5a83aa08d62c0358308,2008_4c75622914ce353945b53543d0ba3d2d,T154,T153,Support,2008
2008_7ee5d7091365c504c0fd518d23527170,2008_9e1e9a459b6129f040354e84b4337a05,T155,T156,Support,2008
2008_4c75622914ce353945b53543d0ba3d2d,2008_9e1e9a459b6129f040354e84b4337a05,T153,T156,Support,2008
2008_a811cd6634d81fb9f724badf77406707,2008_9e1e9a459b6129f040354e84b4337a05,T157,T156,Support,2008
2008_3ec45b4c7432e24223306885f869125d,2008_7e44cf321ff84aba67ff316165f66c89,T163,T164,Support,2008
2008_6c9e683a3fc81d4b20a5a972db61b5b2,2008_7e44cf321ff84aba67ff316165f66c89,T162,T164,Support,2008
2008_2a3010ebb7bd95791ef220dbba177347,2008_a414b0f847e039c631d3471356097ef8,T161,T160,Support,2008
2008_3efc606140f022e746a2985e0c52ecb6,2008_0683ce9d8c0a3d95430abc9f91192a38,T166,T165,Support,2008
2008_120e178266e6278c1597d924559d85c8,2008_2bff58b167958b8e74d877ae90a8c9f7,T167,T168,Support,2008
2008_150363103e35e37d6872d4a6e0982f13,2008_ec551411e7a07a2ad21b747908081eb4,T169,T170,Support,2008
2008_ab68b07b0fd6eeef4994b6e9ebe831a9,2008_c6487618be81cf3794fa2790fcd5fd27,T172,T173,Support,2008
2008_7de1f992bbb165151356fb9eed9206fa,2008_c6487618be81cf3794fa2790fcd5fd27,T171,T173,Support,2008
2008_ec551411e7a07a2ad21b747908081eb4,2008_7de1f992bbb165151356fb9eed9206fa,T170,T171,Support,2008
2008_d98fb11ff877b548742c11284b0cb729,2008_5b08aaa40041702a04ae4f6c11755895,T174,T176,Support,2008
2008_836ebbfeaa7e0ec6420365629f6447fe,2008_5b08aaa40041702a04ae4f6c11755895,T175,T176,Support,2008
2008_5b08aaa40041702a04ae4f6c11755895,2008_a5ab2137bdd5a69f3b654e094225a65b,T176,T177,Support,2008
2008_2eebce2128072da64b93b6d4b64d1363,2008_a5ab2137bdd5a69f3b654e094225a65b,T179,T177,Support,2008
2008_e6a48efaa9f82e03bdbebf049f9760a6,2008_a5ab2137bdd5a69f3b654e094225a65b,T178,T177,Support,2008
2008_e43ff190193743d35a7b6b924769907e,2008_9f2dc9604f8e3c815f5e61f38331a755,T184,T183,Support,2008
2008_9f2dc9604f8e3c815f5e61f38331a755,2008_820786204debfcf57c1b6d226b6603a5,T183,T185,Support,2008
2008_820786204debfcf57c1b6d226b6603a5,2008_97b250e4a954e489b1f9a577ccde1467,T185,T181,Support,2008
2008_820786204debfcf57c1b6d226b6603a5,2008_d5c66036431a9345726b871901c25790,T185,T182,Support,2008
2008_d5c66036431a9345726b871901c25790,2008_6f2094dd15a5dfe8bdc7e23122a3563b,T182,T180,Support,2008
2008_97b250e4a954e489b1f9a577ccde1467,2008_6f2094dd15a5dfe8bdc7e23122a3563b,T181,T180,Support,2008
2008_353acaa6748b44ec8bd7735aadcb6a97,2008_6f2094dd15a5dfe8bdc7e23122a3563b,T186,T180,Attack,2008
2008_6f2094dd15a5dfe8bdc7e23122a3563b,2008_c6487618be81cf3794fa2790fcd5fd27,T180,T173,Attack,2008
2008_ce3db3176b33bdd26ee9dbcaba357eae,2008_036f72d9a6db25337f44656c171f232d,T188,T190,Support,2008
2008_c2d7dbfa5ff7fa2dca6db9810d53c12c,2008_036f72d9a6db25337f44656c171f232d,T187,T190,Support,2008
2008_a8a01f39c0d449a197bc925bd554e49f,2008_036f72d9a6db25337f44656c171f232d,T189,T190,Support,2008
2008_df3d65eb2afd07fbba0d3e4f6204fab7,2008_d710f7032d4f7eac7016385adfa1fda6,T193,T192,Support,2008
2008_3f1a392ece5e50217c50010dc3f24cba,2008_df3d65eb2afd07fbba0d3e4f6204fab7,T194,T193,Attack,2008
2008_0825c846377ed19d61a553d0c10b9891,2008_63d28744b7d0b671cbcb80372c1c21bf,T197,T196,Support,2008
2008_63d28744b7d0b671cbcb80372c1c21bf,2008_3f1a392ece5e50217c50010dc3f24cba,T196,T194,Attack,2008
2008_eac800cfbabeb5ce5e4a49c2a1a0a567,2008_30bdd48172cae0776e0e030310eefb8c,T199,T201,Support,2008
2008_38c00faa55ba77a47ca4e8716331f118,2008_30bdd48172cae0776e0e030310eefb8c,T200,T201,Support,2008
2008_234c4a2d35a36fd1801b47b7c77fbb09,2008_13a4d80db9499fe66d03a275da1b4a8d,T195,T202,Attack,2008
2008_13a4d80db9499fe66d03a275da1b4a8d,2008_30bdd48172cae0776e0e030310eefb8c,T202,T201,Attack,2008
2008_2c8b1541da54345726f098a96a6cdebd,2008_7d826955e8cc1ebabd3e1096ef4e81c9,T207,T206,Support,2008
2008_32d629e8b046672da558b46296d2514f,2008_7892b5057cb3ebc31e0e4bb594e326ab,T205,T204,Support,2008
2008_17355ad8b9a59ddaf5bf3c3f77713159,2008_f39b960a1d5a67cc2459c2db4c9df051,T216,T215,Support,2008
2008_ad8cb0c44451fe8f4b4d4fc9c646456d,2008_17355ad8b9a59ddaf5bf3c3f77713159,T217,T216,Support,2008
2008_828b5ad08e820712e5ef74738997a29f,2008_f39b960a1d5a67cc2459c2db4c9df051,T218,T215,Support,2008
2008_260d514ad1dd1a7e684cffe54aa875db,2008_5e8a107ed298b4bb1bed09ade64cab61,T220,T219,Support,2008
2008_a5cdf719a8f28052fb889939d6da858a,2008_5e8a107ed298b4bb1bed09ade64cab61,T221,T219,Support,2008
2008_e832dd6879e6b6d06fd65cc8798eab47,2008_e0577d8bb22e1b2b2f876828684b0037,T222,T223,Support,2008
2008_e0577d8bb22e1b2b2f876828684b0037,2008_5e8a107ed298b4bb1bed09ade64cab61,T223,T219,Support,2008
2008_0e62c449719a20970d1bac888354cffc,2008_acc590176b670117d7b2af26cb1da348,T226,T225,Support,2008
2008_21fa6ec494981f869440d6ec08c665ab,2008_ee7cd5dff6ffd8b90a1fb78a10184674,T227,T224,Support,2008
2008_21fa6ec494981f869440d6ec08c665ab,2008_acc590176b670117d7b2af26cb1da348,T227,T225,Support,2008
2008_a36d6840e05bc86ff638e3a0f0ea20e9,2008_903d4b5d533891657b128e4b14ac186e,T214,T211,Support,2008
2008_3716dad8e5ad3b1a3965e2f87687a8f8,2008_903d4b5d533891657b128e4b14ac186e,T210,T211,Support,2008
2008_0554d082524e7531e389fe72583ff20b,2008_903d4b5d533891657b128e4b14ac186e,T208,T211,Support,2008
2008_56f53108f9bfc4f7f891a907dce94bd2,2008_903d4b5d533891657b128e4b14ac186e,T209,T211,Support,2008
2008_21fa6ec494981f869440d6ec08c665ab,2008_903d4b5d533891657b128e4b14ac186e,T227,T211,Support,2008
2008_acc590176b670117d7b2af26cb1da348,2008_903d4b5d533891657b128e4b14ac186e,T225,T211,Support,2008
2008_ee7cd5dff6ffd8b90a1fb78a10184674,2008_903d4b5d533891657b128e4b14ac186e,T224,T211,Support,2008
2008_5e8a107ed298b4bb1bed09ade64cab61,2008_903d4b5d533891657b128e4b14ac186e,T219,T211,Support,2008
2008_f39b960a1d5a67cc2459c2db4c9df051,2008_903d4b5d533891657b128e4b14ac186e,T215,T211,Support,2008
2008_f3fe1456e3bd99fbac78d6652d422e1d,2008_4122da18eac9efcc1174c544df3cf091,T229,T228,Support,2008
2008_80b7d1a96953857e16302881c1c57d76,2008_cfc020078881e48b08ac2065f0067eae,T233,T232,Support,2008
2008_b30cf17f82967d948f7e47f1267a79a1,2008_e2cfdb045174595509c8d253af0da6ee,T236,T235,Support,2008
2008_1d1be31d861e90a8186e5066ff61814d,2008_b30cf17f82967d948f7e47f1267a79a1,T237,T236,Support,2008
2008_e2cfdb045174595509c8d253af0da6ee,2008_073bd2fb014a721c0eebb607f9293068,T235,T238,Support,2008
2008_e2cfdb045174595509c8d253af0da6ee,2008_527285d7d1cb8a5064f85e70735740bc,T235,T240,Support,2008
2008_b0ce5f304ab943bb7a228501a64125ac,2008_527285d7d1cb8a5064f85e70735740bc,T241,T240,Support,2008
2008_ba6c21c932b149bc896d458308aa7dd0,2008_a3c4e2809e7d3f6fd25c5b6d516aef7b,T246,T245,Support,2008
2008_cc21b924d3413f3e612939091a8222a4,2008_01f65153ae4548edaca8c55709524bf9,T244,T242,Support,2008
2008_1cf96db408ee78c25596010e7cc7d16c,2008_01f65153ae4548edaca8c55709524bf9,T243,T242,Support,2008
2008_01f65153ae4548edaca8c55709524bf9,2008_a3c4e2809e7d3f6fd25c5b6d516aef7b,T242,T245,Support,2008
2008_9b9bb3617e31cd55e1ea2f64e917ddc0,2008_cc6b1adc4f64a34ddcad968a91d9c309,T248,T247,Support,2008
2008_de57472c9ff1dd699d7dd8568b882df1,2008_23aef4791ad26d2869a9ab41c7a34c2b,T331,T250,Support,2008
2008_fa1431830c94698cbb9f12ac1fd9e83c,2008_23aef4791ad26d2869a9ab41c7a34c2b,T251,T250,Support,2008
2008_732edd6cf9d694eddf1a5c023e28224e,2008_23aef4791ad26d2869a9ab41c7a34c2b,T252,T250,Support,2008
2008_fa22886e771265783dde8b9d2f39d302,2008_a153f2a8d016d40e4e655d16254ff80d,T258,T256,Support,2008
2008_7a1f945b5afa7df7faea5db033844da7,2008_2f6d88be0b436be097ed305c4faebc4e,T260,T259,Support,2008
2008_f6d463df489f2016b88e110919b72bbf,2008_73e74833f82b987b0060aaa92e79ab53,T254,T253,Support,2008
2008_bf7619d0984050b76a3d60d45ce6fc15,2008_2f6d88be0b436be097ed305c4faebc4e,T261,T259,Support,2008
2008_ec1ddf76b77afc0a57c4e26d2bee4084,2008_fa8c8dd12090a04003b9eb8ca507e7cd,T264,T263,Support,2008
2008_16b5bf446315ddd8cb98dbfa97a16e7a,2008_dd7a48db769120ad23a078eccb2da315,T266,T265,Support,2008
2008_2552cb6b6812eebd177e18a602beb232,2008_917761f131fce06fb683cce3e5499d93,T268,T267,Support,2008
2008_bb73476000a1afce995974e23378c8f5,2008_fbe192aeffecb0e6f55953755b0c2319,T270,T271,Support,2008
2008_a8a8fd04287d15e090c6cd78701d57a2,2008_0d5c71ff981b010c8f0df3060c804402,T273,T274,Support,2008
2008_bb73476000a1afce995974e23378c8f5,2008_0d5c71ff981b010c8f0df3060c804402,T270,T274,Support,2008
2008_fbe192aeffecb0e6f55953755b0c2319,2008_0d5c71ff981b010c8f0df3060c804402,T271,T274,Support,2008
2008_0d5c71ff981b010c8f0df3060c804402,2008_1d824b6f51fc937905ab870aba86d0db,T274,T269,Attack,2008
2008_fbe192aeffecb0e6f55953755b0c2319,2008_e245a880ded6e3dbc76f8b1729536796,T271,T272,Support,2008
2008_9eadb778291be5d28773a12979c2e3c4,2008_880c7cacf6d0e178d5948b9bf951ca1e,T276,T275,Support,2008
2008_59c47d76db408c787b200e05e6ba4544,2008_8ec6ef428c46015aea07230582ee1f99,T278,T279,Support,2008
2008_64cda1ca9b395b318e81169ac902d4de,2008_157b2c077b28c13bdd667112be1814a9,T285,T286,Support,2008
2008_157b2c077b28c13bdd667112be1814a9,2008_40cc3205190876b5db8588136c0545ac,T286,T282,Support,2008
2008_11bc6efb11501169a8737ab9a9bfb73f,2008_40cc3205190876b5db8588136c0545ac,T284,T282,Support,2008
2008_aa57593f6866f6651b84142d637f6e8b,2008_649696097d2f24c3dc50aa88959b85d2,T293,T291,Support,2008
2008_a12f54a75dd454356bb1b8ffbaf4a319,2008_649696097d2f24c3dc50aa88959b85d2,T294,T291,Support,2008
2008_45266e584f18903afd6a4493c75603b9,2008_46e34ccdd513e1fbc84708366fe8ecaf,T296,T295,Support,2008
2008_46e34ccdd513e1fbc84708366fe8ecaf,2008_e275f010ad21935f6320db00fb641a04,T295,T297,Support,2008
2008_63b9c3715fec6899875dfd03d97fa256,2008_9bb639b22b0565e4524e45bf23baa774,T298,T292,Support,2008
2008_25412ad29a036a907fd9dcbe4882ab27,2008_9bb639b22b0565e4524e45bf23baa774,T299,T292,Support,2008
2008_6d6fd6a36f1474816b1986b10c9405be,2008_cce83437410c6f179a382d1b62b45597,T301,T302,Support,2008
2008_0cd259c6a1bd5465e07408e24973e5ee,2008_cce83437410c6f179a382d1b62b45597,T300,T302,Support,2008
2008_cce83437410c6f179a382d1b62b45597,2008_25412ad29a036a907fd9dcbe4882ab27,T302,T299,Support,2008
2008_e340737fc3ad2da2846adfb39ab62e0b,2008_25412ad29a036a907fd9dcbe4882ab27,T303,T299,Support,2008
2008_790f38d99b126496260e9946dc657dc8,2008_c7ce2786393282645b89efe25147126f,T305,T304,Support,2008
2008_ebf19d207eb8ec13eeff3cdf7de24709,2008_c7ce2786393282645b89efe25147126f,T306,T304,Support,2008
2008_9c192a4641d33966baac4b6c6c951179,2008_9a1ae6ee73f813294a27f6a491be5b5c,T307,T309,Attack,2008
2008_2e049f6e0d5e3f7d64bdd19f640244fa,2008_9a1ae6ee73f813294a27f6a491be5b5c,T308,T309,Attack,2008
2008_4cf645bba2e5ba60c6310e0ab4520a0a,2008_9a1ae6ee73f813294a27f6a491be5b5c,T310,T309,Attack,2008
2008_2ea9974ed6a204c4ac42361797bd4003,2008_67b503a8bfe71d851b3aa1f66c4c459b,T312,T313,Support,2008
2008_def29a4f1a96764a0763272755aeb185,2008_67b503a8bfe71d851b3aa1f66c4c459b,T311,T313,Support,2008
2008_89321e5dd08a7800fb2cdffd00fd2ee8,2008_13aaf7d0e992ecd96cf9d500723ed110,T315,T314,Support,2008
2008_f67c7f6d11b431dbd1964604aba144f1,2008_3690911d5a23d83c6be59c82b4fb296c,T317,T316,Support,2008
2008_fcbcec9ba8b0467f874e1ad3c76fe5b8,2008_3690911d5a23d83c6be59c82b4fb296c,T318,T316,Support,2008
2008_4fee5856fc651d34f524dc1dc7d2b1b5,2008_522647cf345a4a01e49b7124e0af3b5e,T321,T320,Support,2008
2008_34a180fb7ea6a0eff82d71a37be2f72e,2008_27142254d03db101ca9db58a7c2f9e6a,T322,T323,Support,2008
2008_bc9e40f776733b139362815ec2af3110,2008_51ab4e921e510d7d63adf1e059023a28,T324,T325,Support,2008
2008_54bbb3678a8b075e5112c318c67d2aab,2008_f2f4a475bc0c424cfb8d9abd279faf21,T330,T327,Support,2008
2008_5530b4dc5fa4b270848597769dc330f3,2008_ab1e349cce96a4e3935704fa97c7ef5a,T329,T328,Support,2008
2008_2725d33b6773af1985aced3d30a7af99,2008_78f6bee8a57bbfad8a1f3dde88a5e1f0,T22,T24,Equivalent,2008
2008_b027d0f42fd91b460c771ce77cef7859,2008_8004e07b963ad59b0f909bc52b051da4,T52,T51,Equivalent,2008
2008_8eb309ea4c1a2a84abf28cb4e90302a3,2008_938a77f68ba5be5d160755155ba77a88,T75,T70,Equivalent,2008
2008_6e98742cd89744b8fa8cc8e2dad8ced0,2008_64762917d07f655d0198dd0f404f9e85,T102,T103,Equivalent,2008
2008_80cbd498dbba86bb9fa2874ab9961578,2008_3f1a392ece5e50217c50010dc3f24cba,T135,T194,Equivalent,2008
2008_54587c47e354e83efda39a91195663d4,2008_3c92d8d67030acd23ff96d8d8f5807aa,T289,T288,Equivalent,2008
2008_5af2eec91ac1742afd38222e6a0d06eb,2008_6a55e8c5b21d494d9e8214fb4a47a8b7,T236,T235,Support,2008
2008_6a55e8c5b21d494d9e8214fb4a47a8b7,2008_a291cc0527f454dfa42e593a60b13562,T235,T237,Support,2008
2008_6af583e1f6bdb6d514915efd5c5be079,2008_1f340bdbca3cc8fd96e768a1c4a97d9a,T1,T238,Support,2008
2008_a291cc0527f454dfa42e593a60b13562,2008_6af583e1f6bdb6d514915efd5c5be079,T237,T1,Attack,2008
2008_87201ceb2f2efce3504b8605f73e73f6,2008_1f340bdbca3cc8fd96e768a1c4a97d9a,T239,T238,Attack,2008
2008_0cabe4511da8754cd30ef0d47b8452e9,2008_e4492888e3754fe2db9a114b32ac312a,T240,T241,Support,2008
2008_54551589feb0ce43ebebbabbbaa55f6f,2008_e4492888e3754fe2db9a114b32ac312a,T242,T241,Support,2008
2008_e4492888e3754fe2db9a114b32ac312a,2008_d30caee4845d47cf0c7e431981f19e10,T241,T243,Support,2008
2008_fae39c8b1cc6355fa6d97150bc4e3aaa,2008_139b095a1635656de791f95272e4d962,T244,T245,Support,2008
2008_d30caee4845d47cf0c7e431981f19e10,2008_139b095a1635656de791f95272e4d962,T243,T245,Support,2008
2008_139b095a1635656de791f95272e4d962,2008_88adbafe51dadb590cae4b3e9d71814b,T245,T246,Attack,2008
2008_334a06896ed98bb831caa4a7537d200d,2008_7ccfdf9739ad8c756537e5b091bbaa6f,T248,T247,Support,2008
2008_7ccfdf9739ad8c756537e5b091bbaa6f,2008_139b095a1635656de791f95272e4d962,T247,T245,Support,2008
2008_18ef3a75a3966b1d026859f0ff0a9cf9,2008_c8fb7a9b489ae165a8e7c0634a54535b,T249,T250,Support,2008
2008_c8fb7a9b489ae165a8e7c0634a54535b,2008_0d2a4b4e94d1333a082b722895ca9e0e,T250,T251,Attack,2008
2008_d89f5fd9fdc86a5a3d14bf9c16c9a59f,2008_2532283171a42dbe28edfa13e4923f92,T253,T254,Support,2008
2008_2532283171a42dbe28edfa13e4923f92,2008_99303a9e31a368d14f556189b8718a8d,T254,T255,Support,2008
2008_99303a9e31a368d14f556189b8718a8d,2008_6645d6b53e81bddbc586fac6b4327241,T255,T256,Support,2008
2008_5fa0786361ab5d1f2ec6c9ea823034ab,2008_0d2a4b4e94d1333a082b722895ca9e0e,T252,T251,Attack,2008
2008_a41cc63a9885858d4157ebc3b71ea2ca,2008_4dab19c3a5492873985f45566b99a42b,T259,T260,Support,2008
2008_a553d69a5e560fb35e79d67b90e9e62a,2008_0b759bfd3274d215add9167d3144444f,T261,T262,Support,2008
2008_6645d6b53e81bddbc586fac6b4327241,2008_0d2a4b4e94d1333a082b722895ca9e0e,T256,T251,Attack,2008
2008_4dab19c3a5492873985f45566b99a42b,2008_638cfb27e97d1dd83c2e6471ce43facf,T260,T257,Attack,2008
2008_39ae0d9b26c559e5f3873450c5b30d0b,2008_638cfb27e97d1dd83c2e6471ce43facf,T258,T257,Attack,2008
2008_215c7835d43ef555f2d7090bf8dd43e7,2008_1f14832493575cfe59d4edc640dede00,T263,T264,Support,2008
2008_3cda8ac260d3f78a01031c5ed2d95fae,2008_1f14832493575cfe59d4edc640dede00,T265,T264,Attack,2008
2008_abd9791a4f37f6785439a4a440f956dd,2008_3cda8ac260d3f78a01031c5ed2d95fae,T266,T265,Support,2008
2008_0b759bfd3274d215add9167d3144444f,2008_3cda8ac260d3f78a01031c5ed2d95fae,T262,T265,Support,2008
2008_13fce24271b79e460490ddd5d16470aa,2008_07be179b6ebffcb655260b625594a353,T267,T268,Support,2008
2008_647dadd1aee3be6ba202d2171ccc1316,2008_23db9e56ac58181feac3dab09966fbc8,T269,T270,Attack,2008
2008_3cda8ac260d3f78a01031c5ed2d95fae,2008_13fce24271b79e460490ddd5d16470aa,T265,T267,Attack,2008
2008_23db9e56ac58181feac3dab09966fbc8,2008_f8ac9ab2aff13e50a4c293bdd4c53703,T270,T271,Support,2008
2008_df0bd718ad4b6298983fadd89b94f9b3,2008_71dc0cefe57753a3a1b18bdfa5d40df9,T274,T272,Support,2008
2008_a5102e3ed060abb400f337920ac122cb,2008_cf232117d71cbd3e6117dc278d886704,T277,T276,Support,2008
2008_7ff0a68e958180838160bea95e6d86e3,2008_cf232117d71cbd3e6117dc278d886704,T275,T276,Support,2008
2008_c1d9956c322d932ba2e2d1f007f50056,2008_7ff0a68e958180838160bea95e6d86e3,T273,T275,Support,2008
2008_d46b708dfa23f895a95ba55e4996bc80,2008_5c5b855836bc6e12dddd445fafa564c5,T286,T285,Support,2008
2008_aff1be0f62ec545d1e47dbf6be21c574,2008_5c5b855836bc6e12dddd445fafa564c5,T284,T285,Attack,2008
2008_edc34d779de3e0e3f99381d95d7331e8,2008_63640f2a4c35a26c7f4fc29b97e54397,T279,T278,Support,2008
2008_63640f2a4c35a26c7f4fc29b97e54397,2008_a5102e3ed060abb400f337920ac122cb,T278,T277,Support,2008
2008_cf232117d71cbd3e6117dc278d886704,2008_65f519d33b1815f87eb6a32355af3a02,T276,T280,Attack,2008
2008_1803f07604db3a968d4c5ee1c52a1a89,2008_65f519d33b1815f87eb6a32355af3a02,T281,T280,Support,2008
2008_74976541878326509bd1a59bc48d692e,2008_1803f07604db3a968d4c5ee1c52a1a89,T282,T281,Attack,2008
2008_1948da8a532ab58a15744e09e591c43e,2008_bfe2677566e05c2d459144fa40628bdd,T289,T290,Attack,2008
2008_850778f3c90c48e550b008538ee366fa,2008_ff905a5ae6e446e6bce0c4cbaf2504a5,T292,T291,Support,2008
2008_ff905a5ae6e446e6bce0c4cbaf2504a5,2008_bfe2677566e05c2d459144fa40628bdd,T291,T290,Support,2008
2008_b4adeab62d31782f265b7b389bc5df3e,2008_17f22545141ae02f1b3e2a0f2b63ac14,T2,T293,Attack,2008
2008_8b42bc1f2f8913fced430ed416a9fe27,2008_b9a8f33ab5165194b9e830a2aedf7657,T294,T295,Support,2008
2008_b9a8f33ab5165194b9e830a2aedf7657,2008_a68aa3a8e9ee49311b9cf4189069f93d,T295,T296,Attack,2008
2008_a68aa3a8e9ee49311b9cf4189069f93d,2008_b4adeab62d31782f265b7b389bc5df3e,T296,T2,Support,2008
2008_01fac955bf67ed9ac9196f4914135c84,2008_203adad57646fa8aaeb099a20fe2c8a8,T744,T745,Support,2008
2008_203adad57646fa8aaeb099a20fe2c8a8,2008_e12d0c9f2d2dce7bb6b62af06e87633c,T745,T746,Support,2008
2008_e12d0c9f2d2dce7bb6b62af06e87633c,2008_b1de2917941f48057ac8dbc13fe89128,T746,T1,Support,2008
2008_b1de2917941f48057ac8dbc13fe89128,2008_91ae21d5162bbe688c035513bc31554e,T1,T748,Support,2008
2008_91ae21d5162bbe688c035513bc31554e,2008_098d155f66bd6c6c8efd5b40136d1f23,T748,T2,Support,2008
2008_13a3f09d2fd764d4d8919344a3838df0,2008_098d155f66bd6c6c8efd5b40136d1f23,T749,T2,Support,2008
2008_13a3f09d2fd764d4d8919344a3838df0,2008_45d9f9768a25a5eb4e3e5b4aba63bce7,T749,T750,Support,2008
2008_c6e7ddf6f18de90ef7e3d723a5fcedf7,2008_1806acbc7ad92045480245530899f840,T752,T751,Attack,2008
2008_492c69ed64861662a027ba0c200a616c,2008_c6e7ddf6f18de90ef7e3d723a5fcedf7,T753,T752,Support,2008
2008_a6b633284875ef2abb05968c99487778,2008_dd257d84ffd139a975aea483deadf581,T754,T755,Support,2008
2008_dd257d84ffd139a975aea483deadf581,2008_8f3796c8b4b4ca4b52b131c1ca903818,T755,T756,Support,2008
2008_fbda56b2d738fcb14cd2a5cac5c27acd,2008_cde54c44e6e26f872bc3397f116d51b7,T759,T758,Support,2008
2008_cde54c44e6e26f872bc3397f116d51b7,2008_68a5e5e0765c6c50f1e9cb485dfe0b1c,T758,T760,Support,2008
2008_e28bbf1b73978f912d2ad2ba96d305d5,2008_81ae1a34519b2d97f0d8e96ceb57e30f,T761,T762,Support,2008
2008_68a5e5e0765c6c50f1e9cb485dfe0b1c,2008_23e1271741de6094ac5ff8d6282e9aa1,T760,T763,Support,2008
2008_81ae1a34519b2d97f0d8e96ceb57e30f,2008_23e1271741de6094ac5ff8d6282e9aa1,T762,T763,Support,2008
2008_6835ddf6a6a32c691c1e6bc52aacc70a,2008_c519244908cb78535d86bc75c1a7e8a2,T764,T765,Support,2008
2008_c519244908cb78535d86bc75c1a7e8a2,2008_24d30595634e58da5601d6cb4d3be5e8,T765,T766,Support,2008
2008_24d30595634e58da5601d6cb4d3be5e8,2008_3c25294c3a0f30a429f91670876e56d0,T766,T767,Support,2008
2008_780a654041fba14157602d1074ebd75f,2008_3c25294c3a0f30a429f91670876e56d0,T768,T767,Support,2008
2008_e023ae70b6ee4053e055601f818d9868,2008_c20ef81d11dd7d249b8210d3b378b39b,T769,T770,Support,2008
2008_04c92966bb336ec09ab3b8842d7c0201,2008_b1c7293d6247cccf3b8fa7d0fe89a741,T771,T772,Support,2008
2008_b1c7293d6247cccf3b8fa7d0fe89a741,2008_e9fd70ace7975fc12f36c2a6b3f36ca7,T772,T773,Support,2008
2008_e9fd70ace7975fc12f36c2a6b3f36ca7,2008_940ec136ff8a154edb3abb737ca5f14d,T773,T774,Support,2008
2008_940ec136ff8a154edb3abb737ca5f14d,2008_c20ef81d11dd7d249b8210d3b378b39b,T774,T770,Support,2008
2008_c20ef81d11dd7d249b8210d3b378b39b,2008_ada91efce4d32a77f7e0dd0d67a77dff,T770,T775,Attack,2008
2008_7fc7f5c31c97fd5a07f87e66c1fcb022,2008_54e5d636c9a041bc7b21f885263be231,T777,T776,Support,2008
2008_54e5d636c9a041bc7b21f885263be231,2008_ada91efce4d32a77f7e0dd0d67a77dff,T776,T775,Support,2008
2008_54e5d636c9a041bc7b21f885263be231,2008_aac8b6db9f25d27d78821ad9e7336266,T776,T778,Support,2008
2008_daa412bd575224fbdeba16214300cacb,2008_f6df97f0357d0b57ddb19c769e2f8671,T1,T531,Support,2008
2008_f6df97f0357d0b57ddb19c769e2f8671,2008_58a6e7f8c1f4542f887e98d7865e5c57,T531,T530,Support,2008
2008_58a6e7f8c1f4542f887e98d7865e5c57,2008_85e8fbe2c4d79c8337f4445a6ee47cce,T530,T528,Attack,2008
2008_1bb46a7817f0efd9923f12f87df0b0d9,2008_85e8fbe2c4d79c8337f4445a6ee47cce,T529,T528,Attack,2008
2008_02a2ef23b4126fe286e25c4814d04ba5,2008_f3c2d9791827b29d5ddc81af9ef271fc,T535,T534,Attack,2008
2008_86fcd2d34a745367b9194f85c71f07e2,2008_885d0aaeb938601e2bee1ca50b9f0f33,T537,T536,Support,2008
2008_c180abd24ebf66f33e4da3e2af6f6b93,2008_a44c2297984a16de54ae30d13d95c903,T538,T532,Attack,2008
2008_552d26364d018ea71af3d58adac3feec,2008_9f878d5380b6230be641f26970b2df99,T539,T540,Support,2008
2008_9f878d5380b6230be641f26970b2df99,2008_2810605fa6b93c0b876fd825c7ffd9d7,T540,T541,Support,2008
2008_352b4bbe1bdd4832e320b6b533a81481,2008_de56f19eb1aee7c59b1bf083723cf3e0,T543,T544,Support,2008
2008_2810605fa6b93c0b876fd825c7ffd9d7,2008_2a17d3acb2a71cf76dce6fea4f1cc6fb,T541,T545,Support,2008
2008_1bb46a7817f0efd9923f12f87df0b0d9,2008_0568cac3f9d052b90d4f68518fc721ae,T529,T527,Support,2008
2008_6661883209f626f24d47394fa6bb804e,2008_552d26364d018ea71af3d58adac3feec,T533,T539,Support,2008
2008_9f2edf4d60d2b41f5272e7ef6ac2ca39,2008_66d11b3e7b3ae021484d9936a9782226,T546,T547,Support,2008
2008_a643d1b18327248e1e257712a283ed23,2008_31ef66fde55399df5d6cb287ce3fa30f,T548,T549,Support,2008
2008_256f89ac0c122a2574d607f9fef24f63,2008_31ef66fde55399df5d6cb287ce3fa30f,T550,T549,Attack,2008
2008_7d2937f0a1edb80b20dc9f5f751ddf21,2008_322154bef3c5e9185e1ca58a097d48be,T554,T553,Support,2008
2008_1fed36c08b25b21273baa174cc23afcc,2008_02dc3ca0f3f46909ec446a127459abf4,T552,T2,Support,2008
2008_254e6b7293049fcae20dc79b89dc4398,2008_51a7838bcbcb3c41df930be44a6e8978,T558,T557,Support,2008
2008_6b74ef04934f962bbbedccd31a3c666d,2008_7d2937f0a1edb80b20dc9f5f751ddf21,T555,T554,Support,2008
2008_fd31f327796308fee92ea97637e03475,2008_51a7838bcbcb3c41df930be44a6e8978,T556,T557,Support,2008
2008_4fdf2bf2117fe2cdcb9eb277fe79cccb,2008_afce938846cb47b3bfd58bd618e920a7,T561,T562,Support,2008
2008_afce938846cb47b3bfd58bd618e920a7,2008_1b2aaf9230bdf94ed7e23feba9ab86d1,T562,T564,Support,2008
2008_354748825bf6a8d1683870f216951134,2008_9d80110be4097105ff1e4fbfda17e053,T565,T566,Support,2008
2008_9d80110be4097105ff1e4fbfda17e053,2008_72cd24351cb4195749375051c3534b46,T566,T567,Support,2008
2008_72cd24351cb4195749375051c3534b46,2008_bf1c8114c23d96a1c126c768e499da84,T567,T568,Support,2008
2008_bf1c8114c23d96a1c126c768e499da84,2008_2caee4a7026c04b88fbda064d564dedd,T568,T569,Attack,2008
2008_2caee4a7026c04b88fbda064d564dedd,2008_7e06ed9c750433fd118191fb24d850b1,T569,T570,Support,2008
2008_67fcd961f02e37cc83ad1b0e32d7f63f,2008_7e06ed9c750433fd118191fb24d850b1,T571,T570,Attack,2008
2008_1b2aaf9230bdf94ed7e23feba9ab86d1,2008_52290c4f30287c536ae88a027081d3de,T564,T563,Attack,2008
2008_4b44faf37d02902f9d1e2c9845c14e5f,2008_d2c596dd3b37248771de4c5bb120a4ea,T575,T574,Support,2008
2008_2aa456b676f7c6f89006a724f3f5b72e,2008_d2c596dd3b37248771de4c5bb120a4ea,T576,T574,Support,2008
2008_9e6967af3204855f07b094fc6782c542,2008_d2c596dd3b37248771de4c5bb120a4ea,T577,T574,Support,2008
2008_41a744d1ade6dbc3af8574947de789af,2008_d2c596dd3b37248771de4c5bb120a4ea,T578,T574,Support,2008
2008_913fce7ac4dad953c0f47a5e94c969a3,2008_2e7c06aa0380f45d1c5ee832b806cae9,T573,T572,Support,2008
2008_2e7c06aa0380f45d1c5ee832b806cae9,2008_67fcd961f02e37cc83ad1b0e32d7f63f,T572,T571,Attack,2008
2008_925805a148b50a5e1764c425f8642aed,2008_98109e43311d846252cf4bbfdabde148,T581,T580,Support,2008
2008_d0d75938eb1f4e7b7758580a7c0960e7,2008_98109e43311d846252cf4bbfdabde148,T582,T580,Support,2008
2008_aa07c55affbc19c96ae0a5d2b19a8b31,2008_98109e43311d846252cf4bbfdabde148,T583,T580,Support,2008
2008_d5c30b5a9a491d7cd012bf725be4a103,2008_98109e43311d846252cf4bbfdabde148,T584,T580,Support,2008
2008_c1186e203d189f20465c6b68c8ff86de,2008_3b3c58a2dedecc711a4bd1e10b2eb743,T590,T589,Attack,2008
2008_2ea4fcf1c48d402fcc06fc4b86739f92,2008_7a18fa0f4e6806993edce10a805b5aad,T595,T594,Support,2008
2008_98109e43311d846252cf4bbfdabde148,2008_d7936741e5f55602e84d09ab0e54c41f,T580,T592,Support,2008
2008_8cc95c52693b72900f9bb9473ab5564a,2008_d7936741e5f55602e84d09ab0e54c41f,T585,T592,Support,2008
2008_264749271bb937580e3df299a86e522e,2008_d7936741e5f55602e84d09ab0e54c41f,T586,T592,Support,2008
2008_9610a6940d555fdb5d447a4e5ed124cc,2008_d7936741e5f55602e84d09ab0e54c41f,T587,T592,Support,2008
2008_f51c2f468ab4bc98ff361f5e41f0f560,2008_d7936741e5f55602e84d09ab0e54c41f,T588,T592,Support,2008
2008_d7936741e5f55602e84d09ab0e54c41f,2008_7a18fa0f4e6806993edce10a805b5aad,T592,T594,Support,2008
2008_1e6a76c05729855b8c011eaf0f747cd6,2008_c1186e203d189f20465c6b68c8ff86de,T591,T590,Support,2008
2008_7a18fa0f4e6806993edce10a805b5aad,2008_ca2216393a0a65ef8e3b31c03bb41b5e,T594,T593,Attack,2008
2008_17f441b32cbc3d057e7e75ee86d630f1,2008_7ebd70720cca22eb1d14adcf9b496e38,T3,T596,Support,2008
2008_7ebd70720cca22eb1d14adcf9b496e38,2008_a7f0776dc9dd3a70874f143dd4d15463,T596,T597,Support,2008
2008_edbe444a76cc204658184bd7d5c8c03e,2008_a7f0776dc9dd3a70874f143dd4d15463,T598,T597,Support,2008
2008_ecc15db90ffea57f6762dca850bf27c7,2008_5be7d0a52ce05edea453b2b86148ab3a,T4,T599,Support,2008
2008_5be7d0a52ce05edea453b2b86148ab3a,2008_ca291e544ff1797cb6d2f2634b46cbeb,T599,T600,Support,2008
2008_ca291e544ff1797cb6d2f2634b46cbeb,2008_58b43a25742f958e94cd2f3ab23adf82,T600,T601,Support,2008
2008_dc36864223b2ab7b11a7e9b64f1247e4,2008_58b43a25742f958e94cd2f3ab23adf82,T602,T601,Support,2008
2008_42b2e55f6a58f0ba76c634443c785e05,2008_58b43a25742f958e94cd2f3ab23adf82,T603,T601,Support,2008
2008_283c3033ee412bbd522c9d9e70d99bb9,2008_58b43a25742f958e94cd2f3ab23adf82,T604,T601,Support,2008
2008_6ba9ba0b439f34f65a9eb49cd33d3b35,2008_9b63345bb8fa2d6622cf66cfbc4e31ae,T6,T5,Attack,2008
2008_58b43a25742f958e94cd2f3ab23adf82,2008_6ba9ba0b439f34f65a9eb49cd33d3b35,T601,T6,Support,2008
2008_18f1b317bd314685c3c4f2b4f5d53448,2008_01e8aa5812b148f725510fa5855e09fb,T605,T606,Support,2008
2008_01e8aa5812b148f725510fa5855e09fb,2008_b9e5c64ee97cd086a125c38d0197848f,T606,T607,Support,2008
2008_e5af24181ce216649ac96eca7df7a17b,2008_153dbd319e2fcdb9c8a86c53b6d0d21b,T608,T609,Support,2008
2008_153dbd319e2fcdb9c8a86c53b6d0d21b,2008_59aa2ab8d06e51eb12059423ac7d5d8f,T609,T610,Support,2008
2008_59aa2ab8d06e51eb12059423ac7d5d8f,2008_b9e5c64ee97cd086a125c38d0197848f,T610,T607,Attack,2008
2008_5960c71d648fbc5690a53b82134c8776,2008_cacd7687297ef927b4904e80b86e9d3d,T612,T611,Support,2008
2008_e7e8ffb25a5257ca8fef5b9f55e2a878,2008_b87f39b15b15819870da8f36c36a8b8f,T613,T614,Support,2008
2008_cacd7687297ef927b4904e80b86e9d3d,2008_b87f39b15b15819870da8f36c36a8b8f,T611,T614,Attack,2008
2008_b31143cd0827ccdb04bfbe3355d39c48,2008_b87f39b15b15819870da8f36c36a8b8f,T615,T614,Attack,2008
2008_7c5d78384236c79e532bfc3d2fe1e242,2008_b31143cd0827ccdb04bfbe3355d39c48,T616,T615,Support,2008
2008_808de760688c04259ee62526f5d9ac20,2008_9005017eacbfb71431d4395d83bad516,T618,T617,Support,2008
2008_5d70bd167fc6d1d2846bbdf629c787fd,2008_9005017eacbfb71431d4395d83bad516,T621,T617,Attack,2008
2008_19eef5effac75caf9254b6dcfeeb180c,2008_4b060b04ca7c9052d061944796805c4b,T620,T619,Support,2008
2008_4b060b04ca7c9052d061944796805c4b,2008_71d20e0b86b603eb9f80bd5eec5427a7,T619,T622,Support,2008
2008_92b814fe85b8cfa3898180d267217464,2008_82ff633a00d41a26679840f1bf2359df,T624,T625,Support,2008
2008_82ff633a00d41a26679840f1bf2359df,2008_a03221ba479c4130c0cf5bea66772a2f,T625,T626,Support,2008
2008_a03221ba479c4130c0cf5bea66772a2f,2008_51b2b63a39f76312119bf6f5919c3b7c,T626,T7,Support,2008
2008_2e2f05be464a540c161eb9ff67e2196d,2008_71d20e0b86b603eb9f80bd5eec5427a7,T623,T622,Support,2008
2008_51b2b63a39f76312119bf6f5919c3b7c,2008_2e2f05be464a540c161eb9ff67e2196d,T7,T623,Support,2008
2008_71d20e0b86b603eb9f80bd5eec5427a7,2008_d0e789884d9686746a3dab70bfb68b4d,T622,T628,Support,2008
2008_0eecb31efe0c68e08759ff8d8ffeeea9,2008_d0e789884d9686746a3dab70bfb68b4d,T629,T628,Support,2008
2008_a715ba2dcb5b21834d4477cf560797ef,2008_db8adcd56665d2c4ca3d1d78397bcf90,T630,T631,Support,2008
2008_db8adcd56665d2c4ca3d1d78397bcf90,2008_0eecb31efe0c68e08759ff8d8ffeeea9,T631,T629,Attack,2008
2008_3adf1cef507946811487f0ad58a643d0,2008_5bccf3a99b796268f2d0bb21a038afff,T632,T633,Support,2008
2008_9fd85d4bb5dfe2ba802c7b94194236de,2008_27bd53e206eb04d678744dc56c8e469a,T635,T634,Support,2008
2008_27bd53e206eb04d678744dc56c8e469a,2008_5bccf3a99b796268f2d0bb21a038afff,T634,T633,Support,2008
2008_6189486cd048f991a2b5c78cd59bfacb,2008_a1f98d25d3109d4e03e6fb7f9f3083a5,T636,T637,Support,2008
2008_5bccf3a99b796268f2d0bb21a038afff,2008_a1f98d25d3109d4e03e6fb7f9f3083a5,T633,T637,Support,2008
2008_d0e789884d9686746a3dab70bfb68b4d,2008_a1f98d25d3109d4e03e6fb7f9f3083a5,T628,T637,Support,2008
2008_11c840f18253c381ae66405e6eb6d0f6,2008_0761a2392d1899c12e49027bd1c0dccc,T169,T165,Support,2008
2008_667244ca46cbca420ce22bb15ea661e7,2008_47717178d896456932a5fd662209bf89,T163,T162,Support,2008
2008_5d7c800ac86c5cc4538a3b0938f8d15c,2008_8b4d2e7c63e0f75123e20330f6a15d10,T164,T1,Support,2008
2008_ba263f2def0ba5839709efc574bc35bf,2008_b30cdbb1281b41bc30c67aa7afee8539,T3,T172,Attack,2008
2008_b30cdbb1281b41bc30c67aa7afee8539,2008_5dc3e80843df82fb0fad3d70b4a17d52,T172,T171,Support,2008
2008_3a35940a7b53c9a97de80360fb5b8bc9,2008_5dc3e80843df82fb0fad3d70b4a17d52,T170,T171,Support,2008
2008_0761a2392d1899c12e49027bd1c0dccc,2008_5dc3e80843df82fb0fad3d70b4a17d52,T165,T171,Support,2008
2008_8ce65ec8219128a4e73b7daf2118cb34,2008_5dc3e80843df82fb0fad3d70b4a17d52,T2,T171,Support,2008
2008_f7c6c0f1843eec450cf1e5f9131d705d,2008_5dc3e80843df82fb0fad3d70b4a17d52,T167,T171,Support,2008
2008_df1f9fd34e679f6ca20d16fbe62937ae,2008_5dc3e80843df82fb0fad3d70b4a17d52,T166,T171,Support,2008
2008_8b4d2e7c63e0f75123e20330f6a15d10,2008_5dc3e80843df82fb0fad3d70b4a17d52,T1,T171,Support,2008
2008_47717178d896456932a5fd662209bf89,2008_5dc3e80843df82fb0fad3d70b4a17d52,T162,T171,Support,2008
2008_8e2c688652134c1e247dab49efb62934,2008_fdabd7b0681b5d93a59701f18ee48ced,T175,T174,Support,2008
2008_738da8e5393b67bc333041767f574b72,2008_7df7fb47c8aa56d857333e54ce984fd6,T177,T176,Support,2008
2008_7df7fb47c8aa56d857333e54ce984fd6,2008_8e2c688652134c1e247dab49efb62934,T176,T175,Support,2008
2008_25ad05ba9a3548cfef6119f6dfe35587,2008_f03a8ec767cabff75c2b735bc4cdb292,T5,T6,Support,2008
2008_d0f0998679a407560a7b65a71d6a3073,2008_f03a8ec767cabff75c2b735bc4cdb292,T7,T6,Support,2008
2008_f03a8ec767cabff75c2b735bc4cdb292,2008_72a456e71f8878b252d2491754405304,T6,T178,Support,2008
2008_72a456e71f8878b252d2491754405304,2008_deba5ad5d9472f04925f5c09388b79f5,T178,T8,Attack,2008
2008_09cf7e1e1f1adca3b73f7ce76e2f2c9f,2008_7aeb0d2f3b4447af805afd584accd716,T9,T179,Attack,2008
2008_d0f0998679a407560a7b65a71d6a3073,2008_72a456e71f8878b252d2491754405304,T7,T178,Support,2008
2008_6623b5f98c31c67538f3b9786a8d80f5,2008_4a2d5ad890f96630bdb213fafaed61fc,T184,T185,Support,2008
2008_4a2d5ad890f96630bdb213fafaed61fc,2008_b35736d7dbbc002760286d1f43b709f2,T185,T186,Support,2008
2008_b35736d7dbbc002760286d1f43b709f2,2008_d8189dbcf3214673c16491b592a18894,T186,T187,Support,2008
2008_7607fa91d0cf6504f78d1ed65f335275,2008_d8189dbcf3214673c16491b592a18894,T182,T187,Support,2008
2008_d8189dbcf3214673c16491b592a18894,2008_3b9c001ab2c292c0cce97f631ac08914,T187,T181,Attack,2008
2008_b0505135ef7e5044be35b416f9dfd905,2008_1e64f4b472947ac9b67e1d2cb921743c,T189,T188,Support,2008
2008_b1f13d92377f5e98a1bf74d4a24841f4,2008_f459a2e8a8064f14e4e883ffc8a17619,T192,T193,Support,2008
2008_f459a2e8a8064f14e4e883ffc8a17619,2008_fbed78532fe59701950efb7c144dabc2,T193,T194,Support,2008
2008_fbed78532fe59701950efb7c144dabc2,2008_623b38a6d6a18238e3243c96db382337,T194,T195,Support,2008
2008_623b38a6d6a18238e3243c96db382337,2008_21f4b20a7a3f6389709aa4d4088daab0,T195,T196,Attack,2008
2008_07518950e7147c594f7b2caae8f38aa7,2008_d4d4d7721ca959fed38023503ab0edcd,T191,T190,Attack,2008
2008_1e64f4b472947ac9b67e1d2cb921743c,2008_9b925e7c3d71020a4ebd906b6fa22530,T188,T183,Support,2008
2008_21f4b20a7a3f6389709aa4d4088daab0,2008_8e37420424c79791a5062df654a33d7b,T196,T197,Support,2008
2008_8e37420424c79791a5062df654a33d7b,2008_6e88945e56953f9c572841e435c3188c,T197,T10,Support,2008
2008_5ec9dd3235d9e29b1d3d4dd36b9d56eb,2008_ba263f2def0ba5839709efc574bc35bf,T4,T3,Equivalent,2008
2008_faa50445b39ff6ad5144a0af7c397e35,2008_ef2127c2afcd55d8ab20e740ba03c181,T101,T100,Support,2008
2008_c0c20c98d4ff4eb24acaa6de88539550,2008_ef2127c2afcd55d8ab20e740ba03c181,T2,T100,Support,2008
2008_4612e1e050f7ae775ed7bbc00634a3e7,2008_b4741d90fc2950ae0f0c55ded9b45687,T98,T97,Support,2008
2008_65bc2ec64596790961f2600f75f591da,2008_28f5c973ebab80180a1701b57b6618cc,T103,T104,Support,2008
2008_28f5c973ebab80180a1701b57b6618cc,2008_5224e167fd329e925ac33e6af6027154,T104,T105,Support,2008
2008_c96d42c0c15080ef4f930a9818f18a33,2008_5224e167fd329e925ac33e6af6027154,T102,T105,Support,2008
2008_5224e167fd329e925ac33e6af6027154,2008_3a011783582f429ef5c16eb9f12f7a8d,T105,T99,Support,2008
2008_3a011783582f429ef5c16eb9f12f7a8d,2008_a79ff9382fbea0904cbd6521978cc586,T99,T106,Support,2008
2008_2079af0a15032dc5e283cc77ef42e810,2008_740a02b5568d08bc01283e78aea72c3d,T114,T113,Support,2008
2008_f03f25ffa2ee3d6b788c5db8b895908d,2008_d6147adfd9c0d1823937ccd07cb8f435,T112,T111,Support,2008
2008_c6291b45e58d4093151f9d1e8913757c,2008_c8c8f4dd0b4036270c44077b914be1da,T110,T109,Support,2008
2008_c8c8f4dd0b4036270c44077b914be1da,2008_647fb3c24b36e82b87fa91cbe7f4e9a9,T109,T108,Support,2008
2008_3a3eb271a27af10a0c8d8b4339d3751d,2008_b1a3e9e28caa2625c23a11f6c63163c3,T115,T116,Support,2008
2008_63cefa98e19c479ac036cbff44b9618e,2008_1fa651f70d917063d5bd974d5d8e6c85,T119,T118,Support,2008
2008_3f95b41c28f3487f5f67b6c4484e1d1f,2008_1fa651f70d917063d5bd974d5d8e6c85,T120,T118,Support,2008
2008_1fa651f70d917063d5bd974d5d8e6c85,2008_47f434c7861ebb0f33ea528fd2ccfb7a,T118,T121,Support,2008
2008_47f434c7861ebb0f33ea528fd2ccfb7a,2008_e0570675c3aec721e5170bdcfff7c032,T121,T117,Support,2008
2008_d2d326ce4188e664b907202dcca55bf6,2008_37c8a4183187c6741fdac0958ebbeeb0,T123,T122,Support,2008
2008_37c8a4183187c6741fdac0958ebbeeb0,2008_3daf1afec281e6ea802458c2532f735b,T122,T125,Support,2008
2008_f40be95a9316908404ec05b4972c3c0b,2008_9613bea3b1a114fb93ca4da967f18d04,T127,T126,Support,2008
2008_29ce82acf27cba6b3fa9f13aa7f3fa2d,2008_f40be95a9316908404ec05b4972c3c0b,T4,T127,Support,2008
2008_ce103217475213639e73049bdc316c8d,2008_92f16dff0fb4adcdda81255726e97e76,T133,T132,Support,2008
2008_347e43a58dc83b2d452ad3ff7aecd578,2008_92f16dff0fb4adcdda81255726e97e76,T134,T132,Support,2008
2008_5c78ae477a4a46ddb03f48af183125ea,2008_cd582205c2693b315e67b4263348ddb0,T138,T137,Support,2008
2008_48a27a926de4b029e8058ef587ca0809,2008_026566462a25a8e8bb7f0b70784043c0,T142,T1,Support,2008
2008_48ff4bdc8e7af889c9ce05139b01fac8,2008_ca4760c2357acd8279db170a32227679,T145,T147,Support,2008
2008_01f48f9104b51e4e80fcf4b964ae07a3,2008_ca4760c2357acd8279db170a32227679,T146,T147,Support,2008
2008_4af3ab632f74adc59e210c2cfeffc6a0,2008_59392ab01dc5a83e43108e4866f588dd,T153,T152,Support,2008
2008_ae00a0d786e730fb41d09abdb312e648,2008_1d26d9c66596834ab027122ea05299af,T151,T148,Support,2008
2008_59392ab01dc5a83e43108e4866f588dd,2008_1d26d9c66596834ab027122ea05299af,T152,T148,Support,2008
2008_5f5fe51d57540f852057c0965c7dc8a0,2008_59392ab01dc5a83e43108e4866f588dd,T154,T152,Support,2008
2008_559dc430022a200a1e0161da88878b7d,2008_59392ab01dc5a83e43108e4866f588dd,T155,T152,Support,2008
2008_74e4bb107efa7b8fd8e2af62674afabd,2008_28e7a9a1d0941d493ea8c89672bcaf32,T157,T156,Support,2008
2008_2abe18d47238258b5a44d48d808bd8a8,2008_29ceaff9c9b9a69a4408de0bc70e5428,T160,T161,Support,2008
2008_32b21e822de11e72816be7159870a5ef,2008_6aa29d7480b2102608212308aca36981,T158,T159,Support,2008
2008_248c081591b79a3f4424ee06fb8ca479,2008_92569a9457f7f8a7736cf20b8f8eac27,T163,T162,Support,2008
2008_4219309d2bd8c4bbe5691e80bc5faa73,2008_92569a9457f7f8a7736cf20b8f8eac27,T164,T162,Support,2008
2008_cce03b955f73e5fbf7c64f6403addf56,2008_92569a9457f7f8a7736cf20b8f8eac27,T165,T162,Support,2008
2008_cf4b905aab13285eb49478c62597a7a4,2008_6d3f3b522191e9e436bd02ed5eb54e5d,T171,T170,Support,2008
2008_f1b5fc4dc2a2e1c0a12bbc081f3e449c,2008_6d3f3b522191e9e436bd02ed5eb54e5d,T168,T170,Support,2008
2008_85187aa635b344ba6397fdc536209256,2008_298133ed43c36962ce2cd01668045dd9,T175,T174,Support,2008
2008_42b36ebf32855e49bdbd3ae240578f3c,2008_f21251cf36585632948fb73b2df06d02,T177,T173,Support,2008
2008_e00eebe0d16893cd426098c25695c19a,2008_f21251cf36585632948fb73b2df06d02,T176,T173,Support,2008
2008_50e83c006680c6d095b125dcdbed9e86,2008_9506e05b2589f15bc5926e4396563f33,T186,T6,Support,2008
2008_882bf35ba0eaa1b4ed0c7835ba220c44,2008_9506e05b2589f15bc5926e4396563f33,T185,T6,Support,2008
2008_72f7ec3fbbda9e51fdb15e4adf4f9474,2008_9506e05b2589f15bc5926e4396563f33,T7,T6,Support,2008
2008_0199e1008597e9463378090f6a463333,2008_9506e05b2589f15bc5926e4396563f33,T181,T6,Support,2008
2008_069630ee4a35f0639e7cba1e3c5ee5e4,2008_9506e05b2589f15bc5926e4396563f33,T183,T6,Support,2008
2008_e2042f61d106f6bf224a970f60c94e74,2008_9506e05b2589f15bc5926e4396563f33,T182,T6,Support,2008
2008_dc2b4529f92f5b9f87efef08ff2b3529,2008_6c0cf4821f78bc976ebc201f9c91f173,T191,T193,Support,2008
2008_7b39d5b1efd2988610630f59865aa844,2008_6c0cf4821f78bc976ebc201f9c91f173,T189,T193,Support,2008
2008_b5bf93f6eba2033d1f140dde44d3a470,2008_6c0cf4821f78bc976ebc201f9c91f173,T188,T193,Support,2008
2008_6c0cf4821f78bc976ebc201f9c91f173,2008_a0f903dabe741dafc5122ade26d28da9,T193,T187,Attack,2008
2008_20cb2699292bc7526127e5023994732e,2008_963a33fb76081129cfd65008f643158a,T195,T194,Support,2008
2008_963a33fb76081129cfd65008f643158a,2008_e2c8c1a3e537074ac7d69cf5dd34ec79,T194,T184,Attack,2008
2008_82fc1f6f770f97224e23fa94a06227a7,2008_c814c2a60825e99215e0e38833b84626,T197,T196,Support,2008
2008_a441529ea5cd7da00b98e05b42c63ee8,2008_05fdadc90e29e31823c58db41f35f789,T200,T199,Support,2008
2008_b38c137518ecb137e9f3a056dc028384,2008_179c949088de35ca49a79b53f1a8c5a6,T202,T201,Support,2008
2008_179c949088de35ca49a79b53f1a8c5a6,2008_75ff9b80206ab484672f4f5c79de8a32,T201,T203,Support,2008
2008_9e68b701bcdf1029a1ab5b010fd9476e,2008_82fc1f6f770f97224e23fa94a06227a7,T204,T197,Attack,2008
2008_e4c200d1becd7cd1062c60449af7efa2,2008_9e68b701bcdf1029a1ab5b010fd9476e,T205,T204,Support,2008
2008_67246fc991819f555bc032102ac78006,2008_e4c200d1becd7cd1062c60449af7efa2,T206,T205,Support,2008
2008_9a0be760a3b01b4ebb0f4157d592a1a4,2008_67246fc991819f555bc032102ac78006,T207,T206,Support,2008
2008_637e08c28a632821f3623581ee986d69,2008_67246fc991819f555bc032102ac78006,T208,T206,Support,2008
2008_c1e1eb6c500aab636e1f7fcaabeafd48,2008_67246fc991819f555bc032102ac78006,T209,T206,Support,2008
2008_aa65d519f3772c0a853a1e7de372c6af,2008_d8797089d71f3fd08666e77d21f2913d,T211,T214,Support,2008
2008_e55174824d344a5c2c206a395b74d33a,2008_d8797089d71f3fd08666e77d21f2913d,T212,T214,Support,2008
2008_fc47ec16c9710053c3a0ec53ee140dc3,2008_d8797089d71f3fd08666e77d21f2913d,T213,T214,Support,2008
2008_8255c1ea55ea881499ce81399617772c,2008_8c0a7129ad7f5c0a6558d509ce954176,T462,T461,Support,2008
2008_8c0a7129ad7f5c0a6558d509ce954176,2008_77576c41c74e0ec3c1a58adc121e884e,T461,T460,Support,2008
2008_fc5c1606abb9c61c69551fa56b466493,2008_62f4041cdede08a4bddf0a5ce93a1bf4,T466,T465,Support,2008
2008_62f4041cdede08a4bddf0a5ce93a1bf4,2008_77576c41c74e0ec3c1a58adc121e884e,T465,T460,Support,2008
2008_12564e21c7b04857901eddbfaeda788b,2008_42eb54ff71cc3efe485fbc8922ae8111,T464,T463,Support,2008
2008_c4f301fb757628907c47bf1853ab33f1,2008_42eb54ff71cc3efe485fbc8922ae8111,T467,T463,Support,2008
2008_dd249f283baa3477352a591e046c7c4d,2008_5808766598ce878f1230b1e48c9d585d,T469,T468,Support,2008
2008_cf5ab52d09dfd52cec08caf310d578e1,2008_5808766598ce878f1230b1e48c9d585d,T470,T468,Support,2008
2008_5808766598ce878f1230b1e48c9d585d,2008_1db538c37eb68715750b9f68429704c0,T468,T472,Support,2008
2008_8eef60bc87cb824a38553013cd62d0d3,2008_1db538c37eb68715750b9f68429704c0,T473,T472,Support,2008
2008_8b3364e23a997b472316df29a64622ab,2008_1db538c37eb68715750b9f68429704c0,T475,T472,Support,2008
2008_c87f75f513e8f6f24db25b395b441a7a,2008_1db538c37eb68715750b9f68429704c0,T474,T472,Support,2008
2008_2701fe263ed2ccb47265780c9139ca91,2008_315139d775466cfc7a7e390889791c4f,T477,T476,Support,2008
2008_f596c906385ccb4f5e2a15970370e89f,2008_2701fe263ed2ccb47265780c9139ca91,T478,T477,Support,2008
2008_460b59a71a52e4dd17fe19c8e0a98a97,2008_b23fa846369a20f1c1b66a28bd30a721,T481,T480,Support,2008
2008_56162997e7d2a822645305022dfc01fb,2008_647a0788a8e1ba25c260855a389331d8,T483,T482,Support,2008
2008_647a0788a8e1ba25c260855a389331d8,2008_b23fa846369a20f1c1b66a28bd30a721,T482,T480,Support,2008
2008_b23fa846369a20f1c1b66a28bd30a721,2008_176201348e2004bb463ce956543e9403,T480,T484,Support,2008
2008_2701fe263ed2ccb47265780c9139ca91,2008_176201348e2004bb463ce956543e9403,T477,T484,Support,2008
2008_3422c4d6b0caa63f3ff870687a885801,2008_176201348e2004bb463ce956543e9403,T479,T484,Support,2008
2008_265ab0ff3c311743ff7bc0fe45e4c4ab,2008_0ea7671a145e8323d5b2efbcd6b6ae12,T490,T489,Support,2008
2008_cb404a27657ae3d0c59cfe0975054e2a,2008_0ea7671a145e8323d5b2efbcd6b6ae12,T492,T489,Support,2008
2008_a68709788fd880a1d6f654a735c09b2f,2008_0ea7671a145e8323d5b2efbcd6b6ae12,T491,T489,Support,2008
2008_d97537b08a5ec7904440ac210732bbc2,2008_e27862f75d993ea81ec32b19a1b6fb38,T493,T494,Support,2008
2008_7f3d890856dadef7bbd1f1c59707777f,2008_68fd8ad79d09d213d865d670169d539e,T496,T495,Support,2008
2008_141fea80d86909d3e568168654c338cf,2008_e27862f75d993ea81ec32b19a1b6fb38,T503,T494,Support,2008
2008_a83dbb3429db76fc464027ebf0cd7076,2008_68fd8ad79d09d213d865d670169d539e,T504,T495,Support,2008
2008_57cb0920e3f7379c1e3b58eb4538cefd,2008_1292fb73089c7f62c72c5830a22089d8,T507,T497,Support,2008
2008_b7b13bf99ae32d56f0631d95684f87ef,2008_8b454ee003f2c4802c861d2d225e5511,T509,T502,Support,2008
2008_429ae4c689bfac398a432538b93beaa7,2008_8b454ee003f2c4802c861d2d225e5511,T510,T502,Support,2008
2008_0b1e0f8dd63f7f07282ba743259cec5f,2008_3ba8c9dce8238ae5b35aa62f0911a930,T498,T499,Support,2008
2008_07860926bd29091ebb791c8805ba5d65,2008_3ba8c9dce8238ae5b35aa62f0911a930,T511,T499,Support,2008
2008_529c8719ecbc9708a641d66c0175cce1,2008_07860926bd29091ebb791c8805ba5d65,T512,T511,Support,2008
2008_de0397b049c2915538d18bd2c54f0567,2008_07860926bd29091ebb791c8805ba5d65,T513,T511,Support,2008
2008_107f39bf82f22ce97ff2343dcba027d2,2008_e4e10d0af4b4dae93e9e7a18b65adb6e,T501,T500,Support,2008
2008_d605f259fb22ec1fc35e638909cd2cbf,2008_cdd3d0409fe1fd2eefc33e0a31c131b9,T488,T485,Support,2008
2008_f30393b35de6ce8c0c714d85ce238d0c,2008_cdd3d0409fe1fd2eefc33e0a31c131b9,T486,T485,Support,2008
2008_81df46ea2b252c8ca61a31e6b304f919,2008_cdd3d0409fe1fd2eefc33e0a31c131b9,T514,T485,Support,2008
2008_cdd3d0409fe1fd2eefc33e0a31c131b9,2008_71964fa368bb57cef930b7d3597db5d6,T485,T515,Support,2008
2008_81020f5d9b7d0540806c905db79a6af5,2008_64985b82e50376f870e913050a6242c7,T517,T516,Support,2008
2008_64985b82e50376f870e913050a6242c7,2008_71964fa368bb57cef930b7d3597db5d6,T516,T515,Support,2008
2008_03ae1f4ae715f1b934f2e5b2f65105cc,2008_3f5d85c4c882f05f9750c7db7060a736,T521,T506,Attack,2008
2008_07fb59b0d345e4ee2079d797d7431e5a,2008_99b483ff208a25619a8f850fc5831c58,T522,T518,Support,2008
2008_6877c91170ac72ab2d00934eaedc9088,2008_c3f1b4b5540148cdb39f1bfb9b62270f,T524,T520,Support,2008
2008_9af33f6cac0652758d090a94f1547929,2008_c3f1b4b5540148cdb39f1bfb9b62270f,T525,T520,Support,2008
2008_562ff8768278ad277701536092964906,2008_9af33f6cac0652758d090a94f1547929,T536,T525,Support,2008
2008_cb284945b206672be496d11f7bfc66d7,2008_79947e66aa0805dbdc54ecb3000220de,T537,T534,Support,2008
2008_4526c8454f5cf382126caf9c91452dca,2008_79947e66aa0805dbdc54ecb3000220de,T535,T534,Support,2008
2008_8a4ca5a52f570a80d504fdabf6a16fac,2008_de32899aee3b199a8b359b0466e66000,T530,T529,Support,2008
2008_de32899aee3b199a8b359b0466e66000,2008_b78d9feb3f6954b8f8e13d8e1f29109b,T529,T528,Support,2008
2008_56182d8f698c6812f805b02fba387b32,2008_4a82e9e53d988933f0d5919291bb91a1,T531,T532,Support,2008
2008_f4896a38637b0b06273cbd746559bcf9,2008_4a82e9e53d988933f0d5919291bb91a1,T533,T532,Support,2008
2008_4a82e9e53d988933f0d5919291bb91a1,2008_b78d9feb3f6954b8f8e13d8e1f29109b,T532,T528,Support,2008
2008_75cd2cb41a151ff34ed04e642f387fb5,2008_9fba7224759ec1646a66d68d3c2276d9,T527,T526,Support,2008
2008_186cf4c0253e861cbd516d1fcd37fd5f,2008_5479d4190223023c46a3196ce387c60f,T539,T538,Support,2008
2008_89309f42216f79d5ff4b6ab5a7b9af6f,2008_03235b6888a5de9c9ad4071736e501f3,T542,T541,Support,2008
2008_03235b6888a5de9c9ad4071736e501f3,2008_a250aac9c40cc38c6b83533b6b37befa,T541,T543,Support,2008
2008_758af87113acdf90e0d878e432c3c744,2008_a9169a8d0d25d6456ede2bc6f133e375,T544,T545,Support,2008
2008_a9169a8d0d25d6456ede2bc6f133e375,2008_a250aac9c40cc38c6b83533b6b37befa,T545,T543,Support,2008
2008_e25d47b624f8fa00bba76c0389df51b0,2008_af01616f072beaf98589c24eb8b31851,T546,T549,Support,2008
2008_cec072e7bbc341a1270b10ea5a75acc7,2008_af01616f072beaf98589c24eb8b31851,T547,T549,Support,2008
2008_a68edd0e99a13d109bdcc749b5c919f0,2008_04ad18b330c4c8443340c70a21a476b8,T551,T550,Support,2008
2008_b55780eae80f050ed486df0f64f278eb,2008_04ad18b330c4c8443340c70a21a476b8,T552,T550,Support,2008
2008_eb277970a03d3bad8128aa4cd033eeba,2008_b583886fe5c250aa972f417751e2f8bd,T555,T553,Support,2008
2008_51f9c825dfcda717a4f9cf7fa9f17d06,2008_50d0058f338e5a1912664629f055b1ca,T556,T557,Support,2008
2008_b583886fe5c250aa972f417751e2f8bd,2008_50d0058f338e5a1912664629f055b1ca,T553,T557,Support,2008
2008_04ad18b330c4c8443340c70a21a476b8,2008_50d0058f338e5a1912664629f055b1ca,T550,T557,Support,2008
2008_af01616f072beaf98589c24eb8b31851,2008_50d0058f338e5a1912664629f055b1ca,T549,T557,Support,2008
2008_a250aac9c40cc38c6b83533b6b37befa,2008_50d0058f338e5a1912664629f055b1ca,T543,T557,Support,2008
2008_728ce5fdce32bf193c2eb35a03392a30,2008_4e2be9788273d7509def4ef3f261bd42,T560,T559,Support,2008
2008_4e2be9788273d7509def4ef3f261bd42,2008_7a06901205dfa48d96c11d61865b0306,T559,T1,Support,2008
2008_5bc4276574d028e9daf888a62e3c164f,2008_728ce5fdce32bf193c2eb35a03392a30,T561,T560,Support,2008
2008_99b9b81f977e503407a9e10a5c968174,2008_c66816b3c65b5058a250cd6b942872b6,T564,T563,Support,2008
2008_c66816b3c65b5058a250cd6b942872b6,2008_34023dbf6429bc40d26c7f57756c99ee,T563,T562,Support,2008
2008_39da3efaae674c78fb83f29bfcbffbd3,2008_d0ba95ee784c3072fab0b747feef5d42,T566,T567,Support,2008
2008_e25f967b7fae55e751a05785645a4770,2008_46d636d4365a9956e1d855e1b2f340c2,T569,T571,Support,2008
2008_f4a660fb1e1664eb5b9301bb32200351,2008_46d636d4365a9956e1d855e1b2f340c2,T568,T571,Support,2008
2008_36c7e2d7ec3b5c870fc09a522510d567,2008_46d636d4365a9956e1d855e1b2f340c2,T570,T571,Support,2008
2008_1259fa2b6c7c7a5956a8c5d4acc808e1,2008_bfd5865f2591799fe71c4e425d3da31f,T573,T572,Support,2008
2008_bfd5865f2591799fe71c4e425d3da31f,2008_8b74b878df6e72e2c2a815eced764ac4,T572,T574,Support,2008
2008_850a63e664fce95e775d85980bc8072d,2008_df6ab939b65ea81eddbebcfbd7000a0a,T576,T575,Support,2008
2008_0e83558b2c4dfa039fccb10d8677b7bc,2008_b5b8b6d6d51e28fe95b764a714a3e495,T578,T577,Support,2008
2008_b2d2cbf9f97f056c961d9136e5cc676e,2008_b5b8b6d6d51e28fe95b764a714a3e495,T579,T577,Support,2008
2008_fbd3a1d5459480d71a513dfd6405e1a6,2008_f743db96d4a93a34ece1fd348faf4954,T581,T580,Support,2008
2008_ae2aebfef0738e07132bd00185faa212,2008_f743db96d4a93a34ece1fd348faf4954,T582,T580,Support,2008
2008_ab39e06e1322a922088f34457926dc60,2008_f743db96d4a93a34ece1fd348faf4954,T583,T580,Support,2008
2008_46d665cd03bbc787f4c9b06e025e8fbf,2008_43f6d40c6382173cf09f91b4dd27cb59,T587,T586,Support,2008
2008_431ad9f238ae7099550da77cbbae1369,2008_81f3c3f0a21634bf44f45a77a5330df4,T591,T590,Support,2008
2008_10a87be64c4171571f6679978e443268,2008_431ad9f238ae7099550da77cbbae1369,T592,T591,Support,2008
2008_81f3c3f0a21634bf44f45a77a5330df4,2008_99b92d461883591d26f44aa5129fbac0,T590,T588,Support,2008
2008_5d240a1330957d419dd715fb0b18b134,2008_99b92d461883591d26f44aa5129fbac0,T589,T588,Support,2008
2008_7ac9865eb0dd49551f517efcf2e4d028,2008_99b92d461883591d26f44aa5129fbac0,T593,T588,Support,2008
2008_ee1bab38abadaca56c6ab6e28c092a37,2008_458e40444fbfefb7aad00cf669ba3d46,T595,T594,Support,2008
2008_b75aefb926582558e1b326ef7c6cbc5b,2008_458e40444fbfefb7aad00cf669ba3d46,T597,T594,Support,2008
2008_2c261cc33ba8a79fcc064d7b8c7f7b77,2008_458e40444fbfefb7aad00cf669ba3d46,T596,T594,Support,2008
2008_35182e514c5e965827ed1ce4e9022da9,2008_458e40444fbfefb7aad00cf669ba3d46,T598,T594,Support,2008
2008_f5b3b8a50e33fbedc5023df8f4d63d6a,2008_bea84e23d6d377e0ce61beefd6bd8295,T584,T585,Support,2008
2008_458e40444fbfefb7aad00cf669ba3d46,2008_bea84e23d6d377e0ce61beefd6bd8295,T594,T585,Support,2008
2008_3527908d1412e7e93fed4605d9117606,2008_25b5b056d8e11c099ce60a62a67dff50,T608,T611,Support,2008
2008_1792b0bbb85069634c330092e4f60946,2008_25b5b056d8e11c099ce60a62a67dff50,T609,T611,Support,2008
2008_f8fe3f18b91ed0063d322f9032e5c2b3,2008_25b5b056d8e11c099ce60a62a67dff50,T610,T611,Support,2008
2008_b8d62ee0cbad4edb44d298f57532bda4,2008_8626cc6c311ce9b547f3853fc33ed20a,T602,T601,Support,2008
2008_8626cc6c311ce9b547f3853fc33ed20a,2008_05983609f67397caeba76d912a32418c,T601,T600,Support,2008
2008_6e34bf73e095cc7db0a50f7ed827b878,2008_f0a76301db099fd8dde299484cbf4220,T605,T604,Support,2008
2008_f0a76301db099fd8dde299484cbf4220,2008_bf7f0991e978d0c6b1b3a678f6c98173,T604,T603,Support,2008
2008_6329682cd0c62a1e85e942de4223271b,2008_5808766598ce878f1230b1e48c9d585d,T471,T468,Equivalent,2008
2008_3961573b1265c9c08da9e5f560bf8602,2008_3f5d85c4c882f05f9750c7db7060a736,T505,T506,Equivalent,2008
2008_24f9949532112f594f80bf7da25e3f24,2008_99b483ff208a25619a8f850fc5831c58,T519,T518,Equivalent,2008
2008_a2aa4d7be15a95171656e6caac4211c9,2008_af01616f072beaf98589c24eb8b31851,T548,T549,Equivalent,2008
2008_ecd3230b5d5f6454e9a1ca5a89536d36,2008_b583886fe5c250aa972f417751e2f8bd,T554,T553,Equivalent,2008
2008_50d0058f338e5a1912664629f055b1ca,2008_7a06901205dfa48d96c11d61865b0306,T557,T1,Equivalent,2008
2008_cfea168418c89a4ac5af34ef748512bd,2008_25b5b056d8e11c099ce60a62a67dff50,T612,T611,Equivalent,2008
2008_61dbe8f1030f6b97916cb464ba871105,2008_437ff21e7ff601f4fe24ef7413867224,T332,T333,Support,2008
2008_437ff21e7ff601f4fe24ef7413867224,2008_612d6befd370e62ae59caebdbf57bb11,T333,T331,Support,2008
2008_7b64a62e34f90290e7d59b207177b254,2008_61c3851203846bcc9806d7180d3c13fe,T334,T337,Support,2008
2008_6a132034fd1d1e470c616bc9b5d409f3,2008_61c3851203846bcc9806d7180d3c13fe,T335,T337,Support,2008
2008_9f30eb7d26cc9fc89501dc173b15d57e,2008_61c3851203846bcc9806d7180d3c13fe,T336,T337,Support,2008
2008_169d23257610cc449f70ff9b94b41ba6,2008_61c3851203846bcc9806d7180d3c13fe,T338,T337,Support,2008
2008_6edfec2317b6a9f9d3d9c3df82248c06,2008_475f2e85f1e43b1760401edd9611a15f,T339,T340,Support,2008
2008_61c3851203846bcc9806d7180d3c13fe,2008_475f2e85f1e43b1760401edd9611a15f,T337,T340,Support,2008
2008_962265434a0f50bd4688d0295a5a2afe,2008_bc4aa0c85d53d2968b10f3d06379fa6d,T341,T342,Support,2008
2008_d7f68242dc78211491b4e3a6fdab361c,2008_b45375e4294fb4fbde940dcbd45272d7,T345,T344,Support,2008
2008_d37b92cdd843e5fbe955753e9056ab16,2008_731340f9153ff19a840900c59d0f92b2,T349,T2,Support,2008
2008_768e9c8a96916254a5779c1686e61981,2008_6edfec2317b6a9f9d3d9c3df82248c06,T1,T339,Support,2008
2008_731340f9153ff19a840900c59d0f92b2,2008_6edfec2317b6a9f9d3d9c3df82248c06,T2,T339,Support,2008
2008_e94d293b6488f1f5b24a75d0c5f7e9be,2008_f96f7e0d817da076e93ac43c1b709b55,T352,T350,Support,2008
2008_fd60d5a0604188e2719c13f05aacdd2f,2008_af4b229268be49a8d53d6fda8638376f,T353,T351,Support,2008
2008_d2fb8629fb17ff07fa6c3de9965d7a0d,2008_af4b229268be49a8d53d6fda8638376f,T354,T351,Support,2008
2008_aaafbe2d2b11b6454e518683a2e7816c,2008_af4b229268be49a8d53d6fda8638376f,T355,T351,Support,2008
2008_917e64d46d49478513045de193ef0916,2008_af4b229268be49a8d53d6fda8638376f,T356,T351,Support,2008
2008_ec5032d65cd6ab5ebe8672e167b1243f,2008_af4b229268be49a8d53d6fda8638376f,T357,T351,Support,2008
2008_180520225b35f737befc8637c5c69892,2008_af4b229268be49a8d53d6fda8638376f,T358,T351,Support,2008
2008_6287a458d994def6f061784942fb49b5,2008_af4b229268be49a8d53d6fda8638376f,T359,T351,Support,2008
2008_af4b229268be49a8d53d6fda8638376f,2008_68ca61379c84be82a285b8edff4e6c2a,T351,T360,Support,2008
2008_68ca61379c84be82a285b8edff4e6c2a,2008_8e1984fed277086e34b38a3e4e19826a,T360,T361,Support,2008
2008_d4c8a933c11cc90426a4f0c1ab1f07e8,2008_8e1984fed277086e34b38a3e4e19826a,T366,T361,Support,2008
2008_da415e8d5173f930eadd6b5296a14871,2008_8e1984fed277086e34b38a3e4e19826a,T367,T361,Support,2008
2008_37c7edd826ceaa533a037da61e2b55ef,2008_8e1984fed277086e34b38a3e4e19826a,T368,T361,Support,2008
2008_f138fd75772357cfd380f5faee9e1af6,2008_8e1984fed277086e34b38a3e4e19826a,T369,T361,Support,2008
2008_949d429b9a34d6ad3572af2fe5675adc,2008_7b7a1c1aa0a1c8109f8290ed25744c46,T362,T363,Support,2008
2008_7f37e298a7923926280ef788a6f4b464,2008_daed15e7ec7c2d991076f0d512effda4,T365,T364,Support,2008
2008_dbb5607c9f640f28858087e2fc9e5485,2008_1d55980b37faa211cecee08e944586e7,T371,T370,Support,2008
2008_259423dec316731a8b20fb3859ca385a,2008_dbb5607c9f640f28858087e2fc9e5485,T372,T371,Support,2008
2008_0536f006d223502c7a56c40a7d47dd2b,2008_f8112766adb3f09e6386320ce5e71b4f,T373,T378,Support,2008
2008_00e4f01b59c6442a9c5b77e85e3098bf,2008_f8112766adb3f09e6386320ce5e71b4f,T376,T378,Support,2008
2008_7069e131335e335020ecfe0a5293a9e4,2008_f8112766adb3f09e6386320ce5e71b4f,T374,T378,Support,2008
2008_1ff9bb3aac4cd6f053b3e8fa45c588dc,2008_f8112766adb3f09e6386320ce5e71b4f,T375,T378,Support,2008
2008_af0ec2c8ba0475df43ea8e088996a071,2008_b0e7ee4767dfc5328e6904fb4726d895,T380,T377,Support,2008
2008_014ce2a1465915fd7d8c59672523a78f,2008_f1dec4e75ea36318aaf2aa925cd5c0d8,T382,T381,Support,2008
2008_419a385cd04d5f66e284bfc37f84f4de,2008_c15d310e2c31d12aeae7162239f26d8e,T383,T384,Support,2008
2008_0877bc1a5ec6d814b6ff7a4c4a6a7879,2008_772a50d26fdecf601e4bd494a7d9bb04,T387,T385,Support,2008
2008_a51ba05d197ac84a9a98afff16627aef,2008_772a50d26fdecf601e4bd494a7d9bb04,T386,T385,Support,2008
2008_b2f5f7103e78f6ee9d79b2de7618b485,2008_c74d6b281a1feacda58ff5e3d4026268,T388,T393,Support,2008
2008_783bace4613c4343ea546474d96d295d,2008_c74d6b281a1feacda58ff5e3d4026268,T389,T393,Attack,2008
2008_3f19396193dad06406e7d00e45d46e2b,2008_783bace4613c4343ea546474d96d295d,T394,T389,Support,2008
2008_38bbb57caf1bf981035487ab5f8aa0d7,2008_783bace4613c4343ea546474d96d295d,T392,T389,Support,2008
2008_5741099a9587a185eda349e14d4c9e58,2008_4cadba6b389cfa77a6d7f872923f7ecc,T396,T395,Support,2008
2008_d9f7ed3a1cd257e1333b5e26e4630c23,2008_4cadba6b389cfa77a6d7f872923f7ecc,T397,T395,Support,2008
2008_33827bcb2d4476a420c37700533d1b50,2008_261544fc1c23b26278a9c96e895999a7,T400,T399,Support,2008
2008_d87b1f547d19b27e8ae2ace15d83c827,2008_33827bcb2d4476a420c37700533d1b50,T401,T400,Support,2008
2008_f6a40c919b4050963f2a991c52415844,2008_261544fc1c23b26278a9c96e895999a7,T402,T399,Support,2008
2008_158bb3c4c275b1b73fd2c7cc57070cf9,2008_323900f01f1734afde0de2c6bf5fd1c0,T404,T403,Support,2008
2008_323900f01f1734afde0de2c6bf5fd1c0,2008_261544fc1c23b26278a9c96e895999a7,T403,T399,Support,2008
2008_190837d7799298044d6054eb104b3460,2008_323900f01f1734afde0de2c6bf5fd1c0,T405,T403,Support,2008
2008_e5ddfc3a95f4f80af94be71788c33199,2008_72fb051d3bbb305c5f7ec023bf517a1b,T409,T408,Support,2008
2008_72fb051d3bbb305c5f7ec023bf517a1b,2008_66e450ebdebdb89ca0fb8533886025dc,T408,T410,Support,2008
2008_1a806dd691e7a9d3b25d8494950a29ed,2008_66e450ebdebdb89ca0fb8533886025dc,T411,T410,Attack,2008
2008_77eccbd9f5840c156cb4504988e6139f,2008_4ba6497f15c8b306fc8b9c684a3f203e,T417,T413,Support,2008
2008_c5c59c2a72b34e8617a14f9e4a346373,2008_77eccbd9f5840c156cb4504988e6139f,T419,T417,Support,2008
2008_a6638ac356fa9229bdae062a8b7b1ea0,2008_77eccbd9f5840c156cb4504988e6139f,T418,T417,Support,2008
2008_f5fa64a981adc85f466c038ca08ce7b6,2008_3110deba495c1a00292bc6dd0040fb32,T416,T415,Support,2008
2008_14c838b742bb14146e346fa487abc618,2008_f5fa64a981adc85f466c038ca08ce7b6,T420,T416,Support,2008
2008_24d3c5a2d96c77b5740a9597d82d978a,2008_14c838b742bb14146e346fa487abc618,T421,T420,Support,2008
2008_e140c27296344177c883aa93af340f76,2008_a07f4d2593cd139d883dce259dc34867,T424,T423,Support,2008
2008_13e9b8280acc5ed51ffcfc25956284a4,2008_72e3642b96ee652ae6c40edf1e9fe698,T426,T425,Support,2008
2008_81928cace9d75140249b57b528829666,2008_72e3642b96ee652ae6c40edf1e9fe698,T435,T425,Support,2008
2008_6c4c7fd409512523bba2e11c767d191a,2008_46ca94563261424967dd84f0f2bf50bc,T427,T428,Support,2008
2008_755f8395a920eb0cd83fe19f7534bdd5,2008_46ca94563261424967dd84f0f2bf50bc,T432,T428,Support,2008
2008_1788b9229bee26a213c0b06c9cdc1fee,2008_b74520f90cca71a5689185a8777c7596,T437,T436,Support,2008
2008_46ca94563261424967dd84f0f2bf50bc,2008_b74520f90cca71a5689185a8777c7596,T428,T436,Support,2008
2008_53a1aa71652c923e2a89f855371e3cd3,2008_d67d3303e798d84ad5ac35046cda2c57,T447,T442,Support,2008
2008_377573ddabec9b00e3f3c5ad9fd4322f,2008_696db81bf3b53ae055b80321381141a3,T429,T430,Support,2008
2008_d3a322d45ef9a63682d032727fed7722,2008_f964f7ab4afcab63170e2b88da2b7747,T433,T434,Support,2008
2008_d67d3303e798d84ad5ac35046cda2c57,2008_f964f7ab4afcab63170e2b88da2b7747,T442,T434,Support,2008
2008_65a5d9613b082c57b09f259f045b2ad7,2008_25a0f62341c5c8e3d9cf276053435833,T446,T443,Support,2008
2008_75b1ed791117ff84f3390ef5621d4518,2008_f897dc33072474dcb752fdc33407a416,T444,T445,Support,2008
2008_eba200f57816d96d92df69869a0d8518,2008_01ac4a0f634fddc412c2a6096e9548f2,T441,T440,Support,2008
2008_f8c162fa7147a53d0f2bd60b0b85a2b5,2008_2e5b0d9dd084056f5bf9a0159bfbe860,T438,T439,Support,2008
2008_d2e6c795ad0953ca943e26f443e45209,2008_17de5d1df43bc11d5adcfcd79043cd3b,T449,T448,Attack,2008
2008_474758641cdb681d461c390fcd27453a,2008_d2e6c795ad0953ca943e26f443e45209,T450,T449,Support,2008
2008_08e239e8941587487807af409db7e668,2008_833cc18ddd9d0f7419bd4f2c0cc787b9,T454,T453,Support,2008
2008_e18e735412cc298d703ea86a8af2f487,2008_a0fe0d9473629761789d9ed7d31cafd8,T455,T456,Support,2008
2008_e03f20c23a9b6e0ad14e36896a9d0fd2,2008_388cff44e74e01247bafdf4791ef2a8d,T457,T458,Support,2008
2008_a35d5db2e0c227d0f4692c80f03529b5,2008_388cff44e74e01247bafdf4791ef2a8d,T459,T458,Support,2008
2008_04b24625e711a114b2e72d7b45698ae8,2008_783bace4613c4343ea546474d96d295d,T3,T389,Equivalent,2008
2008_04b24625e711a114b2e72d7b45698ae8,2008_116170c284c99ef1240660661788c905,T3,T391,Equivalent,2008
2008_566dc87e6334370de539d6b4e9a98d28,2008_96ff19a0abee2141f6a88e6d32f687f9,T406,T4,Equivalent,2008
2008_856b98e4e11be0c39d8ecadc4340c7af,2008_1a806dd691e7a9d3b25d8494950a29ed,T5,T411,Equivalent,2008
2008_25d838aaca6cf63e8b85909d6b4de3e5,2008_d2e6c795ad0953ca943e26f443e45209,T6,T449,Equivalent,2008
2008_7cbe724e633ef3ad78dd86041eb2721d,2008_d81b9fc38d26bc6d8265105b52050dde,T216,T215,Support,2008
2008_377148ff0c35f1e765372ab50166ad98,2008_d81b9fc38d26bc6d8265105b52050dde,T217,T215,Support,2008
2008_64cdd601e582f7599b714de61f1eaf13,2008_d81b9fc38d26bc6d8265105b52050dde,T218,T215,Support,2008
2008_8c00da242c696adf465ce1ce55426e00,2008_6db787cb00bad6149573756b2550a357,T5,T3,Support,2008
2008_b8a53a2c08c72bc0b17579c010e5221b,2008_43a47eb29eae821ed11945bb5866b6bb,T220,T219,Support,2008
2008_43a47eb29eae821ed11945bb5866b6bb,2008_64bd4c908c22d14d02f17130c60bccfd,T219,T221,Support,2008
2008_ffe912dd33c6b0803451025d0f70554e,2008_64bd4c908c22d14d02f17130c60bccfd,T222,T221,Support,2008
2008_554e07a41549e5e53e0507abd011f34c,2008_a88def75e0671961adfc550beb303a0b,T223,T228,Support,2008
2008_36791429541e3b94d8c63741fb308019,2008_a88def75e0671961adfc550beb303a0b,T227,T228,Support,2008
2008_64bd4c908c22d14d02f17130c60bccfd,2008_a88def75e0671961adfc550beb303a0b,T221,T228,Support,2008
2008_72ce6700ae01683775c093ab1a844f00,2008_554e07a41549e5e53e0507abd011f34c,T224,T223,Support,2008
2008_a88def75e0671961adfc550beb303a0b,2008_7ef7c9b40ac3326a2693ad5ec4d82259,T228,T231,Support,2008
2008_c5a137508b6db4be608bf19a0eaff933,2008_7ef7c9b40ac3326a2693ad5ec4d82259,T232,T231,Support,2008
2008_23dd1fe813b16a2ab35c265759f75397,2008_554e07a41549e5e53e0507abd011f34c,T225,T223,Support,2008
2008_5c28fbcdef84c84bd6e1bfa1e4b8ca6a,2008_554e07a41549e5e53e0507abd011f34c,T226,T223,Support,2008
2008_7e92d93190610ca460915d8623431347,2008_a4cf73571d50bc3c0e3d69dec501e64b,T6,T233,Support,2008
2008_deb647502e00365b72fda89dc5d80b74,2008_6a93ddf5efed67884f1027c5b33dacb5,T235,T236,Support,2008
2008_830b23dd9922ea9be277dde1f8fa6649,2008_6a93ddf5efed67884f1027c5b33dacb5,T1,T236,Support,2008
2008_6a93ddf5efed67884f1027c5b33dacb5,2008_26f1ce2313ff648edda8faa4f8b7e063,T236,T7,Support,2008
2008_4e866e6e070a63908e6aaa0d18eec161,2008_26f1ce2313ff648edda8faa4f8b7e063,T234,T7,Support,2008
2008_e08775ee1492134074420e7a00b92d6f,2008_26f1ce2313ff648edda8faa4f8b7e063,T238,T7,Support,2008
2008_a4cf73571d50bc3c0e3d69dec501e64b,2008_e08775ee1492134074420e7a00b92d6f,T233,T238,Support,2008
2008_d483f1f5d53e21575c134adb9d3eb23b,2008_eeeb4cd9af2644d7f5cf9bed558011ba,T242,T241,Attack,2008
2008_fd0980c820adae7099b1fa725d0c8493,2008_d483f1f5d53e21575c134adb9d3eb23b,T243,T242,Attack,2008
2008_f4d058ef2e5258194bbb093e9f85ea4a,2008_23dd1fe813b16a2ab35c265759f75397,T244,T225,Attack,2008
2008_fe2034dfab824b00a49ffacb830c3af3,2008_a4cf73571d50bc3c0e3d69dec501e64b,T240,T233,Attack,2008
2008_358f008c3534cd280f2ebebcd4acf3dc,2008_79b39fe46cc7168941492e8fd38b300d,T245,T239,Support,2008
2008_414f907c1b5adbc1342fc4ced96a3078,2008_358f008c3534cd280f2ebebcd4acf3dc,T246,T245,Support,2008
2008_76480170955041a80b96b2f13f1796b7,2008_358f008c3534cd280f2ebebcd4acf3dc,T248,T245,Support,2008
2008_45a85e3f79af8fad21a81f640f15dacc,2008_f4d058ef2e5258194bbb093e9f85ea4a,T247,T244,Support,2008
2008_badcf7777a9d9169222a0f0d100173ae,2008_f4d058ef2e5258194bbb093e9f85ea4a,T250,T244,Support,2008
2008_fe85dc177a67f3064983140d41cbc6eb,2008_92a9e17f420a1b938957db5ade50544f,T252,T256,Support,2008
2008_b5a04a28330758366538d982c1c4fd2d,2008_92a9e17f420a1b938957db5ade50544f,T253,T256,Support,2008
2008_380625a1746c2d5505401490020f6b50,2008_92a9e17f420a1b938957db5ade50544f,T254,T256,Support,2008
2008_47edf97ea0223e4f7eedfeb8c72e733d,2008_92a9e17f420a1b938957db5ade50544f,T255,T256,Support,2008
2008_372c815b8cc29b2e3f9fccc5d79a0a2d,2008_eaa839cf83c815ceaf4b26758b2f63a4,T261,T2,Support,2008
2008_04a10618668f564badd5cba7c774b7df,2008_fe2034dfab824b00a49ffacb830c3af3,T260,T240,Attack,2008
2008_ee42edb85b618c41396b694a2b5150a5,2008_db8a99a612fdfc004e9fd6393dea024c,T262,T264,Support,2008
2008_b980e69ff89ac28d5b8e822711ebe811,2008_db8a99a612fdfc004e9fd6393dea024c,T263,T264,Support,2008
2008_04a10618668f564badd5cba7c774b7df,2008_db8a99a612fdfc004e9fd6393dea024c,T260,T264,Support,2008
2008_17e5e3bcef22dac832c0356d1e1916a0,2008_d1290bee6a4312d501bef1d07d04a89b,T265,T267,Support,2008
2008_e0f4553c7d8bb61ab66e23f7eb4ed2f1,2008_8c4167a4f50b8ae46632a66298f8f975,T268,T266,Support,2008
2008_d1290bee6a4312d501bef1d07d04a89b,2008_e0f4553c7d8bb61ab66e23f7eb4ed2f1,T267,T268,Support,2008
2008_8c4167a4f50b8ae46632a66298f8f975,2008_8fd86f068d16e78e7ef84b0d3d00a4b3,T266,T269,Support,2008
2008_0f9a00b7eaf2de18dd20db19f714a811,2008_a0b8f2e0cfd78d2524bc2294cd58fa89,T272,T274,Support,2008
2008_a1dd178e4b0299c627c6fd8fbfe0ed13,2008_a0b8f2e0cfd78d2524bc2294cd58fa89,T273,T274,Support,2008
2008_9a360cab1ea30db22aa257526a13c0da,2008_53fd642fc2939add01ccc444fc575431,T275,T271,Support,2008
2008_e8c4f0c00126b3a8e93e76032177f27f,2008_220b4b765550b7dd199d17ca968a79f2,T277,T276,Support,2008
2008_220b4b765550b7dd199d17ca968a79f2,2008_43e4c120d4de3f7ffdf2032da77691cd,T276,T278,Support,2008
2008_fc9bc2e2ffde53787da71e879c812d74,2008_02798f56c5ab0fb38b076f967315522a,T10,T283,Support,2008
2008_edc2597261f26c4c0ec839f1d29f0a57,2008_e368efa036dac063de47259969fa9a5b,T9,T287,Support,2008
2008_2cd861e4d92678e265e922deba29ec69,2008_e368efa036dac063de47259969fa9a5b,T285,T287,Support,2008
2008_e1473fb3a240cab5ef7225465aac5cb0,2008_be9c7fe1fa02e8d2af91f3097336c140,T289,T288,Support,2008
2008_be9c7fe1fa02e8d2af91f3097336c140,2008_a1dd178e4b0299c627c6fd8fbfe0ed13,T288,T273,Attack,2008
2008_5c25bc45afc60b5de6f1989977e0d329,2008_447fc85813b759ba39366d9fd1e03db4,T284,T279,Support,2008
2008_447fc85813b759ba39366d9fd1e03db4,2008_c683555039ef16bbe78e5302df654622,T279,T280,Support,2008
2008_4fbdaf29d9e67e3c245817606d2e146c,2008_56d0949551fcd7d3e57dbce0b8157509,T291,T4,Support,2008
2008_ea47ddcba70f31c2031c7323f67ac94d,2008_56d0949551fcd7d3e57dbce0b8157509,T292,T4,Support,2008
2008_5ea6894b0daf5392c0c85d1c2a80eb12,2008_3d752ea95f55d300a8be23e428adf141,T294,T293,Support,2008
2008_d122e59ca4d349c90762762759424734,2008_c676e360a632bfb0097f1a88dc9978db,T301,T300,Support,2008
2008_857f260cc9481c56e9e684ed29151417,2008_c676e360a632bfb0097f1a88dc9978db,T302,T300,Support,2008
2008_c676e360a632bfb0097f1a88dc9978db,2008_95a87c3cab4b3a8dd2858e15e9b67c47,T300,T297,Support,2008
2008_17340382ce631661350310bce0c8aeda,2008_95a87c3cab4b3a8dd2858e15e9b67c47,T299,T297,Support,2008
2008_8c48ba822fadc769222db3ae012cea8d,2008_4233a912e47f2d1c63f47f6e04ddc8b8,T310,T309,Support,2008
2008_2d1c1137bc594a00ae8afdf9b02ba416,2008_4233a912e47f2d1c63f47f6e04ddc8b8,T311,T309,Support,2008
2008_78b740535d6b4ed1943ae4b4493f965e,2008_4233a912e47f2d1c63f47f6e04ddc8b8,T312,T309,Support,2008
2008_51bbfb416ed759fae591e15b38850d93,2008_5e118ab97f677cad3845eb43dc72f2fb,T305,T304,Support,2008
2008_c9a2f227fe836afbb92e52261045009a,2008_4233a912e47f2d1c63f47f6e04ddc8b8,T313,T309,Support,2008
2008_5e118ab97f677cad3845eb43dc72f2fb,2008_5a26b003785d2653244e44f64fa1ed2c,T304,T11,Support,2008
2008_01ad9d07cade40e68a4c40c6fb7769eb,2008_5a26b003785d2653244e44f64fa1ed2c,T303,T11,Support,2008
2008_4233a912e47f2d1c63f47f6e04ddc8b8,2008_5a26b003785d2653244e44f64fa1ed2c,T309,T11,Support,2008
2008_f67624ed98049dfea1d813e31079968e,2008_4233a912e47f2d1c63f47f6e04ddc8b8,T314,T309,Support,2008
2008_ac91bf388ebb22b325279442523716d5,2008_42e699d15917704534c3c36b6e0323c0,T307,T308,Support,2008
2008_652805bdde0eb8ead51794914d293045,2008_de24bff26b3ab954afc183d098d596e9,T316,T315,Support,2008
2008_f2fb9dd8edb7d9ba928718c1d059482b,2008_2df2fe66a37a425639bd18e61e4cde24,T306,T317,Support,2008
2008_1d7ef48b2686a1d7836a0e9d4b7f93b9,2008_2df2fe66a37a425639bd18e61e4cde24,T318,T317,Support,2008
2008_1d5b5daea69c0c86e1c6b6e977da5af8,2008_2f29c029b053443462af7ff038b76d30,T320,T319,Support,2008
2008_2b035ed18dc95e6be2b79572d0fdc311,2008_f96678ab26b8f4bbf243ed17ec615956,T321,T324,Support,2008
2008_7c4d9f4b9bef7f3f0f702d040759f94a,2008_f96678ab26b8f4bbf243ed17ec615956,T12,T324,Support,2008
2008_42e699d15917704534c3c36b6e0323c0,2008_f5bc03fa685fcf8d0f17090be0d31e44,T308,T325,Support,2008
2008_2df2fe66a37a425639bd18e61e4cde24,2008_c676e360a632bfb0097f1a88dc9978db,T317,T300,Attack,2008
2008_afc668ca9418a55f7821d441f3118777,2008_1d7ef48b2686a1d7836a0e9d4b7f93b9,T328,T318,Attack,2008
2008_896f4acb89c6526a3af76411ae9bcf55,2008_596107b64e1cb39c1785d0869f32776d,T326,T329,Attack,2008
2008_da38af4dfe85443ab9c3ea78be423bbf,2008_896f4acb89c6526a3af76411ae9bcf55,T327,T326,Support,2008
2008_d04bb14e03079d6d75e8ccb6c042e7e6,2008_aa577f59b5dc2774cc9f7de2cfe97a75,T331,T330,Support,2008
2008_eed5a9b75ae73ff7516a245f93a34ad3,2008_886468e559d23acf30923c80f1f177ec,T333,T336,Support,2008
2008_e87ab9830f69e2c84b35206ecb77fe1c,2008_886468e559d23acf30923c80f1f177ec,T334,T336,Support,2008
2008_18c6043d833d644aa4db7d6e9dcf4554,2008_886468e559d23acf30923c80f1f177ec,T335,T336,Support,2008
2008_886468e559d23acf30923c80f1f177ec,2008_f9354c942c09b6faf2a4d7d1b9aea035,T336,T338,Support,2008
2008_4f290ef687e90652320340495068b417,2008_f9354c942c09b6faf2a4d7d1b9aea035,T337,T338,Support,2008
2008_9d8757b23c1f60fbf0faa4ba64f7d79c,2008_896f4acb89c6526a3af76411ae9bcf55,T13,T326,Attack,2008
2008_044b6b35e30f77e2ab74c8033b7e6acc,2008_53d2e8048a7aecdaada5b8ae692aa2f1,T205,T204,Support,2008
2008_4bab060ddef52ae58dc312d6618a2d57,2008_a81bc2a92bcbdb7912fb10cd336b3b4c,T206,T207,Support,2008
2008_e873d54471fbe68dd7bb7086a2335fcd,2008_a90fc33f6de8a65c12410720ae691af0,T200,T199,Attack,2008
2008_7cca8b175ec0aa8d4eac234f090c9536,2008_e873d54471fbe68dd7bb7086a2335fcd,T201,T200,Support,2008
2008_8f6200e7f550eae0326b08df892e9588,2008_7cca8b175ec0aa8d4eac234f090c9536,T202,T201,Attack,2008
2008_c64cd53153cc8ca8b35f4299f64f4f36,2008_8f6200e7f550eae0326b08df892e9588,T203,T202,Attack,2008
2008_cff7ee3ae215c545203265d8c3b68218,2008_a81bc2a92bcbdb7912fb10cd336b3b4c,T208,T207,Attack,2008
2008_b91a4c7058eff9d83ac370403506875f,2008_cff7ee3ae215c545203265d8c3b68218,T209,T208,Support,2008
2008_51fd1914d12196012cbbcb48d81950f0,2008_b91a4c7058eff9d83ac370403506875f,T210,T209,Attack,2008
2008_6fd899b9a119bfbc3a184c3e70e95d4f,2008_51fd1914d12196012cbbcb48d81950f0,T211,T210,Support,2008
2008_62a9a23453beb111d7f4ae875dac9054,2008_4327e4fad4fdab51cbeba8dc5f364311,T213,T212,Attack,2008
2008_13a7fe6ca1bc5cfd1c3e8a818055a3a0,2008_2fca106f75a3df73757a668ecc261c5c,T214,T215,Support,2008
2008_2fca106f75a3df73757a668ecc261c5c,2008_6eb23417da2e4f9d442994d84fd441e7,T215,T216,Attack,2008
2008_c2ddf5db23578d0ee91eb793eae87b62,2008_4eef09e8d66130de13a49db395b6eae0,T218,T217,Support,2008
2008_4eef09e8d66130de13a49db395b6eae0,2008_eff246f36461dd24b11beeb301bef53c,T217,T219,Attack,2008
2008_d1df3e0d08e2ad8b2e8d7a197155dd14,2008_a0f8090bfe513d107ed030b183550602,T220,T221,Attack,2008
2008_eff246f36461dd24b11beeb301bef53c,2008_a0f8090bfe513d107ed030b183550602,T219,T221,Support,2008
2008_b7351e547b1f8a5af50a7873322045a2,2008_a0f8090bfe513d107ed030b183550602,T222,T221,Attack,2008
2008_a0040f157278e5496da330f07557e340,2008_78573fb6116c26f547b3f6a9b2cab0c6,T225,T226,Support,2008
2008_78573fb6116c26f547b3f6a9b2cab0c6,2008_677a2b34b480ce980454a40f778043a4,T226,T224,Support,2008
2008_8d58a655b336daed1e9e843ddefa349e,2008_78573fb6116c26f547b3f6a9b2cab0c6,T227,T226,Attack,2008
2008_03cb7f152893990cd26ada723bddad0a,2008_8d58a655b336daed1e9e843ddefa349e,T228,T227,Support,2008
2008_c4280aebbaf67b213c95e31671358178,2008_c1ddb4dab89c1dda82587b40d3dfb1fd,T1,T229,Support,2008
2008_c1ddb4dab89c1dda82587b40d3dfb1fd,2008_03cb7f152893990cd26ada723bddad0a,T229,T228,Attack,2008
2008_677a2b34b480ce980454a40f778043a4,2008_530679696a5c5401634539c3c33191bd,T224,T223,Support,2008
2008_a43f673c9236257f218a69593561619b,2008_8c67e1947f048ed8ab4a28972e0a8627,T232,T233,Support,2008
2008_8c67e1947f048ed8ab4a28972e0a8627,2008_50c3073fc31a4b13fa6921fd2afa5ffe,T233,T234,Support,2008
2008_31df59626a360cc1ccd117ec7705d5df,2008_18a882577e9bc13f812f1d830c73d0e3,T231,T230,Support,2008
2008_18a882577e9bc13f812f1d830c73d0e3,2008_a43f673c9236257f218a69593561619b,T230,T232,Support,2008
2008_50c3073fc31a4b13fa6921fd2afa5ffe,2008_c1ddb4dab89c1dda82587b40d3dfb1fd,T234,T229,Attack,2008
2008_af884ebfd321be568677ce2efda2dcf6,2008_33db858c5b8a207d280196875de7cba9,T640,T639,Support,2008
2008_7ba289f73be17084f55b34ac3e070c3d,2008_33db858c5b8a207d280196875de7cba9,T638,T639,Attack,2008
2008_8e887694dcb3bee6d4711d0bfb3af7e6,2008_7ba289f73be17084f55b34ac3e070c3d,T641,T638,Support,2008
2008_fc3c387cc09cf44e2d033eaef36ea1af,2008_8e887694dcb3bee6d4711d0bfb3af7e6,T642,T641,Support,2008
2008_08e89ca19bac4d4d49f29999614fcd1c,2008_9bcfe10f1f302ff1bfab2b5ea4d563c2,T1,T2,Support,2008
2008_854fc8b8641059d3cebd5e9ef575e308,2008_e1fc1189bdd26b0679647385ce6895da,T644,T643,Support,2008
2008_d30ed9c0702ea6473c86d59163b83c55,2008_450191b549087f2c939751bbebd5d89c,T647,T646,Support,2008
2008_dd33246e15009439591a5007111c2a37,2008_88353ea3f9a53b4fba8b061b619f5969,T648,T649,Support,2008
2008_88353ea3f9a53b4fba8b061b619f5969,2008_450191b549087f2c939751bbebd5d89c,T649,T646,Support,2008
2008_90489ee6b629b4eff5c5e7db4b25bf03,2008_eb0e159b01b69a4e7c2f4b2d92246a29,T653,T652,Support,2008
2008_5628462b7243db68403ac654af907ac5,2008_eb0e159b01b69a4e7c2f4b2d92246a29,T651,T652,Support,2008
2008_450191b549087f2c939751bbebd5d89c,2008_eb0e159b01b69a4e7c2f4b2d92246a29,T646,T652,Support,2008
2008_e7e531eeec5099a74406f15ad8abd0f5,2008_53d1bb09b975d819bbbeb7fe1edb9687,T654,T655,Support,2008
2008_53d1bb09b975d819bbbeb7fe1edb9687,2008_90489ee6b629b4eff5c5e7db4b25bf03,T655,T653,Support,2008
2008_90489ee6b629b4eff5c5e7db4b25bf03,2008_243b8201fd9bbcf66554613c046170d3,T653,T656,Support,2008
2008_8ca1ebe8fae156f2313aa1fe6dc6d9f6,2008_7cc625af9cafce89b58fa38b9a1aa57b,T658,T657,Support,2008
2008_7cc625af9cafce89b58fa38b9a1aa57b,2008_bdc60198859a463e42c08413f7fdc9c5,T657,T659,Support,2008
2008_bdc60198859a463e42c08413f7fdc9c5,2008_d18d5967f14e94f4dd0db949564cf60e,T659,T660,Support,2008
2008_562665319226c206ce50e72186309d6f,2008_531f886bccbbc36534181c22e2e28427,T661,T662,Support,2008
2008_531f886bccbbc36534181c22e2e28427,2008_d18d5967f14e94f4dd0db949564cf60e,T662,T660,Support,2008
2008_51044c13586f5d94f28b998f8421a618,2008_2228a5a6917d867b914e46cda6760f14,T664,T663,Support,2008
2008_ecd4f8f3a75b25d1fd33ea5d648d799e,2008_51044c13586f5d94f28b998f8421a618,T665,T664,Support,2008
2008_2228a5a6917d867b914e46cda6760f14,2008_aa35609b8340919613093c3194d668de,T663,T666,Support,2008
2008_aa35609b8340919613093c3194d668de,2008_b2d2579605fc657993d111a1df9d8a98,T666,T667,Support,2008
2008_b1353fe35ec2c958fd4b68cfc1587adc,2008_1b2186b64aacac584cea1ea35681e353,T668,T669,Support,2008
2008_1b2186b64aacac584cea1ea35681e353,2008_46af980613e2fafa0ca96cb5626d176e,T669,T670,Support,2008
2008_46af980613e2fafa0ca96cb5626d176e,2008_f53138d75c7187f051e5243f0db9dbf0,T670,T671,Support,2008
2008_b2d2579605fc657993d111a1df9d8a98,2008_f53138d75c7187f051e5243f0db9dbf0,T667,T671,Support,2008
2008_2ca1f09d9b8ebdbbba491559d62aabca,2008_f53138d75c7187f051e5243f0db9dbf0,T672,T671,Support,2008
2008_6d53bdeb78d46ee6c45b2ecd0310932a,2008_f53138d75c7187f051e5243f0db9dbf0,T673,T671,Support,2008
2008_f53138d75c7187f051e5243f0db9dbf0,2008_e0a88842ca67cac93840889963fe1a68,T671,T674,Attack,2008
2008_94df83931c3c94c545f141901182c522,2008_424a1ac288ff722f0d0f91091af62794,T676,T675,Support,2008
2008_424a1ac288ff722f0d0f91091af62794,2008_e0a88842ca67cac93840889963fe1a68,T675,T674,Attack,2008
2008_d658e847161f53c3cd588f385de20279,2008_d674b0a9a95c3f79844a02c709707225,T678,T677,Support,2008
2008_970f08eda730b96951e0a4ffe990d8d2,2008_d674b0a9a95c3f79844a02c709707225,T679,T677,Support,2008
2008_9d6cd71aa3d0fac52c1ce50a215e54e3,2008_68fa82bb0be17cc3a04e8e9e64e03294,T680,T681,Support,2008
2008_68fa82bb0be17cc3a04e8e9e64e03294,2008_0649f4653299e4c9981ff990357a4b1e,T681,T682,Support,2008
2008_0649f4653299e4c9981ff990357a4b1e,2008_a02adea3aaa68d8e4ff7c0c4e5088931,T682,T683,Support,2008
2008_a02adea3aaa68d8e4ff7c0c4e5088931,2008_d674b0a9a95c3f79844a02c709707225,T683,T677,Support,2008
2008_cd89b4870c89319cb533d01aed67ac06,2008_59b29c9ed87435803f513989de66048b,T3,T684,Support,2008
2008_59b29c9ed87435803f513989de66048b,2008_fdc051d79775102e98fbe5516ce405e9,T684,T685,Support,2008
2008_fdc051d79775102e98fbe5516ce405e9,2008_4dd02c56226e4808e94bb1be06b9a2b6,T685,T686,Support,2008
2008_d674b0a9a95c3f79844a02c709707225,2008_4dd02c56226e4808e94bb1be06b9a2b6,T677,T686,Support,2008
2008_7bfc11a1113fd1d7099a1a6b3b4b552f,2008_4dd02c56226e4808e94bb1be06b9a2b6,T4,T686,Support,2008
2008_024b4ad85f451f0f81a1f809ad4b8ed0,2008_7bfc11a1113fd1d7099a1a6b3b4b552f,T5,T4,Support,2008
2008_725ecfc56051fec628a3f51653dde7d2,2008_b15982a141337220977bcc6a572dbece,T688,T689,Support,2008
2008_4dd02c56226e4808e94bb1be06b9a2b6,2008_b15982a141337220977bcc6a572dbece,T686,T689,Support,2008
2008_e9bd7617f089fbc08d3eb996cbc20c6d,2008_7bfc11a1113fd1d7099a1a6b3b4b552f,T687,T4,Attack,2008
2008_cb62b240c2540011f5b3d53305be021d,2008_b15982a141337220977bcc6a572dbece,T690,T689,Support,2008
2008_5c4987f2ce91849ac3f7410f0c64f73a,2008_28a8e21332dc5a837a4fb49430dd55c3,T692,T693,Support,2008
2008_b15982a141337220977bcc6a572dbece,2008_28a8e21332dc5a837a4fb49430dd55c3,T689,T693,Support,2008
2008_f15f175cba805f6b95b9d3f3a69661bc,2008_937d16c879d895c5d02ef3b8e4e5644f,T691,T694,Support,2008
2008_937d16c879d895c5d02ef3b8e4e5644f,2008_9f80e08cd8ecbfd8ebd7dc9569ae6b17,T694,T695,Support,2008
2008_e0a800c5c973c7704d7fcd19e4c81539,2008_bda5b9190191f0ff7022ec6310706336,T696,T697,Support,2008
2008_bda5b9190191f0ff7022ec6310706336,2008_b9edf9a0bc6cbf0b04f8db685bb73da3,T697,T698,Support,2008
2008_b9edf9a0bc6cbf0b04f8db685bb73da3,2008_9f80e08cd8ecbfd8ebd7dc9569ae6b17,T698,T695,Support,2008
2008_9f80e08cd8ecbfd8ebd7dc9569ae6b17,2008_bb7899cac470495e0fcece587edee05f,T695,T699,Support,2008
2008_c430289f0f758dc9bf9ccb6992f497c5,2008_bb7899cac470495e0fcece587edee05f,T700,T699,Support,2008
2008_a641c925ed5b06423b68a3199d3f6cdf,2008_bb7899cac470495e0fcece587edee05f,T701,T699,Support,2008
2008_bb2f93182942bea402b17968b62ff0bf,2008_bb7899cac470495e0fcece587edee05f,T703,T699,Support,2008
2008_4ad4964512abc2df2f1f68d7d1c6fe8a,2008_a2baf58f03f4c2bf7809a97f65aca89f,T6,T7,Attack,2008
2008_3185cae207794de845ad001d685d502d,2008_22eb80eec20afede6fddd3d703241d25,T705,T706,Support,2008
2008_38a2f86a30c87c2826fc8cb156754ce2,2008_22eb80eec20afede6fddd3d703241d25,T704,T706,Support,2008
2008_8315517f68d422b9d72a5df9f03d41a1,2008_b018039f72a79845e2d4f2ad2c1c6b92,T708,T709,Support,2008
2008_b018039f72a79845e2d4f2ad2c1c6b92,2008_d1036a9df0d750a417e4a941dab20826,T709,T707,Support,2008
2008_d1036a9df0d750a417e4a941dab20826,2008_35bf6c443f14e2d0a8be86d444595cef,T707,T710,Support,2008
2008_96d131a72445c70f21abd5a5c6133d6a,2008_c74426ba196a807bf2817ff4d02e1901,T711,T712,Support,2008
2008_c74426ba196a807bf2817ff4d02e1901,2008_4576537f56ff1eb1f8b70a3c8f42913c,T712,T713,Support,2008
2008_35bf6c443f14e2d0a8be86d444595cef,2008_96d131a72445c70f21abd5a5c6133d6a,T710,T711,Attack,2008
2008_9ca9e87e0a73640ec7d6ab92fa6e706e,2008_2e06c3b1ae370d5e24d7df4800d5adc0,T719,T718,Support,2008
2008_02d61efd538acf62431cbf78670815eb,2008_de31f6ee67e1045fc4118e9927cf40ce,T721,T720,Support,2008
2008_1c9c376ee23e58f5be09c5454dcd6394,2008_de31f6ee67e1045fc4118e9927cf40ce,T722,T720,Support,2008
2008_2e06c3b1ae370d5e24d7df4800d5adc0,2008_de31f6ee67e1045fc4118e9927cf40ce,T718,T720,Support,2008
2008_12ef0120ab78e13a3c996e9312b5c36b,2008_6ee421f05461d5eb716644ab09bcbb5c,T724,T723,Support,2008
2008_9d4d3b04c9e68857c81f21e74ede535a,2008_926818ea016cfb64d4e74ff607f17049,T725,T726,Support,2008
2008_926818ea016cfb64d4e74ff607f17049,2008_4a3787f356f758417a0cf4e8d0e96b75,T726,T727,Support,2008
2008_4a3787f356f758417a0cf4e8d0e96b75,2008_56667bde56063895949c8c3353fefd78,T727,T728,Support,2008
2008_8958b96baa419b8d35c8fa2066b96218,2008_ed8d519472f581e2ba34b6fcfce8688b,T730,T729,Support,2008
2008_56667bde56063895949c8c3353fefd78,2008_ed8d519472f581e2ba34b6fcfce8688b,T728,T729,Attack,2008
2008_4576537f56ff1eb1f8b70a3c8f42913c,2008_2fce3828cda6c3852e27e6b250028e5d,T713,T715,Support,2008
2008_5d126d22b5f4f6d7b5e5441f2b5d1ede,2008_74262a65800de2e842d5bbc3640f0b4c,T717,T716,Attack,2008
2008_0db66a8286d3ee7c52728e062de1d733,2008_45f4c2034a42b7515d61b4e49e7d67b5,T731,T732,Support,2008
2008_5f3c25675d10d4f4232bd41a63372200,2008_f5e03d268f44340b3aac7018a4386212,T734,T733,Support,2008
2008_a63a910719fa23ccd82c53a9a2b3c8ed,2008_6c54917186f8c05007548c37e05204af,T735,T736,Support,2008
2008_6c54917186f8c05007548c37e05204af,2008_f5e03d268f44340b3aac7018a4386212,T736,T733,Support,2008
2008_f92461644faea424eea5c1d06c9847b5,2008_a199b6c6b3a94ed11d4ebdd68436e011,T737,T738,Support,2008
2008_a199b6c6b3a94ed11d4ebdd68436e011,2008_f5e03d268f44340b3aac7018a4386212,T738,T733,Support,2008
2008_bb1839d6c24ebc99aeb035c851ea0438,2008_f5e03d268f44340b3aac7018a4386212,T739,T733,Support,2008
2008_f5e03d268f44340b3aac7018a4386212,2008_b2a6a42aa0742d56a86c290cbc1cfee5,T733,T740,Support,2008
2008_b73fc2525db74558d4e31d386c43e032,2008_40384aa90059c25ec9bf79f081122f6c,T11,T12,Support,2008
2008_1554633f64a99ea22fa0f385686dd6a2,2008_3a5886062b980e5505e08071d5d5cf64,T9,T542,Support,2008
2008_3a5886062b980e5505e08071d5d5cf64,2008_40384aa90059c25ec9bf79f081122f6c,T542,T12,Attack,2008
2008_b2a6a42aa0742d56a86c290cbc1cfee5,2008_2ca318c69a7f324626fd519409ea5103,T740,T742,Support,2008
2008_2ca318c69a7f324626fd519409ea5103,2008_c17740b820f1e1a119ff97e2161ea4b8,T742,T741,Attack,2008
2008_227209a757caaa31e1aec3b8c8e98a12,2008_c17740b820f1e1a119ff97e2161ea4b8,T10,T741,Support,2008
2008_d296e052a9753239826f7cdc631588fe,2008_4576537f56ff1eb1f8b70a3c8f42913c,T8,T713,Equivalent,2008
2008_af90e03ed5a193d9666d8d3bea6566c8,2008_5057b047d309cd0d1b25e2155590f1f1,T3,T4,Support,2008
2008_5057b047d309cd0d1b25e2155590f1f1,2008_cf0b3b832656d7099ed46ca0d6def97e,T4,T2,Support,2008
2008_67a7834f504ec47ffcc8c9d40957e87e,2008_cf0b3b832656d7099ed46ca0d6def97e,T5,T2,Attack,2008
2008_9bd16456dd96d523b16fc89ae1952076,2008_42270bd6e692b81d872e1fe3fed667d1,T6,T14,Support,2008
2008_42270bd6e692b81d872e1fe3fed667d1,2008_67a7834f504ec47ffcc8c9d40957e87e,T14,T5,Support,2008
2008_8e733401e1f1e3035136dbaea8bcfaca,2008_67a7834f504ec47ffcc8c9d40957e87e,T7,T5,Support,2008
2008_a221fc7eb5f274a9a524f5b679279742,2008_67a7834f504ec47ffcc8c9d40957e87e,T8,T5,Support,2008
2008_f7467549c27e2337e58b8f112ec9eb70,2008_67a7834f504ec47ffcc8c9d40957e87e,T9,T5,Support,2008
2008_fb2483e9b771551a3cfe83a3e8e9ffe5,2008_c5da93228412101c57646c900ef00ec0,T11,T12,Support,2008
2008_45bafad5d3ed553c1fd7fdadd7721702,2008_c5da93228412101c57646c900ef00ec0,T13,T12,Support,2008
2008_c5da93228412101c57646c900ef00ec0,2008_552e0730243eb62f7364e88f071cbe8b,T12,T10,Attack,2008
2008_67a7834f504ec47ffcc8c9d40957e87e,2008_c5da93228412101c57646c900ef00ec0,T5,T12,Support,2008
2008_2a0ad3355eab575a704d502c3ec14234,2008_79dc0ffacf6af756bf2d7dbe4e4786a4,T21,T22,Support,2008
2008_57abbbf116d5d180e5ab2796e5a68df3,2008_2a0ad3355eab575a704d502c3ec14234,T20,T21,Support,2008
2008_79dc0ffacf6af756bf2d7dbe4e4786a4,2008_38bd5cafb924e3aa82fc00a7656c68c7,T22,T19,Support,2008
2008_c9e3686e7fe388eb33abf2e982ba4f32,2008_5e20e952e5979a5fa98d2544ec1a2f53,T49,T16,Support,2008
2008_e97d62484331f63a56f1fd62042ff1c4,2008_5e20e952e5979a5fa98d2544ec1a2f53,T39,T16,Support,2008
2008_8437a9616c4b6f7bb628df9b3647f1f7,2008_5e20e952e5979a5fa98d2544ec1a2f53,T15,T16,Support,2008
2008_38bd5cafb924e3aa82fc00a7656c68c7,2008_5e20e952e5979a5fa98d2544ec1a2f53,T19,T16,Attack,2008
2008_7bdefbab1c78242f75289c9fc793c1aa,2008_1aa0c3d11677740246d38dfa818a845a,T18,T17,Support,2008
2008_1aa0c3d11677740246d38dfa818a845a,2008_38bd5cafb924e3aa82fc00a7656c68c7,T17,T19,Support,2008
2008_bad2d4b4839097fac9b91fd8b502e9c6,2008_40c86df6e60cec93d128aee32b81d9a8,T24,T23,Support,2008
2008_2867c767812b8f585aed748af8c83fa3,2008_40c86df6e60cec93d128aee32b81d9a8,T25,T23,Support,2008
2008_9e8e6bc269df521e55483b8ef6249633,2008_40c86df6e60cec93d128aee32b81d9a8,T26,T23,Support,2008
2008_40c86df6e60cec93d128aee32b81d9a8,2008_ea7840a191b1a5d457f41c29d5d0b063,T23,T27,Support,2008
2008_ea7840a191b1a5d457f41c29d5d0b063,2008_212650c0234a01c9fedd386c7fad448f,T27,T28,Support,2008
2008_fb3944a2cf7e18990664743a8a9125c1,2008_ac77993a260e283c168a23aa05898ae2,T31,T30,Attack,2008
2008_c49722a3ea29bafa54f3787c17537bbd,2008_ac77993a260e283c168a23aa05898ae2,T29,T30,Support,2008
2008_fb3944a2cf7e18990664743a8a9125c1,2008_a66820085b4e55ad88a0724453b25bb1,T31,T32,Support,2008
2008_448d626deaeb7599193309e1f88f2116,2008_a66820085b4e55ad88a0724453b25bb1,T33,T32,Support,2008
2008_5d3fe322ffaa1023e2e97df37ebadffb,2008_a13641ce0939da060ebd0e0275f89d04,T34,T35,Support,2008
2008_f2706891b8492f387e94e8d19ab0b442,2008_a13641ce0939da060ebd0e0275f89d04,T36,T35,Support,2008
2008_5c8d836d3b4f91590e3b3898610ed290,2008_a13641ce0939da060ebd0e0275f89d04,T37,T35,Support,2008
2008_a13641ce0939da060ebd0e0275f89d04,2008_bcc60f3a730687aff66fead9746d887f,T35,T38,Support,2008
2008_bcc60f3a730687aff66fead9746d887f,2008_a66820085b4e55ad88a0724453b25bb1,T38,T32,Attack,2008
2008_5e62a52cc961befbef592ac099d47865,2008_e5536ed893878d65f41f404a4c2f158d,T43,T42,Support,2008
2008_d93cb0b3df679d38663e9c8bebb81320,2008_e5536ed893878d65f41f404a4c2f158d,T41,T42,Attack,2008
2008_5551adf5194139db7f06f22ee28b415a,2008_d93cb0b3df679d38663e9c8bebb81320,T40,T41,Support,2008
2008_aee9a8ceba3d94c1b64a2e1a89fa51e7,2008_63af9d1f873ff9ddb7297eb251902083,T45,T44,Attack,2008
2008_e5536ed893878d65f41f404a4c2f158d,2008_63af9d1f873ff9ddb7297eb251902083,T42,T44,Support,2008
2008_97227782395f272dd4084b9aef564540,2008_aee9a8ceba3d94c1b64a2e1a89fa51e7,T47,T45,Support,2008
2008_7ca0df543ce2d735f45ddfa4ad6855de,2008_97227782395f272dd4084b9aef564540,T48,T47,Support,2008
2008_e60868b8c87ced3557290afc9bb0216b,2008_2e4362e773a2d30dc2d2584639dba7ec,T833,T832,Support,2008
2008_9d56df746d28a88d5ad341b709efe270,2008_d299561a97ccd2fcc50b456e2df24449,T844,T843,Support,2008
2008_d299561a97ccd2fcc50b456e2df24449,2008_83653f609715905722060de3434fe91f,T843,T842,Support,2008
2008_83653f609715905722060de3434fe91f,2008_3186cc8fbc27b7b5528fa824c31e74c0,T842,T845,Attack,2008
2008_3fa99ce133a926e064433c5146d6cb13,2008_4ffef9687c2a3a16cb5be1c702080526,T838,T837,Support,2008
2008_cc8102c47340923f802dc651eab164c9,2008_3186cc8fbc27b7b5528fa824c31e74c0,T835,T845,Support,2008
2008_5c4bc7bf739a6d4d3a23b5c61af8febf,2008_3186cc8fbc27b7b5528fa824c31e74c0,T836,T845,Support,2008
2008_4ffef9687c2a3a16cb5be1c702080526,2008_3186cc8fbc27b7b5528fa824c31e74c0,T837,T845,Support,2008
2008_f73b4c0273737f9ac72a7366cde3c426,2008_bc337b9d5c89d857f458306c45f66f90,T847,T846,Support,2008
2008_bc337b9d5c89d857f458306c45f66f90,2008_3186cc8fbc27b7b5528fa824c31e74c0,T846,T845,Support,2008
2008_5f257b3d22d06f36ac68265fb3749ec0,2008_8e96bdc9fb86e4546a408919e73d9fab,T850,T849,Support,2008
2008_b734a9ce5e4e7a136152fd36c0892318,2008_8e96bdc9fb86e4546a408919e73d9fab,T851,T849,Support,2008
2008_6115ad32b9df5d38dfab230cc47f2f74,2008_e96c22e6f1367dd62baf9c55bcd415b2,T839,T840,Support,2008
2008_e96c22e6f1367dd62baf9c55bcd415b2,2008_8c254bf8594467a4d9bcf4ac714f150a,T840,T853,Support,2008
2008_950d490e10abaada658acb9e787f41c1,2008_8e96bdc9fb86e4546a408919e73d9fab,T852,T849,Support,2008
2008_8c254bf8594467a4d9bcf4ac714f150a,2008_8e96bdc9fb86e4546a408919e73d9fab,T853,T849,Support,2008
2008_8e96bdc9fb86e4546a408919e73d9fab,2008_eea0fb186f3727a81cf3b7649bb9ad03,T849,T854,Support,2008
2008_d1cf6214ce139e029ce72e3891c8b64c,2008_78120aecebda6eff60c5e0d72ef1836f,T857,T856,Support,2008
2008_960e672ab7fd303621b3343fb351168c,2008_4c8c132a1ad31e14f0431c8e2e20b1c5,T855,T858,Support,2008
2008_b2d0fa40565ad0684d878417b2e59e6d,2008_66710f293a1a27fa2bdcb8efdb4501a6,T859,T841,Support,2008
2008_275c50f031744f2677fc996ae5320463,2008_b2d0fa40565ad0684d878417b2e59e6d,T860,T859,Support,2008
2008_e4cc1071938d806b8fe5d51a3a5177d4,2008_b2d0fa40565ad0684d878417b2e59e6d,T861,T859,Support,2008
2008_e6c178229c2c0e07f78dcee5e027d7c3,2008_eea0fb186f3727a81cf3b7649bb9ad03,T1,T854,Support,2008
2008_64e46fdc9b29bc6cdc7a5fee560212e5,2008_e6c178229c2c0e07f78dcee5e027d7c3,T867,T1,Support,2008
2008_2ed9c8a802f5e0297474ea686566a004,2008_64e46fdc9b29bc6cdc7a5fee560212e5,T868,T867,Support,2008
2008_e45f2ea20b0ec85a03ee15ebb974ed5e,2008_64e46fdc9b29bc6cdc7a5fee560212e5,T869,T867,Support,2008
2008_d7a2f5f6b3901cb53f07f14a63c0a198,2008_e040ca676f7b1d87a4c19fcc785a5fab,T872,T871,Support,2008
2008_e040ca676f7b1d87a4c19fcc785a5fab,2008_60d0848427319660b9ee421e4c7e6ed2,T871,T870,Support,2008
2008_60d0848427319660b9ee421e4c7e6ed2,2008_e6c178229c2c0e07f78dcee5e027d7c3,T870,T1,Support,2008
2008_41b100a41436aaaa33086cffaa1e7746,2008_3a4a9477eb5622fd309cd9c67fb1c9f0,T863,T874,Support,2008
2008_81132f73d52dfb7a3067bf7a9f173392,2008_3a4a9477eb5622fd309cd9c67fb1c9f0,T873,T874,Support,2008
2008_3a4a9477eb5622fd309cd9c67fb1c9f0,2008_e6c178229c2c0e07f78dcee5e027d7c3,T874,T1,Support,2008
2008_8a3dc93df71e6bb89c939188518843b7,2008_41b100a41436aaaa33086cffaa1e7746,T864,T863,Support,2008
2008_60d0848427319660b9ee421e4c7e6ed2,2008_21cfe4b306a303e2228babae9be7ac36,T870,T865,Support,2008
2008_f67c425bd8aed5c3d0c56b234ec90adf,2008_c3537acbe4bb53ee94c04aa777237131,T875,T866,Support,2008
2008_faf17b35467228bcda83e221d18bbddf,2008_c3537acbe4bb53ee94c04aa777237131,T876,T866,Support,2008
2008_c3537acbe4bb53ee94c04aa777237131,2008_e6c178229c2c0e07f78dcee5e027d7c3,T866,T1,Support,2008
2008_658ddb592d061a8ae2b2f8732cdc0e29,2008_e8064f1b83688064c8d3bd6cd8d9480d,T878,T877,Support,2008
2008_e19d6b99c8fe6e40007351860e4a23c9,2008_1b29b8406e152f90f34e9763ccc97e71,T882,T881,Support,2008
2008_2fde1ede57d4580c2caabddaa28e0ca1,2008_8253c9e4f1fe0cd538988598bc4d2006,T887,T884,Support,2008
2008_329a14fe28743f91836912c79de3e977,2008_8253c9e4f1fe0cd538988598bc4d2006,T885,T884,Support,2008
2008_8253c9e4f1fe0cd538988598bc4d2006,2008_04d5b2b3eaa3038ce93171bf264b95d4,T884,T886,Support,2008
2008_04d5b2b3eaa3038ce93171bf264b95d4,2008_1b29b8406e152f90f34e9763ccc97e71,T886,T881,Support,2008
2008_52edf0e6ee3144613ceb1ed82cd8e41c,2008_1b29b8406e152f90f34e9763ccc97e71,T883,T881,Support,2008
2008_21fe06c8db5d73584b529a007f9be4bd,2008_884438dd845c753904ae6e08850a680a,T889,T890,Support,2008
2008_884438dd845c753904ae6e08850a680a,2008_c6a84225142ac4ff6424a3f3a1d2ac3d,T890,T891,Support,2008
2008_7ae630b1d5cfc86ea5963715518c273f,2008_962b5aebd05e20745111745df8342d17,T895,T894,Support,2008
2008_d50608d96fd679bb3084c37b07235390,2008_962b5aebd05e20745111745df8342d17,T896,T894,Support,2008
2008_e58847f4c59b4ec7767664a0ecd04c4a,2008_0f880d180519735827825942041de1f2,T893,T892,Support,2008
2008_9a6b25b34519957f22a6d2a8a18a5a96,2008_1c54e098a0003a8f39dafb1fb18e01ec,T898,T899,Support,2008
2008_1c54e098a0003a8f39dafb1fb18e01ec,2008_b8217631f515083367436690577bacef,T899,T897,Support,2008
2008_962b5aebd05e20745111745df8342d17,2008_b8217631f515083367436690577bacef,T894,T897,Support,2008
2008_b8217631f515083367436690577bacef,2008_cffb5a8dc4e0c1c4111898bafe39e832,T897,T900,Support,2008
2008_edf61d11bbaac4251833da1ae743574d,2008_cffb5a8dc4e0c1c4111898bafe39e832,T901,T900,Support,2008
2008_cffb5a8dc4e0c1c4111898bafe39e832,2008_facfce87212ee33bf537d62c11345882,T900,T888,Support,2008
2008_de5be52dd3542b0719b049591b372164,2008_3331edb76e3e29a08c2c6ab131d98f2d,T920,T909,Support,2008
2008_aab33833905335c206d826622347c402,2008_3331edb76e3e29a08c2c6ab131d98f2d,T919,T909,Support,2008
2008_3331edb76e3e29a08c2c6ab131d98f2d,2008_9ee8ac6ba5f1826c7164bdec05a99741,T909,T902,Support,2008
2008_8ad01d7055b3ff916ae87542d2e5b6ef,2008_276feb9f0adabc726f40afe8acbb3135,T918,T910,Support,2008
2008_276feb9f0adabc726f40afe8acbb3135,2008_3331edb76e3e29a08c2c6ab131d98f2d,T910,T909,Attack,2008
2008_7516543d60c17f1372f373925be32438,2008_276feb9f0adabc726f40afe8acbb3135,T917,T910,Support,2008
2008_5fcfddaaf2013f1ad0dd6610f14729f1,2008_3331edb76e3e29a08c2c6ab131d98f2d,T911,T909,Attack,2008
2008_48d6ca0be3660ebf961f7328648b8b65,2008_0a4a8839f92ffc6f3ad78b52a272c0e4,T913,T912,Support,2008
2008_874549b1cc6067f285683b51154ed2f6,2008_0a4a8839f92ffc6f3ad78b52a272c0e4,T914,T912,Support,2008
2008_6fa4cad5f6b63847cd5be2ebabfa9745,2008_e87eac2d8783b413481989abbd3852f4,T916,T915,Support,2008
2008_e87eac2d8783b413481989abbd3852f4,2008_3331edb76e3e29a08c2c6ab131d98f2d,T915,T909,Attack,2008
2008_8d8c6aa171a49b842d4585728847310d,2008_48536d9feb110dab2697d3f8ecc8d617,T904,T903,Support,2008
2008_48536d9feb110dab2697d3f8ecc8d617,2008_3331edb76e3e29a08c2c6ab131d98f2d,T903,T909,Attack,2008
2008_691c789bf4a708611140cb73cb763093,2008_fcf916e3d8ec154ca2ac7aa1f3d52532,T905,T906,Support,2008
2008_dea81f6918dc00df7eec47b15ab3cde3,2008_70d31f9ee2fdb5dff0c960b30bc0c63b,T908,T907,Support,2008
2008_8eae328bcbbae1e13ca40e962690c0eb,2008_1960319a4d36ff1e92d880798c5526a1,T921,T922,Support,2008
2008_afd036267530df112abff6ce3d0ffe4c,2008_1960319a4d36ff1e92d880798c5526a1,T926,T922,Support,2008
2008_aa752bfda70f5c5f1966bf5fbb1e2ba9,2008_afd036267530df112abff6ce3d0ffe4c,T927,T926,Support,2008
2008_f636c4f3871efa5cc2cc35337ca48d6f,2008_afd036267530df112abff6ce3d0ffe4c,T928,T926,Support,2008
2008_dc85227bbe560f923e6af865f174cf67,2008_1d6618f40b55585758832c807aba95e4,T925,T923,Support,2008
2008_1d6618f40b55585758832c807aba95e4,2008_3331edb76e3e29a08c2c6ab131d98f2d,T923,T909,Attack,2008
2008_2f7e12c2d19f9f17051ec6edf25c2377,2008_1d6618f40b55585758832c807aba95e4,T924,T923,Support,2008
2008_2ce9cd83184b89b4951113ff5e550907,2008_cbbc065bb475d5e101b0df25d311835f,T930,T929,Support,2008
2008_e41d3df4c51e44b62228dfa1d73b557f,2008_2ce9cd83184b89b4951113ff5e550907,T931,T930,Attack,2008
2008_e4fc34c5953b3cb2ec0d4283378b701b,2008_94d108505d2c914f3f36638fc47c8ec6,T935,T934,Support,2008
2008_94d108505d2c914f3f36638fc47c8ec6,2008_1bafb625bfc2dc5c4064bac161471992,T934,T932,Support,2008
2008_995c1ccf9f5e6c60527e8b40136bca7a,2008_1bafb625bfc2dc5c4064bac161471992,T933,T932,Support,2008
2008_b1086f8b38102ca7cd79770bdae171c4,2008_2315f9a18ffc22568ebc0b8ca7d13720,T937,T936,Support,2008
2008_fa277235fac9368f4a4b7f1f7a861702,2008_83810876b2006c500aaba3926867fb24,T940,T939,Support,2008
2008_e331cb8dbb9fe3d16a0f24c339d58095,2008_83810876b2006c500aaba3926867fb24,T941,T939,Support,2008
2008_ca7e8f5ee36fe20713f9fb340544a407,2008_1c22defd482eb3e0e2a1193f7f9c4ad8,T944,T945,Support,2008
2008_1c22defd482eb3e0e2a1193f7f9c4ad8,2008_61270a1fe73ed158cd00f2a58b1cd152,T945,T942,Support,2008
2008_38e10436bc970ee4a6927cdccfd7bf85,2008_61270a1fe73ed158cd00f2a58b1cd152,T938,T942,Support,2008
2008_38e10436bc970ee4a6927cdccfd7bf85,2008_6d2f8e73f3c31ddcb7b6bb907c9548cc,T938,T943,Support,2008
2008_6d2f8e73f3c31ddcb7b6bb907c9548cc,2008_1c518ad61989a76d7c26065a4c223a63,T943,T947,Support,2008
2008_61270a1fe73ed158cd00f2a58b1cd152,2008_1c518ad61989a76d7c26065a4c223a63,T942,T947,Support,2008
2008_1773d2143a7899d18b23e6ce17cd557f,2008_5ce642ed3b8a2064c6fe39bc0bb4558f,T948,T949,Support,2008
2008_a19a0ff75d7e0af183615cd2fc62b925,2008_29cc95890d4168f81ae82d3bef84ef36,T953,T952,Support,2008
2008_95a06dfef966ece5d563c806efefefe1,2008_29cc95890d4168f81ae82d3bef84ef36,T954,T952,Support,2008
2008_2a84d2ee3b70259487b4c8026e962ac2,2008_29cc95890d4168f81ae82d3bef84ef36,T951,T952,Support,2008
2008_66710f293a1a27fa2bdcb8efdb4501a6,2008_2e4362e773a2d30dc2d2584639dba7ec,T841,T832,Equivalent,2008
2008_eea0fb186f3727a81cf3b7649bb9ad03,2008_78120aecebda6eff60c5e0d72ef1836f,T854,T856,Equivalent,2008
2008_eea0fb186f3727a81cf3b7649bb9ad03,2008_8e96bdc9fb86e4546a408919e73d9fab,T854,T849,Equivalent,2008
2008_eea0fb186f3727a81cf3b7649bb9ad03,2008_f1b0af92a47be3ed87be41575b439073,T854,T834,Equivalent,2008
2008_81132f73d52dfb7a3067bf7a9f173392,2008_60d0848427319660b9ee421e4c7e6ed2,T873,T870,Equivalent,2008
2008_f6419171a666b9a9a441806d61020741,2008_1c22defd482eb3e0e2a1193f7f9c4ad8,T946,T945,Equivalent,2008
2008_b2b8941860a07d659ea924cd9ce8c79b,2008_3e5d9feb8e43fbfba656dfe908795c10,T776,T775,Support,2008
2008_3e5d9feb8e43fbfba656dfe908795c10,2008_1d85d0d9bd6262bc4dddca93ad44f7ef,T775,T774,Support,2008
2008_1528767cc9cad04be43eae418693b9b9,2008_1d85d0d9bd6262bc4dddca93ad44f7ef,T777,T774,Support,2008
2008_eac0c16e7357ad3f7fec38b110adb3c9,2008_369bb165113f006882dac218309f2264,T779,T778,Support,2008
2008_a33e5eb454edde6b09ba0f19df32a20e,2008_369bb165113f006882dac218309f2264,T780,T778,Support,2008
2008_56f4fa37cc828d2786757736bc552e2c,2008_e3ed2dd71c9fead9f7a675654a56c52c,T784,T783,Support,2008
2008_e3ed2dd71c9fead9f7a675654a56c52c,2008_ad8cb25debb3529457b36d7025a905ab,T783,T1,Equivalent,2008
2008_c16983e82368b6f92a2150640ba1e875,2008_86fab0ead9f318857f6174edee3fc86b,T785,T788,Support,2008
2008_a0e9f37690d5034206f7d8366c8d4273,2008_86fab0ead9f318857f6174edee3fc86b,T786,T788,Support,2008
2008_86de3d217d003791235b31fa22508d73,2008_86fab0ead9f318857f6174edee3fc86b,T787,T788,Support,2008
2008_8447f4f78fc1d2dffddb36a48f9db89a,2008_20c101406ca69098c33936720b322228,T792,T793,Support,2008
2008_9f9ca0f722072e25a425868eea2ee95c,2008_0d825e1e72ff0c9ca16ce1580dc77b77,T795,T796,Support,2008
2008_0d825e1e72ff0c9ca16ce1580dc77b77,2008_0a36e45adafaa10828c82ce2d5265f79,T796,T797,Support,2008
2008_8083d5e21d9cc8828d55ad0c345c3b58,2008_0a36e45adafaa10828c82ce2d5265f79,T798,T797,Support,2008
2008_23b7c5d562621bee71225448adfd0295,2008_c9b4a7abac67800f5a334231d20b9242,T804,T803,Support,2008
2008_b3591000ec1454f09366af665e50051d,2008_c9b4a7abac67800f5a334231d20b9242,T805,T803,Support,2008
2008_774810e1f5a9ade135603b81262e6273,2008_c9b4a7abac67800f5a334231d20b9242,T806,T803,Support,2008
2008_c9b4a7abac67800f5a334231d20b9242,2008_792dbe577cf39248765014b8055b1e53,T803,T802,Support,2008
2008_0b6d55741f78edf696aae225b037821a,2008_792dbe577cf39248765014b8055b1e53,T807,T802,Support,2008
2008_f2a876f6d93b9b7bff2ca7e4ddb07af2,2008_792dbe577cf39248765014b8055b1e53,T808,T802,Support,2008
2008_830360e0155e0741baa0d6adbe2d9bf2,2008_b05c0aae3ce2fca8b3cd585a40ca6c6e,T809,T810,Support,2008
2008_b05c0aae3ce2fca8b3cd585a40ca6c6e,2008_792dbe577cf39248765014b8055b1e53,T810,T802,Support,2008
2008_19c0be8c7520f21218d75ca84312953d,2008_b05c0aae3ce2fca8b3cd585a40ca6c6e,T811,T810,Attack,2008
2008_3705c8f9f07908c2e6623b40cc05e40a,2008_b05c0aae3ce2fca8b3cd585a40ca6c6e,T812,T810,Attack,2008
2008_3705c8f9f07908c2e6623b40cc05e40a,2008_a8e876cafa0bc326dfcebc33695ad087,T812,T813,Support,2008
2008_19c0be8c7520f21218d75ca84312953d,2008_a8e876cafa0bc326dfcebc33695ad087,T811,T813,Support,2008
2008_a8e876cafa0bc326dfcebc33695ad087,2008_4a3a58cda872b9aafc8166507dd007c4,T813,T814,Support,2008
2008_4a3a58cda872b9aafc8166507dd007c4,2008_f91fa52da0bd9b70083588ca4eccbca1,T814,T815,Support,2008
2008_792dbe577cf39248765014b8055b1e53,2008_f91fa52da0bd9b70083588ca4eccbca1,T802,T815,Support,2008
2008_afb8df6e2934d87409a24e15d4589b54,2008_4ee81647fe741b8c824e6a9dd729c8ac,T657,T656,Support,2008
2008_7a5ec5adecf0e4874fb3159a613cf19e,2008_1c1cab174da9c946af57a982b17dfe0b,T666,T5,Support,2008
2008_4ae2261aedfa8695e558a4d438abc1ca,2008_1c1cab174da9c946af57a982b17dfe0b,T667,T5,Support,2008
2008_6e34806c5e8d6ff20193ca83fa826113,2008_1c1cab174da9c946af57a982b17dfe0b,T668,T5,Support,2008
2008_9306c608becdd7918d6f99fea911788b,2008_65fba41affd203c83a9f72e0fbb29beb,T660,T659,Support,2008
2008_1c1cab174da9c946af57a982b17dfe0b,2008_65fba41affd203c83a9f72e0fbb29beb,T5,T659,Support,2008
2008_cd50bd36d054f48e460e07fec1e71f64,2008_1c1cab174da9c946af57a982b17dfe0b,T665,T5,Support,2008
2008_b4f3bb885d1cb87332cf859358afca7d,2008_9306c608becdd7918d6f99fea911788b,T664,T660,Support,2008
2008_982c9720eecdd816c8398d35d9937a7e,2008_65fba41affd203c83a9f72e0fbb29beb,T662,T659,Support,2008
2008_abd2bb08f348c50d9b99b42a9c116751,2008_982c9720eecdd816c8398d35d9937a7e,T663,T662,Support,2008
2008_4aec2141c5af66b3e4cf4e80909b2982,2008_65fba41affd203c83a9f72e0fbb29beb,T661,T659,Support,2008
2008_1eca2da157323c92adb45c0fa67dd935,2008_4aec2141c5af66b3e4cf4e80909b2982,T669,T661,Support,2008
2008_b6c14091d9060e7724ec66c509ae519f,2008_a1e3af64ea9f2e9ae6a03539bbdbee34,T671,T673,Support,2008
2008_7bf530be7ccdfb2080a484dd6d687510,2008_a1e3af64ea9f2e9ae6a03539bbdbee34,T672,T673,Support,2008
2008_ca3db518690e9055b5d6653f93e7187a,2008_a1e3af64ea9f2e9ae6a03539bbdbee34,T670,T673,Support,2008
2008_346ec095c0801b7f5fe75dd4987d4af4,2008_cb406bf3ccf2c6739ad28ef8e5618380,T679,T680,Support,2008
2008_7c0779135cdac6a4b15ef188e9618d84,2008_1f675c6121d00b91fd8605393ad0e88b,T683,T682,Support,2008
2008_cf4e9651f3d1e898d82f5d67ed574f13,2008_c4c3694161406f4e7656a1a9c09bab50,T686,T685,Support,2008
2008_dfbda1b3f6dcfe4a0fc11459abfbf126,2008_c4c3694161406f4e7656a1a9c09bab50,T687,T685,Support,2008
2008_8d31bfac4a0a85a95becfc99a1eca2ef,2008_c4c3694161406f4e7656a1a9c09bab50,T688,T685,Support,2008
2008_a60e2247e5d01fc6e6bc8b7561685832,2008_c4c3694161406f4e7656a1a9c09bab50,T684,T685,Support,2008
2008_433fe373218235d7a2166277333040cc,2008_9d568f54dda94b93c46955aebca1b9ac,T691,T1,Support,2008
2008_fe40e846d48cfcadbd5114139f330275,2008_a9eee7e361db6ce104f051c55b2529aa,T2,T692,Support,2008
2008_6c3f6929cf004fe3c2459d0ac200f476,2008_2b5870f48920b639487e0e073fbadc4d,T3,T693,Support,2008
2008_2b5870f48920b639487e0e073fbadc4d,2008_433fe373218235d7a2166277333040cc,T693,T691,Support,2008
2008_a9eee7e361db6ce104f051c55b2529aa,2008_433fe373218235d7a2166277333040cc,T692,T691,Support,2008
2008_4916d3c182b6317bcc8f270affa0f22d,2008_0c0da8fa596b92b629eb0a2bfe22c363,T697,T696,Attack,2008
2008_d65f9c7c5c9c33afab09f84b2b251d7e,2008_321a529be2e653727a05e33e2e426ca8,T699,T698,Support,2008
2008_4328629919e96c9415b4ab040e503eac,2008_14ff5d71de40d22603a654f8a7805229,T701,T700,Support,2008
2008_321a529be2e653727a05e33e2e426ca8,2008_14ff5d71de40d22603a654f8a7805229,T698,T700,Support,2008
2008_c7ca02b612410e327865d72b203ac37d,2008_ae26a59ff2912da0150bcad713157c57,T705,T704,Support,2008
2008_f076e872dc663b5370e200effb3e7006,2008_c7ca02b612410e327865d72b203ac37d,T707,T705,Support,2008
2008_95838109140cb76d82eaede2fab419d2,2008_1f470f40728be1a2ec3d3cea7c04ce00,T708,T706,Support,2008
2008_d34746a6861dc4281a8eedabae8bdb64,2008_965d10f645ed0392b52dcbc240f22304,T6,T703,Attack,2008
2008_710b86c99f275b7b040e4fc886377baa,2008_d34746a6861dc4281a8eedabae8bdb64,T711,T6,Attack,2008
2008_01977983036a02bcd069e81c13bf3fa2,2008_ed1b9368ad179d24bb044aa54b6bfbc3,T710,T709,Support,2008
2008_b109955efae417061ef9dd3b0a2595a9,2008_11218a85b7793c7d61b989b8e8e9dc7f,T715,T713,Support,2008
2008_35c7b41fd2c5335764e96c8f0feb7305,2008_a49528fa382f1e517267951a0ac07ff5,T719,T717,Support,2008
2008_35c7b41fd2c5335764e96c8f0feb7305,2008_114078c6f43c6d96f8b54a21b18a0e9e,T719,T723,Support,2008
2008_a49528fa382f1e517267951a0ac07ff5,2008_114078c6f43c6d96f8b54a21b18a0e9e,T717,T723,Support,2008
2008_716ab4705d6060e38527c899d9b23b99,2008_f1c5bbf72f5b1962104ad3671e1786d8,T721,T720,Support,2008
2008_9380cb44e067fb9c53e3bf51a725faf7,2008_bac7edf350286090799dc987398c1440,T725,T724,Support,2008
2008_07b1b4606c5aefa4e8cccd99b39b15a9,2008_808231b93215c81f52e2e93dbdb361fb,T727,T726,Support,2008
2008_c69c151db4d9b2cda54dcf43d610b17b,2008_6e45c7b071722a2353dbfd26f442df83,T731,T730,Support,2008
2008_45f31ac8a9478f0c4d7dcc01b9e50e5c,2008_6e45c7b071722a2353dbfd26f442df83,T729,T730,Support,2008
2008_6e45c7b071722a2353dbfd26f442df83,2008_88f41572593288ca7f024a73df16e0ca,T730,T728,Support,2008
2008_f2edff1a95396ad42b5dd96a281f2fe2,2008_c83dfd087551e16d621455c780471777,T735,T736,Support,2008
2008_69d21229f9deb1244a416daa8eb15af2,2008_c83dfd087551e16d621455c780471777,T746,T736,Support,2008
2008_630b175ffdf5ac1b952071fa4d34eac9,2008_a1b19370264b5068d2df6273debea98c,T738,T740,Support,2008
2008_2fd8a628ea69f5a1103f243a549798d5,2008_a1b19370264b5068d2df6273debea98c,T739,T740,Support,2008
2008_c3e09d201b5bd4be0f03e65f89fd48bd,2008_a1b19370264b5068d2df6273debea98c,T741,T740,Support,2008
2008_c880bca7600e575695b397acd5a41249,2008_a1b19370264b5068d2df6273debea98c,T742,T740,Support,2008
2008_07470a0f38ab9707d352ace39e4ad1ac,2008_c880bca7600e575695b397acd5a41249,T743,T742,Support,2008
2008_c942d1b898210916d10bf3f52754da7b,2008_07470a0f38ab9707d352ace39e4ad1ac,T744,T743,Support,2008
2008_ec13349c8e55cb4535835b4cf7cf683f,2008_c942d1b898210916d10bf3f52754da7b,T745,T744,Support,2008
2008_ad6d087e0b6bc92342e396add1823dce,2008_1c8a9cccd9b2b6f7042e539622a3f82f,T733,T734,Support,2008
2008_1c1cab174da9c946af57a982b17dfe0b,2008_4ee81647fe741b8c824e6a9dd729c8ac,T5,T656,Equivalent,2008
2008_3fd8bb4bb9bd521618660a6586ed928f,2008_710b86c99f275b7b040e4fc886377baa,T4,T711,Equivalent,2008
2008_19ab560a1ce1f88e42764dc31edbca14,2008_a49528fa382f1e517267951a0ac07ff5,T718,T717,Equivalent,2008
2008_ebce475286c458bdfca904c80c7b0ae6,2008_be626541dfb7004eac23668994bf9aa3,T50,T49,Support,2008
2008_1a641147912fec085855d3e49314419d,2008_466cf88676591681292549abf1ee123d,T53,T52,Attack,2008
2008_239b06327807aa62d11fdae9e9cf88e6,2008_be626541dfb7004eac23668994bf9aa3,T51,T49,Support,2008
2008_be626541dfb7004eac23668994bf9aa3,2008_466cf88676591681292549abf1ee123d,T49,T52,Support,2008
2008_23020d82e633a2f4e888fb5759a1a7c7,2008_466cf88676591681292549abf1ee123d,T54,T52,Attack,2008
2008_b8ef30668d174cabce5c392b8373bcdd,2008_001ac725d4d32a77b05236a6004fb2b6,T55,T56,Support,2008
2008_001ac725d4d32a77b05236a6004fb2b6,2008_8f82fff9b48d4c3bf7113b379adef504,T56,T57,Support,2008
2008_8f82fff9b48d4c3bf7113b379adef504,2008_1ad693e2edd04d2160df34785f8946a8,T57,T58,Support,2008
2008_1ad693e2edd04d2160df34785f8946a8,2008_21182a72ea74d7567f557f7340a2c219,T58,T59,Support,2008
2008_21182a72ea74d7567f557f7340a2c219,2008_2447d1e3a946a660afecfb6b185551cd,T59,T60,Support,2008
2008_3ac0ac34d34353cc53c46113bd8d4100,2008_2447d1e3a946a660afecfb6b185551cd,T61,T60,Attack,2008
2008_2447d1e3a946a660afecfb6b185551cd,2008_1029a912716272b881c3c149b9838e17,T60,T62,Support,2008
2008_33c33090791060bbfbf59ea692b2d824,2008_a41636245fab19a94873b9650957685e,T63,T64,Attack,2008
2008_a41636245fab19a94873b9650957685e,2008_980855bc07431fbfe88607ad338264c5,T64,T65,Support,2008
2008_bb34d9edfbcbced367bbc73007c74896,2008_980855bc07431fbfe88607ad338264c5,T66,T65,Attack,2008
2008_579897fcfd843edbc6d19ca7630ddac9,2008_2b3597e4a8500e0259066fd81654d28e,T67,T68,Support,2008
2008_2b3597e4a8500e0259066fd81654d28e,2008_b7fe376845ee299e187aa321ccc0416d,T68,T69,Support,2008
2008_8af8d6fe626575ff99c75fb8502c6d99,2008_b7fe376845ee299e187aa321ccc0416d,T70,T69,Attack,2008
2008_b8b8622f17420f361a5241aba6050ef4,2008_8af8d6fe626575ff99c75fb8502c6d99,T71,T70,Support,2008
2008_1cfbaa9406739cb508016bbbbfa42e86,2008_a844bd2857f360c4da79fb39f24645e0,T72,T73,Support,2008
2008_a844bd2857f360c4da79fb39f24645e0,2008_b8b8622f17420f361a5241aba6050ef4,T73,T71,Attack,2008
2008_c3175d53ded7167e814c2e331e907188,2008_4e2702a96d3d7a50e1a6b517c9feec82,T78,T79,Support,2008
2008_f8bc8ad9b828f9eafc664721bc835846,2008_fc1d1b4d0eae36150625dd4a8bcc8ad1,T75,T74,Support,2008
2008_3c3116672b3a153b33b096a6ef789a6f,2008_fc1d1b4d0eae36150625dd4a8bcc8ad1,T76,T74,Support,2008
2008_fc1d1b4d0eae36150625dd4a8bcc8ad1,2008_4d5ce72dca889c26c9676623ee0869a3,T74,T77,Support,2008
2008_5e7fe9ed13b5f90fc3a0fe2c91540dc4,2008_d8d7a0fe1f86c360b698623396180496,T80,T83,Attack,2008
2008_3640a7a3ce7164718f4f2ca950fe4c84,2008_d8d7a0fe1f86c360b698623396180496,T82,T83,Support,2008
2008_ac23aa787ef8cdb0f0d41b176c9c37d7,2008_3640a7a3ce7164718f4f2ca950fe4c84,T81,T82,Attack,2008
2008_ff2afcfb8f3fa4a0360f003c6cba1ad4,2008_44a3fda9cd5ef2ab4b5ebe31dca74118,T84,T85,Support,2008
2008_44a3fda9cd5ef2ab4b5ebe31dca74118,2008_727fcafea8e77d85de581c04f23d1488,T85,T86,Support,2008
2008_727fcafea8e77d85de581c04f23d1488,2008_dd0129baa2f0c2e7e7b2d243eec64e53,T86,T87,Attack,2008
2008_13f17c6f7cbd2600b60ec12c1d1d2974,2008_357cc3142f3717241b62d638ae68f1aa,T88,T89,Support,2008
2008_357cc3142f3717241b62d638ae68f1aa,2008_dd0129baa2f0c2e7e7b2d243eec64e53,T89,T87,Attack,2008
2008_aa4787b13137cb3ad041a23b23edd4ea,2008_aa33c8ea673b5db462632e3c002b93a6,T91,T90,Support,2008
2008_aa33c8ea673b5db462632e3c002b93a6,2008_357cc3142f3717241b62d638ae68f1aa,T90,T89,Attack,2008
2008_5b05598ecbf9a74758a565432e3983f5,2008_ac9ffec5ff06c1cd14e11eae1a39f652,T92,T93,Support,2008
2008_47857bccba52500b71ee0311a7b17396,2008_5b05598ecbf9a74758a565432e3983f5,T94,T92,Support,2008
2008_ac9ffec5ff06c1cd14e11eae1a39f652,2008_5b9bb9a66977ea82c5600257140418bc,T93,T95,Support,2008
2008_5b9bb9a66977ea82c5600257140418bc,2008_aa4787b13137cb3ad041a23b23edd4ea,T95,T91,Support,2008
2008_a60ad469cd880c2b0876383ab9ccc626,2008_faa3a0a491579ebd6153573b2dbcb847,T99,T96,Attack,2008
2008_31e7c98ced1ee72d6d7315eb33a29e3e,2008_247d57d7af181811f0a3fa1c0c4b9549,T100,T101,Support,2008
2008_0a8eb4bdea5725f506c513d1eea6f3e2,2008_143b96ec8545479185ba4687e94bc860,T97,T98,Support,2008
2008_143b96ec8545479185ba4687e94bc860,2008_247d57d7af181811f0a3fa1c0c4b9549,T98,T101,Attack,2008
2008_d75597ef03a0f2894fc0cf5a3597d460,2008_1e59bc8132abaf8b2c9af801468295bf,T103,T102,Support,2008
2008_1e59bc8132abaf8b2c9af801468295bf,2008_a9c474f481e7d955c341984e5ee6b46c,T102,T104,Support,2008
2008_31440ea43aa9b7f0fd08aeb60b6dd92b,2008_8e277a694340599df12f5d92e9ab0438,T340,T339,Support,2008
2008_573e3c3cfe3efc45be034831c3f0b0e2,2008_8e277a694340599df12f5d92e9ab0438,T341,T339,Support,2008
2008_012d5f5fcde2c01f382908285781cc71,2008_8e277a694340599df12f5d92e9ab0438,T342,T339,Support,2008
2008_8e277a694340599df12f5d92e9ab0438,2008_6302b6d6dbf045a3c135a1793a9910a4,T339,T343,Support,2008
2008_833b701e9f65432471ce0d8de46451f2,2008_14e68de406592d504bf7264b07ae909c,T344,T346,Support,2008
2008_a156851fae8d98e89dafe5fae7e5cc59,2008_14e68de406592d504bf7264b07ae909c,T345,T346,Support,2008
2008_1c07e7f42651f83366e6226d72082e89,2008_d5363b519bbb1162bdf33ecf55ab1b98,T348,T347,Support,2008
2008_8d197ca48806cbd2bacc114f40d5b111,2008_d5363b519bbb1162bdf33ecf55ab1b98,T349,T347,Support,2008
2008_0e134def474844d468b64a8a839da28d,2008_d5363b519bbb1162bdf33ecf55ab1b98,T350,T347,Support,2008
2008_3eac66a0a1a9e66d89300b7a25e1e9f9,2008_41fe11dff95852c2506dc6661f56df5d,T352,T351,Support,2008
2008_41fe11dff95852c2506dc6661f56df5d,2008_d5363b519bbb1162bdf33ecf55ab1b98,T351,T347,Support,2008
2008_5d2e87f129a309b75204d58e6aded44e,2008_d5363b519bbb1162bdf33ecf55ab1b98,T353,T347,Support,2008
2008_d5363b519bbb1162bdf33ecf55ab1b98,2008_3c74f7bcc7bbef52401a0d7843789d22,T347,T354,Support,2008
2008_3c74f7bcc7bbef52401a0d7843789d22,2008_885433cd27c5a79234517c53a3503818,T354,T355,Support,2008
2008_363477d663443a469c22a8b17326d1f9,2008_8e3fcdc0f1dfbb3d5ec2470361032431,T356,T357,Support,2008
2008_b9880ec5338dbfdb3e58611717191dcd,2008_1c939c588ff461b016c9c7305164bb8f,T359,T360,Support,2008
2008_1c939c588ff461b016c9c7305164bb8f,2008_363477d663443a469c22a8b17326d1f9,T360,T356,Support,2008
2008_03c50936785cfd294198879f3f6b3371,2008_363477d663443a469c22a8b17326d1f9,T358,T356,Support,2008
2008_70983eeca9a785ca9c247b0957899a34,2008_363477d663443a469c22a8b17326d1f9,T361,T356,Support,2008
2008_1dd346633fd4f13846ab3b635fd7a458,2008_363477d663443a469c22a8b17326d1f9,T362,T356,Support,2008
2008_aa42eb4386055fe57a283fcdc07a1669,2008_d43f5a95743dcb672ed07b6fcea54d56,T366,T365,Support,2008
2008_fc34b2e9eeff5f7b4ff77826a7d10749,2008_d43f5a95743dcb672ed07b6fcea54d56,T363,T365,Support,2008
2008_c91980c99414a181a2cd75fbf66a880a,2008_d43f5a95743dcb672ed07b6fcea54d56,T364,T365,Support,2008
2008_9b46c26f146dbfb0ff0adc252b9cfe46,2008_d43f5a95743dcb672ed07b6fcea54d56,T367,T365,Support,2008
2008_8921403e51b2daa92eb3b88dc6d7ef71,2008_9b46c26f146dbfb0ff0adc252b9cfe46,T368,T367,Support,2008
2008_6bed16fd5bdf468bcb809f411cdd6a62,2008_c5f2770c9665cd6c0badf93e4dda2bbc,T369,T2,Support,2008
2008_a18d36cd297c8ef4b889547e4989a0f7,2008_c5f2770c9665cd6c0badf93e4dda2bbc,T370,T2,Support,2008
2008_c5f2770c9665cd6c0badf93e4dda2bbc,2008_8e3fcdc0f1dfbb3d5ec2470361032431,T2,T357,Support,2008
2008_09140f1d02550823d713af35bfd93911,2008_8e3fcdc0f1dfbb3d5ec2470361032431,T371,T357,Support,2008
2008_c682620f10dbadcb02028692f424e8c0,2008_a8183f275dd9c354de55e87977ed08dd,T4,T3,Support,2008
2008_9aa208748ac87e000eb47b17f3f62841,2008_ac7a919ebcbbf49bbdf936730c1bc215,T374,T373,Support,2008
2008_02c892cd83cdff3bdaa58a77864b8cb3,2008_1d59054df2febf6f93be2ee1cb71cede,T379,T378,Support,2008
2008_47a4a0ca2d594e04115794e3382164e2,2008_1d59054df2febf6f93be2ee1cb71cede,T377,T378,Support,2008
2008_577bceef66c9a2e4f1f64bffafcf8d7f,2008_0c89d1404604a96f956420c7d787f8ef,T375,T376,Support,2008
2008_1d59054df2febf6f93be2ee1cb71cede,2008_0c89d1404604a96f956420c7d787f8ef,T378,T376,Support,2008
2008_348bc96742befd453472788e60fa58ff,2008_31440ea43aa9b7f0fd08aeb60b6dd92b,T381,T340,Attack,2008
2008_0be588f111fbeda769fb0df1e19ca49f,2008_348bc96742befd453472788e60fa58ff,T382,T381,Support,2008
2008_2b3c17cf18674ebc96d48413581a83b7,2008_0be588f111fbeda769fb0df1e19ca49f,T383,T382,Support,2008
2008_85870669357ab217d93c58e19ecb014a,2008_348bc96742befd453472788e60fa58ff,T385,T381,Support,2008
2008_d2078f27d5eaa7fa666de5cb071dcc71,2008_348bc96742befd453472788e60fa58ff,T384,T381,Support,2008
2008_b439c96775f5f934e94acaa74dd15d80,2008_5a017a89e61bcea2ed80d7a5e433558b,T388,T387,Support,2008
2008_ab3a9ae81c3349e1de4447b6c5890d61,2008_5a017a89e61bcea2ed80d7a5e433558b,T386,T387,Support,2008
2008_5a017a89e61bcea2ed80d7a5e433558b,2008_348bc96742befd453472788e60fa58ff,T387,T381,Support,2008
2008_ca4566a3fb3444db00cc3c464bd21837,2008_0d977b344199d050ad6f183591d556d1,T6,T5,Support,2008
2008_d6ee1cf8c7c1ad9a730932d0cca9615f,2008_a1dbda495aef4c1886835e87e139e002,T391,T390,Support,2008
2008_d434d62a41a00b6955aa8aeb5a48a780,2008_7bc37e036e2e46b23ae6698138c27ffb,T392,T389,Support,2008
2008_0989f0cf39e410e5f47be432b62fc91a,2008_7bc37e036e2e46b23ae6698138c27ffb,T393,T389,Support,2008
2008_9d9f891c2f0c6b0a574a1a927571e665,2008_d3bc1d077679ead54394ba0f80221717,T396,T395,Support,2008
2008_72c9aa6371e7c6570c6c6aa174fc3a4c,2008_87465d4b8a8c9eee4b3ab0aa86c13531,T398,T397,Support,2008
2008_9181571a3fefdb0c61337cf9975afbcd,2008_40d82ffeff334a0f5eb82efff13c4563,T400,T399,Support,2008
2008_1a0e7749ba35470cdd207f2b95a72512,2008_f13464f4ff29c66768daced7009fff24,T403,T401,Support,2008
2008_a004a03f10c40219c9b0f8a22341fc26,2008_1a0e7749ba35470cdd207f2b95a72512,T404,T403,Support,2008
2008_af08ee18cca6ddbb95005aa7caee0534,2008_4039fa8e2fb07e4930a9c5894e0d4d57,T407,T406,Support,2008
2008_5c5eac5225b2e2e285156e9ee9c24f14,2008_1a0e7749ba35470cdd207f2b95a72512,T405,T403,Support,2008
2008_c3eeea7cbfb90f8ea3174c604a840de5,2008_cb160cc6183419e848a045dc260e6f93,T409,T410,Support,2008
2008_cb160cc6183419e848a045dc260e6f93,2008_b65767160a02651b4dca8698de8f6abe,T410,T411,Support,2008
2008_d29112cd47cf8dd99c712be7d4b407a1,2008_b65767160a02651b4dca8698de8f6abe,T412,T411,Support,2008
2008_ce5dfb7d6410120c82220829318a3d74,2008_4282c39120c3db2db5abfdc7d2944edd,T415,T413,Support,2008
2008_0ecdf6df43740a021f19de40f40c4dc8,2008_4282c39120c3db2db5abfdc7d2944edd,T414,T413,Support,2008
2008_91dc415ed9fde9c6dccf9e008b649223,2008_0e008e1f6b2105c98097ec9393da77b4,T418,T417,Support,2008
2008_5d7564b4a69ee0b69f4e66f461e2c601,2008_a76a8b8b8d02c87499de556bbeb7be06,T421,T423,Support,2008
2008_de1c64efc9fc383766d563b418cd7029,2008_a76a8b8b8d02c87499de556bbeb7be06,T422,T423,Support,2008
2008_6b6f3cead7754240278890f2f0712c53,2008_6132177fc3c5982806bbf573c69dc2a9,T433,T432,Support,2008
2008_6132177fc3c5982806bbf573c69dc2a9,2008_2a0e8cc9928039d3b3584e2ea8047822,T432,T431,Support,2008
2008_c2ec91b00ce0998b7226a151a75a06b2,2008_2a0e8cc9928039d3b3584e2ea8047822,T434,T431,Support,2008
2008_f7ecd230a5e52a1d835fa5b83c980ff7,2008_c2ec91b00ce0998b7226a151a75a06b2,T435,T434,Support,2008
2008_9aad0ecf6460cf8103e99e78e5fab891,2008_2a0e8cc9928039d3b3584e2ea8047822,T430,T431,Support,2008
2008_bbc96e9047f522a9b6ee8c61f24d5eb7,2008_a60a35ae4fc3f6e7a7764cb7515dc3f2,T425,T424,Support,2008
2008_8c6224a3d14c21aeaff31c0bd6adedc7,2008_bbc96e9047f522a9b6ee8c61f24d5eb7,T420,T425,Support,2008
2008_ae5ea2c7bfc508df7f9f418a97131f02,2008_bbc96e9047f522a9b6ee8c61f24d5eb7,T419,T425,Support,2008
2008_0e008e1f6b2105c98097ec9393da77b4,2008_bbc96e9047f522a9b6ee8c61f24d5eb7,T417,T425,Support,2008
2008_eb23eb65de84da36158bab6d14cf6499,2008_8aada0a4eec1e74b1ff61458a35d08bd,T428,T426,Support,2008
2008_8e4cffa8cef57203d7b4d96665496ef8,2008_8aada0a4eec1e74b1ff61458a35d08bd,T429,T426,Support,2008
2008_3731a52360ed4feabd325f425dc58276,2008_179ce1534144e757c298adb3781a020c,T444,T441,Support,2008
2008_8bd72c4c1518d21b5ca9142f1c1b2db5,2008_3731a52360ed4feabd325f425dc58276,T442,T444,Support,2008
2008_63dd59932a230b66e94d230bbd4ff856,2008_3731a52360ed4feabd325f425dc58276,T443,T444,Support,2008
2008_7af4234a31c902486e84912973745417,2008_6bdbe0026eb32f26cf732396c354f67d,T448,T447,Support,2008
2008_6bdbe0026eb32f26cf732396c354f67d,2008_eeadc2e3a3b92c86e432e3521bab99ad,T447,T438,Support,2008
2008_4e5540f739b70eca4d91660a3f77284f,2008_eeadc2e3a3b92c86e432e3521bab99ad,T445,T438,Support,2008
2008_52c99327cbc932ecb9f08b309ee50bdb,2008_eeadc2e3a3b92c86e432e3521bab99ad,T446,T438,Support,2008
2008_f6622106c4bbde1645face9a081f09dd,2008_cca32ad7909631a80f5c374a33439f82,T440,T439,Support,2008
2008_2c83e99a0d44d04c3e203d7b47f46c8c,2008_f6622106c4bbde1645face9a081f09dd,T449,T440,Attack,2008
2008_e9774048637722ee1b5964a2e0ec3bde,2008_af713e83d504cc90b451ad7148a8070c,T452,T451,Support,2008
2008_54901ecb0943b3d769c2e4365c129c47,2008_af713e83d504cc90b451ad7148a8070c,T455,T451,Support,2008
2008_af713e83d504cc90b451ad7148a8070c,2008_2c83e99a0d44d04c3e203d7b47f46c8c,T451,T449,Support,2008
2008_e43937843ec69acacab78b99b4c48873,2008_65a8fd67bb52ce4f8311bc0b86584f87,T459,T458,Support,2008
2008_0e721c533dec2e672d56ba08037be382,2008_edfe9e614c521dfd01febee84035d434,T460,T457,Support,2008
2008_5c57853c2ec12972174f9b66079f10bf,2008_89ed29b7588532982f89bf8e70e00a97,T9,T461,Support,2008
2008_cdaa83ee4798d8ad179dd620fc854b74,2008_708dc745828ba53b2159e509414118a9,T464,T463,Support,2008
2008_e7dea2f6360b3432ac1ad5dc92de4287,2008_708dc745828ba53b2159e509414118a9,T10,T463,Support,2008
2008_8e857a961e87e98cc3d07392efc6181e,2008_708dc745828ba53b2159e509414118a9,T467,T463,Support,2008
2008_65a8fd67bb52ce4f8311bc0b86584f87,2008_1ae72fb79be174d01730c7591246d33e,T458,T456,Support,2008
2008_edfe9e614c521dfd01febee84035d434,2008_1ae72fb79be174d01730c7591246d33e,T457,T456,Support,2008
2008_579229720923a3ecebd8335a92016164,2008_8e857a961e87e98cc3d07392efc6181e,T468,T467,Support,2008
2008_08811b96c96aac5e599ecf6911077aca,2008_13d6790241870bad07161add1f7f6571,T12,T11,Support,2008
2008_ac5a490a55de28b27e8fff2fb5d9a63b,2008_73ef28e749eef475b2c5a8b6d5905434,T470,T469,Support,2008
2008_13d6790241870bad07161add1f7f6571,2008_73ef28e749eef475b2c5a8b6d5905434,T11,T469,Support,2008
2008_4f052556622b8fd6e92f9d3ed85e9302,2008_fe7ad61ef1c50042f740a99f970df795,T473,T472,Support,2008
2008_fe7ad61ef1c50042f740a99f970df795,2008_7cc721809458232da0e6606dd2272c71,T472,T474,Support,2008
2008_fc34b2e9eeff5f7b4ff77826a7d10749,2008_363477d663443a469c22a8b17326d1f9,T363,T356,Equivalent,2008
2008_492448f83f6499eb17fd05e6f949b455,2008_2a0e8cc9928039d3b3584e2ea8047822,T436,T431,Equivalent,2008
2008_9480231628842a2e3bf0028707002011,2008_4a54becc0b0c6ef1c4541ef4d6a3152a,T739,T738,Support,2008
2008_820c1093e2e2b3f4cc3f43c1fa331f83,2008_4a54becc0b0c6ef1c4541ef4d6a3152a,T740,T738,Support,2008
2008_5f7f289a6fc9937845aae13e239da7ab,2008_820c1093e2e2b3f4cc3f43c1fa331f83,T741,T740,Support,2008
2008_213954dde1ec8466f63db02fbfbd0c0f,2008_4a54becc0b0c6ef1c4541ef4d6a3152a,T742,T738,Support,2008
2008_6b46958ff410027e3934945c5030a2c0,2008_88aac7a056f436ce5d0a6ffe17f90eca,T746,T745,Support,2008
2008_3e802039e3e8f88fe3ed7945bdbf46b5,2008_88aac7a056f436ce5d0a6ffe17f90eca,T747,T745,Support,2008
2008_8df7bf250c5eaa10dd5b389aae534f02,2008_213954dde1ec8466f63db02fbfbd0c0f,T744,T742,Support,2008
2008_acda866965d52ca6723be27fa879fc58,2008_213954dde1ec8466f63db02fbfbd0c0f,T743,T742,Support,2008
2008_0e1a867a8c9a8491e60fc1e9fa0314d0,2008_6b46958ff410027e3934945c5030a2c0,T748,T746,Support,2008
2008_490250da297ab3790e6c2662639ad79a,2008_b17bc6c7b8b3eeeca6195c99e091bbe4,T749,T750,Support,2008
2008_c4d132bcaa62105aa90853d8fb9ba4f1,2008_b17bc6c7b8b3eeeca6195c99e091bbe4,T751,T750,Support,2008
2008_1dd48ccbaf5807cb5dddf108d6921251,2008_0288d3844f74c648454d09b353243a41,T753,T754,Support,2008
2008_7b4383428a7fdbcb0114eef9876f6d9e,2008_0288d3844f74c648454d09b353243a41,T755,T754,Support,2008
2008_888e9bb26219addd64a71a14e6259f50,2008_0288d3844f74c648454d09b353243a41,T756,T754,Support,2008
2008_810a506871b1cc089dc76ea6c753bc33,2008_888e9bb26219addd64a71a14e6259f50,T757,T756,Support,2008
2008_0f33810ae067e84b7f503af6097d9715,2008_0288d3844f74c648454d09b353243a41,T758,T754,Support,2008
2008_0288d3844f74c648454d09b353243a41,2008_72ef22bb75a55cfb83e346537f7acef1,T754,T760,Support,2008
2008_f61ed7947cc72e71424ad43701623134,2008_72ef22bb75a55cfb83e346537f7acef1,T759,T760,Support,2008
2008_50f0a2f6e90a21c8bf8c783ccb912c53,2008_0622f4d322209f9f7f9352dd0ead2c2d,T765,T766,Support,2008
2008_0622f4d322209f9f7f9352dd0ead2c2d,2008_bbf9a04dcbd077f4127078b5fe69f899,T766,T767,Support,2008
2008_96c36b8744125f4fc0672cfabe480268,2008_bbf9a04dcbd077f4127078b5fe69f899,T770,T767,Support,2008
2008_25f2663c8bb10a549558b9a2301ffb50,2008_97d6408df304ffdf7daa9d78cac28341,T769,T763,Support,2008
2008_44bfc4ec696f19f4f12576e8e1f5449b,2008_99b83f01f0cfaa7ba36bb433b7a47216,T771,T764,Support,2008
2008_00a6ee5eacd433e25fcab4318566eb58,2008_99b83f01f0cfaa7ba36bb433b7a47216,T772,T764,Support,2008
2008_513b44f345485f77683cb1e33387577e,2008_00a6ee5eacd433e25fcab4318566eb58,T773,T772,Support,2008
2008_f4f3a3c95db17a1f64abf82b4f4f9587,2008_2ff7a200062976d2db88de99a60bc29b,T775,T774,Support,2008
2008_78c7a588145713d6cbf35d3057bd7433,2008_e5d528dab3c6e0378fe0c4b75dc5e05f,T777,T776,Support,2008
2008_e5d528dab3c6e0378fe0c4b75dc5e05f,2008_e683ba10d8ac300887012ee478ebb9a3,T776,T778,Support,2008
2008_a23476ae40618ad01b0ba692babbfb21,2008_1fec1b758f1c21e9e732d144cbd7dfbc,T781,T780,Support,2008
2008_8c7929ad978384e6136a9af6e5952cc3,2008_329046f245c33f22687ce903ccc2dbc7,T786,T784,Support,2008
2008_644497f0063a63fc35906e59b35055f0,2008_329046f245c33f22687ce903ccc2dbc7,T785,T784,Support,2008
2008_329046f245c33f22687ce903ccc2dbc7,2008_a0a9fefec7094b6ab47f7f22407f45b4,T784,T782,Support,2008
2008_1fec1b758f1c21e9e732d144cbd7dfbc,2008_a0a9fefec7094b6ab47f7f22407f45b4,T780,T782,Support,2008
2008_00a6ee5eacd433e25fcab4318566eb58,2008_a0a9fefec7094b6ab47f7f22407f45b4,T772,T782,Support,2008
2008_a1512105fbe6c5e2568d1f1fdf135238,2008_247027ee6b139f8cb2d4622bf58f0ef9,T788,T789,Support,2008
2008_fdedcf11bdccefdf2f03ea72509734d5,2008_247027ee6b139f8cb2d4622bf58f0ef9,T790,T789,Support,2008
2008_8f7e41f3826ecf50c0bff06debbd8f91,2008_54d80bc0f2331f4b75bb12b1bd7e4cf7,T793,T792,Support,2008
2008_54d80bc0f2331f4b75bb12b1bd7e4cf7,2008_bbf9a04dcbd077f4127078b5fe69f899,T792,T767,Attack,2008
2008_4360c460e929c93ca5520e1f279f34aa,2008_93894cb20bbd8ab1902fe504c0fd2a0a,T795,T794,Support,2008
2008_d96aa323bc73d8deb4806af52d679bac,2008_93894cb20bbd8ab1902fe504c0fd2a0a,T796,T794,Support,2008
2008_8128d00d7b12ae38a1a0af44aa55e79a,2008_93894cb20bbd8ab1902fe504c0fd2a0a,T797,T794,Support,2008
2008_25b98c7d9bf902e37b0c442e60cf3b39,2008_69e7cdcc5c1303a530eb69af2174334e,T800,T798,Support,2008
2008_58f7eaa7c051fa7ae6fbc9d77bd87e3c,2008_eb1ed63adb9ce7788e09b8aba2fdd785,T802,T801,Support,2008
2008_e7732e366ba36df41f1aedee28d70a8e,2008_eb1ed63adb9ce7788e09b8aba2fdd785,T803,T801,Support,2008
2008_e53353e5a49c3d4104ea403750b64e10,2008_12a648ea1d935172ea3b38dde1ae484b,T806,T807,Support,2008
2008_12a648ea1d935172ea3b38dde1ae484b,2008_d78e386ee495d48e76cb919a23e331c1,T807,T799,Support,2008
2008_f76a9cb68551559ce3d204b1dbbbab08,2008_bfcbc38a4748237600a8e69fc68626de,T809,T810,Support,2008
2008_bfcbc38a4748237600a8e69fc68626de,2008_97a86cc0dd58e07917e6f3cb09b4cd52,T810,T808,Support,2008
2008_346528c8e49e671b198aa9ad18b55487,2008_3246e7ba55df3bbc741345d24171c4d1,T811,T812,Support,2008
2008_0c6d6b509d390ac3b5eadc0b223f6e88,2008_3246e7ba55df3bbc741345d24171c4d1,T813,T812,Support,2008
2008_8fe4a1c72733691f383f46fc47b3def8,2008_bbdbd3730ef632147d639e4c02fb5471,T805,T814,Support,2008
2008_4158a4e583e6cc389c915c4504bd746c,2008_bbdbd3730ef632147d639e4c02fb5471,T815,T814,Support,2008
2008_1af2231a4271ae7ab3107f4e3c4739e8,2008_2c65dd13b7173beb0aaa312a13b10a10,T820,T818,Attack,2008
2008_1af2231a4271ae7ab3107f4e3c4739e8,2008_1ab71473d897ce39b7624f8715213f23,T820,T819,Attack,2008
2008_21953ba9661b386ebf55ff9259607c08,2008_5a150640d076ace103305da147b54f70,T823,T822,Support,2008
2008_5df438caa18818b2313c0182123c4ef2,2008_5a150640d076ace103305da147b54f70,T824,T822,Support,2008
2008_99b55c6500de442d300e2224eab09467,2008_a86dcbbdd3462ecec3f557f9d4d9c440,T826,T825,Support,2008
2008_eede411bfdf8522f3dd0f219da6c2c4e,2008_0f359b6bb80048a9b040ce2c2f4f4eec,T828,T827,Support,2008
2008_885df68a3361403d3ec3a9871bf56ac0,2008_64d104cf37f3efdc6182e0d0721ed4ab,T830,T829,Support,2008
2008_bbdbd3730ef632147d639e4c02fb5471,2008_3246e7ba55df3bbc741345d24171c4d1,T814,T812,Equivalent,2008
2008_c5602082abb6b46f2825f56e3ba40b1d,2008_1af2231a4271ae7ab3107f4e3c4739e8,T821,T820,Equivalent,2008
2008_dc1b7e8928b67bf72521cd4132ba256f,2008_bb0d89c9b2be7b73803cf323d971c71c,T614,T613,Support,2008
2008_af792387ca6230c81cfdf2782bc22985,2008_bb0d89c9b2be7b73803cf323d971c71c,T615,T613,Support,2008
2008_ee693e2ea2d3967dfd209e4b9470452c,2008_78208a072b77e4360ec0912e4b30edbd,T616,T620,Support,2008
2008_0f51b399d6d2d72910ec00a57b630577,2008_78208a072b77e4360ec0912e4b30edbd,T618,T620,Support,2008
2008_7508d241fee5acbe62bbf0f3506a5bdd,2008_72324c701a6fad76005aeb771889a484,T626,T619,Support,2008
2008_4d452d501c98365f7e6b15d653e4bce9,2008_8281c512a8e6ea4c22826aee644218b0,T623,T624,Support,2008
2008_73e4636046321dee24229f5d5e3fe123,2008_8281c512a8e6ea4c22826aee644218b0,T625,T624,Support,2008
2008_8281c512a8e6ea4c22826aee644218b0,2008_72324c701a6fad76005aeb771889a484,T624,T619,Support,2008
2008_52124c08e3e48a48d20c86cf462b28ea,2008_10ffecbf86d960f010c348af319e9f89,T621,T622,Support,2008
2008_72324c701a6fad76005aeb771889a484,2008_10ffecbf86d960f010c348af319e9f89,T619,T622,Support,2008
2008_f6baabab4d5b9ebb250be52a6b1a1d0e,2008_ba17ed03f365d4f40aad62041a298549,T628,T1,Support,2008
2008_ba17ed03f365d4f40aad62041a298549,2008_1661e79e48296682f24facf78530a95b,T1,T627,Support,2008
2008_8acf09e950847efec6c2c12f5cb55c07,2008_e5ba8f12f80d0e455a543f72bc363e31,T633,T632,Support,2008
2008_18f6ea1bcf8d90193cbbf151f1aa66d9,2008_b479ff8184a7dc7ef19fb077182d0ca7,T637,T636,Support,2008
2008_966a257b9ea975f2db5b4d86f391e4f6,2008_b479ff8184a7dc7ef19fb077182d0ca7,T630,T636,Support,2008
2008_b479ff8184a7dc7ef19fb077182d0ca7,2008_7f40f6c6adc442f8caaa1f825b8714a5,T636,T631,Support,2008
2008_4e884b3f78e92912221f14cfb4657bae,2008_128b7ae3519b976814184db411b27a40,T635,T634,Support,2008
2008_128b7ae3519b976814184db411b27a40,2008_e1e7a946b75438078b60ef026d3107a3,T634,T617,Support,2008
2008_cae53daafd54af4324e00bdf3054ac6b,2008_f60180e4bfaba27c1a23c03743e99644,T650,T649,Support,2008
2008_620418b6c052fac4c2ec684978236a23,2008_316a724b944eacdff64fcdf4a27a9681,T652,T651,Support,2008
2008_f6656e2abc207e5e3e01e9484c65852f,2008_1b0a9a63961651526e2c97c395319e0f,T654,T653,Support,2008
2008_8ca9c65bbc0022b2b22186c9f8d168c2,2008_1b0a9a63961651526e2c97c395319e0f,T655,T653,Support,2008
2008_4dbe5ad86ff79af73361ae34ca07e65e,2008_1b0a9a63961651526e2c97c395319e0f,T656,T653,Support,2008
2008_1b0a9a63961651526e2c97c395319e0f,2008_7f913b5c0ad6f9945177baa33d83fadc,T653,T641,Support,2008
2008_24f27ad8da8d8ae6464fde53dab46310,2008_8bcf0d254a5a51dfc28704d7d741fdad,T642,T640,Support,2008
2008_8bcf0d254a5a51dfc28704d7d741fdad,2008_4e884b3f78e92912221f14cfb4657bae,T640,T635,Support,2008
2008_7aac1a62ec824dd6569a9af90d4da665,2008_5d9f029afb3c28f7d587340e76090c65,T659,T660,Support,2008
2008_2df868c0d19a0349cc31351c8070ff63,2008_78208a072b77e4360ec0912e4b30edbd,T658,T620,Attack,2008
2008_3f3e46a84720f853824a1c94c39ecf4e,2008_b3393cf0a66605e962206bf8f01923e2,T645,T646,Support,2008
2008_b3393cf0a66605e962206bf8f01923e2,2008_85a05637b7a4f43884c50842519e5712,T646,T639,Support,2008
2008_d32da6dbd061b70363ab7ef5477056ca,2008_b3393cf0a66605e962206bf8f01923e2,T647,T646,Support,2008
2008_3747dd0a1d1331a9262b8d84e56eab62,2008_b3393cf0a66605e962206bf8f01923e2,T648,T646,Support,2008
2008_3e6b83956e182dde4947ec5b87e1ce3b,2008_b3393cf0a66605e962206bf8f01923e2,T643,T646,Support,2008
2008_b3393cf0a66605e962206bf8f01923e2,2008_9d6820bf7833f663ca7ac474a961496f,T646,T644,Support,2008
2008_a610088ed10cc55a61bb4fcd8f2f3391,2008_0c726862b88ca91f468dc6189d1814a3,T661,T662,Support,2008
2008_4bc1512e759752319066e8fc5f38df17,2008_92f9d80b926e3b4a792588611c60ad68,T665,T664,Support,2008
2008_92f9d80b926e3b4a792588611c60ad68,2008_cf81e395275fb2b30dc62a7b492974d3,T664,T666,Support,2008
2008_cf81e395275fb2b30dc62a7b492974d3,2008_0c726862b88ca91f468dc6189d1814a3,T666,T662,Support,2008
2008_0c726862b88ca91f468dc6189d1814a3,2008_21a493122adc32d99287255b9218dc56,T662,T667,Support,2008
2008_21a493122adc32d99287255b9218dc56,2008_56d3d30d24fe36193f8b58b4ce72b5e7,T667,T668,Support,2008
2008_6aced16edb5b00417fa21d5006e2f0f6,2008_56d3d30d24fe36193f8b58b4ce72b5e7,T669,T668,Support,2008
2008_40837a8865097b07182294731e5e13e3,2008_fef1eb7aceecc376d1de643ebea9853a,T671,T673,Support,2008
2008_0549a546a980f8ffc4781b5ce8db7003,2008_fef1eb7aceecc376d1de643ebea9853a,T670,T673,Support,2008
2008_fef1eb7aceecc376d1de643ebea9853a,2008_3dc98a4cc99064a46563b8dbf615d9c2,T673,T672,Support,2008
2008_fef1eb7aceecc376d1de643ebea9853a,2008_ecc876ef4fecf384d8e936680a34176a,T673,T674,Support,2008
2008_fef1eb7aceecc376d1de643ebea9853a,2008_4e2c6d0960b9b1c5cab1c7c3f314f7ff,T673,T663,Attack,2008
2008_cfcc57dda2895f7f28317bce135573c8,2008_8be8eff50a1f5b4c7046f9f33c35ea9b,T676,T675,Support,2008
2008_5dc1937aef849300d8c983e03a350355,2008_a2c995e8b7e7c2d3e6a3234bc1ec22e9,T678,T677,Support,2008
2008_a1e6ed2d36ced65e5c263c9256d3f2df,2008_a394bb17b1646df5f0976617ca37d70a,T679,T680,Support,2008
2008_01cddf145454b28c29c7cc49c5248655,2008_220cd8af71fc73a2170631ea708fbe15,T682,T681,Support,2008
2008_220cd8af71fc73a2170631ea708fbe15,2008_150f4d148a99b208d76887a39c0965b4,T681,T683,Support,2008
2008_19d0ec1a53c3c337b90a7b6811f6f02c,2008_150f4d148a99b208d76887a39c0965b4,T684,T683,Support,2008
2008_7981c7200d21deb3d13e3a78da64371b,2008_928b6494b3120c0b321ee57bc383debc,T686,T685,Support,2008
2008_9a016f94321ec0a10ec870afb007d8e1,2008_ca4f7cfbcec695cb7fa8d49c3662a229,T688,T687,Support,2008
2008_5b405dd8325721dcbe933fbb8a3eaea7,2008_0268c938f79d36f4d9882e6fb6dbc42a,T2,T692,Support,2008
2008_910e9cbf6c312639913e0a59e5713dcb,2008_0268c938f79d36f4d9882e6fb6dbc42a,T690,T692,Support,2008
2008_3986406006f68a17aa53a030470e8d2b,2008_8f685706ade24055b6389a54ab625740,T693,T695,Support,2008
2008_429fd6c958e041d35552fadcb3392a02,2008_2b0bda59e89c430dfd0b450201df7155,T697,T696,Support,2008
2008_4536286f32d96f17c0f7fd7f73e13114,2008_2b0bda59e89c430dfd0b450201df7155,T698,T696,Support,2008
2008_2b0bda59e89c430dfd0b450201df7155,2008_8f685706ade24055b6389a54ab625740,T696,T695,Support,2008
2008_6791d37db92b220b2649e766360fb362,2008_8f685706ade24055b6389a54ab625740,T699,T695,Support,2008
2008_6d50f9fdaeb623d332a164a6d5b50476,2008_8f685706ade24055b6389a54ab625740,T700,T695,Support,2008
2008_7d0c01ed62771d41935441e869b4bc8c,2008_7e62a80a05235b65f97a3aeb1d430ec1,T701,T702,Support,2008
2008_7f4d57d5df1da669a3451b28e95253cc,2008_7e62a80a05235b65f97a3aeb1d430ec1,T703,T702,Support,2008
2008_0daca6ba6618ee46a0f19f6d9f19d58f,2008_a1d13f8ef414f5801761917d86510641,T707,T706,Support,2008
2008_9b1b302b508e5f1ee51e76376ebe0ff0,2008_a1d13f8ef414f5801761917d86510641,T708,T706,Attack,2008
2008_24fae1cccecde6b264ef6258b73bd7e2,2008_a1d13f8ef414f5801761917d86510641,T709,T706,Attack,2008
2008_eaec8da4b7094a8fd80a7606e8a9a564,2008_4887952670dc63f67c72c7905d3cc8b6,T712,T711,Support,2008
2008_3b51fd249437c276b2caae1d89d3e73d,2008_10b9d8fa33eb654c668ac7882a720626,T714,T715,Support,2008
2008_f70d21a91dc659d0894e1101b5b7470f,2008_10b9d8fa33eb654c668ac7882a720626,T717,T715,Support,2008
2008_9afafbfd45e78ca52ad2662da8c96095,2008_e6131d06176c9833a19a9b2982abe34f,T721,T719,Support,2008
2008_d4becf833616108f9a6d0c39ba657af3,2008_e6131d06176c9833a19a9b2982abe34f,T722,T719,Support,2008
2008_4b96a32c77ab0000995227ed328428c2,2008_e6131d06176c9833a19a9b2982abe34f,T720,T719,Support,2008
2008_30b1890f7f89852ac80d2db17ed0a308,2008_cec231b697b7080bee98f24b827483bd,T723,T724,Support,2008
2008_7c62dc23ce5af6403f47b9b260a1f55c,2008_ee32b0da6f5515c7b8ca81873c48c53e,T726,T725,Support,2008
2008_1b67dee7a1b4ebbc7a1d29ebd71cc8d3,2008_ee32b0da6f5515c7b8ca81873c48c53e,T727,T725,Support,2008
2008_2789075aac7b3743194ee9077d7ae628,2008_4cfedc5869967253c08492909c91556b,T729,T730,Support,2008
2008_fb2c528b8ab4aed020e592c45f50ffd7,2008_a8ba3f67693174ecbb2a06750bf22016,T731,T728,Support,2008
2008_c4392dbe7bfbf7eb240353fe3a56ddf5,2008_84096285ecf6906d4ef64d22a3f1990c,T735,T734,Support,2008
2008_af85e204e80e7393c55991ade75ec244,2008_4e8b1acab8f8283791d3e68fa1f7374b,T733,T732,Attack,2008
2008_da93e7bc5dfae939623862ee97a11298,2008_af85e204e80e7393c55991ade75ec244,T737,T733,Support,2008
2008_da93e7bc5dfae939623862ee97a11298,2008_4e8b1acab8f8283791d3e68fa1f7374b,T737,T732,Attack,2008
2008_914a70cab3750304c8bc34e59d25df38,2008_3986406006f68a17aa53a030470e8d2b,T694,T693,Equivalent,2008
2008_2838991f2ac57e3a20bc207d0c056a93,2008_10b9d8fa33eb654c668ac7882a720626,T716,T715,Equivalent,2008
2008_5af84b793c2b7a9722e6e33e67c86161,2008_4e8b1acab8f8283791d3e68fa1f7374b,T736,T732,Equivalent,2008
2008_e972f1e1aca8e5c8365d7184f7fa41ea,2008_7326f33770db3eac9c56eb56a9cda915,T581,T580,Support,2008
2008_64da31ca5c28a6ae2032dec456069dc5,2008_30ee0067a18e0f69fcfd31840ecba3e5,T585,T583,Support,2008
2008_adaa1efe10c4af5bce4f06137c62e1ba,2008_30ee0067a18e0f69fcfd31840ecba3e5,T582,T583,Support,2008
2008_1d129367a13e0fa628df86ff92b407d5,2008_30ee0067a18e0f69fcfd31840ecba3e5,T584,T583,Support,2008
2008_3d4763a0780046340bc3315e48a95855,2008_7326f33770db3eac9c56eb56a9cda915,T586,T580,Support,2008
2008_3cf322b6be966dfb833a74b865052ee5,2008_0c7255e7dbd3b0d330c4e47190afb512,T601,T593,Support,2008
2008_c49651e009c5cbf57901a053bb9a0ac9,2008_4feffe9fa997d222dc333078b7b901e5,T596,T597,Support,2008
2008_92836d77914bfef96998c56b3fb6dc81,2008_59cdf8dd0dd22a050e1811f299066e3f,T594,T587,Support,2008
2008_acd7b748dc562131bdc1bbff22b5405b,2008_59cdf8dd0dd22a050e1811f299066e3f,T595,T587,Support,2008
2008_0152f3c7fd94d88806a9a024e4a151eb,2008_acd7b748dc562131bdc1bbff22b5405b,T591,T595,Support,2008
2008_e62b6bb92a817d2bb98b830c7b3a8ce6,2008_59cdf8dd0dd22a050e1811f299066e3f,T590,T587,Support,2008
2008_59cdf8dd0dd22a050e1811f299066e3f,2008_0b025cff05c06ce877d81c67e353a931,T587,T592,Support,2008
2008_26b79417fba246ccb9c52ba2a2a5f346,2008_0b025cff05c06ce877d81c67e353a931,T588,T592,Support,2008
2008_61cbd7dc7c37da190a8e7303b2f873e8,2008_26b79417fba246ccb9c52ba2a2a5f346,T589,T588,Support,2008
2008_d9730356d211920e44909f96bb184b66,2008_2b6fa57b0381478e954b843af683c4d9,T605,T604,Support,2008
2008_3c2ceeba3331c0ef4963c59a663cc419,2008_2b6fa57b0381478e954b843af683c4d9,T608,T604,Equivalent,2008
2008_b0fa287749cbe9d51e11dfd8a44963e0,2008_cd68517e4930bb8c94905c22abfec988,T607,T606,Support,2008
2008_9886d858e4e67aa5edf4fd64b0a2ee02,2008_1cc766d132396a7419db120d1c785656,T611,T610,Support,2008
2008_1cc766d132396a7419db120d1c785656,2008_40be9dda7950d5b880b920a1639c1a95,T610,T615,Support,2008
2008_8c0c0470edee0340eec2f613d09be972,2008_40be9dda7950d5b880b920a1639c1a95,T612,T615,Support,2008
2008_5efd9db1ccc3c845a71e76ce7fb09221,2008_8c0c0470edee0340eec2f613d09be972,T613,T612,Support,2008
2008_c2d00d55ac9ff5fa046ecf663d648fbb,2008_8c0c0470edee0340eec2f613d09be972,T614,T612,Support,2008
2008_7bd6bf0acf8820f08123b898bcbc9dc9,2008_8eebafb8b90b9096748bd7910f5d306a,T617,T616,Support,2008
2008_3323fcca0cdbae1400053991d9029c49,2008_8eebafb8b90b9096748bd7910f5d306a,T618,T616,Support,2008
2008_40be9dda7950d5b880b920a1639c1a95,2008_8eebafb8b90b9096748bd7910f5d306a,T615,T616,Support,2008
2008_0994230d81af38724fca46a0a09650f1,2008_cd0ab6d6d7dc2bc895c404ed0f85f187,T620,T619,Support,2008
2008_6a4ab7207f178f8c651d7d9a8931f607,2008_0994230d81af38724fca46a0a09650f1,T621,T620,Support,2008
2008_c0c85e8df469d6a5bcb1a16a730c2a0b,2008_bebab3a798d91779db3e7f599558d728,T106,T107,Support,2008
2008_bebab3a798d91779db3e7f599558d728,2008_85e389371cb26cc89ded67c9a301bfce,T107,T108,Attack,2008
2008_506c6747399ce75667f194ba70f7e128,2008_d55495050d35c14a9e69f268f292869f,T1,T111,Support,2008
2008_d55495050d35c14a9e69f268f292869f,2008_3c5e6ce4fa555b4cfe157a07cfb882ae,T111,T110,Support,2008
2008_4d914ca058e739acf2d98d9f2911dc71,2008_02b2ed803345a03e052c00a87879111f,T112,T113,Support,2008
2008_02b2ed803345a03e052c00a87879111f,2008_1fd12efd6c872e51e609d8498d6d3ce8,T113,T114,Support,2008
2008_1fd12efd6c872e51e609d8498d6d3ce8,2008_f8f33f0a4d81d2e522c7c0e24e4b0447,T114,T115,Support,2008
2008_f8f33f0a4d81d2e522c7c0e24e4b0447,2008_cffb32d7bfa703ecd219a9c0da54d971,T115,T116,Support,2008
2008_cffb32d7bfa703ecd219a9c0da54d971,2008_824a426ac06acf153dae9bda1ed561d4,T116,T117,Attack,2008
2008_b2f94611f9ad0bf6c98447764a93a049,2008_30dd8729dc9395829c1e6c2fe62426c4,T118,T119,Support,2008
2008_30dd8729dc9395829c1e6c2fe62426c4,2008_9c71cbab69a146691686847de400da50,T119,T120,Support,2008
2008_9c71cbab69a146691686847de400da50,2008_f0adb4bb282011196e66ee4d9e5af6b7,T120,T121,Support,2008
2008_f0adb4bb282011196e66ee4d9e5af6b7,2008_3ecf511d8a96c44ccbb6d05c46d9ba46,T121,T122,Attack,2008
2008_19c93402d93bb35bdf9864512312ea44,2008_3ecf511d8a96c44ccbb6d05c46d9ba46,T123,T122,Support,2008
2008_7bd78683406c83e3c278dfcdf0dd883f,2008_2c69887bd11d68ad2fc71bfe97a8f7a5,T124,T125,Support,2008
2008_2c69887bd11d68ad2fc71bfe97a8f7a5,2008_9a8133db07a56867efa92dc44b2c644a,T125,T126,Support,2008
2008_363f1427546909bb09a02bff2b2450ad,2008_0485bbd8e78c057ce6a419660c199a9d,T128,T127,Attack,2008
2008_2f4b66703e2d7b1b4b35cc900ec48705,2008_490efad51055b45283f8cc63bc71d2af,T129,T130,Support,2008
2008_490efad51055b45283f8cc63bc71d2af,2008_932f7762048cd0b5edc57ec77fd204c6,T130,T131,Support,2008
2008_932f7762048cd0b5edc57ec77fd204c6,2008_e4c8d7fff3e9860c1a79abb4ae756ffa,T131,T132,Support,2008
2008_e4c8d7fff3e9860c1a79abb4ae756ffa,2008_58385b288476fc55c676a0a056392bed,T132,T2,Attack,2008
2008_d2085c3d1a310046cd324681257d0ac2,2008_928fc3cd0cf03b126d741df87e58194d,T135,T136,Support,2008
2008_928fc3cd0cf03b126d741df87e58194d,2008_f6de724cb0bdf40542c357e4fa3b2ece,T136,T137,Support,2008
2008_70d8fd6dad050cfe45df388f67f0c341,2008_f6de724cb0bdf40542c357e4fa3b2ece,T138,T137,Support,2008
2008_cf2ac860f16a796655763a5ff65dc8e0,2008_70d8fd6dad050cfe45df388f67f0c341,T3,T138,Support,2008
2008_f6de724cb0bdf40542c357e4fa3b2ece,2008_fd885fe737445a270304d74e77a25fcf,T137,T4,Attack,2008
2008_faacc9a373d524ba058765f54137b209,2008_1d57575a4f044b0bac49a2295b00c17e,T139,T140,Support,2008
2008_1d57575a4f044b0bac49a2295b00c17e,2008_fd885fe737445a270304d74e77a25fcf,T140,T4,Attack,2008
2008_52cf693024d93ce7dede430f210ada65,2008_cc7d01f541a0dc7b9d4d6db5321315ca,T142,T141,Support,2008
2008_e23dec89e3abd522160d134a8760f6ea,2008_cc7d01f541a0dc7b9d4d6db5321315ca,T143,T141,Support,2008
2008_cc7d01f541a0dc7b9d4d6db5321315ca,2008_d18474b3f7d8ba12bf1d75581e66d82e,T141,T144,Support,2008
2008_d14e25f68ad04cbd7ee6eaed88ac2686,2008_a5e2b8250078054aab3fb680aa7ce662,T5,T146,Support,2008
2008_a5e2b8250078054aab3fb680aa7ce662,2008_44f92f4795837f35eb2b2ec9e8ba17ea,T146,T147,Support,2008
2008_7aeebf5b4ebd493d8d26df18449cf60d,2008_77144efca6ff5638be2116d11b12fa67,T148,T149,Support,2008
2008_fd685d1b0ffb7088a3242194550a512d,2008_71c2c2853aaf31ef97e88fc7f2417114,T150,T151,Support,2008
2008_323adad25e44d0183ed8d7cad59e1e79,2008_663b10e4015189d2b8e29a63a9941e8d,T152,T153,Support,2008
2008_663b10e4015189d2b8e29a63a9941e8d,2008_71c2c2853aaf31ef97e88fc7f2417114,T153,T151,Attack,2008
2008_717eca28d71880ac617dd7f368531520,2008_1ef09e09f78a935736cc3a5dcad5cb97,T158,T157,Support,2008
2008_d37bf61895d45dd30237d14678d8caec,2008_717eca28d71880ac617dd7f368531520,T159,T158,Support,2008
2008_034f664220d628f6c218e74879c4f44b,2008_663b10e4015189d2b8e29a63a9941e8d,T154,T153,Support,2008
2008_e834936b6eb4bb484a3ed36559a799a2,2008_1ef09e09f78a935736cc3a5dcad5cb97,T155,T157,Support,2008
2008_c44a2ad0e4e53418ab248980a24a71fd,2008_1ef09e09f78a935736cc3a5dcad5cb97,T160,T157,Support,2008
2008_1ef09e09f78a935736cc3a5dcad5cb97,2008_2bdda3ecfd3c6132e3e0f53549bb9a12,T157,T161,Support,2008
2008_2bdda3ecfd3c6132e3e0f53549bb9a12,2008_663b10e4015189d2b8e29a63a9941e8d,T161,T153,Attack,2008
2008_36351611bef1f5861b19c6ce95820c76,2008_83ffc56ea76725ffe69dfd8633a0cafd,T749,T748,Support,2008
2008_69be8efa9a83b35605183f9f40ef74fb,2008_52d29b94be7af1df1bc2357524bd1836,T763,T762,Support,2008
2008_52d29b94be7af1df1bc2357524bd1836,2008_86d76f32933f0286bf0d740427e2509a,T762,T764,Support,2008
2008_1226e6bce5c9fd2b596ca514de4633ed,2008_86d76f32933f0286bf0d740427e2509a,T760,T764,Support,2008
2008_43c03a577a2b4548eec53b630f61bc9a,2008_86d76f32933f0286bf0d740427e2509a,T761,T764,Support,2008
2008_86d76f32933f0286bf0d740427e2509a,2008_83ffc56ea76725ffe69dfd8633a0cafd,T764,T748,Support,2008
2008_1faa5871dc55797a7404804ed78ba71d,2008_cd3e16bf827120720624fb402ab5ce31,T759,T765,Support,2008
2008_80a72867d9f72672a3044b51b4e8141c,2008_3b5cbd4fb7d7388876b190a37d8f1cf4,T750,T751,Support,2008
2008_53b9f91a067d3a6293f65fca45c9df0b,2008_0a7b1c972a457c52435c09f7d89bc8ac,T753,T752,Support,2008
2008_8c0a36ec76b84a2f480ace17e0d1d85c,2008_d212f42bcfbf664f571eddf0b597c6f4,T754,T757,Support,2008
2008_0b166f1cf6a68a7291f4c377e4f0cf7d,2008_d212f42bcfbf664f571eddf0b597c6f4,T758,T757,Support,2008
2008_0a7b1c972a457c52435c09f7d89bc8ac,2008_d212f42bcfbf664f571eddf0b597c6f4,T752,T757,Support,2008
2008_a8db45f016e2d8fc3668f35b5bca8e8b,2008_eb9cf7cbce17026b9c569c4b48df6161,T756,T755,Support,2008
2008_0dff8c309353290e45dee30bd7593a26,2008_bba59f59c5a22cc0109f34d79053655b,T766,T747,Support,2008
2008_83ffc56ea76725ffe69dfd8633a0cafd,2008_eb768ef1abd22fc27595ac422fc9be7b,T748,T767,Support,2008
2008_3a5ada339e8221e0ac817bcffa9d5634,2008_e269059f73e0645f3319897c7cb71790,T769,T771,Support,2008
2008_851875d81aa1014261955da2d4896424,2008_e269059f73e0645f3319897c7cb71790,T772,T771,Support,2008
2008_851875d81aa1014261955da2d4896424,2008_2d78b204b22731a137266e6ecfecd7ac,T772,T770,Support,2008
2008_5f3ced8af43db8568c25fce055933dfa,2008_851875d81aa1014261955da2d4896424,T773,T772,Support,2008
2008_20a73b784e50f53bb56316d282321a86,2008_d841b1bc1ee5a39bd106ab4d89d2d08e,T775,T774,Support,2008
2008_ad51c2a9e7d62ba303f9fd8915d8a71b,2008_01d157840bace19e176e9999ef346608,T777,T776,Support,2008
2008_6066e4b89fb1a207cd851e31f34fcdde,2008_01d157840bace19e176e9999ef346608,T778,T776,Support,2008
2008_d841b1bc1ee5a39bd106ab4d89d2d08e,2008_d744a48ad1413b287823ae30e29dec6c,T774,T779,Support,2008
2008_c2281c44316bb13ae88af1a014a3505c,2008_d744a48ad1413b287823ae30e29dec6c,T784,T779,Support,2008
2008_a6d96ade900cbaa706503b5d092acd86,2008_d744a48ad1413b287823ae30e29dec6c,T785,T779,Support,2008
2008_2607434a13b5b3d7d250343f88611971,2008_23265dbadbf7bf476bb01c85952cd7a4,T788,T786,Support,2008
2008_c22e7cc38915134566f8f2ae2d88d69e,2008_23265dbadbf7bf476bb01c85952cd7a4,T787,T786,Support,2008
2008_52fcced42fbf237838bde0f94f01d60c,2008_aa365ea0fcabda3e67fe5e7a2ec1d985,T782,T781,Support,2008
2008_91234c6512eaf218251665db31dd2d04,2008_aa365ea0fcabda3e67fe5e7a2ec1d985,T783,T781,Support,2008
2008_f7aa4709513de7dc95772ae22b77a2f6,2008_42d7b24d7fa2ed539e1adbb4327b53ce,T793,T794,Support,2008
2008_42d7b24d7fa2ed539e1adbb4327b53ce,2008_3e610a390229408eeaf882e3c30e50d5,T794,T792,Support,2008
2008_2c6ffb67b468c585c739149a8bf8fd77,2008_9efed9f78227af102d410b55cda5e31a,T1,T796,Attack,2008
2008_18e7dc04fb2c810a18007fe14885a37e,2008_2c6e690bcf278804ee3581601b9b11fd,T798,T795,Support,2008
2008_2c6e690bcf278804ee3581601b9b11fd,2008_9efed9f78227af102d410b55cda5e31a,T795,T796,Support,2008
2008_75cfb8f1a63be76e3270fd78f53b9848,2008_9efed9f78227af102d410b55cda5e31a,T799,T796,Support,2008
2008_d282a30a6480802c609d5ecfeedbdb88,2008_f1490bca8a02cccf4147a6313768fd4b,T803,T800,Support,2008
2008_f1490bca8a02cccf4147a6313768fd4b,2008_6abcd25c6907253c146587c52184aab9,T800,T804,Support,2008
2008_f1ac86eee7735dce9c11c2e5820ea781,2008_dc658f982c94eef64c78663620d01b31,T802,T801,Support,2008
2008_eb9cf7cbce17026b9c569c4b48df6161,2008_0a7b1c972a457c52435c09f7d89bc8ac,T755,T752,Equivalent,2008
