subj,subj_type,subj_span,obj,obj_type,obj_span,relation
we will have to add a uh - I think uh - a few billion dollars to our defense appropriations,Claim,"(3093, 3184)","I believe that the American people, in the next four years under a Ford administration, will be called upon to make those necessary sacrifices to preserve the peace which we have",Claim,"(2791, 2969)",Support
In the two-hundred-year history there's been a very uh - cautious approach to this,Premise,"(44347, 44429)",I would not work hard to support any of those,Claim,"(44142, 44187)",Support
"the record of gun control, whether it's one city or another or in some states, does not show that the registration of a gun, handgun, or the registration of the gun owner, has in any way whatsoever decreased the crime rate or the use of that gun in the committing of a crime",Premise,"(47418, 47692)",The record just doesn't prove that such legislation or action by a local city council is effective,Premise,"(47694, 47792)",Support
put a unified court system in,Premise,"(51780, 51809)","While I was governor of Georgia, although I'm not a lawyer, we had complete reform of the Georgia court system",Claim,"(51588, 51698)",Support
I don't think the record justifies the conclusion that you come to,Claim,"(58075, 58141)",I violently disagree with your assessment,Claim,"(58028, 58069)",Support
"When I was that far ahead, it was immediately following the Democratic Convention, and before the Republican Convention",Premise,"(64618, 64737)",that's not exactly an accurate description of what happened,Claim,"(64557, 64616)",Support
I saw them work,Premise,"(69245, 69260)",For twenty-five years I served in the Congress under five presidents,Premise,"(69175, 69243)",Support
One major reason for this apathetic electorate appears to be the low level at which this campaign has been conducted,Premise,"(8408, 8524)",voters are so turned off by this election campaign so far that only half intend to vote,Claim,"(8319, 8406)",Support
"the testimony under oath was to the effect that I did not talk to Mr. Nixon, to Mr. Haldeman, to Mr. Ehrlichman, or to any of the people at the White House",Premise,"(13880, 14035)","I testified before two committees, House and Senate, on precisely the questions that you have asked",Premise,"(13775, 13874)",Support
President Tito is old and sick and there are divisions in his country,Premise,"(16617, 16686)",the next big crisis spot in the world may be Yugoslavia,Claim,"(16555, 16610)",Support
"General Brown has indicated uh - his apology, his regrets",Premise,"(21022, 21079)","I think that will, uh - in this situation, settle the matter",Claim,"(21085, 21145)",Support
they don't feel that uh - they know you or the people around you,Premise,"(23576, 23640)",many Americans uh - still seem to be uneasy about you,Claim,"(23516, 23569)",Support
"it was the overwhelming consensus of knowledgeable people that that strip-mining bill would have meant the loss of literally uh - thousands of jobs, something around a hundred and forty thousand jabs",Premise,"(29357, 29556)",I vetoed the strip-mining bill,Claim,"(29306, 29336)",Support
they can't anticipate what's gonna happen next,Premise,"(34268, 34314)",It's impossible for mayors or governors to cooperate with the resident,Claim,"(34188, 34258)",Support
study after study has shown little progress in desegregation and in fact actual increases in segregated schools and housing in the Northeast,Premise,"(38925, 39065)","for black Americans, President Ford is quietly getting the job done",Claim,"(38850, 38917)",Attack
we will have to maintain an adequate military capability,Premise,"(3005, 3061)","I believe that the American people, in the next four years under a Ford administration, will be called upon to make those necessary sacrifices to preserve the peace which we have",Claim,"(2791, 2969)",Support
"we've always had, I think, a lot of constitutional amendments proposed, but the passage of them has been uh - fairly slow, and uh - few and far between",Premise,"(44194, 44345)",I would not work hard to support any of those,Claim,"(44142, 44187)",Support
"If we make the use of a gun in the commission. of a crime a serious criminal offense, and that person is prosecuted",Premise,"(47968, 48083)","in my opinion, we are going after the person who uses the gun for the wrong reason",Claim,"(48091, 48173)",Support
put in administrative officers,Premise,"(51748, 51778)","While I was governor of Georgia, although I'm not a lawyer, we had complete reform of the Georgia court system",Claim,"(51588, 51698)",Support
it was announced that the uh - GNP real growth in the third quarter was at 4 percent,Premise,"(58244, 58328)",let me uh - talk about uh - the economic announcements that were made just this past week,Premise,"(58148, 58237)",Support
"the polls uh - are good indications of fluctuations, but they vary widely one from another",Premise,"(65127, 65217)","the only poll I've ever followed is the one that uh - you know, is taken on election day",Claim,"(65223, 65311)",Support
I saw them make very hard decisions,Premise,"(69262, 69297)",For twenty-five years I served in the Congress under five presidents,Premise,"(69175, 69243)",Support
It has digressed frequently from important issues into allegations of blunder and brainwashing and fixations on lust and Playboy,Premise,"(8526, 8654)",One major reason for this apathetic electorate appears to be the low level at which this campaign has been conducted,Premise,"(8408, 8524)",Support
I said I had no recollection whatsoever of talking with any of the White House legislative liaison people,Premise,"(14037, 14142)","I testified before two committees, House and Senate, on precisely the questions that you have asked",Premise,"(13775, 13874)",Support
it's pretty certain that the Russians are gonna do everything they possibly can after Tito dies to force Yugoslavia back into the Soviet camp,Premise,"(16693, 16834)",the next big crisis spot in the world may be Yugoslavia,Claim,"(16555, 16610)",Support
"I have indicated to General Brown that uh - the words that he used in that interview, in that particular case and in several others, were very ill advised",Premise,"(20862, 21016)","I think that will, uh - in this situation, settle the matter",Claim,"(21085, 21145)",Support
you haven't reached out to bring people of broad background or national experience into your campaign or your presidential plans,Premise,"(23675, 23803)",many Americans uh - still seem to be uneasy about you,Claim,"(23516, 23569)",Support
that strip-mining bill would've severely set back our need for more coal,Premise,"(29570, 29642)",I vetoed the strip-mining bill,Claim,"(29306, 29336)",Support
"A mayor of a city like New York, for instance, needs to know uh - eighteen months or two years ahead of time what responsibility the city will have in administration and in financing - in things like housing, uh - pollution control, uh - crime control, education, welfare and health",Premise,"(34316, 34598)",they can't anticipate what's gonna happen next,Premise,"(34268, 34314)",Support
civil rights groups have complained repeatedly that there's been lack of progress and commitment to an integrated society uh - during your administration,Premise,"(39072, 39225)","for black Americans, President Ford is quietly getting the job done",Claim,"(38850, 38917)",Attack
to make certain that we have adequate uh -strategic forces - adequate conventional forces,Premise,"(3185, 3274)",we will have to maintain an adequate military capability,Premise,"(3005, 3061)",Support
quite often we have a transient problem,Premise,"(44436, 44475)",I would not work hard to support any of those,Claim,"(44142, 44187)",Support
"the record of gun control, whether it's one city or another or in some states, does not show that the registration of a gun, handgun, or the registration of the gun owner, has in any way whatsoever decreased the crime rate or the use of that gun in the committing of a crime",Premise,"(47418, 47692)",I don't believe in the registration of handguns or the registration of the handgun owner,Claim,"(48175, 48263)",Support
We uh - streamlined the structure of the court,Premise,"(51700, 51746)","While I was governor of Georgia, although I'm not a lawyer, we had complete reform of the Georgia court system",Claim,"(51588, 51698)",Support
over the last ten years that's a higher figure than the average growth during that ten-year period,Premise,"(58354, 58452)",let me uh - talk about uh - the economic announcements that were made just this past week,Premise,"(58148, 58237)",Support
"to be accurate, I had 49 percent; President Ford, 39 percent",Premise,"(65060, 65120)",that's not exactly an accurate description of what happened,Claim,"(64557, 64616)",Support
I saw them make very hard decisions,Premise,"(69262, 69297)",I have found from experience that it's much more difficult to make those decisions than it is to second-guess them,Claim,"(69451, 69565)",Support
"When you've got seven and a half, eight million people out of work",Premise,"(8963, 9029)","when you have it uh - becoming increasingly difficult far a family to put a child through college or to own a home, there's a natural inclination to be turned off",Premise,"(9188, 9350)",Support
which was a legitimate request and a proper response by me,Premise,"(14309, 14367)",I indicated under oath that the initiative that I took was at the request of the ranking members of the House Banking and Currency Committee on the Republican side,Premise,"(14144, 14307)",Support
"One is Governor Avell- Averell Harriman, who visited the Soviet Union and Yugoslavia",Premise,"(17454, 17538)","In the last uh - two weeks, I've had a chance to talk to uh - two men who have visited uh - the Soviet Union, Yugoslavia and China",Premise,"(17322, 17452)",Support
"He served this nation with great, great skill and courage and bravery for thirty-five years",Premise,"(21408, 21499)",General Brown has an exemply [sic] record of military performance,Claim,"(21341, 21406)",Support
Most of the people around you on a day-to-day basis are the people you've kno- known in Georgia,Premise,"(23805, 23900)",they don't feel that uh - they know you or the people around you,Premise,"(23576, 23640)",Support
Governor Carter has said repeatedly that coal is the resource that we need to use more in the effort to become independent of the uh - Arab oil supply,Premise,"(29648, 29798)",that strip-mining bill would've severely set back our need for more coal,Premise,"(29570, 29642)",Support
I think it's very important that our cities know that they have a partner in the federal government,Claim,"(34723, 34822)","I remember the headline in the Daily News that said, ""Ford to New York: Drop Dead.""",Premise,"(34639, 34722)",Attack
"for black Americans, President Ford is quietly getting the job done",Claim,"(38850, 38917)",I'm very proud of the record of this administration,Claim,"(39395, 39446)",Support
to make certain that we have adequate uh -strategic forces - adequate conventional forces,Premise,"(3185, 3274)",we will have to add a uh - I think uh - a few billion dollars to our defense appropriations,Claim,"(3093, 3184)",Support
I think abortion's wrong,Claim,"(44515, 44539)",I'm strongly against a- abortion,Claim,"(44481, 44513)",Equivalent
The record just doesn't prove that such legislation or action by a local city council is effective,Premise,"(47694, 47792)",I don't believe in the registration of handguns or the registration of the handgun owner,Claim,"(48175, 48263)",Support
required that all uh - severe sentences be reviewed far uniformity,Premise,"(51811, 51877)","While I was governor of Georgia, although I'm not a lawyer, we had complete reform of the Georgia court system",Claim,"(51588, 51698)",Support
over the last ten years that's a higher figure than the average growth during that ten-year period,Premise,"(58354, 58452)",I don't think the record justifies the conclusion that you come to,Claim,"(58075, 58141)",Support
"immediately following the Republican Convention, there was about a ten-point spread",Premise,"(64960, 65043)",that's not exactly an accurate description of what happened,Claim,"(64557, 64616)",Support
"I didn't always agree with their decisions, whether they were Democratic or Republican presidents",Premise,"(69299, 69396)",I have found from experience that it's much more difficult to make those decisions than it is to second-guess them,Claim,"(69451, 69565)",Support
you've got three times as much inflation as you had during the last eight-year Democratic administration,Premise,"(9035, 9139)","when you have it uh - becoming increasingly difficult far a family to put a child through college or to own a home, there's a natural inclination to be turned off",Premise,"(9188, 9350)",Support
I indicated under oath that the initiative that I took was at the request of the ranking members of the House Banking and Currency Committee on the Republican side,Premise,"(14144, 14307)","I testified before two committees, House and Senate, on precisely the questions that you have asked",Premise,"(13775, 13874)",Support
"the other is James Schlesinger, whom I think you accompanied to uh - China",Premise,"(17544, 17618)","In the last uh - two weeks, I've had a chance to talk to uh - two men who have visited uh - the Soviet Union, Yugoslavia and China",Premise,"(17322, 17452)",Support
"it's the consensus of the people who are knowledgeable in the military field, that he is probably the outstanding military leader and strategist that we have in America today",Premise,"(21513, 21687)",General Brown has an exemply [sic] record of military performance,Claim,"(21341, 21406)",Support
Most of the people around you on a day-to-day basis are the people you've kno- known in Georgia,Premise,"(23805, 23900)",many Americans uh - still seem to be uneasy about you,Claim,"(23516, 23569)",Support
I vetoed it,Claim,"(29804, 29815)",I vetoed the strip-mining bill,Claim,"(29306, 29336)",Equivalent
I think it's very important that our cities know that they have a partner in the federal government,Claim,"(34723, 34822)",this administration has no urban policy,Claim,"(34147, 34186)",Attack
"In the cabinet I have one of the outstanding, I think, administrators as the secretary of transportation, Bill Coleman",Premise,"(39448, 39566)",I'm very proud of the record of this administration,Claim,"(39395, 39446)",Support
if given the leadership that I would expect to give,Premise,"(3839, 3890)","I think the American people will be called upon to uh - uh - be in the forefront in giving leadership to the solution of those problems that must be solved in the Middle East, in southern Africa, and any problems that might arise in the Pacific",Claim,"(3276, 3520)",Support
I think abortion's wrong,Claim,"(44515, 44539)",I don't think the government oughta do anything to encourage abortion,Claim,"(44541, 44610)",Support
That has not proven to be effective,Premise,"(48265, 48300)",I don't believe in the registration of handguns or the registration of the handgun owner,Claim,"(48175, 48263)",Support
"in addition to that put forward a proposal that was adopted and used throughout my own term of office of selection of - for all judges and district attorneys or prosecuting attorneys, on the basis of merit",Premise,"(51884, 52089)",merit selection of judges is the most important single criterion,Claim,"(52443, 52507)",Support
over the last ten years that's a higher figure than the average growth during that ten-year period,Premise,"(58354, 58452)",I violently disagree with your assessment,Claim,"(58028, 58069)",Support
"But as occurred at the end of the con- Democratic Convention, the Republican Party unified itself",Premise,"(64849, 64946)",that's not exactly an accurate description of what happened,Claim,"(64557, 64616)",Support
"For the last two years, I've been the president",Premise,"(69398, 69445)",I have found from experience that it's much more difficult to make those decisions than it is to second-guess them,Claim,"(69451, 69565)",Support
when you have the highest deficits in history,Premise,"(9141, 9186)","when you have it uh - becoming increasingly difficult far a family to put a child through college or to own a home, there's a natural inclination to be turned off",Premise,"(9188, 9350)",Support
"after all of those investigations by objective, responsible people",Premise,"(14898, 14964)",I think the matter is closed once and for all,Claim,"(14966, 15011)",Support
"In the last uh - two weeks, I've had a chance to talk to uh - two men who have visited uh - the Soviet Union, Yugoslavia and China",Premise,"(17322, 17452)",I got a- a complete report back from those countries from these two distinguished - uh - gentlemen,Premise,"(17620, 17718)",Support
"General Brown has indicated uh - his apology, his regrets",Premise,"(21022, 21079)","I think in the fact that he apologized, that he was reprimanded, uh - does permit him to stay on and continue that kind of leadership that's we so badly need",Claim,"(21732, 21889)",Support
"I came from a tiny town, as you know, Plains",Premise,"(24332, 24376)",very few people knew who I was,Premise,"(24300, 24330)",Support
because of a loss of jobs,Premise,"(29816, 29841)",I vetoed it,Claim,"(29804, 29815)",Support
"This has not been done, unfortunately",Premise,"(34600, 34637)",this administration has no urban policy,Claim,"(34147, 34186)",Support
"You're familiar, I'm sure, with the recognition given in the Air Force to uh - General James",Premise,"(39568, 39660)",I'm very proud of the record of this administration,Claim,"(39395, 39446)",Support
"I think, have a long overdue and totally justified tax decrease for the middle-income people",Claim,"(4033, 4125)",and a tax uh reduction primarily for the middle-income people,Premise,"(4208, 4269)",Support
I'm strongly against a- abortion,Claim,"(44481, 44513)",I don't think the government oughta do anything to encourage abortion,Claim,"(44541, 44610)",Support
"I think the better way is to go after the criminal, the individual who commits a crime in the possession of a gun and uses that gun for a part of his criminal activity",Claim,"(48317, 48484)","What we have to do, and this is the crux of the matter, is to make it very, very uh - difficult for a person who uses a gun in the commission of a crime to stay out of jail",Claim,"(47794, 47966)",Support
"Every time I had a vacancy on the Georgia Supreme Court - and I filled five of those vacancies out of seven total and about half the court of appeals judges, about 35 percent of the trial judges - I was given from an objective panel the five most highly qualified persons in Georgia",Premise,"(52091, 52373)",merit selection of judges is the most important single criterion,Claim,"(52443, 52507)",Support
it's lower than the uh 5 percent growth in the second quarter,Premise,"(58540, 58601)",over the last ten years that's a higher figure than the average growth during that ten-year period,Premise,"(58354, 58452)",Support
"At that time, uh - 25 or 30 percent of the Reagan supporters said that they would not support President Ford",Premise,"(64739, 64847)",that's not exactly an accurate description of what happened,Claim,"(64557, 64616)",Support
I became president at the time that the United States was in a very troubled time,Claim,"(69567, 69648)",I have found from experience that it's much more difficult to make those decisions than it is to second-guess them,Claim,"(69451, 69565)",Support
I've been in thirty primaries during the springtime,Premise,"(9584, 9635)",I've made some mistakes,Claim,"(9683, 9706)",Support
"just a day or two ago, the attorney general of the United States made a further investigation and came to precisely the same conclusion",Premise,"(14756, 14891)",I think the matter is closed once and for all,Claim,"(14966, 15011)",Support
Mr. Harriman talked to the leaders in Yugoslavia,Premise,"(17720, 17768)","I think it's accurate to say that there is no uh - prospect in their opinion, of the Soviet Union invading uh - Yugoslavia should uh - Mr. Tito pass away",Claim,"(17774, 17927)",Support
"it's the consensus of the people who are knowledgeable in the military field, that he is probably the outstanding military leader and strategist that we have in America today",Premise,"(21513, 21687)","I think in the fact that he apologized, that he was reprimanded, uh - does permit him to stay on and continue that kind of leadership that's we so badly need",Claim,"(21732, 21889)",Support
didn't hold public office,Premise,"(24382, 24407)",very few people knew who I was,Premise,"(24300, 24330)",Support
because of a loss of jobs,Premise,"(29816, 29841)",I vetoed the strip-mining bill,Claim,"(29306, 29336)",Support
quite often this has been in the very poor people and neighborhoods in the downtown urban centers,Premise,"(35100, 35197)",those uh programs were designed to help those who need it most,Premise,"(35032, 35094)",Support
"there was just uh - approved a three-star admiral, the first in the history of the United States Navy, so uh - we are giving full recognition to individuals of quality in the Ford administration in positions of great responsibility",Premise,"(39666, 39897)","You're familiar, I'm sure, with the recognition given in the Air Force to uh - General James",Premise,"(39568, 39660)",Support
"I think the American people will be called upon to uh - uh - be in the forefront in giving leadership to the solution of those problems that must be solved in the Middle East, in southern Africa, and any problems that might arise in the Pacific",Claim,"(3276, 3520)",I think the American people would be willing to make those sacrifices for peace and prosperity in the next uh - four years,Claim,"(4276, 4398)",Support
I don't favor a constitutional amendment on the subject,Claim,"(44616, 44671)",I don't think the government oughta do anything to encourage abortion,Claim,"(44541, 44610)",Attack
Those are the people who ought to be in jai,Premise,"(48486, 48529)","What we have to do, and this is the crux of the matter, is to make it very, very uh - difficult for a person who uses a gun in the commission of a crime to stay out of jail",Claim,"(47794, 47966)",Support
"from those five, I always chose the first one or second one",Premise,"(52379, 52438)",merit selection of judges is the most important single criterion,Claim,"(52443, 52507)",Support
it's lower than the nine-point-point-two percent growth in the first quarter,Premise,"(58458, 58534)",over the last ten years that's a higher figure than the average growth during that ten-year period,Premise,"(58354, 58452)",Support
"When I was that far ahead, it was immediately following the Democratic Convention, and before the Republican Convention",Premise,"(64618, 64737)",that's not exactly an accurate description of what happened,Claim,"(64557, 64616)",Support
We had inflation of over 12 percent,Premise,"(69650, 69685)",I became president at the time that the United States was in a very troubled time,Claim,"(69567, 69648)",Support
"when you have it uh - becoming increasingly difficult far a family to put a child through college or to own a home, there's a natural inclination to be turned off",Premise,"(9188, 9350)",I think the major reason for a decrease in participation that we have experienced ever since 1960 has been the deep discouragement of the American people about the performance of public officials,Claim,"(8766, 8961)",Support
"in the meantime, the special prosecutor, within the last few days, after an investigation himself, said there was no reason for him to get involved because he found nothing that would justify it",Premise,"(14551, 14745)",I think the matter is closed once and for all,Claim,"(14966, 15011)",Support
I got a- a complete report back from those countries from these two distinguished - uh - gentlemen,Premise,"(17620, 17718)","I think it's accurate to say that there is no uh - prospect in their opinion, of the Soviet Union invading uh - Yugoslavia should uh - Mr. Tito pass away",Claim,"(17774, 17927)",Support
General Brown has an exemply [sic] record of military performance,Claim,"(21341, 21406)","I think in the fact that he apologized, that he was reprimanded, uh - does permit him to stay on and continue that kind of leadership that's we so badly need",Claim,"(21732, 21889)",Support
didn't have very much money,Premise,"(24409, 24436)",very few people knew who I was,Premise,"(24300, 24330)",Support
that strip-mining bill would've severely set back our need for more coal,Premise,"(29570, 29642)",I vetoed it,Claim,"(29804, 29815)",Support
those uh programs were designed to help those who need it most,Premise,"(35032, 35094)",Quite often Congress has passed laws in the past designed to help people with uh - the ownership of homes and with the control of crime and with adequate health care and education programs and so forth,Premise,"(34824, 35025)",Support
"the Department of Justice is fully enforcing, and enforcing effectively, the Voting Rights Act, the legislation that involves jobs, housing for minorities, not only blacks but all others",Premise,"(39917, 40103)",I'm very proud of the record of this administration,Claim,"(39395, 39446)",Support
The American people will be called upon to tighten their belts a bit in meeting some of the problems that we face domestically,Claim,"(3522, 3648)",I think the American people would be willing to make those sacrifices for peace and prosperity in the next uh - four years,Claim,"(4276, 4398)",Support
I don't favor a constitutional amendment on the subject,Claim,"(44616, 44671)",I would not work hard to support any of those,Claim,"(44142, 44187)",Support
Those are the people who ought to be in jai,Premise,"(48486, 48529)","I think the better way is to go after the criminal, the individual who commits a crime in the possession of a gun and uses that gun for a part of his criminal activity",Claim,"(48317, 48484)",Support
"Every time I had a vacancy on the Georgia Supreme Court - and I filled five of those vacancies out of seven total and about half the court of appeals judges, about 35 percent of the trial judges - I was given from an objective panel the five most highly qualified persons in Georgia",Premise,"(52091, 52373)","in addition to that put forward a proposal that was adopted and used throughout my own term of office of selection of - for all judges and district attorneys or prosecuting attorneys, on the basis of merit",Premise,"(51884, 52089)",Support
We had an 18 percent increase in housing starts,Premise,"(58884, 58931)",let's talk about the pluses that came out this week,Claim,"(58831, 58882)",Support
My name wasn't even there,Premise,"(65597, 65622)","I was in uh - thirty primaries in the spring, and uh - at first it was obvious that I didn't have any standing in the poll",Premise,"(65313, 65435)",Support
we were on the brink of the worst recession in the last forty years,Premise,"(69687, 69754)",I became president at the time that the United States was in a very troubled time,Claim,"(69567, 69648)",Support
I've been campaigning for twenty-two months,Premise,"(9637, 9680)",I've made some mistakes,Claim,"(9683, 9706)",Support
"following that investigation, both committees overwhelmingly approved me",Premise,"(14429, 14501)",I think the matter is closed once and for all,Claim,"(14966, 15011)",Support
"In the last uh - two weeks, I've had a chance to talk to uh - two men who have visited uh - the Soviet Union, Yugoslavia and China",Premise,"(17322, 17452)","I think it's accurate to say that there is no uh - prospect in their opinion, of the Soviet Union invading uh - Yugoslavia should uh - Mr. Tito pass away",Claim,"(17774, 17927)",Support
"He served this nation with great, great skill and courage and bravery for thirty-five years",Premise,"(21408, 21499)","I think in the fact that he apologized, that he was reprimanded, uh - does permit him to stay on and continue that kind of leadership that's we so badly need",Claim,"(21732, 21889)",Support
very few people knew who I was,Premise,"(24300, 24330)","At that time, nobody thought I had a chance to win",Premise,"(24243, 24293)",Support
"it was the overwhelming consensus of knowledgeable people that that strip-mining bill would have meant the loss of literally uh - thousands of jobs, something around a hundred and forty thousand jabs",Premise,"(29357, 29556)",I vetoed it,Claim,"(29804, 29815)",Support
We have now uh - for instance only 7 percent of the total education cost being financed by the federal government,Premise,"(35684, 35797)","I favor all revenue sharing money being used for local governments, and also to remove prohibitions in the use of revenue sharing money so that it can be used to improve education, and health care",Claim,"(35486, 35682)",Support
"the Department of uh - uh - HUD is enforcing the new legislation that uhh - outlaws, that takes care of redlining",Premise,"(40110, 40223)",I'm very proud of the record of this administration,Claim,"(39395, 39446)",Support
I don't think that uh - America can go on a big spending spree with a whole lot of new programs uh - that would add significantly to the federal budget,Claim,"(3650, 3801)",I think the American people would be willing to make those sacrifices for peace and prosperity in the next uh - four years,Claim,"(4276, 4398)",Support
I think abortion's wrong,Claim,"(44515, 44539)",I'll do everything I can to minimize the need for abortions,Claim,"(44770, 44829)",Support
"What we have to do, and this is the crux of the matter, is to make it very, very uh - difficult for a person who uses a gun in the commission of a crime to stay out of jail",Claim,"(47794, 47966)","the only way to do it is to pass strong legislation so that once apprehended, indicted, convicted, they'll be in jail and off the streets and not using guns in the commission of a crime",Claim,"(48536, 48721)",Equivalent
"Civil rights - uh has been confirmed by the Burger Court, hasn't been uh - reversed",Premise,"(52802, 52885)",I think that the Burger Court has fairly well confirmed the major and - and most far-reaching and most controversial decisions of the Warren Court,Claim,"(52654, 52800)",Support
We had a substantial increase in new permits for housing,Premise,"(58933, 58989)",let's talk about the pluses that came out this week,Claim,"(58831, 58882)",Support
My name wasn't even there,Premise,"(65597, 65622)",when Gallup ran their first poll in December of 1975 they didn't put my name on the list,Premise,"(65466, 65554)",Equivalent
We had inflation of over 12 percent,Premise,"(69650, 69685)",we were on the brink of the worst recession in the last forty years,Premise,"(69687, 69754)",Support
this is uh - uh - part of uh - of just being a human being,Premise,"(9720, 9778)",I've made some mistakes,Claim,"(9683, 9706)",Support
the House and the Senate did likewise,Premise,"(14507, 14544)",I think the matter is closed once and for all,Claim,"(14966, 15011)",Support
The present leadership uh - there is uh - is fairly uniform in - in their purpose,Premise,"(17929, 18010)","I think it's accurate to say that there is no uh - prospect in their opinion, of the Soviet Union invading uh - Yugoslavia should uh - Mr. Tito pass away",Claim,"(17774, 17927)",Support
the first one was related to uh - the unwarranted influence of American Jews on the media and uh - in the Congress,Premise,"(22522, 22636)",I think this is uh - the second time that General Brown has made a statement that - for which he did have to apologize,Premise,"(22347, 22465)",Support
"I came from a tiny town, as you know, Plains",Premise,"(24332, 24376)","At that time, nobody thought I had a chance to win",Premise,"(24243, 24293)",Support
it would've interfered with our energy independence program,Premise,"(29854, 29913)",I vetoed it,Claim,"(29804, 29815)",Support
"When uh - the Nixon-Ford Administration started, this was 10 percent",Premise,"(35799, 35867)","I favor all revenue sharing money being used for local governments, and also to remove prohibitions in the use of revenue sharing money so that it can be used to improve education, and health care",Claim,"(35486, 35682)",Support
"what we're doing is saying that there are opportunities, business opportunities, educational opportunities, responsibilities uh - where people with talent, black or any other minority, can fully qualify",Premise,"(40230, 40432)",I'm very proud of the record of this administration,Claim,"(39395, 39446)",Support
with the economy that would be generated from a restraint on spending,Premise,"(4137, 4206)",I think the American people would be willing to make those sacrifices for peace and prosperity in the next uh - four years,Claim,"(4276, 4398)",Support
I'm strongly against a- abortion,Claim,"(44481, 44513)",I'll do everything I can to minimize the need for abortions,Claim,"(44770, 44829)",Support
Those are the people who ought to be in jai,Premise,"(48486, 48529)","the only way to do it is to pass strong legislation so that once apprehended, indicted, convicted, they'll be in jail and off the streets and not using guns in the commission of a crime",Claim,"(48536, 48721)",Support
I think the Burger Court has confirmed that basic and very controversial decision of the Warren Court,Claim,"(53227, 53328)",I think that the Burger Court has fairly well confirmed the major and - and most far-reaching and most controversial decisions of the Warren Court,Claim,"(52654, 52800)",Equivalent
"based on the announcement this week, there will be at an annual rate of a million, eight hundred and some thousand new houses built",Premise,"(59012, 59143)",let's talk about the pluses that came out this week,Claim,"(58831, 58882)",Support
when Gallup ran their first poll in December of 1975 they didn't put my name on the list,Premise,"(65466, 65554)","I was in uh - thirty primaries in the spring, and uh - at first it was obvious that I didn't have any standing in the poll",Premise,"(65313, 65435)",Support
we were still deeply involved in the problems of Vietnam,Premise,"(69756, 69812)",I became president at the time that the United States was in a very troubled time,Claim,"(69567, 69648)",Support
the Playboy thing has been of great - very great concern to me,Premise,"(9846, 9908)",I don't know how to deal with it exactly,Premise,"(9910, 9950)",Support
"in the meantime, the special prosecutor, within the last few days, after an investigation himself, said there was no reason for him to get involved because he found nothing that would justify it",Premise,"(14551, 14745)","after all of those investigations by objective, responsible people",Premise,"(14898, 14964)",Support
I have maintained from the very beginning of my campaign,Premise,"(18233, 18289)","I would never uh - go to war or become militarily involved, in the internal affairs of another country unless our own security was direc- rectly threatened",Claim,"(18380, 18535)",Support
"if we have operations that might be developing uh in the Middle East or southern Africa, in the Pacific",Premise,"(21962, 22065)","I think in the fact that he apologized, that he was reprimanded, uh - does permit him to stay on and continue that kind of leadership that's we so badly need",Claim,"(21732, 21889)",Support
didn't hold public office,Premise,"(24382, 24407)","At that time, nobody thought I had a chance to win",Premise,"(24243, 24293)",Support
it would've interfered with our energy independence program,Premise,"(29854, 29913)",I vetoed the strip-mining bill,Claim,"(29306, 29336)",Support
"When uh - the Nixon-Ford Administration started, this was 10 percent",Premise,"(35799, 35867)",That's a 30 percent reduction in the portion that the federal government contributes to education in just eight years,Premise,"(35869, 35986)",Support
The Office of Minority Business in the Department of Commerce has made available more money in trying to help uh - black businessmen or other minority businessmen than any other administration since the office was established,Premise,"(40434, 40659)","what we're doing is saying that there are opportunities, business opportunities, educational opportunities, responsibilities uh - where people with talent, black or any other minority, can fully qualify",Premise,"(40230, 40432)",Support
"we're spending very significant amounts of money now, some $200 billion a year, almost 50 percent of our total federal expenditure uh - by the federal government at the present time for human needs",Premise,"(4943, 5140)","we're not gonna be able to do much - very much in the next four or five years to meet the basic agenda of our national needs in the cities, in health, uh in transit and a whole lot of things like that",Claim,"(4660, 4860)",Attack
I'll do everything I can to minimize the need for abortions,Claim,"(44770, 44829)",I don't favor a constitutional amendment on the subject,Claim,"(44616, 44671)",Attack
"I think the better way is to go after the criminal, the individual who commits a crime in the possession of a gun and uses that gun for a part of his criminal activity",Claim,"(48317, 48484)","the only way to do it is to pass strong legislation so that once apprehended, indicted, convicted, they'll be in jail and off the streets and not using guns in the commission of a crime",Claim,"(48536, 48721)",Support
The uh - right of indigent or very poor accused persons to uh - legal counsel,Premise,"(53143, 53220)",I think the Burger Court has confirmed that basic and very controversial decision of the Warren Court,Claim,"(53227, 53328)",Support
which is a tremendous increase over last year and a substantial increase over the earlier part of this year,Premise,"(59145, 59252)","based on the announcement this week, there will be at an annual rate of a million, eight hundred and some thousand new houses built",Premise,"(59012, 59143)",Support
at the beginning of the year I had about 2 percent,Premise,"(65628, 65678)","the polls to me are interesting, but they don't determine, you know, my hopes or - or my despair",Claim,"(65683, 65779)",Support
The American people had lost faith and trust and confidence in the presidency itself,Premise,"(69814, 69898)",I became president at the time that the United States was in a very troubled time,Claim,"(69567, 69648)",Support
"Other people have done it who are notable - uh - Governor Jerry Brown, uh - Walter Cronkite, uh - Albert Schweitzer, Mr. Ford's own secretary of the treasury, Mr. Simon, uh - William Buckley - many other people",Premise,"(10009, 10219)",I uh - agreed to give the interview uh - to Playboy,Premise,"(9957, 10008)",Support
"just a day or two ago, the attorney general of the United States made a further investigation and came to precisely the same conclusion",Premise,"(14756, 14891)","after all of those investigations by objective, responsible people",Premise,"(14898, 14964)",Support
this was a standard answer that I made in response to the Yugoslavian question,Premise,"(18295, 18373)","I would never uh - go to war or become militarily involved, in the internal affairs of another country unless our own security was direc- rectly threatened",Claim,"(18380, 18535)",Support
"we need a man with that experience, that knowledge, that know-how",Claim,"(22072, 22137)","I think in the fact that he apologized, that he was reprimanded, uh - does permit him to stay on and continue that kind of leadership that's we so badly need",Claim,"(21732, 21889)",Support
didn't have very much money,Premise,"(24409, 24436)","At that time, nobody thought I had a chance to win",Premise,"(24243, 24293)",Support
"I have increased, as president, by over 60 percent the funding for water treatment plants in the United States, the federal contribution",Premise,"(30241, 30377)",let's talk about what the Ford administration has done in the field of environment,Claim,"(30157, 30239)",Support
We have now uh - for instance only 7 percent of the total education cost being financed by the federal government,Premise,"(35684, 35797)",That's a 30 percent reduction in the portion that the federal government contributes to education in just eight years,Premise,"(35869, 35986)",Support
"The Office of Small Business, under Mr. Kobelinski, has a very massive program trying to help the black community",Premise,"(40661, 40774)","what we're doing is saying that there are opportunities, business opportunities, educational opportunities, responsibilities uh - where people with talent, black or any other minority, can fully qualify",Premise,"(40230, 40432)",Support
"we're spending very significant amounts of money now, some $200 billion a year, almost 50 percent of our total federal expenditure uh - by the federal government at the present time for human needs",Premise,"(4943, 5140)",we will probably need to increase that to same extent,Claim,"(5146, 5199)",Support
"better sex education, family planning",Premise,"(44835, 44872)",I'll do everything I can to minimize the need for abortions,Claim,"(44770, 44829)",Support
The person who wants to use a gun for an illegal purpose can get it whether it's registered or outlawed,Premise,"(49586, 49689)",a national registration of handguns or handgun owners will solve the problem you're talking about,Claim,"(49487, 49584)",Support
"The one-man, one-vote rule, which is a very important one that uh - s- struck down the unwarranted influence in the legislature of parsley - uh populated areas of - of the states",Premise,"(52963, 53141)",I think the Burger Court has confirmed that basic and very controversial decision of the Warren Court,Claim,"(53227, 53328)",Support
"The rate of inflation, as announced just the other day, is under 5 percent",Premise,"(59432, 59506)","in addition, we had a very - some very good news in the reduction in the rate of inflation",Premise,"(59258, 59348)",Support
"I was in uh - thirty primaries in the spring, and uh - at first it was obvious that I didn't have any standing in the poll",Premise,"(65313, 65435)","the polls to me are interesting, but they don't determine, you know, my hopes or - or my despair",Claim,"(65683, 65779)",Support
The American people had lost faith and trust and confidence in the presidency itself,Premise,"(69814, 69898)",That uh - situation called for me to first put the United States on a steady course and to keep our keel well balanced,Claim,"(69900, 70018)",Support
they weren't running for president,Premise,"(10225, 10259)","in retrospect, from hindsight, I would not have given that uh - interview had I do it - had it - I to do it over again",Claim,"(10265, 10383)",Support
which was a legitimate request and a proper response by me,Premise,"(14309, 14367)",I think the matter is closed once and for all,Claim,"(14966, 15011)",Support
I don't believe that our security would be directly threatened if the Soviet Union went uh - into Yugoslavia,Claim,"(18546, 18654)","I would never uh - go to war or become militarily involved, in the internal affairs of another country unless our own security was direc- rectly threatened",Claim,"(18380, 18535)",Support
"if we have operations that might be developing uh in the Middle East or southern Africa, in the Pacific",Premise,"(21962, 22065)","we need a man with that experience, that knowledge, that know-how",Claim,"(22072, 22137)",Support
"my first organization was just four or five people plus my wife and my children, my three sons and their wives",Premise,"(24442, 24552)",very few people knew who I was,Premise,"(24300, 24330)",Support
I have fully funded the land and water conservation program,Premise,"(30379, 30438)",let's talk about what the Ford administration has done in the field of environment,Claim,"(30157, 30239)",Support
"We've got an extraordinarily high unemployment rate among downtown urban ghetto areas, uh - particularly among the very poor and particularly among minority groups, sometimes 50 or 60 percent",Premise,"(36141, 36332)",the major - uh thrust has gotta be to put people back to work,Claim,"(36078, 36139)",Support
"The individual who wants to start a business or expand his business as a black businessman is able to borrow, either directly or with guaranteed loans",Premise,"(40776, 40926)","what we're doing is saying that there are opportunities, business opportunities, educational opportunities, responsibilities uh - where people with talent, black or any other minority, can fully qualify",Premise,"(40230, 40432)",Support
we don't have to have - growth in spending that will blow the lid off and add to the problems of inflation,Claim,"(5205, 5311)",growth is gonna be fairly slow,Claim,"(4619, 4649)",Attack
better adoptive procedures,Premise,"(44879, 44905)",I'll do everything I can to minimize the need for abortions,Claim,"(44770, 44829)",Support
They will be obtained,Premise,"(49691, 49712)",a national registration of handguns or handgun owners will solve the problem you're talking about,Claim,"(49487, 49584)",Support
"Civil rights - uh has been confirmed by the Burger Court, hasn't been uh - reversed",Premise,"(52802, 52885)",I think the Burger Court has confirmed that basic and very controversial decision of the Warren Court,Claim,"(53227, 53328)",Support
inflation is less,Premise,"(59691, 59708)",the American buyer is getting a better bargain today,Claim,"(59630, 59682)",Support
I campaign among people,Claim,"(65781, 65804)","the polls to me are interesting, but they don't determine, you know, my hopes or - or my despair",Claim,"(65683, 65779)",Support
I became president at the time that the United States was in a very troubled time,Claim,"(69567, 69648)",That uh - situation called for me to first put the United States on a steady course and to keep our keel well balanced,Claim,"(69900, 70018)",Support
"in retrospect, from hindsight, I would not have given that uh - interview had I do it - had it - I to do it over again",Claim,"(10265, 10383)",I've made some mistakes,Claim,"(9683, 9706)",Support
"I testified before two committees, House and Senate, on precisely the questions that you have asked",Premise,"(13775, 13874)",I think the matter is closed once and for all,Claim,"(14966, 15011)",Support
I don't believe that our security would be directly threatened if the Soviet Union went uh - into Yugoslavia,Claim,"(18546, 18654)",I think it would be unwise for us to say that we will go to war uh - in Yugoslavia uh - if the Soviets should invade,Claim,"(18063, 18179)",Support
as we enter into uh - negotiations uh - under the SALT II agreement,Premise,"(21890, 21957)","we need a man with that experience, that knowledge, that know-how",Claim,"(22072, 22137)",Support
"my first organization was just four or five people plus my wife and my children, my three sons and their wives",Premise,"(24442, 24552)","At that time, nobody thought I had a chance to win",Premise,"(24243, 24293)",Support
"in fact, have recommended and the Congress approved a substantially increased land and water conservation program",Premise,"(30440, 30553)",let's talk about what the Ford administration has done in the field of environment,Claim,"(30157, 30239)",Support
"the concentration of employment opportunities in those areas would help greatly not only to reestablish the tax base, but also to help reduce the extraordinary welfare cost",Premise,"(36338, 36510)",the major - uh thrust has gotta be to put people back to work,Claim,"(36078, 36139)",Support
"The individual who wants to start a business or expand his business as a black businessman is able to borrow, either directly or with guaranteed loans",Premise,"(40776, 40926)",I believe on the record that this administration has been more responsive and we have carried out the law to the letter,Claim,"(40928, 41047)",Support
"I proposed, as you know, a reduction to increase the personal exemption from seven hundred and fifty to a thousand dollars",Premise,"(5419, 5541)",I believe we can meet the problems within the cities of this country and still uh - give a tax reduction,Claim,"(5313, 5417)",Support
I personally don't believe that the federal government oughta finance abortions,Claim,"(44907, 44986)",I don't think the government oughta do anything to encourage abortion,Claim,"(44541, 44610)",Support
They will be obtained,Premise,"(49691, 49712)",The person who wants to use a gun for an illegal purpose can get it whether it's registered or outlawed,Premise,"(49586, 49689)",Equivalent
The uh - right of indigent or very poor accused persons to uh - legal counsel,Premise,"(53143, 53220)",I think that the Burger Court has fairly well confirmed the major and - and most far-reaching and most controversial decisions of the Warren Court,Claim,"(52654, 52800)",Support
the uh - 4.4 percent that was indicated at the time of the 4 percent GNP was less than the 5.4 percent,Premise,"(59512, 59614)","in addition, we had a very - some very good news in the reduction in the rate of inflation",Premise,"(59258, 59348)",Support
"the polls to me are interesting, but they don't determine, you know, my hopes or - or my despair",Claim,"(65683, 65779)",I've never depended on powerful political figures to put me in office,Claim,"(65806, 65875)",Support
we were on the brink of the worst recession in the last forty years,Premise,"(69687, 69754)",That uh - situation called for me to first put the United States on a steady course and to keep our keel well balanced,Claim,"(69900, 70018)",Support
I don't know how to deal with it exactly,Premise,"(9910, 9950)",I've made some mistakes,Claim,"(9683, 9706)",Support
"Those tapes are in the jurisdiction of the courts and I have no right to say ""yes"" or ""no.""",Premise,"(15077, 15168)",I don't control any of the tapes,Claim,"(15043, 15075)",Support
"I would never uh - go to war or become militarily involved, in the internal affairs of another country unless our own security was direc- rectly threatened",Claim,"(18380, 18535)",I think it would be unwise for us to say that we will go to war uh - in Yugoslavia uh - if the Soviets should invade,Claim,"(18063, 18179)",Support
"I think, in light of the fact that he has uh - apologized, uh - would not have justified my asking for his resignation",Claim,"(22143, 22261)","I think in the fact that he apologized, that he was reprimanded, uh - does permit him to stay on and continue that kind of leadership that's we so badly need",Claim,"(21732, 21889)",Equivalent
we talked a lot and we listened a lot and we learned from the American people,Premise,"(24741, 24818)","we built up uh - an awareness among the uh - voters of this country, particularly those in whose primaries I entered - thirty of them, nobody's ever done that before - about who I was and what I stood for",Premise,"(24824, 25028)",Support
I have uh - added in the current year budget the funds for the National Park Service,Premise,"(30560, 30644)",let's talk about what the Ford administration has done in the field of environment,Claim,"(30157, 30239)",Support
One of the major responsibilities on the shoulders of uh - New York City is to - is to finance welfare,Premise,"(36512, 36614)",I favor a shifting of the welfare cost away from the local governments altogether,Claim,"(36620, 36701)",Support
"what we're doing is saying that there are opportunities, business opportunities, educational opportunities, responsibilities uh - where people with talent, black or any other minority, can fully qualify",Premise,"(40230, 40432)",I believe on the record that this administration has been more responsive and we have carried out the law to the letter,Claim,"(40928, 41047)",Support
"With the fiscal program that I have, and if you look at the projections, it shows that we will reduce unemployment",Premise,"(5543, 5657)",we're going to have a fairly high rate of unemployment over a fairly long time,Claim,"(4534, 4612)",Attack
I draw the line and don't support a constitutional amendment,Claim,"(44996, 45056)",I don't favor a constitutional amendment on the subject,Claim,"(44616, 44671)",Equivalent
they are the people who ought to go behind bars,Premise,"(49718, 49765)",Those are the people who ought to be in jai,Premise,"(48486, 48529)",Equivalent
"The one-man, one-vote rule, which is a very important one that uh - s- struck down the unwarranted influence in the legislature of parsley - uh populated areas of - of the states",Premise,"(52963, 53141)",I think that the Burger Court has fairly well confirmed the major and - and most far-reaching and most controversial decisions of the Warren Court,Claim,"(52654, 52800)",Support
"in addition, we had a very - some very good news in the reduction in the rate of inflation",Premise,"(59258, 59348)",the American buyer is getting a better bargain today,Claim,"(59630, 59682)",Support
I have a direct relationship with hundreds of people around - hundreds of thousands around the country who actively campaign for me,Claim,"(65877, 66008)",I campaign among people,Claim,"(65781, 65804)",Support
we were still deeply involved in the problems of Vietnam,Premise,"(69756, 69812)",That uh - situation called for me to first put the United States on a steady course and to keep our keel well balanced,Claim,"(69900, 70018)",Support
If I should ever decide in the future to discuss my - my deep Christian beliefs and uh - condemnation and sinfulness,Premise,"(10385, 10501)",I'll use another forum besides Playboy,Claim,"(10503, 10541)",Support
"all the committees, the attorney general, the special prosecutor, all of them have given me a clean bill of health",Premise,"(15173, 15287)",I think the matter is closed once and for all,Claim,"(14966, 15011)",Support
which I think would be an extremely unlikely thing,Claim,"(18181, 18231)",I don't believe it will happen,Claim,"(18656, 18686)",Equivalent
This one concerned uh - Great Britain,Premise,"(22638, 22675)",I think this is uh - the second time that General Brown has made a statement that - for which he did have to apologize,Premise,"(22347, 22465)",Support
"Now we have a very, very wide-ranging group of advisers who help me prepare for these debates and who teach me about international economics, and foreign affairs, defense matters, health, education, welfare, government reorganization",Premise,"(25030, 25263)","I'd say, several hundred of them",Premise,"(25265, 25297)",Support
"For example, we uh - proposed about $12 million to add between four and five hundred more employees for the National Park Service",Premise,"(30646, 30775)",I have uh - added in the current year budget the funds for the National Park Service,Premise,"(30560, 30644)",Support
I favor a shifting of the welfare cost away from the local governments altogether,Claim,"(36620, 36701)","over a longer period of time, let the federal government begin to absorb part of it that's now paid by the state governments",Claim,"(36707, 36831)",Support
"the Department of uh - uh - HUD is enforcing the new legislation that uhh - outlaws, that takes care of redlining",Premise,"(40110, 40223)",I believe on the record that this administration has been more responsive and we have carried out the law to the letter,Claim,"(40928, 41047)",Support
that we will continue to win the battle against inflation,Premise,"(5659, 5716)",we don't have to have - growth in spending that will blow the lid off and add to the problems of inflation,Claim,"(5205, 5311)",Support
I draw the line and don't support a constitutional amendment,Claim,"(44996, 45056)",I don't think the government oughta do anything to encourage abortion,Claim,"(44541, 44610)",Attack
they are the people who ought to go behind bars,Premise,"(49718, 49765)","What we have to do, and this is the crux of the matter, is to make it very, very uh - difficult for a person who uses a gun in the commission of a crime to stay out of jail",Claim,"(47794, 47966)",Support
I answered it by saying that it would be on the basis of merit,Claim,"(54388, 54450)",merit selection of judges is the most important single criterion,Claim,"(52443, 52507)",Support
the uh - 4.4 percent that was indicated at the time of the 4 percent GNP was less than the 5.4 percent,Premise,"(59512, 59614)",the American buyer is getting a better bargain today,Claim,"(59630, 59682)",Support
"In Georgia alone, for instance, I got 84 percent of the vote",Premise,"(66010, 66070)",I have a direct relationship with hundreds of people around - hundreds of thousands around the country who actively campaign for me,Claim,"(65877, 66008)",Support
We had inflation of over 12 percent,Premise,"(69650, 69685)",That uh - situation called for me to first put the United States on a steady course and to keep our keel well balanced,Claim,"(69900, 70018)",Support
"in retrospect, from hindsight, I would not have given that uh - interview had I do it - had it - I to do it over again",Claim,"(10265, 10383)",I'll use another forum besides Playboy,Claim,"(10503, 10541)",Support
I think the matter is settled once and for all,Claim,"(15289, 15335)",I think the matter is closed once and for all,Claim,"(14966, 15011)",Equivalent
I doubt that that would be an eventuality,Claim,"(18836, 18877)",I don't believe it will happen,Claim,"(18656, 18686)",Equivalent
I'm not uh - sure that I remembered earlier that President Ford had - had expressed uh - his concern about the statement or apologized for it,Premise,"(22797, 22938)","something, though, that I think uh - is indicative of the need among the American people to know how its commander-in-chief, the president, feels",Claim,"(22953, 23098)",Support
I chose Senator Walter Mondale,Premise,"(25593, 25623)",I think this should be indicative of the kind of leaders I would choose to help me,Claim,"(25493, 25575)",Support
"a month or so ago I did uh - likewise say over the next ten years we should expand - double - this national parks, the wild wilderness areas, the scenic river areas",Premise,"(30781, 30945)",I have uh - added in the current year budget the funds for the National Park Service,Premise,"(30560, 30644)",Support
"over a longer period of time, let the federal government begin to absorb part of it that's now paid by the state governments",Claim,"(36707, 36831)",Those things would help a great deal with the cities,Claim,"(36833, 36885)",Support
"the Department of Justice is fully enforcing, and enforcing effectively, the Voting Rights Act, the legislation that involves jobs, housing for minorities, not only blacks but all others",Premise,"(39917, 40103)",I believe on the record that this administration has been more responsive and we have carried out the law to the letter,Claim,"(40928, 41047)",Support
at the same time give the kind of quality of life that I believe is possible in America,Premise,"(5722, 5809)","we're not gonna be able to do much - very much in the next four or five years to meet the basic agenda of our national needs in the cities, in health, uh in transit and a whole lot of things like that",Claim,"(4660, 4860)",Attack
I draw the line and don't support a constitutional amendment,Claim,"(44996, 45056)",I would not work hard to support any of those,Claim,"(44142, 44187)",Support
they are the people who ought to go behind bars,Premise,"(49718, 49765)","I think the better way is to go after the criminal, the individual who commits a crime in the possession of a gun and uses that gun for a part of his criminal activity",Claim,"(48317, 48484)",Support
"Once the uh - search and analysis procedure had been completed, and once I'm given a list of the five or seven or ten uh - best qualified persons in the country, I would make a selection from among those uh - persons",Premise,"(54452, 54668)",I answered it by saying that it would be on the basis of merit,Claim,"(54388, 54450)",Support
the uh - 4.4 percent that was indicated at the time of the 4 percent GNP was less than the 5.4 percent,Premise,"(59512, 59614)",inflation is less,Premise,"(59691, 59708)",Equivalent
"there were fourteen people uh - in addition to myself on the ballot, and Governor Wallace had been very strong in Georgia",Premise,"(66084, 66205)",I have a direct relationship with hundreds of people around - hundreds of thousands around the country who actively campaign for me,Claim,"(65877, 66008)",Support
we had to face the difficult problems that had all of a sudden hit America,Premise,"(70028, 70102)",That uh - situation called for me to first put the United States on a steady course and to keep our keel well balanced,Claim,"(69900, 70018)",Support
I'll use another forum besides Playboy,Claim,"(10503, 10541)",I've made some mistakes,Claim,"(9683, 9706)",Support
"after all of those investigations by objective, responsible people",Premise,"(14898, 14964)",I think the matter is settled once and for all,Claim,"(15289, 15335)",Support
I doubt that that would be an eventuality,Claim,"(18836, 18877)",which I think would be an extremely unlikely thing,Claim,"(18181, 18231)",Equivalent
I'm not uh - sure that I remembered earlier that President Ford had - had expressed uh - his concern about the statement or apologized for it,Premise,"(22797, 22938)","I think the only criticism that I would have uh - on - of Mr. Ford is that uh - immediately when the statement was re - re - revealed, uh - perhaps a - a statement from the president would have been a clarifying and a very beneficial thing",Claim,"(23115, 23354)",Support
if something should happen to me,Premise,"(25791, 25823)",the only criterion I ever put forward in my own mind was who among the several million people in this country would be the best person qualified to be president,Claim,"(25629, 25789)",Support
"the - the final thing is that I have signed and approved of more scenic rivers, more wilderness areas, since I've been president than any other president in the history of the United States",Premise,"(30968, 31157)",let's talk about what the Ford administration has done in the field of environment,Claim,"(30157, 30239)",Support
I favor a shifting of the welfare cost away from the local governments altogether,Claim,"(36620, 36701)",Those things would help a great deal with the cities,Claim,"(36833, 36885)",Support
I believe on the record that this administration has been more responsive and we have carried out the law to the letter,Claim,"(40928, 41047)",I'm proud of the record,Claim,"(41053, 41076)",Support
"a job, a home for all those that'll work and save for it, uh - safety in the streets, uh - health that is a - health care that is affordable",Premise,"(5816, 5956)",we're going to have a fairly high rate of unemployment over a fairly long time,Claim,"(4534, 4612)",Attack
I won't actively work for the passage of any of them,Claim,"(45226, 45278)",I would not work hard to support any of those,Claim,"(44142, 44187)",Equivalent
they are the people who ought to go behind bars,Premise,"(49718, 49765)","the only way to do it is to pass strong legislation so that once apprehended, indicted, convicted, they'll be in jail and off the streets and not using guns in the commission of a crime",Claim,"(48536, 48721)",Support
if there was no outstanding person,Premise,"(54728, 54762)",I would undoubtedly choose someone who would most accurately reflect my own basic politi- political philosophy as best I could determine it,Claim,"(54769, 54908)",Support
even people that have a job are afraid that they're going to be fired,Premise,"(59848, 59917)",there has been an increase in layoffs and that's something that bothers everybody,Claim,"(59758, 59839)",Support
That's an overwhelming support from my own people who know me best,Premise,"(66207, 66273)",I have a direct relationship with hundreds of people around - hundreds of thousands around the country who actively campaign for me,Claim,"(65877, 66008)",Support
"What counts is, that the United States celebrated its 200th birthday on July fourth",Claim,"(70431, 70514)",those are not the things that count,Claim,"(70394, 70429)",Support
I'll use another forum besides Playboy,Claim,"(10503, 10541)",I regret the things in my own long campaign that have been mistaken,Premise,"(11219, 11286)",Support
"in the meantime, the special prosecutor, within the last few days, after an investigation himself, said there was no reason for him to get involved because he found nothing that would justify it",Premise,"(14551, 14745)",I think the matter is settled once and for all,Claim,"(15289, 15335)",Support
I would take eh - the strongest possible measures short of uh - actual military uh - action there by our own troops,Premise,"(18715, 18830)",I think it would be unwise for us to say that we will go to war uh - in Yugoslavia uh - if the Soviets should invade,Claim,"(18063, 18179)",Support
"something, though, that I think uh - is indicative of the need among the American people to know how its commander-in-chief, the president, feels",Claim,"(22953, 23098)","I think the only criticism that I would have uh - on - of Mr. Ford is that uh - immediately when the statement was re - re - revealed, uh - perhaps a - a statement from the president would have been a clarifying and a very beneficial thing",Claim,"(23115, 23354)",Support
if I should serve out my term,Premise,"(25863, 25892)",to join me in being vice president,Claim,"(25828, 25862)",Support
This uh - administration's record on environment is very bad,Claim,"(31279, 31339)",I think the League of Conservation Voters is absolutely right,Claim,"(31216, 31277)",Support
One of the major responsibilities on the shoulders of uh - New York City is to - is to finance welfare,Premise,"(36512, 36614)",Those things would help a great deal with the cities,Claim,"(36833, 36885)",Support
I'm proud of the record,Claim,"(41053, 41076)",I'm very proud of the record of this administration,Claim,"(39395, 39446)",Equivalent
"a job, a home for all those that'll work and save for it, uh - safety in the streets, uh - health that is a - health care that is affordable",Premise,"(5816, 5956)",at the same time give the kind of quality of life that I believe is possible in America,Premise,"(5722, 5809)",Support
I draw the line and don't support a constitutional amendment,Claim,"(44996, 45056)",I won't actively work for the passage of any of them,Claim,"(45226, 45278)",Support
"when you go through the process of registration, you in effect, are penalizing that individual who uses his gun for a very legitimate purpose",Premise,"(49840, 49981)",You should not in the process penalize the legitimate handgun owner,Claim,"(49767, 49834)",Support
"If the uh - list was, uh - in my opinion, fairly uniform",Premise,"(54670, 54726)",I would undoubtedly choose someone who would most accurately reflect my own basic politi- political philosophy as best I could determine it,Claim,"(54769, 54908)",Support
"most importantly, consumer confidence as surveyed by the reputable organization at the University of Michigan is at the highest since 1972",Premise,"(60465, 60603)",there is a growing public confidence in the strength of this economy,Claim,"(60621, 60689)",Support
"there were fourteen people uh - in addition to myself on the ballot, and Governor Wallace had been very strong in Georgia",Premise,"(66084, 66205)",That's an overwhelming support from my own people who know me best,Premise,"(66207, 66273)",Support
As a result of that wonderful experience all over the United States,Premise,"(70516, 70583)",there is a new spirit in America,Claim,"(70585, 70617)",Support
"in retrospect, from hindsight, I would not have given that uh - interview had I do it - had it - I to do it over again",Claim,"(10265, 10383)",I regret the things in my own long campaign that have been mistaken,Premise,"(11219, 11286)",Support
"following that investigation, both committees overwhelmingly approved me",Premise,"(14429, 14501)",I think the matter is settled once and for all,Claim,"(15289, 15335)",Support
I would take eh - the strongest possible measures short of uh - actual military uh - action there by our own troops,Premise,"(18715, 18830)","I would never uh - go to war or become militarily involved, in the internal affairs of another country unless our own security was direc- rectly threatened",Claim,"(18380, 18535)",Support
he said that Israel was a - a military burden on us and that Iran hoped to reestablish the Persian Empire,Premise,"(22685, 22790)",the first one was related to uh - the unwarranted influence of American Jews on the media and uh - in the Congress,Premise,"(22522, 22636)",Support
Walter Mondale was the right choice,Claim,"(25965, 26000)",I chose Senator Walter Mondale,Premise,"(25593, 25623)",Support
This uh - administration's record on environment is very bad,Claim,"(31279, 31339)",let's talk about what the Ford administration has done in the field of environment,Claim,"(30157, 30239)",Attack
the major - uh thrust has gotta be to put people back to work,Claim,"(36078, 36139)",Those things would help a great deal with the cities,Claim,"(36833, 36885)",Support
"The individual who wants to start a business or expand his business as a black businessman is able to borrow, either directly or with guaranteed loans",Premise,"(40776, 40926)",I'm proud of the record,Claim,"(41053, 41076)",Support
"a job, a home for all those that'll work and save for it, uh - safety in the streets, uh - health that is a - health care that is affordable",Premise,"(5816, 5956)",These things can be done,Claim,"(5958, 5982)",Support
I draw the line and don't support a constitutional amendment,Claim,"(44996, 45056)",I won't actively work for the passage of any of them,Claim,"(45226, 45278)",Support
"earlier, uh - Mr. Levi, his uh - attorney general, put forward a gun control proposal, which Mr. Ford later, I believe, espoused, that called for the prohibition against the uh sale aw- of the uh - so-called Saturday Night Specials",Premise,"(50108, 50339)",I think it's accurate to say that Mr. Ford's position on gun control has changed,Claim,"(50021, 50101)",Support
to continue the progress that has been made under the last two uh - courts - the Warren Court and the Burger Court,Claim,"(54930, 55044)",I answered it by saying that it would be on the basis of merit,Claim,"(54388, 54450)",Support
there is a growing public confidence in the strength of this economy,Claim,"(60621, 60689)",there will be more industrial activity,Claim,"(60711, 60749)",Support
"today, we have about five hundred Georgians at their own expense - just working people who believe in me - spread around the country uh - involved in the political campaign",Premise,"(66279, 66451)",I have a direct relationship with hundreds of people around - hundreds of thousands around the country who actively campaign for me,Claim,"(65877, 66008)",Support
"The American people are healed, are working together",Premise,"(70619, 70671)",there is a new spirit in America,Claim,"(70585, 70617)",Support
I've made some mistakes,Claim,"(9683, 9706)",I regret the things in my own long campaign that have been mistaken,Premise,"(11219, 11286)",Support
the House and the Senate did likewise,Premise,"(14507, 14544)",I think the matter is settled once and for all,Claim,"(15289, 15335)",Support
"I firmly believe, uh - Mr. Kraft, that it's unwise for a president to signal in advance what uh - options he might exercise if any uhh - international problem arose",Claim,"(19095, 19259)","I would never uh - go to war or become militarily involved, in the internal affairs of another country unless our own security was direc- rectly threatened",Claim,"(18380, 18535)",Attack
I chose Senator Walter Mondale,Premise,"(25593, 25623)",I believe this is a good indication of the kind of people I would choose in the future,Claim,"(26006, 26092)",Support
This uh - administration's record on environment is very bad,Claim,"(31279, 31339)","the - the final thing is that I have signed and approved of more scenic rivers, more wilderness areas, since I've been president than any other president in the history of the United States",Premise,"(30968, 31157)",Attack
"I favor all revenue sharing money being used for local governments, and also to remove prohibitions in the use of revenue sharing money so that it can be used to improve education, and health care",Claim,"(35486, 35682)",Those things would help a great deal with the cities,Claim,"(36833, 36885)",Support
"what we're doing is saying that there are opportunities, business opportunities, educational opportunities, responsibilities uh - where people with talent, black or any other minority, can fully qualify",Premise,"(40230, 40432)",I'm proud of the record,Claim,"(41053, 41076)",Support
at the same time give the kind of quality of life that I believe is possible in America,Premise,"(5722, 5809)",These things can be done,Claim,"(5958, 5982)",Support
I don't favor a constitutional amendment on the subject,Claim,"(44616, 44671)",I won't actively work for the passage of any of them,Claim,"(45226, 45278)",Support
it would've put uh - very strict uh - uh - control over who owned a handgun,Premise,"(50345, 50420)",I think it's accurate to say that Mr. Ford's position on gun control has changed,Claim,"(50021, 50101)",Support
"do some of the things at the federal level in court reform that I've just described, as has been done in Georgia and other states",Claim,"(55123, 55252)",I would also like to uh - completely revise our criminal justice system,Claim,"(55046, 55117)",Support
there is a growing public confidence in the strength of this economy,Claim,"(60621, 60689)",there will be a reduction in the uhh - unemployment,Claim,"(60765, 60816)",Support
"I think a lot of it uh - depends on current events - uh - sometimes foreign affairs, sometimes domestic affairs",Claim,"(66538, 66649)","the polls to me are interesting, but they don't determine, you know, my hopes or - or my despair",Claim,"(65683, 65779)",Support
"The American people are moving again, and moving in the right direction",Premise,"(70673, 70744)",there is a new spirit in America,Claim,"(70585, 70617)",Support
I regret the things in my own long campaign that have been mistaken,Premise,"(11219, 11286)",I'm trying to do away with those the last ten days,Claim,"(11292, 11342)",Support
which was a legitimate request and a proper response by me,Premise,"(14309, 14367)",I think the matter is settled once and for all,Claim,"(15289, 15335)",Support
"I firmly believe, uh - Mr. Kraft, that it's unwise for a president to signal in advance what uh - options he might exercise if any uhh - international problem arose",Claim,"(19095, 19259)",I have maintained from the very beginning of my campaign,Premise,"(18233, 18289)",Attack
Walter Mondale was the right choice,Claim,"(25965, 26000)",I believe this is a good indication of the kind of people I would choose in the future,Claim,"(26006, 26092)",Support
This uh - administration's record on environment is very bad,Claim,"(31279, 31339)",I have uh - added in the current year budget the funds for the National Park Service,Premise,"(30560, 30644)",Attack
I think it's very important that our cities know that they have a partner in the federal government,Claim,"(34723, 34822)",Those things would help a great deal with the cities,Claim,"(36833, 36885)",Support
"the Department of uh - uh - HUD is enforcing the new legislation that uhh - outlaws, that takes care of redlining",Premise,"(40110, 40223)",I'm proud of the record,Claim,"(41053, 41076)",Support
if we have the right vision and the right restraint and the right leadership,Premise,"(5983, 6059)",These things can be done,Claim,"(5958, 5982)",Support
if you really believe that the people of a state ought to make a decision on a matter of this kind,Premise,"(45697, 45795)",we ought to have a federal constitutional amendment that would permit each one of the fifty states to make the choice,Claim,"(45806, 45923)",Support
"the only purpose that I would see in registering uh - handguns and not long guns of any kind would be to prohibit the uh - ownership of those guns by those who've used them in the commission of a crime, or who uh - have been proven to be mentally incompetent to own a gun",Premise,"(50520, 50791)","I believe that limited approach to the - to the question would be uh - advisable, and - and I think, adequate",Claim,"(50793, 50902)",Support
I would like to appoint people who would be interested in helping with that,Claim,"(55263, 55338)",I would also like to uh - completely revise our criminal justice system,Claim,"(55046, 55117)",Support
there is a growing public confidence in the strength of this economy,Claim,"(60621, 60689)",there will be increased hires,Claim,"(60832, 60861)",Support
I think our hold uh - of support among those who uh - are crucial to the election has been fairly steady,Claim,"(66655, 66759)","the polls to me are interesting, but they don't determine, you know, my hopes or - or my despair",Claim,"(65683, 65779)",Support
We have cut inflation by better than half,Premise,"(70746, 70787)",there is a new spirit in America,Claim,"(70585, 70617)",Support
"I hope that we can leave those issues in this next ten days about personalities and mistakes of the past - we've both made some mistakes - and talk about unemployment, inflation, housing, education, taxation, government organization, stripping away of secrecy, and the things that are crucial to the American people",Claim,"(10902, 11217)",I'm trying to do away with those the last ten days,Claim,"(11292, 11342)",Support
"I testified before two committees, House and Senate, on precisely the questions that you have asked",Premise,"(13775, 13874)",I think the matter is settled once and for all,Claim,"(15289, 15335)",Support
"I firmly believe, uh - Mr. Kraft, that it's unwise for a president to signal in advance what uh - options he might exercise if any uhh - international problem arose",Claim,"(19095, 19259)",this was a standard answer that I made in response to the Yugoslavian question,Premise,"(18295, 18373)",Attack
the only criterion I ever put forward in my own mind was who among the several million people in this country would be the best person qualified to be president,Claim,"(25629, 25789)",I feel completely at ease knowing that someday Senator Mondale might very well be president,Premise,"(26366, 26457)",Support
This uh - administration's record on environment is very bad,Claim,"(31279, 31339)","in fact, have recommended and the Congress approved a substantially increased land and water conservation program",Premise,"(30440, 30553)",Attack
The Ford administration does have a very comprehensive program to help uh - our major metropolitan areas,Claim,"(37007, 37111)",this administration has no urban policy,Claim,"(34147, 34186)",Attack
"the Department of Justice is fully enforcing, and enforcing effectively, the Voting Rights Act, the legislation that involves jobs, housing for minorities, not only blacks but all others",Premise,"(39917, 40103)",I'm proud of the record,Claim,"(41053, 41076)",Support
Mr. Ford's own uh - environmental agency has projected a 10 percent unemployment rate by 1978 if he's uh - president,Premise,"(6243, 6359)",I think in case of the Carter administration the sacrifices would be much less,Claim,"(6163, 6241)",Support
I favor the particular constitutional amendment that would turn over to the states the uh - individual right to the voters in those states uh - the chance to make a decision by public referendum,Claim,"(45456, 45650)",we ought to have a federal constitutional amendment that would permit each one of the fifty states to make the choice,Claim,"(45806, 45923)",Support
"I believe that limited approach to the - to the question would be uh - advisable, and - and I think, adequate",Claim,"(50793, 50902)",that's as far as I would go with it,Claim,"(50908, 50943)",Support
I know that uh Chief Justice Burger is,Premise,"(55340, 55378)",I would like to appoint people who would be interested in helping with that,Claim,"(55263, 55338)",Support
there is a growing public confidence in the strength of this economy,Claim,"(60621, 60689)",there will be increased employment,Claim,"(60877, 60911)",Support
"my success in the primary season was, I think, notable for a newcomer, from someone who's from outside Washington, who - who never has been a part of the Washington establishment",Claim,"(66765, 66943)",I think that we'll have good results uh - on November the second for myself and I hope for the country,Claim,"(66949, 67051)",Support
We have came out of the recession,Premise,"(70789, 70822)",there is a new spirit in America,Claim,"(70585, 70617)",Support
those are very disturbing to the American people,Premise,"(11672, 11720)","I believe that the uh - American people have been turned off in this election, uh - Mr. Maynard, for a variety of reasons",Claim,"(11418, 11539)",Support
"there is any question about whether or not uh - there was criminal prosecution, but whether - whether you have told the American people your entire involvement in it",Premise,"(15510, 15675)",I think that you still have not gone into details about what your role in it was,Claim,"(15410, 15490)",Support
"we all recall with some sadness that at uh - the period of the nin- late nineteen forties, early nineteen fifties, there were some indications that the United States would not include uh - South Korea in an area of defense",Premise,"(19269, 19491)","I firmly believe, uh - Mr. Kraft, that it's unwise for a president to signal in advance what uh - options he might exercise if any uhh - international problem arose",Claim,"(19095, 19259)",Support
I feel completely at ease knowing that someday Senator Mondale might very well be president,Premise,"(26366, 26457)",I chose Senator Walter Mondale,Premise,"(25593, 25623)",Support
This uh - administration's record on environment is very bad,Claim,"(31279, 31339)","I have increased, as president, by over 60 percent the funding for water treatment plants in the United States, the federal contribution",Premise,"(30241, 30377)",Attack
"I fought for, and the Congress finally went along with a general revenue sharing program, whereby cities and uh - states, uh - the cities two-thirds and the states one-third, get over six billion dollars a year in cash through which they can uh - provide many, many services, whatever they really want",Premise,"(37113, 37414)",The Ford administration does have a very comprehensive program to help uh - our major metropolitan areas,Claim,"(37007, 37111)",Support
"there was just uh - approved a three-star admiral, the first in the history of the United States Navy, so uh - we are giving full recognition to individuals of quality in the Ford administration in positions of great responsibility",Premise,"(39666, 39897)",I'm proud of the record,Claim,"(41053, 41076)",Support
Mr. Ford's own uh - environmental agency has projected a 10 percent unemployment rate by 1978 if he's uh - president,Premise,"(6243, 6359)",we're going to have a fairly high rate of unemployment over a fairly long time,Claim,"(4534, 4612)",Support
I think this is a responsible and a proper way to proceed,Claim,"(45930, 45987)",we ought to have a federal constitutional amendment that would permit each one of the fifty states to make the choice,Claim,"(45806, 45923)",Support
"the only purpose that I would see in registering uh - handguns and not long guns of any kind would be to prohibit the uh - ownership of those guns by those who've used them in the commission of a crime, or who uh - have been proven to be mentally incompetent to own a gun",Premise,"(50520, 50791)",that's as far as I would go with it,Claim,"(50908, 50943)",Support
that would be another factor that I would follow,Claim,"(55819, 55867)",I think the choice should be with human rights,Claim,"(55762, 55808)",Support
We're ahead of all of the Western European country,Premise,"(61396, 61446)",the United States' economic recovery from the recession of a year ago is well ahead of the economic recovery of any major free industrial nation in the world today,Premise,"(61231, 61394)",Support
I think our hold uh - of support among those who uh - are crucial to the election has been fairly steady,Claim,"(66655, 66759)",I think that we'll have good results uh - on November the second for myself and I hope for the country,Claim,"(66949, 67051)",Support
we're well on the road to real prosperity in this country again,Premise,"(70827, 70890)",there is a new spirit in America,Claim,"(70585, 70617)",Support
"We have seen on Capitol Hill, in the Congress, uh - a great many uh - allegations of wrong-doing, of uh - alleged immorality",Premise,"(11541, 11665)",those are very disturbing to the American people,Premise,"(11672, 11720)",Support
I think that you still have not gone into details about what your role in it was,Claim,"(15410, 15490)",I think the matter is settled once and for all,Claim,"(15289, 15335)",Attack
"There are some who allege, I can't prove it true or untrue, that uh - such a statement uh - in effect invited the North Koreans to invade South Korea",Premise,"(19493, 19642)","I firmly believe, uh - Mr. Kraft, that it's unwise for a president to signal in advance what uh - options he might exercise if any uhh - international problem arose",Claim,"(19095, 19259)",Support
to join me in being vice president,Claim,"(25828, 25862)",I feel completely at ease knowing that someday Senator Mondale might very well be president,Premise,"(26366, 26457)",Support
I think it's accurate to say that the uh - strip-mining law which was passed twice by the Congress - uh - and was only like two votes I believe of being overridden - would have been good for the country,Claim,"(31346, 31548)",I vetoed it,Claim,"(29804, 29815)",Attack
In addition we uh - in the federal government make available to uh - cities about uh - three billion three hundred million dollars in what we call community development,Premise,"(37416, 37584)",The Ford administration does have a very comprehensive program to help uh - our major metropolitan areas,Claim,"(37007, 37111)",Support
"You're familiar, I'm sure, with the recognition given in the Air Force to uh - General James",Premise,"(39568, 39660)",I'm proud of the record,Claim,"(41053, 41076)",Support
if they are part of the process,Premise,"(6410, 6441)",The American people are ready to make sacrifices,Claim,"(6361, 6409)",Support
"it seems to me that there should have - be an opportunity, uh - as long as it's voluntary, as long as there is no uh - compulsion whatsoever, that uh - an individual ought to have that right",Premise,"(46236, 46426)","I believe also that uh - there is some merit to a - an amendment that uh - uh - Senator Everett Dirksen uh - proposed very frequently, an amendment that would uh - change the court decision as far as voluntary prayer in public schools",Claim,"(45995, 46229)",Support
when there's uh - a very narrow decision - which quite often there's one that reaches the Supreme Court,Premise,"(55656, 55759)",I think the choice should be with human rights,Claim,"(55762, 55808)",Support
We're ahead of Japan,Premise,"(61448, 61468)",the United States' economic recovery from the recession of a year ago is well ahead of the economic recovery of any major free industrial nation in the world today,Premise,"(61231, 61394)",Support
That's an overwhelming support from my own people who know me best,Premise,"(66207, 66273)",I think that we'll have good results uh - on November the second for myself and I hope for the country,Claim,"(66949, 67051)",Support
"I've been open, candid and forthright",Premise,"(70981, 71018)",There has been a restoration of faith and confidence and trust in the presidency,Claim,"(70892, 70972)",Support
"We have seen on Capitol Hill, in the Congress, uh - a great many uh - allegations of wrong-doing, of uh - alleged immorality",Premise,"(11541, 11665)","I believe that the uh - American people have been turned off in this election, uh - Mr. Maynard, for a variety of reasons",Claim,"(11418, 11539)",Support
I think that you still have not gone into details about what your role in it was,Claim,"(15410, 15490)",I think the matter is closed once and for all,Claim,"(14966, 15011)",Attack
"we all recall with some sadness that at uh - the period of the nin- late nineteen forties, early nineteen fifties, there were some indications that the United States would not include uh - South Korea in an area of defense",Premise,"(19269, 19491)","There are some who allege, I can't prove it true or untrue, that uh - such a statement uh - in effect invited the North Koreans to invade South Korea",Premise,"(19493, 19642)",Support
"In the last five pres- vice presidential uh - nominees, uh - incumbents, three of them have become president",Premise,"(26459, 26567)",I feel completely at ease knowing that someday Senator Mondale might very well be president,Premise,"(26366, 26457)",Support
I think it's accurate to say that the uh - strip-mining law which was passed twice by the Congress - uh - and was only like two votes I believe of being overridden - would have been good for the country,Claim,"(31346, 31548)",I vetoed the strip-mining bill,Claim,"(29306, 29336)",Attack
"in addition, uh - uh - as a result of my pressure an the Congress, we got a major mass transit program uh - over a four-year period, eleven billion eight-hundred million dollars",Premise,"(37596, 37773)",The Ford administration does have a very comprehensive program to help uh - our major metropolitan areas,Claim,"(37007, 37111)",Support
"In the cabinet I have one of the outstanding, I think, administrators as the secretary of transportation, Bill Coleman",Premise,"(39448, 39566)",I'm proud of the record,Claim,"(41053, 41076)",Support
If they know that they will be helping to make decisions and won't be excluded from being an involved party to the national purpose,Premise,"(6443, 6574)",The American people are ready to make sacrifices,Claim,"(6361, 6409)",Support
"it seems to me that there should have - be an opportunity, uh - as long as it's voluntary, as long as there is no uh - compulsion whatsoever, that uh - an individual ought to have that right",Premise,"(46236, 46426)",in those two cases I think uh - such uh - a constitutional amendment would be proper,Claim,"(46431, 46515)",Support
"I had one opportunity to nominate uh - an individual to the Supreme Court and I selected the Circuit Court of Appeals judge from Illinois, uh - John Paul Stevens",Premise,"(55992, 56153)",I think the answer uh - as to the kind of person that I would select uh - is obvious,Claim,"(55906, 55990)",Support
the United States' economic recovery from the recession of a year ago is well ahead of the economic recovery of any major free industrial nation in the world today,Premise,"(61231, 61394)","The United States is leading the free world out of the recession that was serious a year, year and a half ago",Claim,"(61470, 61579)",Support
"the polls to me are interesting, but they don't determine, you know, my hopes or - or my despair",Claim,"(65683, 65779)",I think that we'll have good results uh - on November the second for myself and I hope for the country,Claim,"(66949, 67051)",Support
I have never promised more than I could produce,Claim,"(71020, 71067)",I have produced everything that I promised,Claim,"(71072, 71114)",Support
"We have seen on Capitol Hill, in the Congress, uh - a great many uh - allegations of wrong-doing, of uh - alleged immorality",Premise,"(11541, 11665)",They wonder how an elected representative uh - can serve them and participate in such activities uh - serving in the Congress of the United States,Premise,"(11722, 11868)",Support
"whether you would be willing, even if you don't control the tapes, whether you would be willing to ask that the tapes be released for examination",Premise,"(15681, 15826)",I think that you still have not gone into details about what your role in it was,Claim,"(15410, 15490)",Support
"There are some who allege, I can't prove it true or untrue, that uh - such a statement uh - in effect invited the North Koreans to invade South Korea",Premise,"(19493, 19642)",It's a fact they did,Premise,"(19644, 19664)",Support
I think this is indicative of what I would do,Claim,"(26573, 26618)",I believe this is a good indication of the kind of people I would choose in the future,Claim,"(26006, 26092)",Equivalent
The claim that it would have put hundred and forty thousand miners out of work is uh - hard to believe,Claim,"(31550, 31652)",because of a loss of jobs,Premise,"(29816, 29841)",Attack
"We have a good housing program, uh - that uh - will result in cutting uh - the down payments by 50 percent and uh - having mortgage payments uh lower at the beginning of any mortgage period",Premise,"(37775, 37964)",The Ford administration does have a very comprehensive program to help uh - our major metropolitan areas,Claim,"(37007, 37111)",Support
The uh - description just made of this administration's record is hard to uh - recognize,Claim,"(41135, 41223)",I'm proud of the record,Claim,"(41053, 41076)",Attack
If they know that they will be helping to make decisions and won't be excluded from being an involved party to the national purpose,Premise,"(6443, 6574)",if they are part of the process,Premise,"(6410, 6441)",Equivalent
"it seems to me that there should have - be an opportunity, uh - as long as it's voluntary, as long as there is no uh - compulsion whatsoever, that uh - an individual ought to have that right",Premise,"(46236, 46426)",I really don't think in either case they're trivial matters,Claim,"(46521, 46580)",Support
"I had one opportunity to nominate uh - an individual to the Supreme Court and I selected the Circuit Court of Appeals judge from Illinois, uh - John Paul Stevens",Premise,"(55992, 56153)",I selected him,Claim,"(56155, 56169)",Support
the rate of inflation going down,Claim,"(61650, 61682)","The United States is leading the free world out of the recession that was serious a year, year and a half ago",Claim,"(61470, 61579)",Support
He tends to distort on a number of occasions,Claim,"(67325, 67369)","I think uh - the uh - increase and the uh - prospects as far as I'm concerned and the I - less favorable prospects for Governor Carter, reflect that Governor Carter uh - is inconsistent in many of the positions that he takes",Claim,"(67099, 67323)",Support
I have produced everything that I promised,Claim,"(71072, 71114)",I have never promised more than I could produce,Claim,"(71020, 71067)",Support
those are very disturbing to the American people,Premise,"(11672, 11720)",They wonder how an elected representative uh - can serve them and participate in such activities uh - serving in the Congress of the United States,Premise,"(11722, 11868)",Support
"whether you would be willing, even if you don't control the tapes, whether you would be willing to ask that the tapes be released for examination",Premise,"(15681, 15826)","there is any question about whether or not uh - there was criminal prosecution, but whether - whether you have told the American people your entire involvement in it",Premise,"(15510, 15675)",Support
"no president of the United States, in my opinion, should signal in advance to a prospective enemy, what his uhh - decision might be or what option he might exercise",Claim,"(19670, 19834)","I firmly believe, uh - Mr. Kraft, that it's unwise for a president to signal in advance what uh - options he might exercise if any uhh - international problem arose",Claim,"(19095, 19259)",Equivalent
Walter Mondale was the right choice,Claim,"(25965, 26000)",I think this is indicative of what I would do,Claim,"(26573, 26618)",Support
I don't think they would have supported the uh - bill had they known that they would lose a hundred and forty thousand jobs,Premise,"(31749, 31872)","at the time Mr. Ford vetoed it, the United Mine Workers was uh - supporting the bill",Premise,"(31659, 31743)",Support
We're expanding our homestead uh - housing program,Premise,"(37966, 38016)",The Ford administration does have a very comprehensive program to help uh - our major metropolitan areas,Claim,"(37007, 37111)",Support
The uh - description just made of this administration's record is hard to uh - recognize,Claim,"(41135, 41223)",I believe on the record that this administration has been more responsive and we have carried out the law to the letter,Claim,"(40928, 41047)",Attack
"I remember 1973 in the depth of the uh - energy crisis when President Nixon called on the American people to make a sacrifice, to cut down on the waste of uh - gasoline, to cut down on the uh - speed of automobiles",Premise,"(6751, 6965)","I think that this uh - is one example where uh - a lot of people have selfish, grasping ideas now",Claim,"(6652, 6749)",Support
"they're matters of very deep conviction, as far as many, many people in this country believe",Premise,"(46590, 46682)",I really don't think in either case they're trivial matters,Claim,"(46521, 46580)",Support
because of his outstanding record as a Circuit Court of Appeals Judge,Premise,"(56170, 56239)",I selected him,Claim,"(56155, 56169)",Support
more jobs available,Claim,"(61625, 61644)","The United States is leading the free world out of the recession that was serious a year, year and a half ago",Claim,"(61470, 61579)",Support
"just a moment ago, for example, uh - he uh - was indicating that uh - uh - in the 1950s, for example, uh - unemployment was very low",Premise,"(67376, 67508)",He tends to distort on a number of occasions,Claim,"(67325, 67369)",Support
I have never promised more than I could produce,Claim,"(71020, 71067)",We are at peace,Claim,"(71116, 71131)",Support
They wonder how an elected representative uh - can serve them and participate in such activities uh - serving in the Congress of the United States,Premise,"(11722, 11868)","I believe that the uh - American people have been turned off in this election, uh - Mr. Maynard, for a variety of reasons",Claim,"(11418, 11539)",Support
That's for the uh - proper authorities who have control over those tapes to make that decision,Claim,"(15834, 15928)","whether you would be willing, even if you don't control the tapes, whether you would be willing to ask that the tapes be released for examination",Premise,"(15681, 15826)",Attack
"no president of the United States, in my opinion, should signal in advance to a prospective enemy, what his uhh - decision might be or what option he might exercise",Claim,"(19670, 19834)","I would never uh - go to war or become militarily involved, in the internal affairs of another country unless our own security was direc- rectly threatened",Claim,"(18380, 18535)",Attack
I chose Senator Walter Mondale,Premise,"(25593, 25623)",I think this is indicative of what I would do,Claim,"(26573, 26618)",Support
"at the time Mr. Ford vetoed it, the United Mine Workers was uh - supporting the bill",Premise,"(31659, 31743)",The claim that it would have put hundred and forty thousand miners out of work is uh - hard to believe,Claim,"(31550, 31652)",Support
The Ford administration does have a very comprehensive program to help uh - our major metropolitan areas,Claim,"(37007, 37111)",we will really do a first-class job in helping uh - the communities throughout the country,Claim,"(38163, 38253)",Support
The uh - description just made of this administration's record is hard to uh - recognize,Claim,"(41135, 41223)",I'm very proud of the record of this administration,Claim,"(39395, 39446)",Attack
"It was a - a tremendous surge of patriotism, that ""I want to make a sacrifice for my country.""",Premise,"(6967, 7061)","I remember 1973 in the depth of the uh - energy crisis when President Nixon called on the American people to make a sacrifice, to cut down on the waste of uh - gasoline, to cut down on the uh - speed of automobiles",Premise,"(6751, 6965)",Support
"they're matters of very deep conviction, as far as many, many people in this country believe",Premise,"(46590, 46682)",in those two cases I think uh - such uh - a constitutional amendment would be proper,Claim,"(46431, 46515)",Support
I selected him,Claim,"(56155, 56169)",I think the answer uh - as to the kind of person that I would select uh - is obvious,Claim,"(55906, 55990)",Support
We're going to see unemployment going down,Claim,"(61581, 61623)","The United States is leading the free world out of the recession that was serious a year, year and a half ago",Claim,"(61470, 61579)",Support
"just a moment ago, for example, uh - he uh - was indicating that uh - uh - in the 1950s, for example, uh - unemployment was very low",Premise,"(67376, 67508)","I think uh - the uh - increase and the uh - prospects as far as I'm concerned and the I - less favorable prospects for Governor Carter, reflect that Governor Carter uh - is inconsistent in many of the positions that he takes",Claim,"(67099, 67323)",Support
I have produced everything that I promised,Claim,"(71072, 71114)",We are at peace,Claim,"(71116, 71131)",Support
"I'm certain many, many Americans were turned off by the revelations of Watergate",Claim,"(11879, 11959)","I believe that the uh - American people have been turned off in this election, uh - Mr. Maynard, for a variety of reasons",Claim,"(11418, 11539)",Support
"I have given every bit of evidence, answered every question that's as- been asked me by any senator or any member of the House",Premise,"(15930, 16056)",I think that you still have not gone into details about what your role in it was,Claim,"(15410, 15490)",Attack
"no president of the United States, in my opinion, should signal in advance to a prospective enemy, what his uhh - decision might be or what option he might exercise",Claim,"(19670, 19834)",I have maintained from the very beginning of my campaign,Premise,"(18233, 18289)",Attack
it was a well-established criteria that the person I selected would be fully qualified to be president of the United States,Claim,"(26783, 26906)",I've never heard Mr. Ford say that that was his prim- primary consideration - Who is the best person I could choose in this country to be president of the United States?,Claim,"(26196, 26365)",Attack
There's been a consistent policy on the part of this administration to lower or delay enforcement of air pollution standards and water pollution standards,Premise,"(31874, 32028)",This uh - administration's record on environment is very bad,Claim,"(31279, 31339)",Support
"I fought for, and the Congress finally went along with a general revenue sharing program, whereby cities and uh - states, uh - the cities two-thirds and the states one-third, get over six billion dollars a year in cash through which they can uh - provide many, many services, whatever they really want",Premise,"(37113, 37414)",we will really do a first-class job in helping uh - the communities throughout the country,Claim,"(38163, 38253)",Support
The uh - description just made of this administration's record is hard to uh - recognize,Claim,"(41135, 41223)","The individual who wants to start a business or expand his business as a black businessman is able to borrow, either directly or with guaranteed loans",Premise,"(40776, 40926)",Attack
"We now have one extreme for instance, of some welfare recipients, who by taking advantage of the welfare laws, the housing laws, the uh - Medicaid uh - laws, and the uh - food stamp laws, make over $10 thousand a year and uh - they don't have to pay any taxes on it",Premise,"(7333, 7598)",We can also have a- an end to the extremes,Claim,"(7289, 7331)",Support
they shouldn't be treated lightly,Claim,"(46699, 46732)",I really don't think in either case they're trivial matters,Claim,"(46521, 46580)",Equivalent
"I was very pleased that uh - an overwhelming Democratic United States Senate, after going into his background, came to the conclusion that he was uh - fit and should serve, and the vote in his behalf was overwhelming",Premise,"(56245, 56461)","I had one opportunity to nominate uh - an individual to the Supreme Court and I selected the Circuit Court of Appeals judge from Illinois, uh - John Paul Stevens",Premise,"(55992, 56153)",Support
we have the highest unemployment rate now than we had at any time between the Great Depression caused by Herbert Hoover and the time President Ford took office,Premise,"(61918, 62077)",I think he ought to be ashamed of mentioning that statement,Claim,"(61849, 61908)",Support
He fails to point out that uh - in the 1950s we were engaged in the war in Vietnam,Premise,"(67510, 67592)",He tends to distort on a number of occasions,Claim,"(67325, 67369)",Support
There has been a restoration of faith and confidence and trust in the presidency,Claim,"(70892, 70972)",We are at peace,Claim,"(71116, 71131)",Support
"a very, very uh - bad period of time in American political history",Premise,"(11961, 12027)","I'm certain many, many Americans were turned off by the revelations of Watergate",Claim,"(11879, 11959)",Support
"I have given every bit of evidence, answered every question that's as- been asked me by any senator or any member of the House",Premise,"(15930, 16056)",I think the matter is settled once and for all,Claim,"(15289, 15335)",Support
"no president of the United States, in my opinion, should signal in advance to a prospective enemy, what his uhh - decision might be or what option he might exercise",Claim,"(19670, 19834)",this was a standard answer that I made in response to the Yugoslavian question,Premise,"(18295, 18373)",Attack
sixteen years in the House of Representatives and in the Senate,Premise,"(26946, 27009)",Senator Bob Dole is so qualified,Claim,"(26912, 26944)",Support
"under both President Nixon and Ford, monies have been impounded that would've gone to uh - cities and others to control uh - water pollution",Premise,"(32034, 32174)",This uh - administration's record on environment is very bad,Claim,"(31279, 31339)",Support
In addition we uh - in the federal government make available to uh - cities about uh - three billion three hundred million dollars in what we call community development,Premise,"(37416, 37584)",we will really do a first-class job in helping uh - the communities throughout the country,Claim,"(38163, 38253)",Support
The uh - description just made of this administration's record is hard to uh - recognize,Claim,"(41135, 41223)","what we're doing is saying that there are opportunities, business opportunities, educational opportunities, responsibilities uh - where people with talent, black or any other minority, can fully qualify",Premise,"(40230, 40432)",Attack
"At the other extreme, uh - just 1 percent of the richest people in our country derive 25 percent of all the tax benefits",Premise,"(7600, 7720)",We can also have a- an end to the extremes,Claim,"(7289, 7331)",Support
"they're matters of very deep conviction, as far as many, many people in this country believe",Premise,"(46590, 46682)",they shouldn't be treated lightly,Claim,"(46699, 46732)",Support
"I was very pleased that uh - an overwhelming Democratic United States Senate, after going into his background, came to the conclusion that he was uh - fit and should serve, and the vote in his behalf was overwhelming",Premise,"(56245, 56461)",I selected him,Claim,"(56155, 56169)",Support
We've got seven and a half million people out of jobs,Premise,"(62079, 62132)",we have the highest unemployment rate now than we had at any time between the Great Depression caused by Herbert Hoover and the time President Ford took office,Premise,"(61918, 62077)",Support
He fails to point out that uh - in the 1950s we were engaged in the war in Vietnam,Premise,"(67510, 67592)","I think uh - the uh - increase and the uh - prospects as far as I'm concerned and the I - less favorable prospects for Governor Carter, reflect that Governor Carter uh - is inconsistent in many of the positions that he takes",Claim,"(67099, 67323)",Support
there is a new spirit in America,Claim,"(70585, 70617)",We are at peace,Claim,"(71116, 71131)",Support
"thousands, maybe millions of Americans were turned off",Claim,"(12038, 12092)","I believe that the uh - American people have been turned off in this election, uh - Mr. Maynard, for a variety of reasons",Claim,"(11418, 11539)",Support
That's for the uh - proper authorities who have control over those tapes to make that decision,Claim,"(15834, 15928)",I think the matter is closed once and for all,Claim,"(14966, 15011)",Support
"It's far better for a person sitting in the White House uh - who has a number of options to make certain that the uh - other side, so to speak, doesn't know precisely what you're going to do",Premise,"(19836, 20026)","no president of the United States, in my opinion, should signal in advance to a prospective enemy, what his uhh - decision might be or what option he might exercise",Claim,"(19670, 19834)",Support
very high responsibilities on important committees,Premise,"(27017, 27067)",Senator Bob Dole is so qualified,Claim,"(26912, 26944)",Support
We have no energy policy,Premise,"(32176, 32200)",This uh - administration's record on environment is very bad,Claim,"(31279, 31339)",Support
"in addition, uh - uh - as a result of my pressure an the Congress, we got a major mass transit program uh - over a four-year period, eleven billion eight-hundred million dollars",Premise,"(37596, 37773)",we will really do a first-class job in helping uh - the communities throughout the country,Claim,"(38163, 38253)",Support
The uh - description just made of this administration's record is hard to uh - recognize,Claim,"(41135, 41223)","the Department of uh - uh - HUD is enforcing the new legislation that uhh - outlaws, that takes care of redlining",Premise,"(40110, 40223)",Attack
"At the other extreme, uh - just 1 percent of the richest people in our country derive 25 percent of all the tax benefits",Premise,"(7600, 7720)",both those extremes grasp for advantage,Premise,"(7725, 7764)",Support
they shouldn't be treated lightly,Claim,"(46699, 46732)",in those two cases I think uh - such uh - a constitutional amendment would be proper,Claim,"(46431, 46515)",Support
I would say somebody in the format of uh - Justice Stevens would be the kind of an individual that I would uh - select in the future,Claim,"(56467, 56599)",I selected him,Claim,"(56155, 56169)",Support
We've got seven and a half million people out of jobs,Premise,"(62079, 62132)",I think he ought to be ashamed of mentioning that statement,Claim,"(61849, 61908)",Support
"I mean in Korea - we had uh - three million five hundred thousand young men uh - in the Army, Navy, Air Force and Marines",Premise,"(67599, 67720)",He fails to point out that uh - in the 1950s we were engaged in the war in Vietnam,Premise,"(67510, 67592)",Support
We have came out of the recession,Premise,"(70789, 70822)",We are at peace,Claim,"(71116, 71131)",Support
because of the uh - problems that came out of our involvement in Vietnam,Premise,"(12093, 12165)","thousands, maybe millions of Americans were turned off",Claim,"(12038, 12092)",Support
I don't control any of the tapes,Claim,"(15043, 15075)",That's for the uh - proper authorities who have control over those tapes to make that decision,Claim,"(15834, 15928)",Support
"It's far better for a person sitting in the White House uh - who has a number of options to make certain that the uh - other side, so to speak, doesn't know precisely what you're going to do",Premise,"(19836, 20026)","I firmly believe, uh - Mr. Kraft, that it's unwise for a president to signal in advance what uh - options he might exercise if any uhh - international problem arose",Claim,"(19095, 19259)",Support
it was a well-established criteria that the person I selected would be fully qualified to be president of the United States,Claim,"(26783, 26906)",the only criterion I ever put forward in my own mind was who among the several million people in this country would be the best person qualified to be president,Claim,"(25629, 25789)",Equivalent
"We, I think, are the only developed nation in the world that has no comprehensive energy policy, to permit us to plan in an orderly way how to shift from increasing the scarce uh - energy uh - forms: oil, and have research and development concentrated on the increased use of coal, which I strongly favor",Claim,"(32202, 32506)",We have no energy policy,Premise,"(32176, 32200)",Support
"We have a good housing program, uh - that uh - will result in cutting uh - the down payments by 50 percent and uh - having mortgage payments uh lower at the beginning of any mortgage period",Premise,"(37775, 37964)",we will really do a first-class job in helping uh - the communities throughout the country,Claim,"(38163, 38253)",Support
The uh - description just made of this administration's record is hard to uh - recognize,Claim,"(41135, 41223)","the Department of Justice is fully enforcing, and enforcing effectively, the Voting Rights Act, the legislation that involves jobs, housing for minorities, not only blacks but all others",Premise,"(39917, 40103)",Attack
"We now have one extreme for instance, of some welfare recipients, who by taking advantage of the welfare laws, the housing laws, the uh - Medicaid uh - laws, and the uh - food stamp laws, make over $10 thousand a year and uh - they don't have to pay any taxes on it",Premise,"(7333, 7598)",both those extremes grasp for advantage,Premise,"(7725, 7764)",Support
they're matters that are ah - important,Premise,"(46738, 46777)",they shouldn't be treated lightly,Claim,"(46699, 46732)",Support
I would say somebody in the format of uh - Justice Stevens would be the kind of an individual that I would uh - select in the future,Claim,"(56467, 56599)",I think the answer uh - as to the kind of person that I would select uh - is obvious,Claim,"(55906, 55990)",Support
I think he ought to be ashamed of mentioning that statement,Claim,"(61849, 61908)","The United States is leading the free world out of the recession that was serious a year, year and a half ago",Claim,"(61470, 61579)",Attack
"I mean in Korea - we had uh - three million five hundred thousand young men uh - in the Army, Navy, Air Force and Marines",Premise,"(67599, 67720)",That's not the way to end unemployment or to reduce unemployment,Premise,"(67722, 67786)",Support
we're well on the road to real prosperity in this country again,Premise,"(70827, 70890)",We are at peace,Claim,"(71116, 71131)",Support
We were celebrating our Bicentennial,Premise,"(12257, 12293)","I found on July fourth of this year, a new spirit born in America",Claim,"(12190, 12255)",Support
"Plus the fact, that the special prosecutor, on his own initiation, and the attorney general on his initiation, the highest law enforcement official in this country, all of them have given me a clean bill of health",Premise,"(16058, 16271)","all the committees, the attorney general, the special prosecutor, all of them have given me a clean bill of health",Premise,"(15173, 15287)",Equivalent
that was the reason that I would not uh - identify any particular course of action uh - when I responded to a question a week or so ago,Premise,"(20043, 20178)","It's far better for a person sitting in the White House uh - who has a number of options to make certain that the uh - other side, so to speak, doesn't know precisely what you're going to do",Premise,"(19836, 20026)",Support
If my recollection is correct he indicated that uh - General Brown was not qualified to be a sewer commissioner,Premise,"(27330, 27441)","I was uh - very, very surprised when I read that uh - Senator Mondale made a very derogatory, very personal comment about General Brown uh - after the news story that uh - broke about General Brown",Premise,"(27131, 27328)",Support
"We, I think, are the only developed nation in the world that has no comprehensive energy policy, to permit us to plan in an orderly way how to shift from increasing the scarce uh - energy uh - forms: oil, and have research and development concentrated on the increased use of coal, which I strongly favor",Claim,"(32202, 32506)",This uh - administration's record on environment is very bad,Claim,"(31279, 31339)",Support
We're expanding our homestead uh - housing program,Premise,"(37966, 38016)",we will really do a first-class job in helping uh - the communities throughout the country,Claim,"(38163, 38253)",Support
The uh - description just made of this administration's record is hard to uh - recognize,Claim,"(41135, 41223)","there was just uh - approved a three-star admiral, the first in the history of the United States Navy, so uh - we are giving full recognition to individuals of quality in the Ford administration in positions of great responsibility",Premise,"(39666, 39897)",Attack
"I think uh - uh - a balanced approach, with everybody being part of it and a striving for unselfishness, could help as it did in 1973 to let people sacrifice for their own country",Claim,"(7965, 8144)","I think that this uh - is one example where uh - a lot of people have selfish, grasping ideas now",Claim,"(6652, 6749)",Attack
they're matters that are ah - important,Premise,"(46738, 46777)","they're matters of very deep conviction, as far as many, many people in this country believe",Premise,"(46590, 46682)",Support
as I did him in the past,Premise,"(56601, 56625)",I selected him,Claim,"(56155, 56169)",Support
I think he ought to be ashamed of mentioning that statement,Claim,"(61849, 61908)",the rate of inflation going down,Claim,"(61650, 61682)",Attack
He fails to point out that uh - in the 1950s we were engaged in the war in Vietnam,Premise,"(67510, 67592)",That's not the way to end unemployment or to reduce unemployment,Premise,"(67722, 67786)",Support
We have cut inflation by better than half,Premise,"(70746, 70787)",We are at peace,Claim,"(71116, 71131)",Support
there is a - a movement as I travel around the country of greater interest in this campaign,Premise,"(12316, 12407)","I found on July fourth of this year, a new spirit born in America",Claim,"(12190, 12255)",Support
I've told everything I know about it,Claim,"(16277, 16313)",I think that you still have not gone into details about what your role in it was,Claim,"(15410, 15490)",Attack
that was the reason that I would not uh - identify any particular course of action uh - when I responded to a question a week or so ago,Premise,"(20043, 20178)","no president of the United States, in my opinion, should signal in advance to a prospective enemy, what his uhh - decision might be or what option he might exercise",Claim,"(19670, 19834)",Support
I don't think that's a proper way to describe aayuh- chairman of the Joint Chiefs of Staff who has fought for his country for thirty-five years,Claim,"(27443, 27586)","I was uh - very, very surprised when I read that uh - Senator Mondale made a very derogatory, very personal comment about General Brown uh - after the news story that uh - broke about General Brown",Premise,"(27131, 27328)",Support
"to set aside additional lands that have uh - geological and archeological importance, uh natural areas for enjoyment",Premise,"(32668, 32784)",We need a heritage trust program,Claim,"(32596, 32628)",Support
that committee under Secretary Hills released about a seventy-five-page report with specific recommendations so we can do a better job uh - the weeks ahead,Premise,"(38276, 38431)",we will really do a first-class job in helping uh - the communities throughout the country,Claim,"(38163, 38253)",Support
once it was assured they were going to pass he finally voted for it,Premise,"(41378, 41445)",Mr. Ford voted against the uh - Voting Rights Acts and the uh - Civil Rights Acts in their uh - debative stage,Premise,"(41259, 41369)",Support
I think the American people are too,Claim,"(8171, 8206)",The American people are ready to make sacrifices,Claim,"(6361, 6409)",Equivalent
"in those two cases, I would favor them",Claim,"(46783, 46821)",in those two cases I think uh - such uh - a constitutional amendment would be proper,Claim,"(46431, 46515)",Support
I think he ought to be ashamed of mentioning that statement,Claim,"(61849, 61908)",more jobs available,Claim,"(61625, 61644)",Attack
At the present time we're at peace,Premise,"(67788, 67822)",We are not at war,Premise,"(68012, 68029)",Equivalent
"The American people are moving again, and moving in the right direction",Premise,"(70673, 70744)",We are at peace,Claim,"(71116, 71131)",Support
"like uh - any hardworking uh - person seeking public office uh - in the campaign, inevitably sometimes you will use uh - rather graphic language",Premise,"(12414, 12558)",I'm guilty of that just like I think most others in the political arena,Claim,"(12563, 12634)",Support
I've told everything I know about it,Claim,"(16277, 16313)",I think the matter is settled once and for all,Claim,"(15289, 15335)",Support
that was the reason that I would not uh - identify any particular course of action uh - when I responded to a question a week or so ago,Premise,"(20043, 20178)","I firmly believe, uh - Mr. Kraft, that it's unwise for a president to signal in advance what uh - options he might exercise if any uhh - international problem arose",Claim,"(19095, 19259)",Support
I think Senator Dole would show more good judgment and discretion than to so describe uh - a heroic and brave and very outstanding leader of the military,Claim,"(27648, 27801)",Senator Bob Dole is so qualified,Claim,"(26912, 26944)",Support
the lands that Mr. Ford uh - brags about having approved are in Alaska and they are enormous in uh - in size,Premise,"(32791, 32899)","the - the final thing is that I have signed and approved of more scenic rivers, more wilderness areas, since I've been president than any other president in the history of the United States",Premise,"(30968, 31157)",Attack
"which provides an incentive for industry to move into our major uh - metropolitan areas, into the inner cities",Premise,"(38494, 38604)",we will really do a first-class job in helping uh - the communities throughout the country,Claim,"(38163, 38253)",Support
when the uh - terms of John Kennedy and Lyndon Johnson were over and Richard Nixon and - and Gerald Ford became the presidents,Premise,"(41493, 41619)",This country uh - changed drastically in 1969,Claim,"(41447, 41492)",Support
they're matters that are ah - important,Premise,"(46738, 46777)","in those two cases, I would favor them",Claim,"(46783, 46821)",Support
I think he ought to be ashamed of mentioning that statement,Claim,"(61849, 61908)",We're going to see unemployment going down,Claim,"(61581, 61623)",Attack
"We have reduced the number of people in the Army, Navy, Air Force and Marines from three million, one hundred - three million, five hundred thousand to two mil- lion one hundred thousand",Premise,"(67824, 68010)",We have reduced the military manpower by a million four hundred thousand,Premise,"(68031, 68103)",Equivalent
"The American people are healed, are working together",Premise,"(70619, 70671)",We are at peace,Claim,"(71116, 71131)",Support
I think the matter is settled once and for all,Claim,"(15289, 15335)",I think the matter is settled once and for all,Claim,"(15289, 15335)",Equivalent
Senator Bob Dole is so qualified,Claim,"(26912, 26944)",I think our selection uh - of Bob Dole as vice president uh - is based on merit,Claim,"(27806, 27885)",Support
"as far as the accessibility of them by the American people, it's very uh - far in the future",Premise,"(32905, 32997)","the - the final thing is that I have signed and approved of more scenic rivers, more wilderness areas, since I've been president than any other president in the history of the United States",Premise,"(30968, 31157)",Attack
"which provides an incentive for industry to move into our major uh - metropolitan areas, into the inner cities",Premise,"(38494, 38604)",The Ford administration does have a very comprehensive program to help uh - our major metropolitan areas,Claim,"(37007, 37111)",Support
There was a time when there was hope for those who uh - were poor and downtrodden and who were - uh elderly or who were - uh ill or who were in minority groups,Premise,"(41621, 41780)",This country uh - changed drastically in 1969,Claim,"(41447, 41492)",Support
they shouldn't be treated lightly,Claim,"(46699, 46732)","in those two cases, I would favor them",Claim,"(46783, 46821)",Support
we have the highest unemployment rate now than we had at any time between the Great Depression caused by Herbert Hoover and the time President Ford took office,Premise,"(61918, 62077)",more jobs available,Claim,"(61625, 61644)",Attack
"If we had that many more people in the Army, the Navy, the Air Force, and Marines",Premise,"(68105, 68186)",our unemployment figure would be considerably less,Claim,"(68188, 68238)",Support
Not a single young American is fighting or dying on any foreign soil tonight,Premise,"(71133, 71209)",We are at peace,Claim,"(71116, 71131)",Support
I think the matter is settled once and for all,Claim,"(15289, 15335)",I think the matter is closed once and for all,Claim,"(14966, 15011)",Equivalent
"with his vast experience as member the House and a member of the Senate, as well as a vice president",Premise,"(27957, 28057)",Senator Bob Dole is so qualified,Claim,"(26912, 26944)",Support
We've taken no strong position in the uh - control of pollution of our oceans,Premise,"(32999, 33076)",This uh - administration's record on environment is very bad,Claim,"(31279, 31339)",Support
that time has been gone,Premise,"(41786, 41809)",This country uh - changed drastically in 1969,Claim,"(41447, 41492)",Support
"they're matters of very deep conviction, as far as many, many people in this country believe",Premise,"(46590, 46682)","in those two cases, I would favor them",Claim,"(46783, 46821)",Support
We've got seven and a half million people out of jobs,Premise,"(62079, 62132)",more jobs available,Claim,"(61625, 61644)",Attack
He fails to point out that uh - in the 1950s we were engaged in the war in Vietnam,Premise,"(67510, 67592)",our unemployment figure would be considerably less,Claim,"(68188, 68238)",Support
We have been discouraged,Premise,"(72033, 72057)",I don't believe the present administration has done that,Claim,"(71975, 72031)",Support
"I testified before two committees, House and Senate, on precisely the questions that you have asked",Premise,"(13775, 13874)",I think the matter is settled once and for all,Claim,"(15289, 15335)",Support
Senator Bob Dole is so qualified,Claim,"(26912, 26944)",I think he would do an outstanding job as president of the United States,Claim,"(28059, 28131)",Support
"this administration, having been in office now for two years or more, has still not taken strong and bold action to stop the proliferation of nuclear waste around the world, particularly plutonium",Premise,"(33172, 33368)",This uh - administration's record on environment is very bad,Claim,"(31279, 31339)",Support
that time has been gone,Premise,"(41786, 41809)","what we're doing is saying that there are opportunities, business opportunities, educational opportunities, responsibilities uh - where people with talent, black or any other minority, can fully qualify",Premise,"(40230, 40432)",Attack
I really don't think in either case they're trivial matters,Claim,"(46521, 46580)","in those two cases, I would favor them",Claim,"(46783, 46821)",Support
"Since he's been in office, two and a half million more American people have lost their jobs",Premise,"(62134, 62225)",I think he ought to be ashamed of mentioning that statement,Claim,"(61849, 61908)",Support
At the present time we're at peace,Premise,"(67788, 67822)",our unemployment figure would be considerably less,Claim,"(68188, 68238)",Support
we've been alienated,Premise,"(72062, 72082)",I don't believe the present administration has done that,Claim,"(71975, 72031)",Support
which was a legitimate request and a proper response by me,Premise,"(14309, 14367)",I think the matter is settled once and for all,Claim,"(15289, 15335)",Support
I think he would do an outstanding job as president of the United States,Claim,"(28059, 28131)",I think our selection uh - of Bob Dole as vice president uh - is based on merit,Claim,"(27806, 27885)",Support
I would do the opposite in every respect,Claim,"(33442, 33482)",This uh - administration's record on environment is very bad,Claim,"(31279, 31339)",Support
the chance to vote,Premise,"(41969, 41987)",I think the greatest thing that ever happened to the South was the passage of the Civil Rights Act and the opening up of opportunities - uh to black people,Claim,"(41811, 41966)",Support
"Since he's been in office, two and a half million more American people have lost their jobs",Premise,"(62134, 62225)",we have the highest unemployment rate now than we had at any time between the Great Depression caused by Herbert Hoover and the time President Ford took office,Premise,"(61918, 62077)",Support
"then administration had people in the military - they were at war, they were fighting overseas",Premise,"(68490, 68584)",He fails to point out that uh - in the 1950s we were engaged in the war in Vietnam,Premise,"(67510, 67592)",Equivalent
I don't believe the present administration has done that,Claim,"(71975, 72031)",There has been a restoration of faith and confidence and trust in the presidency,Claim,"(70892, 70972)",Attack
"following that investigation, both committees overwhelmingly approved me",Premise,"(14429, 14501)",I think the matter is settled once and for all,Claim,"(15289, 15335)",Support
This uh - administration's record on environment is very bad,Claim,"(31279, 31339)",I would do the opposite in every respect,Claim,"(33442, 33482)",Support
to hold a job,Premise,"(41989, 42002)",I think the greatest thing that ever happened to the South was the passage of the Civil Rights Act and the opening up of opportunities - uh to black people,Claim,"(41811, 41966)",Support
"In the last four months alone, five hundred thousand Americans have gone on the unemployment roll",Premise,"(62227, 62324)",we have the highest unemployment rate now than we had at any time between the Great Depression caused by Herbert Hoover and the time President Ford took office,Premise,"(61918, 62077)",Support
"then administration had people in the military - they were at war, they were fighting overseas",Premise,"(68490, 68584)","you cannot compare unemployment, as you sought to, uh - with the present time with the 1950s",Claim,"(68384, 68476)",Support
I don't believe the present administration has done that,Claim,"(71975, 72031)",there is a new spirit in America,Claim,"(70585, 70617)",Attack
the House and the Senate did likewise,Premise,"(14507, 14544)",I think the matter is settled once and for all,Claim,"(15289, 15335)",Support
"this administration, having been in office now for two years or more, has still not taken strong and bold action to stop the proliferation of nuclear waste around the world, particularly plutonium",Premise,"(33172, 33368)",I would do the opposite in every respect,Claim,"(33442, 33482)",Support
to buy a house,Premise,"(42004, 42018)",I think the greatest thing that ever happened to the South was the passage of the Civil Rights Act and the opening up of opportunities - uh to black people,Claim,"(41811, 41966)",Support
"In the last month, we've had a net loss of one hundred and sixty-three thousand jobs",Premise,"(62326, 62410)",we have the highest unemployment rate now than we had at any time between the Great Depression caused by Herbert Hoover and the time President Ford took office,Premise,"(61918, 62077)",Support
"this administration doesn't believe the way to reduce unemployment is to go to war, or to increase the number of people in the military",Claim,"(68244, 68379)","you cannot compare unemployment, as you sought to, uh - with the present time with the 1950s",Claim,"(68384, 68476)",Support
I don't believe the present administration has done that,Claim,"(71975, 72031)",I have produced everything that I promised,Claim,"(71072, 71114)",Attack
"in the meantime, the special prosecutor, within the last few days, after an investigation himself, said there was no reason for him to get involved because he found nothing that would justify it",Premise,"(14551, 14745)",I think the matter is settled once and for all,Claim,"(15289, 15335)",Support
We've taken no strong position in the uh - control of pollution of our oceans,Premise,"(32999, 33076)",I would do the opposite in every respect,Claim,"(33442, 33482)",Support
to go to school,Premise,"(42020, 42035)",I think the greatest thing that ever happened to the South was the passage of the Civil Rights Act and the opening up of opportunities - uh to black people,Claim,"(41811, 41966)",Support
Anybody who says that the inflation rate is in good shape now ought to talk to the housewives,Claim,"(62412, 62505)",the rate of inflation going down,Claim,"(61650, 61682)",Attack
this administration has reduced the size of the military by a million four hundred thousand,Premise,"(68590, 68681)",We have reduced the military manpower by a million four hundred thousand,Premise,"(68031, 68103)",Equivalent
I don't believe the present administration has done that,Claim,"(71975, 72031)",I have never promised more than I could produce,Claim,"(71020, 71067)",Attack
"just a day or two ago, the attorney general of the United States made a further investigation and came to precisely the same conclusion",Premise,"(14756, 14891)",I think the matter is settled once and for all,Claim,"(15289, 15335)",Support
We have no energy policy,Premise,"(32176, 32200)",I would do the opposite in every respect,Claim,"(33442, 33482)",Support
to participate in public affairs,Premise,"(42041, 42073)",I think the greatest thing that ever happened to the South was the passage of the Civil Rights Act and the opening up of opportunities - uh to black people,Claim,"(41811, 41966)",Support
Anybody who says that the inflation rate is in good shape now ought to talk to the housewives,Claim,"(62412, 62505)",the American buyer is getting a better bargain today,Claim,"(59630, 59682)",Attack
this administration has reduced the size of the military by a million four hundred thousand,Premise,"(68590, 68681)","We have reduced the number of people in the Army, Navy, Air Force and Marines from three million, one hundred - three million, five hundred thousand to two mil- lion one hundred thousand",Premise,"(67824, 68010)",Equivalent
I don't believe the present administration has done that,Claim,"(71975, 72031)",We are at peace,Claim,"(71116, 71131)",Attack
"after all of those investigations by objective, responsible people",Premise,"(14898, 14964)",I think the matter is settled once and for all,Claim,"(15289, 15335)",Support
"under both President Nixon and Ford, monies have been impounded that would've gone to uh - cities and others to control uh - water pollution",Premise,"(32034, 32174)",I would do the opposite in every respect,Claim,"(33442, 33482)",Support
It not only liberated - uh black people but it also liberated the whites,Premise,"(42075, 42147)",I think the greatest thing that ever happened to the South was the passage of the Civil Rights Act and the opening up of opportunities - uh to black people,Claim,"(41811, 41966)",Support
One of the overwhelming results that I've seen in the polls is that people feel that you can't plan anymore,Premise,"(62507, 62614)",Inflation is robbing us,Claim,"(62789, 62812)",Support
They're in the civilian labor market and they're not fighting anywhere around the world today,Premise,"(68683, 68776)",We are not at war,Premise,"(68012, 68029)",Equivalent
Sometimes we've been embarrassed,Premise,"(72084, 72116)",I don't believe the present administration has done that,Claim,"(71975, 72031)",Support
"after all of those investigations by objective, responsible people",Premise,"(14898, 14964)",I think the matter is settled once and for all,Claim,"(15289, 15335)",Support
There's been a consistent policy on the part of this administration to lower or delay enforcement of air pollution standards and water pollution standards,Premise,"(31874, 32028)",I would do the opposite in every respect,Claim,"(33442, 33482)",Support
"We've seen uh - in many instances in recent years a minority affairs uh - section of uh Small Loan Administration, uh - Small Business Administration lend uh - a black entrepreneur just enough money to get started, and then to go bankrupt",Premise,"(42149, 42387)",The bankruptcies have gone up - uh in an extraordinary degree,Claim,"(42389, 42450)",Support
There's no way to make a prediction that my family might be able to own a home or to put my kid through college,Premise,"(62616, 62727)",Inflation is robbing us,Claim,"(62789, 62812)",Support
At the present time we're at peace,Premise,"(67788, 67822)",They're in the civilian labor market and they're not fighting anywhere around the world today,Premise,"(68683, 68776)",Equivalent
sometimes we've been ashamed,Premise,"(72121, 72149)",I don't believe the present administration has done that,Claim,"(71975, 72031)",Support
That's for the uh - proper authorities who have control over those tapes to make that decision,Claim,"(15834, 15928)",I think the matter is settled once and for all,Claim,"(15289, 15335)",Support
I think it's accurate to say that the uh - strip-mining law which was passed twice by the Congress - uh - and was only like two votes I believe of being overridden - would have been good for the country,Claim,"(31346, 31548)",I would do the opposite in every respect,Claim,"(33442, 33482)",Support
"We've seen uh - in many instances in recent years a minority affairs uh - section of uh Small Loan Administration, uh - Small Business Administration lend uh - a black entrepreneur just enough money to get started, and then to go bankrupt",Premise,"(42149, 42387)","The individual who wants to start a business or expand his business as a black businessman is able to borrow, either directly or with guaranteed loans",Premise,"(40776, 40926)",Attack
Savings accounts are losing money instead of gaining money,Premise,"(62729, 62787)",Inflation is robbing us,Claim,"(62789, 62812)",Support
Our people are out of work,Premise,"(72151, 72177)",I don't believe the present administration has done that,Claim,"(71975, 72031)",Support
That's for the uh - proper authorities who have control over those tapes to make that decision,Claim,"(15834, 15928)",I think the matter is settled once and for all,Claim,"(15289, 15335)",Support
There've been over thirteen hundred indictments in HUD,Premise,"(42591, 42645)","the Department of uh - uh - HUD is enforcing the new legislation that uhh - outlaws, that takes care of redlining",Premise,"(40110, 40223)",Attack
Inflation is robbing us,Claim,"(62789, 62812)",I think he ought to be ashamed of mentioning that statement,Claim,"(61849, 61908)",Support
there's a sense of withdrawal,Premise,"(72183, 72212)",I don't believe the present administration has done that,Claim,"(71975, 72031)",Support
over eight hundred convictions relating just to home loans,Premise,"(42647, 42705)",There've been over thirteen hundred indictments in HUD,Premise,"(42591, 42645)",Support
Inflation is robbing us,Claim,"(62789, 62812)",the rate of inflation going down,Claim,"(61650, 61682)",Attack
"I was a school board member, and a library board member",Premise,"(72545, 72600)",My own background is different from his,Claim,"(72504, 72543)",Support
now the federal government has become the world's greatest slum landlord,Claim,"(42711, 42783)",The uh - description just made of this administration's record is hard to uh - recognize,Claim,"(41135, 41223)",Support
Inflation is robbing us,Claim,"(62789, 62812)","The United States is leading the free world out of the recession that was serious a year, year and a half ago",Claim,"(61470, 61579)",Attack
I served an a hospital authority,Premise,"(72602, 72634)",My own background is different from his,Claim,"(72504, 72543)",Support
We've got a 30 percent or 40 percent unemployment rate among minority uh - young people,Premise,"(42785, 42872)",now the federal government has become the world's greatest slum landlord,Claim,"(42711, 42783)",Support
Under the present administration - Nixon's and Ford's - we've had three times the inflation rate that we experienced under President Johnson and President Kennedy,Premise,"(62814, 62976)",Inflation is robbing us,Claim,"(62789, 62812)",Support
I was in the state senate,Premise,"(72640, 72665)",My own background is different from his,Claim,"(72504, 72543)",Support
"there's been no concerted effort given to the needs of those who are both poor and black, or poor and who speak a foreign language",Premise,"(42878, 43008)",now the federal government has become the world's greatest slum landlord,Claim,"(42711, 42783)",Support
"in 1975 we had fewer housing starts in this country, fewer homes built, than any year since 1940",Premise,"(63160, 63256)",I don't blame him,Claim,"(63133, 63150)",Support
I was governor,Premise,"(51594, 51608)",My own background is different from his,Claim,"(72504, 72543)",Support
"that's where there's been a great uh generation of despair, and ill health",Premise,"(43014, 43088)",now the federal government has become the world's greatest slum landlord,Claim,"(42711, 42783)",Support
That's thirty-five years,Premise,"(63258, 63282)","in 1975 we had fewer housing starts in this country, fewer homes built, than any year since 1940",Premise,"(63160, 63256)",Support
"I'm an engineer, a Naval officer, a farmer, a businessman",Premise,"(72689, 72746)",My own background is different from his,Claim,"(72504, 72543)",Support
the lack of education,Premise,"(43094, 43115)",now the federal government has become the world's greatest slum landlord,Claim,"(42711, 42783)",Support
Mr. Ford hasn't done anything about it,Claim,"(63391, 63429)",I think he ought to be ashamed of mentioning that statement,Claim,"(61849, 61908)",Support
My own background is different from his,Claim,"(72504, 72543)",I believe we require someone who can work harmoniously with the Congress,Claim,"(72752, 72824)",Support
lack of purposefulness,Premise,"(43117, 43139)",now the federal government has become the world's greatest slum landlord,Claim,"(42711, 42783)",Support
we've got a 35 percent unemployment rate in many areas of this country among construction workers,Premise,"(63288, 63385)",Mr. Ford hasn't done anything about it,Claim,"(63391, 63429)",Support
My own background is different from his,Claim,"(72504, 72543)",who can work closely with the people of this country,Claim,"(72826, 72878)",Support
the lack of hope for the future,Premise,"(43145, 43176)",now the federal government has become the world's greatest slum landlord,Claim,"(42711, 42783)",Support
"in 1975 we had fewer housing starts in this country, fewer homes built, than any year since 1940",Premise,"(63160, 63256)",Mr. Ford hasn't done anything about it,Claim,"(63391, 63429)",Support
My own background is different from his,Claim,"(72504, 72543)",who can bring a new image and a new spirit to Washington,Claim,"(72884, 72940)",Support
It requires an aggressive searching out and reaching out to help people who especially need it,Claim,"(43259, 43353)",that's been lacking in the last eight years,Claim,"(43359, 43402)",Support
Mr. Ford hasn't done anything about it,Claim,"(63391, 63429)",I think this shows a callous indifference to the families that have suffered so much,Claim,"(63435, 63519)",Support
Our tax structure is a disgrace,Claim,"(72942, 72973)",it needs to be reformed,Claim,"(72975, 72998)",Support
it doesn't take just a quiet uh - dormant uh minimum enforcement of the law,Claim,"(43182, 43257)",that's been lacking in the last eight years,Claim,"(43359, 43402)",Support
He has vetoed bills passed by Congress within the congressional budget guidelines job opportunities for two million Americans,Premise,"(63521, 63646)",I think this shows a callous indifference to the families that have suffered so much,Claim,"(63435, 63519)",Support
I was governor,Premise,"(51594, 51608)",I was Governor of Georgia for four years,Premise,"(73000, 73040)",Support
that's been lacking in the last eight years,Claim,"(43359, 43402)",now the federal government has become the world's greatest slum landlord,Claim,"(42711, 42783)",Support
"as long as we have seven and a half or eight million people out of work, who are looking for jobs",Premise,"(63771, 63868)",we'll never control the inflationary spiral,Claim,"(63726, 63769)",Support
"As a matter of fact, the year before I went out of office we gave a $50 million refund to the property taxpayers of Georgia",Premise,"(73104, 73227)",We never increased sales taxes or income tax or property tax,Premise,"(73042, 73102)",Support
that's been lacking in the last eight years,Claim,"(43359, 43402)",The uh - description just made of this administration's record is hard to uh - recognize,Claim,"(41135, 41223)",Support
"as long as we have seven and a half or eight million people out of work, who are looking for jobs",Premise,"(63771, 63868)",we'll never meet the needs of our people,Claim,"(63684, 63724)",Support
our cancer rate is uh - higher than any country in the world,Premise,"(73417, 73477)",We don't have good health care,Claim,"(73479, 73509)",Support
"as long as we have seven and a half or eight million people out of work, who are looking for jobs",Premise,"(63771, 63868)",We'll never have a balanced budget,Claim,"(63648, 63682)",Support
We still rank fifteenth among all the nations of the world in infant mortality,Premise,"(73333, 73411)",We don't have good health care,Claim,"(73479, 73509)",Support
they've given up hope,Premise,"(63975, 63996)",we've probably got two and a half more million people who are not looking for jobs any more,Claim,"(63874, 63965)",Support
We spend now 700 percent more on unemployment compensation than we did eight years ago when the Republicans took over the White House,Premise,"(73613, 73746)",We've become almost a welfare state,Claim,"(73576, 73611)",Support
That is a very serious indictment of this administration,Claim,"(63998, 64054)",It's probably the worst one of all,Claim,"(64056, 64090)",Support
It used to be that the average - uh family could own a house,Premise,"(73969, 74029)",Our housing programs have uh - gone bad,Claim,"(73928, 73967)",Support
That is a very serious indictment of this administration,Claim,"(63998, 64054)",I think he ought to be ashamed of mentioning that statement,Claim,"(61849, 61908)",Support
now less than a third of our people can afford to buy their own homes,Premise,"(74035, 74104)",Our housing programs have uh - gone bad,Claim,"(73928, 73967)",Support
$65 billion,Premise,"(74208, 74219)",The budget was more grossly out of balance last year than ever before in the history of our country,Claim,"(74106, 74205)",Support
primarily because our people are not at work,Claim,"(74222, 74266)",The budget was more grossly out of balance last year than ever before in the history of our country,Claim,"(74106, 74205)",Support
primarily because our people are not at work,Claim,"(74222, 74266)",Employment ought to be restored to our people,Claim,"(73529, 73574)",Support
as we've already discussed,Premise,"(74293, 74319)",Inflation is robbing us,Claim,"(62789, 62812)",Support
Inflation is robbing us,Claim,"(62789, 62812)",This doesn't have to be,Claim,"(74382, 74405)",Support
the government bureaucracy is uh - just a horrible mess,Claim,"(74325, 74380)",This doesn't have to be,Claim,"(74382, 74405)",Support
The budget was more grossly out of balance last year than ever before in the history of our country,Claim,"(74106, 74205)",This doesn't have to be,Claim,"(74382, 74405)",Support
Our housing programs have uh - gone bad,Claim,"(73928, 73967)",This doesn't have to be,Claim,"(74382, 74405)",Support
Secrecy ought to be stripped away from government and a maximum of personal privacy ought to be maintained,Claim,"(73820, 73926)",This doesn't have to be,Claim,"(74382, 74405)",Support
Our education system can be improved,Claim,"(73782, 73818)",This doesn't have to be,Claim,"(74382, 74405)",Support
We've become almost a welfare state,Claim,"(73576, 73611)",This doesn't have to be,Claim,"(74382, 74405)",Support
Employment ought to be restored to our people,Claim,"(73529, 73574)",This doesn't have to be,Claim,"(74382, 74405)",Support
We don't have good health care,Claim,"(73479, 73509)",This doesn't have to be,Claim,"(74382, 74405)",Support
Our tax structure is a disgrace,Claim,"(72942, 72973)",This doesn't have to be,Claim,"(74382, 74405)",Support
Nobody could,Premise,"(74441, 74453)",I don't know all the answers,Claim,"(74411, 74439)",Support
if we are inspired,Premise,"(74663, 74681)",we can achieve great things,Claim,"(74871, 74898)",Support
if we can achieve a degree of unity,Premise,"(74683, 74718)",we can achieve great things,Claim,"(74871, 74898)",Support
if we can set our goals high enough and work toward recognized goals with industry and labor and agriculture along with government at all levels,Premise,"(74720, 74864)",we can achieve great things,Claim,"(74871, 74898)",Support
"if the president of the United States and the Congress of the United States and the people of the United States said, ""I believe our nation is greater than what we are now.""",Premise,"(74474, 74647)",we can achieve great things,Claim,"(74871, 74898)",Support
This doesn't have to be,Claim,"(74382, 74405)",we can achieve great things,Claim,"(74871, 74898)",Support
There are no magic answers to do it,Premise,"(74931, 74966)",We might have to do it slowly,Premise,"(74900, 74929)",Support
I believe together we can make great progress,Claim,"(74972, 75017)",we can achieve great things,Claim,"(74871, 74898)",Equivalent
"if the president of the United States and the Congress of the United States and the people of the United States said, ""I believe our nation is greater than what we are now.""",Premise,"(74474, 74647)",I believe together we can make great progress,Claim,"(74972, 75017)",Support
if we are inspired,Premise,"(74663, 74681)",I believe together we can make great progress,Claim,"(74972, 75017)",Support
if we can achieve a degree of unity,Premise,"(74683, 74718)",I believe together we can make great progress,Claim,"(74972, 75017)",Support
This doesn't have to be,Claim,"(74382, 74405)",I believe together we can make great progress,Claim,"(74972, 75017)",Support
set very high goals for our country,Claim,"(75485, 75520)",with inspiration and hard work we can achieve great things,Claim,"(75526, 75584)",Support
a good relationship with our people,Claim,"(75448, 75483)",with inspiration and hard work we can achieve great things,Claim,"(75526, 75584)",Support
I believe that we can now establish in the White House a good relationship with Congress,Claim,"(75358, 75446)",with inspiration and hard work we can achieve great things,Claim,"(75526, 75584)",Support
with inspiration and hard work we can achieve great things,Claim,"(75526, 75584)",I believe together we can make great progress,Claim,"(74972, 75017)",Equivalent
with inspiration and hard work we can achieve great things,Claim,"(75526, 75584)",we can achieve great things,Claim,"(74871, 74898)",Equivalent
This doesn't have to be,Claim,"(74382, 74405)",with inspiration and hard work we can achieve great things,Claim,"(75526, 75584)",Support
"if the president of the United States and the Congress of the United States and the people of the United States said, ""I believe our nation is greater than what we are now.""",Premise,"(74474, 74647)",with inspiration and hard work we can achieve great things,Claim,"(75526, 75584)",Support
if we are inspired,Premise,"(74663, 74681)",with inspiration and hard work we can achieve great things,Claim,"(75526, 75584)",Support
if we can achieve a degree of unity,Premise,"(74683, 74718)",with inspiration and hard work we can achieve great things,Claim,"(75526, 75584)",Support
if we can set our goals high enough and work toward recognized goals with industry and labor and agriculture along with government at all levels,Premise,"(74720, 74864)",with inspiration and hard work we can achieve great things,Claim,"(75526, 75584)",Support
