subj,subj_type,subj_span,obj,obj_type,obj_span,relation
"Elected officials have played along by promising to cure inflation while backing away from tough programs that might hurt one special interest group or another, and by actually adding inflationary elements to the system, such as indexing",Premise,"((2366, 2603),)","They have gone for what is politically popular, rather than for what might work and amount to leadership",Claim,"((2605, 2709),)",Support
"I believe that conservation, at course, is worthy in and of itself",Claim,"((10944, 11010),)","Anything that would preserve, or help us use less energy, that would be fine, and I'm for it",Claim,"((11012, 11104),)",Support
"you have a report, as we did recently, that six out of 10 CONUS Divisions in this country - Continental United States Army Divisions - simply could not pass a readiness test: that two out of three divisions that were to be allocated to the so-called Rapid Deployment Force could not meet a readiness test",Premise,"((19085, 19389),)",I am well aware of the present deficiencies in the Armed Forces of this country,Claim,"((18999, 19078),)",Support
"The mayors that I've talked to in some of our leading cities tell! me that the Federal grants that come with. for a specific cause or a specific objective, come with such red tape, such priorities established by a bureaucracy in Washington, that the local government's hands are tied with regard to using that money as they feel could best be used, and for what they think might be the top priority",Premise,"((27017, 27415),)","If they had that money without those government restrictions, every one of them has told me they could make great savings and make far greater use of the money",Premise,"((27417, 27576),)",Support
"When these Presidential Debates were held just four years ago, I remember the incumbent President, who was willing to debate, President Ford, telling the American people that they simply ought not to vote for somebody who promised more than they could deliver",Premise,"((35967, 36226),)","I believe that all too often in past elections, politicians have simply been promising people things that they cannot deliver.",Claim,"((35840, 35966),)",Support
"I don't think there's any way that we can suggest that because people believe in God and go to church, that they should not want reflected in those people and those causes they support, their own belief in morality, and in the high traditions and principles which we've abandoned so much in this country",Claim,"((44390, 44693),)",I think that I have found a great hunger in America for a spiritual revival,Claim,"((44722, 44797),)",Support
"I would just like to remark a concern that I have that we have criticized the failures of the Carter policy here rather considerably, both of us this evening",Premise,"((50222, 50379),)",there might be some feeling of unfairness about this,Claim,"((50385, 50437),)",Support
the people who are watching us tonight - 221 million Americans - are truly concerned about the poor rate of performance of the American economy over the last four years,Premise,"((3080, 3248),)",I think it's very appropriate that the first question in this first debate of Campaign '80 should relate to the economy of the country,Claim,"((2916, 3050),)",Support
I do not believe that conservation alone is the answer to the present energy problem,Claim,"((11110, 11194),)","Anything that would preserve, or help us use less energy, that would be fine, and I'm for it",Claim,"((11012, 11104),)",Attack
"you have a report, as we did recently, that six out of 10 CONUS Divisions in this country - Continental United States Army Divisions - simply could not pass a readiness test: that two out of three divisions that were to be allocated to the so-called Rapid Deployment Force could not meet a readiness test",Premise,"((19085, 19389),)","in most cases, that failure to meet the test was because of a lack of manning requirements, an inability to fill many of the slots in those divisions",Premise,"((19395, 19544),)",Support
"If they had that money without those government restrictions, every one of them has told me they could make great savings and make far greater use of the money",Premise,"((27417, 27576),)",I think one of the problems today with the cities is Federal aid,Claim,"((26951, 27015),)",Support
to tell the voters of this country exactly what I think it's going to cost,Premise,"((35756, 35830),)","I believe that all too often in past elections, politicians have simply been promising people things that they cannot deliver.",Claim,"((35840, 35966),)",Support
I think that I have found a great hunger in America for a spiritual revival,Claim,"((44722, 44797),)",For a belief that law must be based on a higher law,Claim,"((44799, 44850),)",Support
there might be some feeling of unfairness about this,Claim,"((50385, 50437),)",he was not here to respond,Premise,"((50446, 50472),)",Support
"Governor Reagan is not responsible for what has happened over the last four years, nor am I",Claim,"((3250, 3341),)",The man who should be here tonight to respond to those charges chose not to attend,Premise,"((3343, 3425),)",Attack
"all you're doing then is staving off, by a short time, the day when you would come to the end of the energy supply",Premise,"((11204, 11318),)",I do not believe that conservation alone is the answer to the present energy problem,Claim,"((11110, 11194),)",Support
"in most cases, that failure to meet the test was because of a lack of manning requirements, an inability to fill many of the slots in those divisions",Premise,"((19395, 19544),)",I am well aware of the present deficiencies in the Armed Forces of this country,Claim,"((18999, 19078),)",Support
"The mayors that I've talked to in some of our leading cities tell! me that the Federal grants that come with. for a specific cause or a specific objective, come with such red tape, such priorities established by a bureaucracy in Washington, that the local government's hands are tied with regard to using that money as they feel could best be used, and for what they think might be the top priority",Premise,"((27017, 27415),)",I think one of the problems today with the cities is Federal aid,Claim,"((26951, 27015),)",Support
"When these Presidential Debates were held just four years ago, I remember the incumbent President, who was willing to debate, President Ford, telling the American people that they simply ought not to vote for somebody who promised more than they could deliver",Premise,"((35967, 36226),)",we've seen what has happened,Premise,"((36234, 36262),)",Support
For a belief that law must be based on a higher law,Claim,"((44799, 44850),)",For a return to traditions and values that we once had,Claim,"((44852, 44906),)",Support
I believe it would have been much more unfair to have had John Anderson denied the right to participate in this debate,Claim,"((50478, 50596),)",he was not here to respond,Premise,"((50446, 50472),)",Attack
"I, first of all, oppose an election year tax cut",Claim,"((3537, 3585),)",whether it is the 10% across-the-board tax cut promised to the taxpayers by my opponent in this debate tonight,Premise,"((3587, 3697),)",Attack
I do not believe that conservation alone is the answer to the present energy problem,Claim,"((11110, 11194),)","To say that we are limited, and at a dangerous point in this country with regard to energy, I think, is to ignore the fact",Claim,"((11320, 11442),)",Support
"I have seen figures that indicate that perhaps as of September, 1980 - this very month - that there is a shortage of about 104,000 in the ranks between E-4 and E-9",Premise,"((19551, 19714),)",I am well aware of the present deficiencies in the Armed Forces of this country,Claim,"((18999, 19078),)",Support
Wouldn't it make a lot more sense if the government let them keep their own money there in the first place?,Claim,"((28220, 28327),)","What I have been advocating is, why don't we start with the Federal Government turning back tax sources to states and local governments, as well as the responsibilities for those programs?",Claim,"((27578, 27766),)",Support
we've seen what has happened,Premise,"((36234, 36262),)",We haven't gotten either the economies in Government that were promised,Claim,"((36264, 36335),)",Attack
For a belief that law must be based on a higher law,Claim,"((44799, 44850),)","I don't think there's any way that we can suggest that because people believe in God and go to church, that they should not want reflected in those people and those causes they support, their own belief in morality, and in the high traditions and principles which we've abandoned so much in this country",Claim,"((44390, 44693),)",Support
I want to express my appreciation to the League of Women Voters for adopting a course with which I believe the great majority of Americans are in agreement,Premise,"((50602, 50757),)",I believe it would have been much more unfair to have had John Anderson denied the right to participate in this debate,Claim,"((50478, 50596),)",Support
"I, first of all, oppose an election year tax cut",Claim,"((3537, 3585),)",whether it is the $27.5 billion tax cut promised on the 20th of August by President Carter,Premise,"((3702, 3792),)",Attack
"The fact is, that in today's oil wells, there is more oil still there than we have so far taken out and used",Premise,"((11444, 11552),)","To say that we are limited, and at a dangerous point in this country with regard to energy, I think, is to ignore the fact",Claim,"((11320, 11442),)",Attack
there were reports. public reports not long ago about ships that could not leave American ports because of a lack of crews,Premise,"((19720, 19842),)",I am well aware of the present deficiencies in the Armed Forces of this country,Claim,"((18999, 19078),)",Support
New York is being taxed for money that will then go to Detroit,Premise,"((28010, 28072),)","Detroit is being taxed for money that, let's say, will go to Chicago",Premise,"((28078, 28146),)",Support
we've seen what has happened,Premise,"((36234, 36262),)","I believe that all too often in past elections, politicians have simply been promising people things that they cannot deliver.",Claim,"((35840, 35966),)",Support
For a return to traditions and values that we once had,Claim,"((44852, 44906),)","I don't think there's any way that we can suggest that because people believe in God and go to church, that they should not want reflected in those people and those causes they support, their own belief in morality, and in the high traditions and principles which we've abandoned so much in this country",Claim,"((44390, 44693),)",Support
to be found by a special kind of people,Claim,"((50916, 50955),)",people who had a special love for freedom and who had the courage to uproot themselves and leave hearth and homeland,Claim,"((50958, 51074),)",Support
"we are confronting a budget deficit this year - and this fiscal year will end in about 10 days, and we are confronted with the possibility of a deficit of $60 billion, perhaps as much as $63 billion",Premise,"((3819, 4017),)",that that simply would be irresponsible,Claim,"((4020, 4059),)",Support
"as you go further and have to go deeper, you are adding to the cost of production",Premise,"((12165, 12246),)",that prices may go up,Claim,"((12134, 12155),)",Support
there were reports. public reports not long ago about ships that could not leave American ports because of a lack of crews,Premise,"((19720, 19842),)","I talked to one of the leading former chiefs of Naval operations in my office a few weeks ago, who told me about 25,000 Chief Petty Officers being short",Premise,"((19844, 19996),)",Support
"Detroit is being taxed for money that, let's say, will go to Chicago",Premise,"((28078, 28146),)",Chicago is being taxed to help with the problems in Philadelphia,Premise,"((28154, 28218),)",Support
we haven't gotten the 4% inflation that we were supposed to get at the end of Mr. Carter's first term,Premise,"((36337, 36438),)",We haven't gotten either the economies in Government that were promised,Claim,"((36264, 36335),)",Support
"Our Government, in its most sacred documents - the Constitution and the Declaration of Independence and all - speak of man being created, of a Creator",Premise,"((44908, 45058),)",For a return to traditions and values that we once had,Claim,"((44852, 44906),)",Support
people who had a special love for freedom and who had the courage to uproot themselves and leave hearth and homeland,Claim,"((50958, 51074),)",this land was placed here between the two great oceans by some divine plan,Claim,"((50816, 50890),)",Support
"we are confronting a budget deficit this year - and this fiscal year will end in about 10 days, and we are confronted with the possibility of a deficit of $60 billion, perhaps as much as $63 billion",Premise,"((3819, 4017),)","I, first of all, oppose an election year tax cut",Claim,"((3537, 3585),)",Support
"we are, indeed, an energy-rich nation",Claim,"((13096, 13133),)","I think it is the Government, and the Government with its own restrictions and regulations, that is creating the energy crisis",Claim,"((12963, 13089),)",Attack
"I talked to one of the leading former chiefs of Naval operations in my office a few weeks ago, who told me about 25,000 Chief Petty Officers being short",Premise,"((19844, 19996),)",I am well aware of the present deficiencies in the Armed Forces of this country,Claim,"((18999, 19078),)",Support
Chicago is being taxed to help with the problems in Philadelphia,Premise,"((28154, 28218),)",Wouldn't it make a lot more sense if the government let them keep their own money there in the first place?,Claim,"((28220, 28327),)",Attack
"Instead we had, I think, in the second quarter, a Consumer Price Index registering around 12%",Premise,"((36440, 36533),)",We haven't gotten either the economies in Government that were promised,Claim,"((36264, 36335),)",Support
"Our Government, in its most sacred documents - the Constitution and the Declaration of Independence and all - speak of man being created, of a Creator",Premise,"((44908, 45058),)",That we're a nation under God,Premise,"((45060, 45089),)",Support
to be found by a special kind of people,Claim,"((50916, 50955),)",this land was placed here between the two great oceans by some divine plan,Claim,"((50816, 50890),)",Support
that that simply would be irresponsible,Claim,"((4020, 4059),)","I, first of all, oppose an election year tax cut",Claim,"((3537, 3585),)",Support
"the government has taken over 100 million acres of land out of circulation in Alaska, alone, that is believed by geologists to contain much in the line of minerals and energy sources",Premise,"((12774, 12956),)","I think it is the Government, and the Government with its own restrictions and regulations, that is creating the energy crisis",Claim,"((12963, 13089),)",Attack
"today, on the average, the average serviceman is at least 15% - and I happen to think that's a very modest estimate - 15% below what has happened to the cost of living over that period of time",Premise,"((20239, 20431),)","I think that that is clearly related to the fact that, going back to the time when the all-volunteer Army was created in 1973 - and I worked hard for it and supported it - we simply have failed to keep pace with the cost of living",Claim,"((20003, 20233),)",Support
"Detroit is being taxed for money that, let's say, will go to Chicago",Premise,"((28078, 28146),)",Wouldn't it make a lot more sense if the government let them keep their own money there in the first place?,Claim,"((28220, 28327),)",Attack
"nobody really knows, with the latest increase in the Wholesale Price Index - that's about 18% on an annualized basis - what it's going to be",Premise,"((36539, 36679),)",We haven't gotten either the economies in Government that were promised,Claim,"((36264, 36335),)",Support
That we're a nation under God,Premise,"((45060, 45089),)",For a return to traditions and values that we once had,Claim,"((44852, 44906),)",Support
We came from 100 different corners of the earth.,Premise,"((51158, 51206),)","we built a new breed of human called an American - a proud, an independent., and a most compassionate individual, for the most part",Claim,"((51546, 51677),)",Support
"I, first of all, oppose an election year tax cut",Claim,"((3537, 3585),)",the printing presses will start to roll,Premise,"((4079, 4118),)",Attack
we are only drilling on 2%. have leased only 2% of the possible. possibility for oil of the continental shelf around the United States,Premise,"((12610, 12744),)","I think it is the Government, and the Government with its own restrictions and regulations, that is creating the energy crisis",Claim,"((12963, 13089),)",Attack
"today, on the average, the average serviceman is at least 15% - and I happen to think that's a very modest estimate - 15% below what has happened to the cost of living over that period of time",Premise,"((20239, 20431),)","as a result, the families of some of our young servicemen are on food stamps today",Premise,"((20437, 20519),)",Support
New York is being taxed for money that will then go to Detroit,Premise,"((28010, 28072),)",Wouldn't it make a lot more sense if the government let them keep their own money there in the first place?,Claim,"((28220, 28327),)",Attack
I think my programs are far less inflationary than those of Governor Reagan,Claim,"((36698, 36773),)",We haven't gotten either the economies in Government that were promised,Claim,"((36264, 36335),)",Attack
I have thought for a long time that too many of our churches have been too reluctant to speak up in behalf of what they believe is proper in Government,Premise,"((45096, 45247),)","they have been too too lax in interfering, in recent years, with Government's invasion of the family itself, putting itself between parent and child",Premise,"((45253, 45401),)",Support
We spoke a multitude of tongues.,Premise,"((51207, 51239),)","we built a new breed of human called an American - a proud, an independent., and a most compassionate individual, for the most part",Claim,"((51546, 51677),)",Support
"I, first of all, oppose an election year tax cut",Claim,"((3537, 3585),)",once again we will see the monetization of that debt result in a higher rate of inflation.,Claim,"((4120, 4210),)",Attack
we are only drilling on 2%. have leased only 2% of the possible. possibility for oil of the continental shelf around the United States,Premise,"((12610, 12744),)","we are, indeed, an energy-rich nation",Claim,"((13096, 13133),)",Support
"as a result, the families of some of our young servicemen are on food stamps today",Premise,"((20437, 20519),)","I think that that is clearly related to the fact that, going back to the time when the all-volunteer Army was created in 1973 - and I worked hard for it and supported it - we simply have failed to keep pace with the cost of living",Claim,"((20003, 20233),)",Support
Seventy-five percent of the people live in the cities,Premise,"((27767, 27820),)",I don't know of a city in America that doesn't have the kind of problems you're talking about,Premise,"((27822, 27915),)",Support
"His own running mate, when he was running for the Presidency, said that they would cost 30% inflation inside of two years, and he cited his leading economic advisor, a very distinguished economist, Paul Macavoy, as the source of that information",Premise,"((36775, 37020),)","He went so far as to call it ""brutal economics.""",Premise,"((37022, 37070),)",Support
"they have been too too lax in interfering, in recent years, with Government's invasion of the family itself, putting itself between parent and child",Premise,"((45253, 45401),)","I vetoed a number of bills of that kind myself, when I was in California",Premise,"((45403, 45475),)",Support
"went out over the mountains and the prairies and the deserts and the far western mountains to the Pacific, building cities and towns and farms, and schools and churches.",Premise,"((51281, 51450),)","If wind, water or fire destroyed them, we built them again.",Premise,"((51451, 51510),)",Support
"we've seen some hopeful signs, perhaps, in the flash report on the third quarter, that perhaps the economy is coming out of the recession",Claim,"((4223, 4360),)",we've also seen the rise in the rate of the prime,Premise,"((4362, 4411),)",Attack
"the government has taken over 100 million acres of land out of circulation in Alaska, alone, that is believed by geologists to contain much in the line of minerals and energy sources",Premise,"((12774, 12956),)","we are, indeed, an energy-rich nation",Claim,"((13096, 13133),)",Support
"I think that that is clearly related to the fact that, going back to the time when the all-volunteer Army was created in 1973 - and I worked hard for it and supported it - we simply have failed to keep pace with the cost of living",Claim,"((20003, 20233),)",I think that's shocking,Claim,"((20525, 20548),)",Attack
I don't know of a city in America that doesn't have the kind of problems you're talking about,Premise,"((27822, 27915),)",where are we getting the money that the Federal Government is putting out to help them?,Premise,"((27922, 28009),)",Support
I think my programs are far less inflationary than those of Governor Reagan,Claim,"((36698, 36773),)","His own running mate, when he was running for the Presidency, said that they would cost 30% inflation inside of two years, and he cited his leading economic advisor, a very distinguished economist, Paul Macavoy, as the source of that information",Premise,"((36775, 37020),)",Attack
That's what elections are all about,Claim,"((45777, 45812),)","I do believe that no one in this country should be denied the right to express themselves, or to even try to persuade others to follow their leader",Claim,"((45628, 45775),)",Support
"If wind, water or fire destroyed them, we built them again.",Premise,"((51451, 51510),)","we built a new breed of human called an American - a proud, an independent., and a most compassionate individual, for the most part",Claim,"((51546, 51677),)",Support
"we've seen some hopeful signs, perhaps, in the flash report on the third quarter, that perhaps the economy is coming out of the recession",Claim,"((4223, 4360),)",we have seen mortgage rates back up again,Premise,"((4413, 4454),)",Attack
"There are hundreds of millions of acres of land that have been taken out of circulation by the Government for whatever reason they have, that is believed by the most knowledgeable oil geologists to contain probably more oil and natural gas than we have used so far since we drilled that first well 121 years ago",Premise,"((11701, 12012),)","we are, indeed, an energy-rich nation",Claim,"((13096, 13133),)",Support
"I think that that is clearly related to the fact that, going back to the time when the all-volunteer Army was created in 1973 - and I worked hard for it and supported it - we simply have failed to keep pace with the cost of living",Claim,"((20003, 20233),)",it's shameful,Claim,"((20550, 20563),)",Attack
where are we getting the money that the Federal Government is putting out to help them?,Premise,"((27922, 28009),)",New York is being taxed for money that will then go to Detroit,Premise,"((28010, 28072),)",Support
I think my programs are far less inflationary than those of Governor Reagan,Claim,"((36698, 36773),)","He went so far as to call it ""brutal economics.""",Premise,"((37022, 37070),)",Attack
"I vetoed a number of bills of that kind myself, when I was in California",Premise,"((45403, 45475),)","I do believe that no one in this country should be denied the right to express themselves, or to even try to persuade others to follow their leader",Claim,"((45628, 45775),)",Support
we're confronted with the horrendous problems that we've discussed here tonight,Premise,"((51839, 51918),)","some people in high positions of leadership, tell us that the answer is to retreat",Premise,"((51924, 52006),)",Support
"we've seen some hopeful signs, perhaps, in the flash report on the third quarter, that perhaps the economy is coming out of the recession",Claim,"((4223, 4360),)",a sure sign of inflation in the housing industry,Premise,"((4456, 4504),)",Attack
"There are hundreds of millions of acres of land that have been taken out of circulation by the Government for whatever reason they have, that is believed by the most knowledgeable oil geologists to contain probably more oil and natural gas than we have used so far since we drilled that first well 121 years ago",Premise,"((11701, 12012),)","I think it is the Government, and the Government with its own restrictions and regulations, that is creating the energy crisis",Claim,"((12963, 13089),)",Attack
I think that's shocking,Claim,"((20525, 20548),)",it's shameful,Claim,"((20550, 20563),)",Support
"I have talked of having zones in those cities that are run down, where there is a high percentage of people on welfare, and offer tax incentives",Premise,"((28412, 28556),)",there are other things that we can do with the inner cities,Claim,"((28332, 28391),)",Support
"I would like to stand here and promise the American people a tax cut, as Governor Reagan has done",Premise,"((37207, 37304),)",it's gotten to be about $122 difference,Premise,"((37321, 37360),)",Support
certainly the church has the right to take a position on moral issues,Premise,"((46134, 46203),)","to try to tell the parishioners of any church, of any denomination, how they should vote, or for whom they should vote, I think violates the principle of separation of church and state",Claim,"((46283, 46467),)",Support
"some people in high positions of leadership, tell us that the answer is to retreat",Premise,"((51924, 52006),)",That the best is over,Premise,"((52008, 52029),)",Support
we have seen mortgage rates back up again,Premise,"((4413, 4454),)",a sure sign of inflation in the housing industry,Premise,"((4456, 4504),)",Support
"We have a coal supply that is equal to 50% of the world's coal supply, good for centuries, in this country",Premise,"((12014, 12120),)","we are, indeed, an energy-rich nation",Claim,"((13096, 13133),)",Support
"today, on the average, the average serviceman is at least 15% - and I happen to think that's a very modest estimate - 15% below what has happened to the cost of living over that period of time",Premise,"((20239, 20431),)",I think that's shocking,Claim,"((20525, 20548),)",Attack
"The government isn't getting a tax now from businesses there because they aren't there, or from individuals who are on welfare rather than working",Premise,"((28558, 28704),)","I have talked of having zones in those cities that are run down, where there is a high percentage of people on welfare, and offer tax incentives",Premise,"((28412, 28556),)",Support
I have been very careful in saying that what I'm going to do is to bring Federal spending under control first,Claim,"((37096, 37205),)","I would like to stand here and promise the American people a tax cut, as Governor Reagan has done",Premise,"((37207, 37304),)",Attack
I think that is a moral issue that ought to be left to the freedom of conscience of the individual,Claim,"((46575, 46673),)",Governor Reagan is running on a platform that calls for a Constitutional amendment banning abortion,Premise,"((46474, 46573),)",Attack
That the best is over,Premise,"((52008, 52029),)",That we must cut back.,Premise,"((52031, 52053),)",Support
"I would propose, and I proposed it way back in March when I was a candidate in my own state of Illinois, I proposed $11.3 billion, specifically, in cuts in the Federal budget",Premise,"((4511, 4685),)",I think we've got to have fiscal restraint,Claim,"((4687, 4729),)",Support
"We have nuclear power, which, I believe, with the safest",Premise,"((12248, 12304),)","the most stringent of safety requirements, could meet our energy needs for the next couple of decades while we go forward exploring the areas of solar power and other forms of energy that might be renewable and that would not be exhaustible",Claim,"((12306, 12546),)",Support
"today, on the average, the average serviceman is at least 15% - and I happen to think that's a very modest estimate - 15% below what has happened to the cost of living over that period of time",Premise,"((20239, 20431),)",it's shameful,Claim,"((20550, 20563),)",Attack
why don't we offer incentives for business and industry to start up in those zones?,Premise,"((28710, 28793),)",there are other things that we can do with the inner cities,Claim,"((28332, 28391),)",Support
it's gotten to be about $122 difference,Premise,"((37321, 37360),)",Somebody worked it out,Claim,"((37362, 37384),)",Support
"for the state to interfere with a Constitutional amendment, and tell a woman that she must carry that pregnancy to term, regardless of her personal belief, that, I think, violates freedom of conscience as much as anything that I can think of",Premise,"((46679, 46920),)",I think that is a moral issue that ought to be left to the freedom of conscience of the individual,Claim,"((46575, 46673),)",Support
That we must cut back.,Premise,"((52031, 52053),)",That we must share in an ever-increasing scarcity.,Premise,"((52054, 52104),)",Support
that that simply would be irresponsible,Claim,"((4020, 4059),)",I think we've got to have fiscal restraint,Claim,"((4687, 4729),)",Support
"the most stringent of safety requirements, could meet our energy needs for the next couple of decades while we go forward exploring the areas of solar power and other forms of energy that might be renewable and that would not be exhaustible",Claim,"((12306, 12546),)",All of these things can be done,Claim,"((12548, 12579),)",Support
"as a result, the families of some of our young servicemen are on food stamps today",Premise,"((20437, 20519),)",I think that's shocking,Claim,"((20525, 20548),)",Attack
Give them a tax moratorium for a period if they build and develop there,Premise,"((28794, 28865),)",why don't we offer incentives for business and industry to start up in those zones?,Premise,"((28710, 28793),)",Support
Somebody worked it out,Claim,"((37362, 37384),)","they figured out that between the tax cut that Governor Reagan is promising the American people, and the tax cut that Jimmy Carter is promising in 198I, his is worth about $122 more",Premise,"((37390, 37571),)",Support
I believe in freedom of choice,Claim,"((47217, 47247),)","he is also running on a platform that suggests a litmus test for the selection of judges - that only judges that hold a certain, quote, ""view,"" on the sanctity of family life, ought to be appointed to the Federal Judiciary, one of the three great independent branches of our Government",Premise,"((46926, 47211),)",Attack
That we must share in an ever-increasing scarcity.,Premise,"((52054, 52104),)","That we must, in the failure to be able to protect our national security as it is today, we must not be provocative to any possible adversary.",Premise,"((52105, 52247),)",Support
"I, first of all, oppose an election year tax cut",Claim,"((3537, 3585),)",I think we've got to have fiscal restraint,Claim,"((4687, 4729),)",Support
All of these things can be done,Claim,"((12548, 12579),)","I think it is the Government, and the Government with its own restrictions and regulations, that is creating the energy crisis",Claim,"((12963, 13089),)",Attack
"as a result, the families of some of our young servicemen are on food stamps today",Premise,"((20437, 20519),)",it's shameful,Claim,"((20550, 20563),)",Attack
The individuals that would then get jobs - give them a break that encourages them to leave the social welfare programs and go to work,Premise,"((28867, 29000),)",there are other things that we can do with the inner cities,Claim,"((28332, 28391),)",Support
"they figured out that between the tax cut that Governor Reagan is promising the American people, and the tax cut that Jimmy Carter is promising in 198I, his is worth about $122 more",Premise,"((37390, 37571),)","you, dear voters, are out there on the auction block, and these two candidates are bidding for your votes",Claim,"((37576, 37681),)",Support
I think that is a moral issue that ought to be left to the freedom of conscience of the individual,Claim,"((46575, 46673),)",I believe in freedom of choice,Claim,"((47217, 47247),)",Support
"we, the living Americans, have gone through four wars",Premise,"((52254, 52307),)",We've gone through a Great Depression in our lifetime that literally was worldwide and almost brought us to our knees,Premise,"((52309, 52426),)",Support
"we ought to pay those retirement benefits on the basis of once a year, rather than twice a year",Claim,"((5117, 5212),)",save $750 billion,Claim,"((5218, 5235),)",Support
"The fact is, that in today's oil wells, there is more oil still there than we have so far taken out and used",Premise,"((11444, 11552),)",it would require what is known as secondary or tertiary efforts to bring it out of the ground,Premise,"((11558, 11651),)",Support
"to protect the vital interests of this country, if that became impossible; if I could not, despite the very best efforts that I asked the Congress to put forward, to raise those pay and incentives and allowances",Premise,"((20921, 21132),)",I would not leave this country go undefended,Claim,"((21145, 21189),)",Support
there are other things that we can do with the inner cities,Claim,"((28332, 28391),)",We could have an urban homestead act,Claim,"((29002, 29038),)",Support
"one is going to give you $122 more if you happen to be in that range of about a $20,000-a-year income",Premise,"((37687, 37788),)","you, dear voters, are out there on the auction block, and these two candidates are bidding for your votes",Claim,"((37576, 37681),)",Support
I believe in freedom of choice,Claim,"((47217, 47247),)",I don't believe in Constitutional Amendments that would interfere with that,Claim,"((47249, 47324),)",Attack
We've gone through a Great Depression in our lifetime that literally was worldwide and almost brought us to our knees,Premise,"((52309, 52426),)",we came through all of those things and we achieved even new heights and new greatness,Claim,"((52432, 52518),)",Support
"that perhaps would save as much as $5 billion to $7 billion, according, to one of the leading members of the House Budget Committee",Premise,"((4796, 4927),)","to recalculate the index that is used to determine the cost of living benefits that are paid to civil service retirees, to military retirees",Premise,"((4933, 5073),)",Support
it would require what is known as secondary or tertiary efforts to bring it out of the ground,Premise,"((11558, 11651),)","this is known oil reserves, known supplies",Premise,"((11657, 11699),)",Support
"I outlined a very specific program of increasing pay and allowances, reenlistment bonuses",Claim,"((20692, 20781),)","I think that that is clearly related to the fact that, going back to the time when the all-volunteer Army was created in 1973 - and I worked hard for it and supported it - we simply have failed to keep pace with the cost of living",Claim,"((20003, 20233),)",Attack
"We've got thousands and thousands of homes owned by government boarded up, being vandalized, that have been taken in mortgage foreclosures",Premise,"((29040, 29178),)","What if we had a homestead act, and said to the people, for $1 we sell you this house",Premise,"((29180, 29265),)",Support
I have been very careful in saying that what I'm going to do is to bring Federal spending under control first,Claim,"((37096, 37205),)","I'm going to wait until I see that that inflation rate is going down, before I even begin to phase in the business tax cuts that I've talked about",Claim,"((37790, 37936),)",Support
I believe in freedom of choice,Claim,"((47217, 47247),)",I don't believe in trying to legislate new tests for the selection of the Federal Judiciary,Claim,"((47326, 47417),)",Attack
we came through all of those things and we achieved even new heights and new greatness,Claim,"((52432, 52518),)","The living Americans today have fought harder, paid a higher price for freedom, and done more to advance the dignity of man than any people who ever lived on this earth",Claim,"((52520, 52688),)",Support
"to recalculate the index that is used to determine the cost of living benefits that are paid to civil service retirees, to military retirees",Premise,"((4933, 5073),)","we ought to pay those retirement benefits on the basis of once a year, rather than twice a year",Claim,"((5117, 5212),)",Support
"this is known oil reserves, known supplies",Premise,"((11657, 11699),)","To say that we are limited, and at a dangerous point in this country with regard to energy, I think, is to ignore the fact",Claim,"((11320, 11442),)",Attack
"I. too, believe in the voluntary military",Claim,"((21862, 21903),)","I think that that is clearly related to the fact that, going back to the time when the all-volunteer Army was created in 1973 - and I worked hard for it and supported it - we simply have failed to keep pace with the cost of living",Claim,"((20003, 20233),)",Support
"What if we had a homestead act, and said to the people, for $1 we sell you this house",Premise,"((29180, 29265),)",We could have an urban homestead act,Claim,"((29002, 29038),)",Support
"I'm going to wait until I see that that inflation rate is going down, before I even begin to phase in the business tax cuts that I've talked about",Claim,"((37790, 37936),)","you, dear voters, are out there on the auction block, and these two candidates are bidding for your votes",Claim,"((37576, 37681),)",Attack
I don't believe in trying to legislate new tests for the selection of the Federal Judiciary,Claim,"((47326, 47417),)","he is also running on a platform that suggests a litmus test for the selection of judges - that only judges that hold a certain, quote, ""view,"" on the sanctity of family life, ought to be appointed to the Federal Judiciary, one of the three great independent branches of our Government",Premise,"((46926, 47211),)",Attack
"we, the living Americans, have gone through four wars",Premise,"((52254, 52307),)","That we must, in the failure to be able to protect our national security as it is today, we must not be provocative to any possible adversary.",Premise,"((52105, 52247),)",Attack
save $750 billion,Claim,"((5218, 5235),)","fiscal restraint, I think is necessary",Claim,"((5290, 5328),)",Support
"There are hundreds of millions of acres of land that have been taken out of circulation by the Government for whatever reason they have, that is believed by the most knowledgeable oil geologists to contain probably more oil and natural gas than we have used so far since we drilled that first well 121 years ago",Premise,"((11701, 12012),)","To say that we are limited, and at a dangerous point in this country with regard to energy, I think, is to ignore the fact",Claim,"((11320, 11442),)",Attack
the two that are here are in more agreement than disagreement on this particular issue,Premise,"((21686, 21772),)","I. too, believe in the voluntary military",Claim,"((21862, 21903),)",Support
"All have to do is agree to refurbish it, make it habitable, and live in it - just as 100 or more years ago, we did with the open land in this country - urban . or country homesteading",Premise,"((29267, 29450),)",We could have an urban homestead act,Claim,"((29002, 29038),)",Support
"I'm going to wait until I see that that inflation rate is going down, before I even begin to phase in the business tax cuts that I've talked about",Claim,"((37790, 37936),)","I think, by improving productivity, they would be far less inflationary than the consumption-oriented tax cut that Governor Reagan is recommending",Claim,"((37942, 38088),)",Support
"for me to try, in this very pluralistic society of ours, to try to frame any definition, whatever, of what that belief should be, is wrong",Claim,"((47743, 47881),)","I have said freely, all over this country, that it was a mistake for me or anyone to ever try to put the Judeo-Christian heritage of this country, important as it is, and important as my religious faith is to me - it's a very deeply personal matter",Premise,"((47489, 47737),)",Attack
We've gone through a Great Depression in our lifetime that literally was worldwide and almost brought us to our knees,Premise,"((52309, 52426),)","That we must, in the failure to be able to protect our national security as it is today, we must not be provocative to any possible adversary.",Premise,"((52105, 52247),)",Attack
"fiscal restraint, I think is necessary",Claim,"((5290, 5328),)",I think we've got to have fiscal restraint,Claim,"((4687, 4729),)",Equivalent
"We have a coal supply that is equal to 50% of the world's coal supply, good for centuries, in this country",Premise,"((12014, 12120),)","To say that we are limited, and at a dangerous point in this country with regard to energy, I think, is to ignore the fact",Claim,"((11320, 11442),)",Attack
the two that are here are in more agreement than disagreement on this particular issue,Premise,"((21686, 21772),)","the only one who would be disagreeing with us is the President, if he were present",Premise,"((21778, 21860),)",Attack
"All have to do is agree to refurbish it, make it habitable, and live in it - just as 100 or more years ago, we did with the open land in this country - urban . or country homesteading",Premise,"((29267, 29450),)","What if we had a homestead act, and said to the people, for $1 we sell you this house",Premise,"((29180, 29265),)",Support
I think my programs are far less inflationary than those of Governor Reagan,Claim,"((36698, 36773),)","I think, by improving productivity, they would be far less inflationary than the consumption-oriented tax cut that Governor Reagan is recommending",Claim,"((37942, 38088),)",Support
"not once, but twice - in 1971 - I voted on the floor of the House of Representatives against a Constitutional amendment that tried to bring prayer back into the public schools",Premise,"((47891, 48066),)","for me to try, in this very pluralistic society of ours, to try to frame any definition, whatever, of what that belief should be, is wrong",Claim,"((47743, 47881),)",Support
we came through all of those things and we achieved even new heights and new greatness,Claim,"((52432, 52518),)","That we must, in the failure to be able to protect our national security as it is today, we must not be provocative to any possible adversary.",Premise,"((52105, 52247),)",Attack
"I, first of all, oppose an election year tax cut",Claim,"((3537, 3585),)","fiscal restraint, I think is necessary",Claim,"((5290, 5328),)",Support
"We have nuclear power, which, I believe, with the safest",Premise,"((12248, 12304),)","To say that we are limited, and at a dangerous point in this country with regard to energy, I think, is to ignore the fact",Claim,"((11320, 11442),)",Attack
it's a shame now that there are only two of us here debating,Claim,"((21616, 21676),)","I. too, believe in the voluntary military",Claim,"((21862, 21903),)",Support
I recently saw a Princeton University study that indicated that the cities of America - the large cities of this country - are in worse shape today than they were in 1960,Premise,"((29791, 29961),)","It seems to totally belie the claim that I heard President Carter make a few days ago, that he was the first President that had come forth with a real urban strategy to meet the problems of urban America",Claim,"((29963, 30166),)",Attack
I don't have to,Claim,"((38476, 38491),)",I've done it,Claim,"((38493, 38505),)",Support
"for me to try, in this very pluralistic society of ours, to try to frame any definition, whatever, of what that belief should be, is wrong",Claim,"((47743, 47881),)","I don't think that the state, the Board of Regents, a Board of Education, or any state official, should try to compose that prayer for a child to recite",Claim,"((48259, 48411),)",Support
we came through all of those things and we achieved even new heights and new greatness,Claim,"((52432, 52518),)",That we must share in an ever-increasing scarcity.,Premise,"((52054, 52104),)",Attack
that that simply would be irresponsible,Claim,"((4020, 4059),)","fiscal restraint, I think is necessary",Claim,"((5290, 5328),)",Support
"I simply cannot allow to go unpassed the statements that have just been made by Mr. Reagan, who once again, has demonstrated, I think, a total misunderstanding of the energy crisis that confronts, not only this country, but the world",Claim,"((13685, 13918),)","we are, indeed, an energy-rich nation",Claim,"((13096, 13133),)",Attack
Recognize that we have a voluntary military,Premise,"((22252, 22295),)","I believe the answer lies in just recognizing human nature and how we make everything else work in this country, when we want it to work",Claim,"((22114, 22250),)",Support
"just this past week, the crown jewel in that program that he had devised was stolen, I guess, because a conference committee turned down the ambitious plan that he had to increase the amount of money that would be available to the Economic Development Administration for loan guarantees and direct loans and credits",Premise,"((30182, 30497),)","It seems to totally belie the claim that I heard President Carter make a few days ago, that he was the first President that had come forth with a real urban strategy to meet the problems of urban America",Claim,"((29963, 30166),)",Attack
"We have a back-up paper to my economic speech of a couple of weeks ago in Chicago, that gives all of the figures",Premise,"((38507, 38619),)",I've done it,Claim,"((38493, 38505),)",Support
"I have said freely, all over this country, that it was a mistake for me or anyone to ever try to put the Judeo-Christian heritage of this country, important as it is, and important as my religious faith is to me - it's a very deeply personal matter",Premise,"((47489, 47737),)","I think mother ought to whisper to Johnny and to Susie, as they button their coats in the morning and leave for the classroom, ""Be sure to say a prayer before you start your day's work.""",Premise,"((48068, 48254),)",Support
we came through all of those things and we achieved even new heights and new greatness,Claim,"((52432, 52518),)",That we must cut back.,Premise,"((52031, 52053),)",Attack
"I would propose, and I proposed it way back in March when I was a candidate in my own state of Illinois, I proposed $11.3 billion, specifically, in cuts in the Federal budget",Premise,"((4511, 4685),)","fiscal restraint, I think is necessary",Claim,"((5290, 5328),)",Support
"I simply cannot allow to go unpassed the statements that have just been made by Mr. Reagan, who once again, has demonstrated, I think, a total misunderstanding of the energy crisis that confronts, not only this country, but the world",Claim,"((13685, 13918),)","I think it is the Government, and the Government with its own restrictions and regulations, that is creating the energy crisis",Claim,"((12963, 13089),)",Attack
"today the shortages of non-commissioned officers that John mentioned are such that if we tried to have a draft today, we wouldn't have the non-commissioned officers to train the draftees",Premise,"((21926, 22112),)","I believe the answer lies in just recognizing human nature and how we make everything else work in this country, when we want it to work",Claim,"((22114, 22250),)",Support
"the Anderson-Lucey platform for America, program for the 80s, has devoted considerable time, and in very specific detail, we have talked about two things that ought to be done to aid urban America",Claim,"((30543, 30739),)","It seems to totally belie the claim that I heard President Carter make a few days ago, that he was the first President that had come forth with a real urban strategy to meet the problems of urban America",Claim,"((29963, 30166),)",Attack
"And we used - yes, we used - the Senate Budget Committee's projections for five years, which are based on an average inflation rate of 7.5%",Premise,"((38621, 38760),)","which, I think, that under our plan, can be eliminated",Claim,"((38763, 38817),)",Support
"I don't think that the state, the Board of Regents, a Board of Education, or any state official, should try to compose that prayer for a child to recite",Claim,"((48259, 48411),)","I think mother ought to whisper to Johnny and to Susie, as they button their coats in the morning and leave for the classroom, ""Be sure to say a prayer before you start your day's work.""",Premise,"((48068, 48254),)",Attack
We've gone through a Great Depression in our lifetime that literally was worldwide and almost brought us to our knees,Premise,"((52309, 52426),)",That the best is over,Premise,"((52008, 52029),)",Attack
"I believe that the only unpopular measures, actually, that could be, or would be applied, would be unpopular with the government, and with those. perhaps, some special interest groups who are tied closely to government",Claim,"((5646, 5864),)","I believe that inflation today is caused by government simply spending more than government takes in, at the same time that government has imposed upon business and industry, from the shopkeeper on the corner to the biggest industrial plant in America, countless harassing regulations and punitive taxes that have reduced productivity at the same time they have increased the cost of production",Claim,"((5866, 6260),)",Support
"I simply cannot allow to go unpassed the statements that have just been made by Mr. Reagan, who once again, has demonstrated, I think, a total misunderstanding of the energy crisis that confronts, not only this country, but the world",Claim,"((13685, 13918),)","To say that we are limited, and at a dangerous point in this country with regard to energy, I think, is to ignore the fact",Claim,"((11320, 11442),)",Attack
"We are asking for men and women to join the military as a career, and we're asking them to deal with the most sophisticated of equipment",Premise,"((22297, 22433),)","a young man is out there on a $1 billion carrier in charge of the maintenance of a $20 million aircraft, working 100 hours a week at times, and he's earning less for himself and his family, while he's away from his family, than he could earn if he were in one of the most menial jobs, working 40 hours a week here at home",Premise,"((22439, 22760),)",Support
"first of all, for the creation of a $4 billion urban reinvestment trust fund to do exactly what you spoke about in your question - to rebuild the streets, to rebuild the cities, the leaking water mains",Premise,"((30750, 30951),)","the Anderson-Lucey platform for America, program for the 80s, has devoted considerable time, and in very specific detail, we have talked about two things that ought to be done to aid urban America",Claim,"((30543, 30739),)",Support
"eliminated probably more quickly than our plan, but we wanted to be so conservative with it, that people would see how. how well it could be done",Premise,"((38823, 38968),)","which, I think, that under our plan, can be eliminated",Claim,"((38763, 38817),)",Support
I don't think that's a bad idea,Claim,"((48596, 48627),)",I think all of us should have a respect for innocent life,Claim,"((48629, 48686),)",Support
we came through all of those things and we achieved even new heights and new greatness,Claim,"((52432, 52518),)","some people in high positions of leadership, tell us that the answer is to retreat",Premise,"((51924, 52006),)",Attack
"when you are reducing productivity at the same time that you are turning out printing-press money in excessive amounts, you're causing inflation",Premise,"((6266, 6410),)","I believe that inflation today is caused by government simply spending more than government takes in, at the same time that government has imposed upon business and industry, from the shopkeeper on the corner to the biggest industrial plant in America, countless harassing regulations and punitive taxes that have reduced productivity at the same time they have increased the cost of production",Claim,"((5866, 6260),)",Support
"he suggests that we have 27 years' supply of natural gas, 47 years' supply of oil, and all the rest, and that we really. all we have to do is to get the Government off the back of the oil industry, and that's going to be enough",Premise,"((13925, 14152),)","I simply cannot allow to go unpassed the statements that have just been made by Mr. Reagan, who once again, has demonstrated, I think, a total misunderstanding of the energy crisis that confronts, not only this country, but the world",Claim,"((13685, 13918),)",Support
"a young man is out there on a $1 billion carrier in charge of the maintenance of a $20 million aircraft, working 100 hours a week at times, and he's earning less for himself and his family, while he's away from his family, than he could earn if he were in one of the most menial jobs, working 40 hours a week here at home",Premise,"((22439, 22760),)","As an aid to enlistment. we had an aid - 46% of the people who enlisted in the voluntary military up until 1977 said they did so for one particular reason, the G.I. Bill of Rights",Premise,"((22762, 22941),)",Support
"I was in North Pittsburgh - I think it was a few weeks ago, on my campaign - the water mains in that city had begun to leak, and literally, there wasn't money available to fix them",Premise,"((30953, 31133),)","first of all, for the creation of a $4 billion urban reinvestment trust fund to do exactly what you spoke about in your question - to rebuild the streets, to rebuild the cities, the leaking water mains",Premise,"((30750, 30951),)",Support
ohn's been in the Congress for 20 years,Premise,"((38976, 39015),)","ohn tells us that first, we've got to reduce spending before we can reduce taxes",Premise,"((39022, 39102),)",Support
"The litmus test that John says is in the Republican platform, says no more than the judges to be appointed should have a respect for innocent life",Premise,"((48443, 48589),)","he is also running on a platform that suggests a litmus test for the selection of judges - that only judges that hold a certain, quote, ""view,"" on the sanctity of family life, ought to be appointed to the Federal Judiciary, one of the three great independent branches of our Government",Premise,"((46926, 47211),)",Attack
"For 200 years, we've lived in the future, believing that tomorrow would be better than today, and today would be better than yesterday",Premise,"((52690, 52824),)",I still believe that,Claim,"((52826, 52846),)",Support
"it isn't really higher prices, it's just, you are reducing the value of the money",Premise,"((6416, 6497),)","I believe that inflation today is caused by government simply spending more than government takes in, at the same time that government has imposed upon business and industry, from the shopkeeper on the corner to the biggest industrial plant in America, countless harassing regulations and punitive taxes that have reduced productivity at the same time they have increased the cost of production",Claim,"((5866, 6260),)",Support
"he suggests that we have 27 years' supply of natural gas, 47 years' supply of oil, and all the rest, and that we really. all we have to do is to get the Government off the back of the oil industry, and that's going to be enough",Premise,"((13925, 14152),)","I think it is the Government, and the Government with its own restrictions and regulations, that is creating the energy crisis",Claim,"((12963, 13089),)",Attack
"As an aid to enlistment. we had an aid - 46% of the people who enlisted in the voluntary military up until 1977 said they did so for one particular reason, the G.I. Bill of Rights",Premise,"((22762, 22941),)","the fact that, by serving in the military, they could provide for a future college education",Premise,"((22944, 23036),)",Support
"until we can begin to recreate the basic infrastructure of the great cities of America, particularly in the upper Midwest and in the Northeast",Premise,"((31139, 31281),)","first of all, for the creation of a $4 billion urban reinvestment trust fund to do exactly what you spoke about in your question - to rebuild the streets, to rebuild the cities, the leaking water mains",Premise,"((30750, 30951),)",Support
"ohn tells us that first, we've got to reduce spending before we can reduce taxes",Premise,"((39022, 39102),)","if you've got a kid that's extravagant, you can lecture him all you want to about his extravagance.",Premise,"((39110, 39209),)",Support
I don't think that's a bad idea,Claim,"((48596, 48627),)","The litmus test that John says is in the Republican platform, says no more than the judges to be appointed should have a respect for innocent life",Premise,"((48443, 48589),)",Support
I'm not running for the Presidency because I believe that I can solve the problems we've discussed tonight,Claim,"((52848, 52954),)",we're confronted with the horrendous problems that we've discussed here tonight,Premise,"((51839, 51918),)",Attack
You are robbing the American people of their savings,Premise,"((6499, 6551),)","I believe that inflation today is caused by government simply spending more than government takes in, at the same time that government has imposed upon business and industry, from the shopkeeper on the corner to the biggest industrial plant in America, countless harassing regulations and punitive taxes that have reduced productivity at the same time they have increased the cost of production",Claim,"((5866, 6260),)",Support
"he suggests that we have 27 years' supply of natural gas, 47 years' supply of oil, and all the rest, and that we really. all we have to do is to get the Government off the back of the oil industry, and that's going to be enough",Premise,"((13925, 14152),)","we are, indeed, an energy-rich nation",Claim,"((13096, 13133),)",Attack
"the fact that, by serving in the military, they could provide for a future college education",Premise,"((22944, 23036),)","In 1977, we took that away from the military",Premise,"((23038, 23082),)",Support
"until we can begin to recreate the basic infrastructure of the great cities of America, particularly in the upper Midwest and in the Northeast",Premise,"((31139, 31281),)","they simply are not going to provide the kind of economic climate that will enable them to retain industry, enable them to retain the kind of solid industrial base that they need, so that they can provide jobs",Claim,"((31283, 31492),)",Attack
"if you've got a kid that's extravagant, you can lecture him all you want to about his extravagance.",Premise,"((39110, 39209),)",you can cut his allowance and achieve the same end much quicker.,Premise,"((39213, 39277),)",Support
I think all of us should have a respect for innocent life,Claim,"((48629, 48686),)","With regard to the freedom of the individual for choice with regard to abortion, there's one individual who's not being considered at all",Claim,"((48688, 48825),)",Support
I'm not running for the Presidency because I believe that I can solve the problems we've discussed tonight,Claim,"((52848, 52954),)","I believe the people of this country can, and together, we can begin the world over again",Claim,"((52956, 53045),)",Support
"when you are reducing productivity at the same time that you are turning out printing-press money in excessive amounts, you're causing inflation",Premise,"((6266, 6410),)","it isn't really higher prices, it's just, you are reducing the value of the money",Premise,"((6416, 6497),)",Support
"I proposed, 15 months ago, the emergency excise tax on gasoline that I did",Premise,"((14344, 14418),)",we are going to have to create a new conservation ethic in the minds of the American people,Claim,"((14229, 14320),)",Support
"In 1977, we took that away from the military",Premise,"((23038, 23082),)",That meant immediately 46% of your people that were signing up had no reason for signing up,Claim,"((23084, 23175),)",Support
"We have also provided in our program for a $4 billion Community Trust Fund, and we've told you where the money is coming from",Premise,"((31494, 31619),)","the Anderson-Lucey platform for America, program for the 80s, has devoted considerable time, and in very specific detail, we have talked about two things that ought to be done to aid urban America",Claim,"((30543, 30739),)",Support
you can cut his allowance and achieve the same end much quicker.,Premise,"((39213, 39277),)",But Government has never reduced Government does not tax to get the money it needs,Premise,"((39278, 39360),)",Support
That's the one who is being aborted,Premise,"((48827, 48862),)","With regard to the freedom of the individual for choice with regard to abortion, there's one individual who's not being considered at all",Claim,"((48688, 48825),)",Support
"I believe the people of this country can, and together, we can begin the world over again",Claim,"((52956, 53045),)","We can meet our destiny - and that destiny to build a land here that will be, for all mankind, a shining city on a hill",Claim,"((53047, 53166),)",Support
"my plan is for a phased-in tax cut over a three-year period, tax increase and depreciation allowances for business and industry",Claim,"((6625, 6752),)","fiscal restraint, I think is necessary",Claim,"((5290, 5328),)",Attack
I did it as a security measure to be sure,Claim,"((14420, 14461),)",we are going to have to create a new conservation ethic in the minds of the American people,Claim,"((14229, 14320),)",Support
That meant immediately 46% of your people that were signing up had no reason for signing up,Claim,"((23084, 23175),)","recognizing that if we're going to have young men and women responsible for our security, dealing with this sophisticated equipment, then for heaven's sakes, let's go out and have a pay scale that is commensurate with the sacrifice that we're asking of them",Claim,"((23218, 23475),)",Attack
"We have also provided in our program for a $4 billion Community Trust Fund, and we've told you where the money is coming from",Premise,"((31494, 31619),)","It's going to come from the dedication, by 1984, of the excise revenues that today are being collected by the Federal Government on alcohol and tobacco",Premise,"((31621, 31772),)",Support
But Government has never reduced Government does not tax to get the money it needs,Premise,"((39278, 39360),)",Government always needs the money it gets,Premise,"((39362, 39403),)",Support
I've noticed that everybody that is for abortion has already been born,Premise,"((48868, 48938),)","With regard to the freedom of the individual for choice with regard to abortion, there's one individual who's not being considered at all",Claim,"((48688, 48825),)",Support
"Two hundred years ago, Tom Paine, when the 13 tiny colonies were trying to become a nation, said, we have it in our power to begin the world over again",Premise,"((51679, 51830),)","I believe the people of this country can, and together, we can begin the world over again",Claim,"((52956, 53045),)",Support
"my plan is for a phased-in tax cut over a three-year period, tax increase and depreciation allowances for business and industry",Claim,"((6625, 6752),)",I think we've got to have fiscal restraint,Claim,"((4687, 4729),)",Attack
I would rather see us reduce the consumption of imported oil than have to send American boys to fight in the Persian Gulf,Premise,"((14471, 14592),)",I did it as a security measure to be sure,Claim,"((14420, 14461),)",Support
I think it is a case of pay scale,Claim,"((23180, 23213),)","recognizing that if we're going to have young men and women responsible for our security, dealing with this sophisticated equipment, then for heaven's sakes, let's go out and have a pay scale that is commensurate with the sacrifice that we're asking of them",Claim,"((23218, 23475),)",Support
"It's going to come from the dedication, by 1984, of the excise revenues that today are being collected by the Federal Government on alcohol and tobacco",Premise,"((31621, 31772),)","That money, I think, ought to be put into rebuilding the base of our cities",Claim,"((31774, 31849),)",Support
Government always needs the money it gets,Premise,"((39362, 39403),)","John talks about his non-inflationary plan, as far as I have been able to learn, there are 88 proposals in it that call for additional Government spending programs.",Claim,"((39414, 39578),)",Attack
"if we would determine once and for all, is an unborn child a human being?",Premise,"((49155, 49228),)",I do believe that maybe we could find the answer through medical evidence,Claim,"((49080, 49153),)",Support
we are both against the reimposition of a peacetime draft,Premise,"((53554, 53611),)",I think you've seen tonight in this debate that Governor Reagan and I have agreed on exactly one thing,Claim,"((53449, 53551),)",Support
"to give them the capital to refurbish plant and equipment, research and development, improved technology",Premise,"((6753, 6857),)","my plan is for a phased-in tax cut over a three-year period, tax increase and depreciation allowances for business and industry",Claim,"((6625, 6752),)",Support
we are going to have to create a new conservation ethic in the minds of the American people,Claim,"((14229, 14320),)",I think it's going to take a dramatic measure of that kind to convince the American people that we will have to reduce the use of the private automobile,Claim,"((14616, 14768),)",Attack
"We need a million-man active reserve that could be called up on an instant's notice, and that would be also trained, ready to use that type of equipment",Premise,"((23563, 23715),)",I think we need something else that has been allowed to deteriorate,Claim,"((23494, 23561),)",Support
"That money, I think, ought to be put into rebuilding the base of our cities",Claim,"((31774, 31849),)","the Anderson-Lucey platform for America, program for the 80s, has devoted considerable time, and in very specific detail, we have talked about two things that ought to be done to aid urban America",Claim,"((30543, 30739),)",Support
"I took over a state - California - 10% of the population of this nation - a state that, if it were a nation, would be the seventh-ranking economic power in the world",Premise,"((39634, 39799),)",I speak with some confidence of our plan,Claim,"((39584, 39624),)",Support
"if we would determine once and for all, is an unborn child a human being?",Premise,"((49155, 49228),)",I happen to believe it is,Claim,"((49229, 49254),)",Support
I think you've seen tonight in this debate that Governor Reagan and I have agreed on exactly one thing,Claim,"((53449, 53551),)","President Carter was not right a few weeks ago when he said that the American people were confronted with only two choices, with only two men, and with only two parties",Claim,"((53279, 53447),)",Support
all of which we see our foreign competitors having,Premise,"((6860, 6910),)","my plan is for a phased-in tax cut over a three-year period, tax increase and depreciation allowances for business and industry",Claim,"((6625, 6752),)",Support
We simply cannot have people sitting one behind the wheel of a car in these long traffic jams going in and out of our great cities,Premise,"((14770, 14900),)","We are going to have to resort to van pooling, to car pooling",Claim,"((14902, 14963),)",Support
I think we need something else that has been allowed to deteriorate,Claim,"((23494, 23561),)","Both of these, I think, would respond to the proper kind of incentives that we could offer these people",Claim,"((23717, 23820),)",Support
the Youth Opportunities Act of 1980,Premise,"((31968, 32003),)",jobs programs to re-employ the youth in our cities would be very high on my priority list,Claim,"((31872, 31961),)",Support
that state we controlled spending,Claim,"((39805, 39838),)",I speak with some confidence of our plan,Claim,"((39584, 39624),)",Support
I happen to believe it is,Claim,"((49229, 49254),)",I do believe that maybe we could find the answer through medical evidence,Claim,"((49080, 49153),)",Support
I thank the League of Women Voters for the opportunity that they have given me,Premise,"((53735, 53813),)",I want to express my appreciation to the League of Women Voters for adopting a course with which I believe the great majority of Americans are in agreement,Premise,"((50602, 50757),)",Support
all of which we see our foreign competitors having,Premise,"((6860, 6910),)","to give them the capital to refurbish plant and equipment, research and development, improved technology",Premise,"((6753, 6857),)",Support
"We are going to have to resort to van pooling, to car pooling",Claim,"((14902, 14963),)",we are going to have to create a new conservation ethic in the minds of the American people,Claim,"((14229, 14320),)",Support
"recognizing that if we're going to have young men and women responsible for our security, dealing with this sophisticated equipment, then for heaven's sakes, let's go out and have a pay scale that is commensurate with the sacrifice that we're asking of them",Claim,"((23218, 23475),)","Both of these, I think, would respond to the proper kind of incentives that we could offer these people",Claim,"((23717, 23820),)",Support
"a billion-dollar program that I would recommend to put youth to work in energy projects, in conservation projects, in projects that would carry out some of the great national goals of our country",Premise,"((32008, 32203),)",jobs programs to re-employ the youth in our cities would be very high on my priority list,Claim,"((31872, 31961),)",Support
We cut the rate of increase in spending in half,Claim,"((39840, 39887),)",I speak with some confidence of our plan,Claim,"((39584, 39624),)",Support
I happen to believe it is,Claim,"((49229, 49254),)",I also think that that unborn child has a right to be wanted,Claim,"((49290, 49350),)",Support
I am running for President as an Independent,Claim,"((53815, 53859),)",I believe our country is in trouble,Claim,"((53868, 53903),)",Support
all of which we see our foreign competitors having,Premise,"((6860, 6910),)",we have the greatest percentage of outmoded industrial plant and equipment of any of the industrial nations,Premise,"((6916, 7023),)",Attack
"We are going to have to resort to van pooling, to car pooling",Claim,"((14902, 14963),)",I think it's going to take a dramatic measure of that kind to convince the American people that we will have to reduce the use of the private automobile,Claim,"((14616, 14768),)",Attack
"We signed one bill. or we passed one bill, just a couple of weeks ago in the House of Representatives for $500 million - a half a billion dollars",Premise,"((24291, 24436),)","I think I have better opportunity, however, of finding the necessary funds to pay what, admittedly, will be very, very substantial sums of money",Claim,"((24145, 24289),)",Support
John claims that he is making plain where the money will come from,Premise,"((32274, 32340),)",It will come from the pockets of the people,Claim,"((32342, 32385),)",Support
that state we controlled spending,Claim,"((39805, 39838),)",We cut the rate of increase in spending in half,Claim,"((39840, 39887),)",Support
"if we would determine once and for all, is an unborn child a human being?",Premise,"((49155, 49228),)",I also think that that unborn child has a right to be wanted,Claim,"((49290, 49350),)",Support
I believe our country is in trouble,Claim,"((53868, 53903),)",I believe that all of us are going to have to begin to work together to solve our problems,Claim,"((53905, 53995),)",Support
"to give them the capital to refurbish plant and equipment, research and development, improved technology",Premise,"((6753, 6857),)",we have the greatest percentage of outmoded industrial plant and equipment of any of the industrial nations,Premise,"((6916, 7023),)",Attack
"so that with buses and light rail, we can replace the private automobile in those places where it clearly is not energy-efficient",Premise,"((15037, 15166),)",We're going to have to develop better community transportation systems,Claim,"((14965, 15035),)",Support
"That is just a downpayment, in my opinion",Premise,"((24438, 24479),)","I think I have better opportunity, however, of finding the necessary funds to pay what, admittedly, will be very, very substantial sums of money",Claim,"((24145, 24289),)",Support
It will come from the pockets of the people,Claim,"((32342, 32385),)",It will come from the pockets of the people who are living in those very areas,Claim,"((32387, 32465),)",Support
I vetoed 993 measures without having a veto overturned,Premise,"((40008, 40062),)","among those vetoes, I stopped $16 billion in additional spending",Claim,"((40068, 40132),)",Support
I also think that that unborn child has a right to be wanted,Claim,"((49290, 49350),)","I also believe, sir, that the most personal intimate decision that any woman is ever called upon to make is the decision as to whether or not she shall carry a pregnancy to term",Claim,"((49356, 49533),)",Support
Do you really think that our economy is healthy?,Premise,"((54053, 54101),)",8 million Americans being out of work and the 50% unemployment among the youth of our country are acceptable?,Premise,"((54127, 54236),)",Support
"produce more, have stable money supply, and give the people of this country a greater share of their own savings",Premise,"((7026, 7138),)","my plan is for a phased-in tax cut over a three-year period, tax increase and depreciation allowances for business and industry",Claim,"((6625, 6752),)",Support
We're going to have to develop better community transportation systems,Claim,"((14965, 15035),)",we are going to have to create a new conservation ethic in the minds of the American people,Claim,"((14229, 14320),)",Support
I've just gotten a report from the Air Force that indicates that the 30-year lifecycle cost of that system is going to be $100 billion,Premise,"((24561, 24695),)",I do not support a boondoggle like the MX missile,Claim,"((24510, 24559),)",Support
It will come from the pockets of the people who are living in those very areas,Claim,"((32387, 32465),)","the Anderson-Lucey platform for America, program for the 80s, has devoted considerable time, and in very specific detail, we have talked about two things that ought to be done to aid urban America",Claim,"((30543, 30739),)",Attack
"at the same time, we gave back to the people of California - in tax rebates, tax credits, tax cuts - $5.7 billion",Premise,"((39893, 40006),)",We cut the rate of increase in spending in half,Claim,"((39840, 39887),)",Support
"I also believe, sir, that the most personal intimate decision that any woman is ever called upon to make is the decision as to whether or not she shall carry a pregnancy to term",Claim,"((49356, 49533),)","for the state to interfere in that decision, under whatever guise, and with whatever rationale, for the state to try to take over in that situation, and by edict, command what the individual shall do, and substitute itself for that individual's conscience, for her right to consult her rabbi, her minister, her priest, her doctor - any other counselor of her choice - I think goes beyond what we want to ever see accomplished in this country",Claim,"((49539, 49980),)",Support
I don't think you do think that,Claim,"((54496, 54527),)","I think you ought to consider doing something about it, and voting for an Independent in 1980",Claim,"((54544, 54637),)",Support
"my plan is for a phased-in tax cut over a three-year period, tax increase and depreciation allowances for business and industry",Claim,"((6625, 6752),)","I don't see where it is inflationary to have people keep more of their earnings and spend it, and it isn't inflationary for government to take that money away from them and spend it on the things it wants to spend it on",Claim,"((7249, 7468),)",Support
"so that with buses and light rail, we can replace the private automobile in those places where it clearly is not energy-efficient",Premise,"((15037, 15166),)",We simply cannot have people sitting one behind the wheel of a car in these long traffic jams going in and out of our great cities,Premise,"((14770, 14900),)",Attack
"The initial cost is about $54 billion, and then when you add in the additional costs - not only the construction of the system, the missiles and the personnel, and so on - when you add in the additional costs over the lifecycle of that system, over $100 billion",Premise,"((24697, 24958),)",I do not support a boondoggle like the MX missile,Claim,"((24510, 24559),)",Support
Pittsburgh does not have the money to fix the leaking water mains,Claim,"((32669, 32734),)",the Federal Government has pre-empted,Claim,"((32749, 32786),)",Support
"the funny thing was that California, which is normally above the national average in inflation and unemployment, for those six years for the first time, was below the national average in both inflation and unemployment",Premise,"((40138, 40356),)",We have considered inflation in our figures,Claim,"((40358, 40401),)",Support
if we really believe in the First Amendment,Premise,"((49982, 50025),)",if we really believe in freedom of choice and the right of the individual,Premise,"((50027, 50100),)",Support
"I think you ought to consider doing something about it, and voting for an Independent in 1980",Claim,"((54544, 54637),)",I believe that all of us are going to have to begin to work together to solve our problems,Claim,"((53905, 53995),)",Support
"I don't see where it is inflationary to have people keep more of their earnings and spend it, and it isn't inflationary for government to take that money away from them and spend it on the things it wants to spend it on",Claim,"((7249, 7468),)","I believe we need incentive for the individual, and for business and industry",Claim,"((7470, 7547),)",Support
"We are going to have to resort to van pooling, to car pooling",Claim,"((14902, 14963),)","I think, yes, we will have to change in a very appreciable way, some of the lifestyles that we now enjoy",Claim,"((15890, 15994),)",Support
I would propose to save the taxpayers of this country from that kind of costly boondoggle,Claim,"((24960, 25049),)",I do not support a boondoggle like the MX missile,Claim,"((24510, 24559),)",Support
"the Federal Government is going to turn around and say, well you have this problem; we will now hand you the money to do it",Premise,"((32793, 32916),)",the Federal Government doesn't make money,Claim,"((32922, 32963),)",Support
"the funny thing was that California, which is normally above the national average in inflation and unemployment, for those six years for the first time, was below the national average in both inflation and unemployment",Premise,"((40138, 40356),)","among those vetoes, I stopped $16 billion in additional spending",Claim,"((40068, 40132),)",Support
if we really believe in freedom of choice and the right of the individual,Premise,"((50027, 50100),)","for the state to interfere in that decision, under whatever guise, and with whatever rationale, for the state to try to take over in that situation, and by edict, command what the individual shall do, and substitute itself for that individual's conscience, for her right to consult her rabbi, her minister, her priest, her doctor - any other counselor of her choice - I think goes beyond what we want to ever see accomplished in this country",Claim,"((49539, 49980),)",Support
I don't think you do think that,Claim,"((54496, 54527),)",Do you think that our political institutions are working the way they should when literally only half of our citizens vote?,Premise,"((54372, 54495),)",Attack
we are going to have to create a new conservation ethic in the minds of the American people,Claim,"((14229, 14320),)","I think, yes, we will have to change in a very appreciable way, some of the lifestyles that we now enjoy",Claim,"((15890, 15994),)",Support
"I happen to support and believe in the missile, itself",Claim,"((25150, 25204),)",I do not support a boondoggle like the MX missile,Claim,"((24510, 24559),)",Attack
It just takes - from the people,Premise,"((32965, 32996),)",the Federal Government doesn't make money,Claim,"((32922, 32963),)",Support
"among those vetoes, I stopped $16 billion in additional spending",Claim,"((40068, 40132),)",We have considered inflation in our figures,Claim,"((40358, 40401),)",Support
if we really believe in the First Amendment,Premise,"((49982, 50025),)","for the state to interfere in that decision, under whatever guise, and with whatever rationale, for the state to try to take over in that situation, and by edict, command what the individual shall do, and substitute itself for that individual's conscience, for her right to consult her rabbi, her minister, her priest, her doctor - any other counselor of her choice - I think goes beyond what we want to ever see accomplished in this country",Claim,"((49539, 49980),)",Support
I don't think you do think that,Claim,"((54496, 54527),)",our armed forces are really acceptably strong in those areas of conventional capability where they should be?,Premise,"((54262, 54371),)",Attack
"my plan is for a phased-in tax cut over a three-year period, tax increase and depreciation allowances for business and industry",Claim,"((6625, 6752),)","I believe we need incentive for the individual, and for business and industry",Claim,"((7470, 7547),)",Support
We're going to have to develop better community transportation systems,Claim,"((14965, 15035),)","I think, yes, we will have to change in a very appreciable way, some of the lifestyles that we now enjoy",Claim,"((15890, 15994),)",Support
that's not the $54 billion cost that John is talking about,Premise,"((25210, 25268),)","The initial cost is about $54 billion, and then when you add in the additional costs - not only the construction of the system, the missiles and the personnel, and so on - when you add in the additional costs over the lifecycle of that system, over $100 billion",Premise,"((24697, 24958),)",Attack
"in my view, this is not the answer to the problem",Claim,"((33002, 33051),)",It will come from the pockets of the people,Claim,"((32342, 32385),)",Attack
"We deliberately took figures that we, ourselves, believed were too conservative",Premise,"((40403, 40482),)",We have considered inflation in our figures,Claim,"((40358, 40401),)",Support
I don't think you do think that,Claim,"((54496, 54527),)",8 million Americans being out of work and the 50% unemployment among the youth of our country are acceptable?,Premise,"((54127, 54236),)",Attack
"I believe we need incentive for the individual, and for business and industry",Claim,"((7470, 7547),)","the plan that I have submitted, with detailed backing, and which has been approved by a number of our leading economists in the country, is based on projections",Premise,"((7563, 7723),)",Support
"with respect to housing, when we are consuming, even though our per capita income today is about the same as that of the Federal Republic of Germany, we are consuming about, by a factor of two, the amount of energy that they consume in that country",Premise,"((15182, 15430),)",there are things that we can do in the retrofitting,Claim,"((15440, 15491),)",Support
we are so out of balance strategically that we lack a deterrent to a possible first assault,Premise,"((25713, 25804),)",We need the missile,Claim,"((25675, 25694),)",Support
"the problem is, with Governments - Federal, State and Local - taking $.44 out of every dollar earned, that the Federal Government has pre-empted too many of the tax sources",Premise,"((32471, 32643),)",the Federal Government has pre-empted,Claim,"((32749, 32786),)",Support
We have considered inflation in our figures,Claim,"((40358, 40401),)",I believe the budget can be balanced by 1982 or 1983,Claim,"((40484, 40536),)",Support
I don't think you do think that,Claim,"((54496, 54527),)",Do you really think that our economy is healthy?,Premise,"((54053, 54101),)",Attack
"the plan that I have submitted, with detailed backing, and which has been approved by a number of our leading economists in the country, is based on projections",Premise,"((7563, 7723),)","conservative projections out for the next five years, that indicates that this plan would, by 1983, result in a balanced budget",Claim,"((7725, 7852),)",Support
"the redesign of our homes, not only of our houses, but of our commercial structures, as well, that will make it possible for us to achieve",Premise,"((15496, 15634),)",there are things that we can do in the retrofitting,Claim,"((15440, 15491),)",Support
We need the missile,Claim,"((25675, 25694),)","I happen to support and believe in the missile, itself",Claim,"((25150, 25204),)",Support
"I stood there, and I met the people",Premise,"((33265, 33300),)",I heard them ask just for something that would give them hope,Premise,"((33306, 33367),)",Support
"it is a combination of planned reduction of the tax increase that Carter has built into the economy, and that's what he's counting on for his plan",Premise,"((40542, 40688),)",I believe the budget can be balanced by 1982 or 1983,Claim,"((40484, 40536),)",Support
a generation of office seekers has tried to tell the American people that they could get something for nothing,Premise,"((54649, 54759),)","It's been a time, therefore, of illusion and false hopes, and the longer it continues, the more dangerous it becomes",Premise,"((54761, 54877),)",Support
and $500 billion over the next five,Claim,"((8100, 8135),)","when we talk a tax cut, we're only talking about reducing a tax increase, because this Administration has left us with a built-in tax increase that will amount to $86 billion next year.",Claim,"((7875, 8060),)",Support
"According to one study that was published a short time ago - the Harvard Business School study - indicated that just in the commercial sector alone of the economy, we could save between 30% and 40% of the energy that we consume in this country today",Premise,"((15636, 15885),)",there are things that we can do in the retrofitting,Claim,"((15440, 15491),)",Support
He's talking about that fantastic plan of the Administration to take thousands and thousands of square miles out in the Western states,Premise,"((25270, 25404),)",that's not the $54 billion cost that John is talking about,Premise,"((25210, 25268),)",Support
I heard them ask just for something that would give them hope,Premise,"((33306, 33367),)","I believe that, while all of the promises have been broken, they've never been carried out",Claim,"((33373, 33463),)",Attack
I speak with some confidence of our plan,Claim,"((39584, 39624),)",I believe the budget can be balanced by 1982 or 1983,Claim,"((40484, 40536),)",Support
We've got to stop drifting,Claim,"((54879, 54905),)","It's been a time, therefore, of illusion and false hopes, and the longer it continues, the more dangerous it becomes",Premise,"((54761, 54877),)",Attack
"when we talk a tax cut, we're only talking about reducing a tax increase, because this Administration has left us with a built-in tax increase that will amount to $86 billion next year.",Claim,"((7875, 8060),)","I believe we need incentive for the individual, and for business and industry",Claim,"((7470, 7547),)",Support
there are things that we can do in the retrofitting,Claim,"((15440, 15491),)","I think, yes, we will have to change in a very appreciable way, some of the lifestyles that we now enjoy",Claim,"((15890, 15994),)",Support
"first, he was going to dig a racetrack and have it going around in the racetrack so it would meet the requirements of SALT II treaty",Premise,"((25410, 25542),)","now he's decided it'll have a straight up and down thing, so it can he both verifiable and yet hideable from the Soviet Union",Premise,"((25548, 25673),)",Support
"Stand in the South Bronx as I did, in the spot where Jimmy Carter made his promise that he was going to, with multi-billion dollar programs, refurbish that area that looks like bombed-out London in World War II",Premise,"((33053, 33263),)","I believe that, while all of the promises have been broken, they've never been carried out",Claim,"((33373, 33463),)",Support
"he's going to get a half-a-trillion dollars more over the next five years that he can use for additional programs, or hopefully, someplace down the line, balancing the budget",Premise,"((40694, 40868),)","it is a combination of planned reduction of the tax increase that Carter has built into the economy, and that's what he's counting on for his plan",Premise,"((40542, 40688),)",Support
We've got to stop drifting,Claim,"((54879, 54905),)",a generation of office seekers has tried to tell the American people that they could get something for nothing,Premise,"((54649, 54759),)",Attack
I also suggested we ought to have an emergency excise tax on gasoline,Claim,"((8367, 8436),)","this is no time for a tax cut, in view of the incipient signs of renewed inflation, in addition to calling for restraint in Federal spending",Claim,"((8210, 8350),)",Support
"According to one study that was published a short time ago - the Harvard Business School study - indicated that just in the commercial sector alone of the economy, we could save between 30% and 40% of the energy that we consume in this country today",Premise,"((15636, 15885),)","I think, yes, we will have to change in a very appreciable way, some of the lifestyles that we now enjoy",Claim,"((15890, 15994),)",Support
"now he's decided it'll have a straight up and down thing, so it can he both verifiable and yet hideable from the Soviet Union",Premise,"((25548, 25673),)",We need the missile,Claim,"((25675, 25694),)",Support
"if we would move into those areas and let, encourage - with the tax incentive - the private sector, to develop and to create the jobs for the people",Premise,"((33529, 33677),)",I believe that my plan might offer an opportunity for that,Claim,"((33469, 33527),)",Support
We believe that that's too much additional money to take out of the pockets of the people,Claim,"((40870, 40959),)","he's going to get a half-a-trillion dollars more over the next five years that he can use for additional programs, or hopefully, someplace down the line, balancing the budget",Premise,"((40694, 40868),)",Attack
"A great historian, Henry Steele Commager, said that in their lust for victory, neither traditional party is looking beyond November",Premise,"((55047, 55178),)","he went on to cite three issues that their platforms totally ignore: atomic warfare, Presidential Directive 59 notwithstanding",Premise,"((55184, 55310),)",Support
"this year, we will send $90 billion out of this country to pay for imported oil, even though that. those imports have been reduced",Premise,"((8466, 8596),)",I also suggested we ought to have an emergency excise tax on gasoline,Claim,"((8367, 8436),)",Support
"the redesign of our homes, not only of our houses, but of our commercial structures, as well, that will make it possible for us to achieve",Premise,"((15496, 15634),)","I think, yes, we will have to change in a very appreciable way, some of the lifestyles that we now enjoy",Claim,"((15890, 15994),)",Support
We need the missile,Claim,"((25675, 25694),)",I do not support a boondoggle like the MX missile,Claim,"((24510, 24559),)",Attack
"in those cities today, we have 55% youth unemployment among black and Hispanic youth",Claim,"((34164, 34248),)",It seems to me that to deny the responsibility of the Federal Government to do something about our crumbling cities is to deny the opportunity for one thing: To 55% of the black population of our country that is locked within the inner cities of the metropolitan areas of our country,Claim,"((33840, 34123),)",Support
"despite his pledge to reduce state Government spending, that it rose from $4.6 billion when he took office in 1967, to $10.2 billion during his eight years in office",Premise,"((41115, 41280),)",We cut the rate of increase in spending in half,Claim,"((39840, 39887),)",Attack
"If we don't resolve that issue, all others become irrelevant",Claim,"((55312, 55372),)","he went on to cite three issues that their platforms totally ignore: atomic warfare, Presidential Directive 59 notwithstanding",Premise,"((55184, 55310),)",Attack
all of that increase has gone out of this country - or much of it - into the pockets of OPEC oil producers,Premise,"((8808, 8914),)","since I first made that proposal 15 months ago, the price of gasoline, which was then $.80, has gone up to about $1.30",Premise,"((8602, 8720),)",Support
I wouldn't be called a conservative if I were,Premise,"((16082, 16127),)",I am not an enemy of conservation,Claim,"((16047, 16080),)",Support
I am not in favor of the plan that is so costly,Claim,"((25810, 25857),)",We need the missile,Claim,"((25675, 25694),)",Attack
"in those cities today, we have 55% youth unemployment among black and Hispanic youth",Claim,"((34164, 34248),)",It's because they have lost their industry,Claim,"((34267, 34309),)",Support
"despite his pledge to reduce state Government spending, that it rose from $4.6 billion when he took office in 1967, to $10.2 billion during his eight years in office",Premise,"((41115, 41280),)","Spending, in other words. more than doubled, and it rose at a faster rate than spending was rising in the Federal Government",Claim,"((41282, 41406),)",Support
"The issue of our natural resources; the right of posterity to inherit the earth, and what kind of earth will it be?",Premise,"((55374, 55489),)","If we don't resolve that issue, all others become irrelevant",Claim,"((55312, 55372),)",Support
"it would be a tax paid by the consumers, and then we're asked to believe that some way, they would get this back to the consumers",Premise,"((9533, 9662),)","It would still have gone up as much as it has, and the $.50 would be added on top of that",Premise,"((9438, 9527),)",Support
"That is the same Government that, in 1920, told us we only had enough oil left for 13 years, and 19 years later, told us we only had enough left for another 15 years",Premise,"((16449, 16614),)","my figures are the figures of the Department of Energy, which has not been overly optimistic in recent years as to how much supply we have left",Claim,"((16304, 16447),)",Support
I am not in favor of the plan that is so costly,Claim,"((25810, 25857),)",I would propose to save the taxpayers of this country from that kind of costly boondoggle,Claim,"((24960, 25049),)",Attack
"they no longer present the kind of viable economic climate that makes it possible for industry to remain there, or to locate there",Premise,"((34363, 34493),)",It's because they have lost their industry,Claim,"((34267, 34309),)",Support
"Spending, in other words. more than doubled, and it rose at a faster rate than spending was rising in the Federal Government",Claim,"((41282, 41406),)",We cut the rate of increase in spending in half,Claim,"((39840, 39887),)",Attack
"The issue of nationalism - the recognition, he says, that every major problem confronting us is global, and cannot be solved by nationalism here or elsewhere - that is chauvinistic, that is parochial, that is as anachronistic as states' rights was in the days of Jefferson Davis",Premise,"((55490, 55768),)","If we don't resolve that issue, all others become irrelevant",Claim,"((55312, 55372),)",Support
we've had a huge increase of about $.50 a gallon since that time,Premise,"((8738, 8802),)","since I first made that proposal 15 months ago, the price of gasoline, which was then $.80, has gone up to about $1.30",Premise,"((8602, 8720),)",Support
"in industry today, we're producing more, over the last several years, and at 12% less use of energy than we were back in about 1973",Premise,"((16715, 16846),)","As for saving energy and conserving, the American people haven't been doing badly at that",Claim,"((16616, 16705),)",Support
I think Government has a responsibility to find jobs for the youth of this country,Claim,"((34495, 34577),)",the place to start is to assist in the very important and necessary task of helping cities rebuild,Claim,"((34588, 34686),)",Support
"on his very optimistic figures about his tax cut producing a balanced budget by 1983, and the fact that he is using, he says, the figures of the Senate Budget Committee, that Senate Budget Committee Report does not accommodate all of the Reagan defense plans",Premise,"((41412, 41670),)",I believe the budget can be balanced by 1982 or 1983,Claim,"((40484, 40536),)",Attack
"Those are some of the great issues - atomic warfare, the use of our natural resources, and the issue of nationalism - that I intend to be talking about in the remaining six weeks of this campaign",Claim,"((55770, 55965),)",that an Independent government of John Anderson and Patrick Lucey can give us the kind of coalition government that we need in 1980 to begin to solve our problems,Claim,"((56049, 56211),)",Support
"since I first made that proposal 15 months ago, the price of gasoline, which was then $.80, has gone up to about $1.30",Premise,"((8602, 8720),)",I also suggested we ought to have an emergency excise tax on gasoline,Claim,"((8367, 8436),)",Support
motorists are using 8% less than they were back at that time of the oil embargo,Premise,"((16852, 16931),)","As for saving energy and conserving, the American people haven't been doing badly at that",Claim,"((16616, 16705),)",Support
"in those cities today, we have 55% youth unemployment among black and Hispanic youth",Claim,"((34164, 34248),)",I think Government has a responsibility to find jobs for the youth of this country,Claim,"((34495, 34577),)",Support
"on his very optimistic figures about his tax cut producing a balanced budget by 1983, and the fact that he is using, he says, the figures of the Senate Budget Committee, that Senate Budget Committee Report does not accommodate all of the Reagan defense plans",Premise,"((41412, 41670),)","I have seen his program costed out to the point where it would amount to more than $300 million a year, just for the military",Claim,"((41992, 42117),)",Support
"The issue of nationalism - the recognition, he says, that every major problem confronting us is global, and cannot be solved by nationalism here or elsewhere - that is chauvinistic, that is parochial, that is as anachronistic as states' rights was in the days of Jefferson Davis",Premise,"((55490, 55768),)","Those are some of the great issues - atomic warfare, the use of our natural resources, and the issue of nationalism - that I intend to be talking about in the remaining six weeks of this campaign",Claim,"((55770, 55965),)",Support
I also suggested we ought to have an emergency excise tax on gasoline,Claim,"((8367, 8436),)",we ought to take. put that tax on here at home,Claim,"((8940, 8986),)",Support
"As for saving energy and conserving, the American people haven't been doing badly at that",Claim,"((16616, 16705),)",I think we are proving that we can go forward with conservation and benefit from that,Claim,"((16937, 17022),)",Support
"I have seen his program costed out to the point where it would amount to more than $300 million a year, just for the military",Claim,"((41992, 42117),)",I think the figures that he has given are simply not going to stand up,Claim,"((42123, 42193),)",Support
"The issue of our natural resources; the right of posterity to inherit the earth, and what kind of earth will it be?",Premise,"((55374, 55489),)","Those are some of the great issues - atomic warfare, the use of our natural resources, and the issue of nationalism - that I intend to be talking about in the remaining six weeks of this campaign",Claim,"((55770, 55965),)",Support
Why take it in the first place if you're going to give it back?,Claim,"((9673, 9736),)",we ought to take. put that tax on here at home,Claim,"((8940, 8986),)",Support
I think we are proving that we can go forward with conservation and benefit from that,Claim,"((16937, 17022),)",I think it is safe to say that we do have sources of energy that have not yet been used or found,Claim,"((17034, 17130),)",Attack
I think the figures that he has given are simply not going to stand up,Claim,"((42123, 42193),)",We have considered inflation in our figures,Claim,"((40358, 40401),)",Attack
I think my opponent in this debate tonight is overlooking one other very important fact,Claim,"((17181, 17268),)",we cannot look at this as simply a national problem,Claim,"((17288, 17339),)",Support
I think the figures that he has given are simply not going to stand up,Claim,"((42123, 42193),)",I believe the budget can be balanced by 1982 or 1983,Claim,"((40484, 40536),)",Attack
"That, I think, in addition, would be an anti-inflationary measure that would strengthen the economy of this country",Claim,"((9184, 9299),)","Recycle those proceeds, then, back into the pockets of the American workers by reducing their tax payments. their Social Security tax payments by 50%",Claim,"((9033, 9182),)",Support
that additional 15 million barrels is going to cause scarcity,Claim,"((17657, 17718),)",It is going to cause scarcity in world markets,Claim,"((17720, 17766),)",Support
"some people look up figures, and some people make up figures",Premise,"((42263, 42323),)",John has just made up some very interesting figures,Claim,"((42329, 42380),)",Support
I also suggested we ought to have an emergency excise tax on gasoline,Claim,"((8367, 8436),)","Recycle those proceeds, then, back into the pockets of the American workers by reducing their tax payments. their Social Security tax payments by 50%",Claim,"((9033, 9182),)",Support
"The rest of the Western world, we are told, may see its consumption increase from 51 million barrels to about 66 million",Premise,"((17531, 17651),)",that additional 15 million barrels is going to cause scarcity,Claim,"((17657, 17718),)",Support
John has just made up some very interesting figures,Claim,"((42329, 42380),)","I have seen his program costed out to the point where it would amount to more than $300 million a year, just for the military",Claim,"((41992, 42117),)",Attack
reduce our consumption of that imported oil,Claim,"((8988, 9031),)","Recycle those proceeds, then, back into the pockets of the American workers by reducing their tax payments. their Social Security tax payments by 50%",Claim,"((9033, 9182),)",Support
"Even though it's true that, perhaps, between now and the end of the decade, our total consumption of oil may not increase by more than, perhaps, a million or 2 million barrels of oil a day",Premise,"((17341, 17529),)","The rest of the Western world, we are told, may see its consumption increase from 51 million barrels to about 66 million",Premise,"((17531, 17651),)",Support
"We took the Senate report, of course",Premise,"((42382, 42418),)",John has just made up some very interesting figures,Claim,"((42329, 42380),)",Support
I cannot see where a $.50 a gallon tax applied to gasoline would have changed the price of gasoline,Claim,"((9337, 9436),)",we've had a huge increase of about $.50 a gallon since that time,Premise,"((8738, 8802),)",Attack
It is going to cause scarcity in world markets,Claim,"((17720, 17766),)",we cannot look at this as simply a national problem,Claim,"((17288, 17339),)",Support
"we did factor in our own ideas with regard to increases in the projected military spending that we believe would, over a period of time, do what is necessary",Claim,"((42424, 42581),)","on his very optimistic figures about his tax cut producing a balanced budget by 1983, and the fact that he is using, he says, the figures of the Senate Budget Committee, that Senate Budget Committee Report does not accommodate all of the Reagan defense plans",Premise,"((41412, 41670),)",Attack
that additional 15 million barrels is going to cause scarcity,Claim,"((17657, 17718),)",we cannot look at this as simply a national problem,Claim,"((17288, 17339),)",Support
"we did factor in our own ideas with regard to increases in the projected military spending that we believe would, over a period of time, do what is necessary",Claim,"((42424, 42581),)","I have seen his program costed out to the point where it would amount to more than $300 million a year, just for the military",Claim,"((41992, 42117),)",Attack
"It would still have gone up as much as it has, and the $.50 would be added on top of that",Premise,"((9438, 9527),)",I cannot see where a $.50 a gallon tax applied to gasoline would have changed the price of gasoline,Claim,"((9337, 9436),)",Support
"there are at least five reputable studies, one even by the American Petroleum Institute itself, that, I think, clearly indicate that somewhere along around the end of the present decade, total world demand for oil is simply going to exceed total available supplies",Premise,"((17775, 18039),)",It is going to cause scarcity in world markets,Claim,"((17720, 17766),)",Support
"we did factor in our own ideas with regard to increases in the projected military spending that we believe would, over a period of time, do what is necessary",Claim,"((42424, 42581),)",we did cut the increase in spending in half,Claim,"((42666, 42709),)",Support
I think that a change in lifestyles - is necessary,Claim,"((18069, 18119),)",we had better begin to plan for that now rather than later,Claim,"((18125, 18183),)",Support
"I think being Governor of California is probably the closest thing to the Presidency, if that's possible, of any executive job in America today",Claim,"((42806, 42949),)",John doesn't quite realize - he's never held an executive position of that kind,Premise,"((42721, 42800),)",Attack
I cannot see where a $.50 a gallon tax applied to gasoline would have changed the price of gasoline,Claim,"((9337, 9436),)",all of that increase has gone out of this country - or much of it - into the pockets of OPEC oil producers,Premise,"((8808, 8914),)",Attack
I think that a change in lifestyles - is necessary,Claim,"((18069, 18119),)","I think, yes, we will have to change in a very appreciable way, some of the lifestyles that we now enjoy",Claim,"((15890, 15994),)",Support
it is the most populous state,Premise,"((42960, 42989),)","I think being Governor of California is probably the closest thing to the Presidency, if that's possible, of any executive job in America today",Claim,"((42806, 42949),)",Support
I cannot see where a $.50 a gallon tax applied to gasoline would have changed the price of gasoline,Claim,"((9337, 9436),)",I also suggested we ought to have an emergency excise tax on gasoline,Claim,"((8367, 8436),)",Attack
"we reduced, in proportion of other states, the per capita spending, the per capita size of Government",Claim,"((43020, 43121),)",we did cut the increase in spending in half,Claim,"((42666, 42709),)",Support
we only increased the size of Government one-twelfth what it had increased in the preceding eight years,Premise,"((43124, 43227),)","we reduced, in proportion of other states, the per capita spending, the per capita size of Government",Claim,"((43020, 43121),)",Support
"one journal, the San Francisco Chronicle, a respected newspaper, said there was no question about the fact that Governor Reagan had prevented the State of California from going bankrupt",Premise,"((43233, 43418),)",we did cut the increase in spending in half,Claim,"((42666, 42709),)",Support
"one journal, the San Francisco Chronicle, a respected newspaper, said there was no question about the fact that Governor Reagan had prevented the State of California from going bankrupt",Premise,"((43233, 43418),)","we reduced, in proportion of other states, the per capita spending, the per capita size of Government",Claim,"((43020, 43121),)",Support
Why not leave it with them?,Claim,"((9737, 9764),)",Why take it in the first place if you're going to give it back?,Claim,"((9673, 9736),)",Support
"Fifteen months ago, he was a cosigner and advocating the very tax cut that I am proposing, and said that that would be a forward step in fighting inflation, and that it would be beneficial to the working people of this country",Claim,"((9867, 10093),)","this is no time for a tax cut, in view of the incipient signs of renewed inflation, in addition to calling for restraint in Federal spending",Claim,"((8210, 8350),)",Attack
