unique_id,id,year,text,label
1980_3fdbd2fb4a1af3ca69eeb47b6d8677b0,T1,1980,I do know what he has said about mine,Claim
1980_5560645ef1fb1c431b9dff237891ab5e,T2,1980,H. L. Mencken said that for every problem there's a simple answer.,Premise
1980_f48ae0e7f607c5fd779e32d07eabc471,T3,1980,It would be neat and plausible and wrong.,Claim
1980_74138451379e0020ac0e48f9947ed233,T4,1980,"think, habitually, Governor Reagan has advocated the injection of military forces into troubled areas",Claim
1980_690ea5c1a794d8f5602a1db115ddc872,T5,1980,"I and my predecessors - both Democrats and Republicans - have advocated resolving those troubles in those difficult areas of the world peacefully, diplomatically, and through negotiation",Claim
1980_ec6a3a721f8001c5d0ae398b0d24791a,T26,1980,I don't know what the differences might be,Claim
1980_4119eadae57c2e0e2a774ca13a279459,T27,1980,I don't know what Mr. Carter's policies are,Premise
1980_092dbb8c64e4507625ea34c91b9daf75,T28,1980,I believe with all my heart that our first priority must be world peace,Claim
1980_2e197446d55c944e7a5d6b8bf4f11e8a,T29,1980,"use of force is always and only a last resort, when everything else has failed, and then only with regard to our national security",Premise
1980_4ca3016883f365dff3a02f44ddd5d227,T30,1980,"I believe this responsibility for preserving the peace, which I believe is a responsibility peculiar to our country",Claim
1980_8e2f76162322986140225f6efcab9ac6,T31,1980,we cannot shirk our responsibility as a leader of the free world,Claim
1980_8a4b419577b672eeadb26a2f5f7c1d90,T32,1980,we're the only ones that can do it,Premise
1980_aeea113bf496d7763113210157762247,T33,1980,the burden of maintaining the peace falls on us,Claim
1980_08da02e07a907dad31bb1205128c19e3,T34,1980,to maintain that peace requires strength,Claim
1980_f26ad211a0b5c18a8b9ba1a31879218c,T35,1980,America has never gotten in a war because we were too strong,Claim
1980_60477b22d86bc47ba3bfa410332fe20f,T37,1980,We can get into a war by letting events get out of hand,Claim
1980_b5d61032895e709059c33a4a79ccca4e,T38,1980,as they have in the last three and a half years under the foreign policies of this Administration of Mr. Carter's,Premise
1980_f5c5f8aee42e03c21a6c8af01d132a70,T39,1980,until we're faced each time with a crisis,Premise
1980_c2f28aaba54c5d2a4a71f1f67d9edcd3,T40,1980,"I don't ever want to see another generation of young Americans bleed their lives into sandy beachheads in the Pacific, or rice paddies and jungles in the in Asia or the muddy battlefields of Europe",Claim
1980_1226f5ba109bb8d83c54928bad37248d,T41,1980,I have seen four wars in my lifetime,Premise
1980_d94f1e30e460e3e4b30079512febdfa3,T42,1980,I'm a father of sons,Premise
1980_bdcbe8e98ec68c6da4c16d06c824ac93,T43,1980,I have a grandson,Premise
1980_98fe31f75c65b7da009714a1348bbc63,T44,1980,good management in preserving the peace requires that we control the events and try to intercept before they become a crisis,Premise
1980_7b703197f9bdf42901e233791fc67515,T45,1980,my tax cut does not come close to eliminating that $86 billion increase,Premise
1980_974d10d4e8031d12f47469589e26d2c9,T46,1980,I'm only reducing the amount of the increase,Premise
1980_8b7c040ef11bc4d4830219024bfb3e2b,T47,1980,"what I'm talking about is not putting government back to getting less money than government's been getting, but simply cutting the increase in in spending",Claim
1980_678cc995c15fe145158ff4e08a0463c3,T48,1980,what we've done is use that enormous power and prestige and military strength of the United States to preserve the peace,Premise
1980_3c0d6c582d9ee5d5802cdc4878960e0e,T49,1980,we can afford - along with the cuts that I have proposed in Government. spending - we can afford the tax cuts I have proposed,Claim
1980_2db7942bfcbb1e8a02c3d54390169789,T50,1980,"Mr. Carter's economic policy has built into the next five years, and on beyond that, a tax increase that will be taking $86 billion more out of the people's pockets than was taken this year",Premise
1980_22208825f820982667d379c9393c5dbe,T51,1980,I've also learned that there are no simple answers to complicated questions,Claim
1980_800020c76e7bf8fdc5b8aff34bc47b80,T52,1980,"I have submitted an economic plan that I have worked out in concert with a number of fine economists in this country, all of whom approve it",Premise
1980_578a1bd879e067e56b9aa025cc59a4cb,T53,1980,"believe that over a five year projection, this plan can permit the extra spending for needed refurbishing of our defensive posture",Claim
1980_fc9052b40c12d6be058e5e394a6266d2,T54,1980,it can provide for a balanced budget by 1983 if not earlier,Claim
1980_4a5c00a1c135acb954f959881781bc64,T55,1980,I think I'm a much wiser and more experienced man than I was when I debated four years ago against President Ford,Claim
1980_4e3b33116046369f903b3fa5c79607ca,T56,1980,"I've had to make thousands of decisions since I've been President, serving in the Oval Office",Premise
1980_ff46bf7c9d1d6f4f053aa6237d8e2fe8,T57,1980,"with each one of those decisions that affect the future of my country, I have learned in the process",Premise
1980_e81065ada2798fbea5e3760c8257d598,T59,1980,"We've not only kept peace for our own country, but we've been able to extend the benefits of peace to others",Claim
1980_c8be6771305518c4e762a6089f283f6c,T60,1980,"In the Middle East, we've worked for a peace treaty between Israel and Egypt, successfully, and have tied ourselves together with Israel and Egypt in a common defense capability",Premise
1980_50f271c93ca33b84eeda84b1a37b481b,T61,1980,"this nation, in the eight years before I became President, had its own military strength decreased",Claim
1980_004713e46555ea4d5ebbf49af37544c9,T62,1980,"Seven out of eight years, the budget commitments for defense went down, 37% in all",Premise
1980_f854817440cf70945ffae0eb7269e576,T63,1980,"Since I've been in office, we've had a steady, carefully planned, methodical but, very effective increase in our commitment for defense",Claim
1980_dbbf6e0b57a2ca65874a5bbf2e937268,T64,1980,there are decisions that are made in the Oval Office by every President which are profound in nature,Claim
1980_b7f5fb5b9f59f5047355657f60760c48,T65,1980,"There are always trouble spots in the world, and how those troubled areas are addressed by a President alone in that Oval Office affects our nation directly, the involvement of the United States and also our American interests",Premise
1980_506f66dbb6fec91d9fa2bfa11f7cccb0,T66,1980,That is what I have tried to do successfully,Claim
1980_22d688dfa9cb853f59d6f6d89301d16d,T67,1980,by keeping our country at peace,Premise
1980_7a7b951ca2350e5a7e16e2043b5c1a9e,T68,1980,This is a very good step forward for our nation's security,Premise
1980_e49302f695c17097d78f3d8584467ece,T69,1980,we'll continue to do as we have done in the past,Claim
1980_cc0dedcac70d124b43a677a76a6141c1,T70,1980,we are prepared to address any foreseeable eventuality which might interrupt commerce with that crucial area of the world,Claim
1980_e408eaf5bc30e5b620ed42d6a31298d7,T71,1980,"In the past, we have not had an adequate military presence in that region",Premise
1980_73a000c8646a0ba5c2095cb4346d3321,T72,1980,Now we have two major carrier task forces,Premise
1980_3a6e80a86374a9d4f92e270a9cbe448d,T73,1980,We have access to facilities in five different areas of that region,Premise
1980_f775c586654a33ae262e4e73f9f57b50,T74,1980,"in my State of the Union address earlier this year, I pointed out that any threat to the stability or security of the Persian Gulf would be a threat to the security of our own country",Premise
1980_eaf98324ce13e6f0f28677c944f233ff,T75,1980,we have made sure that we address this question peacefully,Claim
1980_2784ae2dc96c88f41e13b4c5f9ad313a,T76,1980,not injecting American military forces into combat,Premise
1980_a0527f2b8b43dd48c1750876a39391df,T77,1980,letting the strength of our nation be felt in a beneficial way,Premise
1980_d8bb4c5d53002149eb6c49c17f4670f4,T78,1980,"This, I believe, has assured that our interests will be protected in the Persian Gulf region, as we have done in the Middle East and throughout the world",Claim
1980_57d838ceabb014ebd3fbd10b0e872bae,T79,1980,I question the figure about the decline in defense spending under the two previous Administrations in the preceding eight years to this Administration,Claim
1980_c2337c4faaf19e06a8031965043d3aa0,T80,1980,"I would call to your attention that we were in a war that wound down during those eight years, which of course made a change in military spending because of turning from war to peace",Premise
1980_61870af7919f006f2b01e9aa275eceb1,T81,1980,"I also would like to point out that Republican presidents in those years, faced with a Democratic majority in both houses of the Congress, found that their requests for defense budgets were very often cut",Premise
1980_d92957de66e63021757af7a53781d186,T82,1980,Gerald Ford left a five-year projected plan for a military build-up to restore our defenses,Premise
1980_2d723a3fc9a4b9429a6498699ecf3d84,T83,1980,President Carter's administration reduced that by 38%,Premise
1980_e3fbe186ed12104a355c38588e8f8c84,T84,1980,cut 60 ships out of the Navy building program that had been proposed,Premise
1980_9dfa4910d04816b4c0a37b421630cef8,T85,1980,stopped the the B-l,Premise
1980_073139d842100899871d2e91f31a85a6,T86,1980,delayed the cruise missile,Premise
1980_d2d66dedfa890c4eaf746772a1bdcbef,T87,1980,stopped the production line for the Minuteman missile,Premise
1980_dd89d45e227444702dc68cd534b496ad,T88,1980,stopped the Trident or delayed the Trident submarine,Premise
1980_2f3844e23a5372a5b8af40763a3abd87,T89,1980,now is planning a mobile military force that can be delivered to various spots in the world,Premise
1980_834873f9da99671e63344f7491ea7aa3,T90,1980,which does make me question his assaults on whether I am the one who is quick to look for use of force,Claim
1980_4aa178ba46d7ffe6346bb9364e521cc3,T91,1980,the build-up of military forces is good for our country,Claim
1980_36b6f3a9248ae61bfa945f29eb2f65d1,T92,1980,we've got to have military strength to preserve the peace,Premise
1980_cee7707f42475f7435eec464cf5c0c99,T93,1980,the best weapons are the ones that are never fired in combat,Premise
1980_7d330ee5e1aa72dcd3d0b3865d1811ad,T94,1980,the best soldier is one who never has to lay his life down on the field of battle,Premise
1980_5dbce3fbff7f43652813d2f4987a7f35,T95,1980,"Strength is imperative for peace, but the two must go hand in hand",Claim
1980_a2b075bc7cafc4f7c003225f8fb24695,T96,1980,there are various elements of defense,Claim
1980_d61c725ee2220f62303c0038ca96e480,T97,1980,One is to control nuclear weapons,Premise
1980_6359422b5fc4e6cb3940041218c61ea7,T98,1980,Another one is how to address troubled areas of the world,Premise
1980_66119c7ac46be6fcca05d2ec865e19d6,T1,1980,"For example, a business that would not have, for a period of time, an increase in the property tax reflecting its development of the unused property that it was making wouldn't be any loss to the city",Claim
1980_5382aa12abe94e1b122712b7480e0117,T2,1980,"I talked to a man just briefly there who asked me one simple question: ""Do I have reason to hope that I can someday take care of my family again",Claim
1980_a3b16e885af86a31fee543bbd244d9de,T3,1980,Nothing has been done.,Premise
1980_c41b419f7ddf057ed06530de0b2e1e42,T4,1980,I think that something can be done from there,Claim
1980_538fc55ba4b239c043c4bfac91467273,T5,1980,Those who suffered from discrimination because of race or sex certainly knew we had a racial problem,Claim
1980_136ed22329ff4bd74d20970bb92c1877,T6,1980,We have gone a long way toward correcting these problems we still have a long way to go,Claim
1980_2a80cf5353072d04643209a8ca59b3b7,T156,1980,I have been talking to a number of Congressmen who have much the same idea that I have,Claim
1980_733679c341433ed76a00fd299700e031,T157,1980,"in the inner city areas, that in cooperation with the local government and the national Government, and using tax incentives and with cooperating with the private sector, that we have development zones",Claim
1980_5aec9976b3fd2f23bfe0d186181fcd78,T158,1980,"Let the local entity, the city, declare this particular area, based on the standards of the percentage of people on welfare, unemployed, and so forth, in that area",Premise
1980_dd1f1bab9efc628154b37c17a1b518fe,T159,1980,"through tax incentives, induce the creation of businesses providing jobs and so forth in those areas",Premise
1980_02151fb0cb9f512b8cfa6fca8460a7d8,T162,1980,the city isn't getting any tax from that now,Premise
1980_688b95f122467f9e353a652e0fc7a668,T163,1980,there would simply be a delay,Premise
1980_4102589f6f80b0742a4d1a180f9aea68,T164,1980,many of the people who would then be given jobs are presently wards of the Government and it wouldn't hurt to give them a tax incentive,Claim
1980_a99f1c80c7fb3f096e22a93c3ec95ab0,T165,1980,that wouldn't be costing Government anything either,Premise
1980_74461f42c6156d59033b31c6304d63a9,T166,1980,nothing has been done,Claim
1980_57def77ebb1f35e0bfb8ab924f9d2349,T167,1980,I stood in the South Bronx on the exact spot that President Carter stood on in 1977,Premise
1980_2b79ab36b0482da83215145b0316f944,T168,1980,You have to see it to believe it,Premise
1980_2b647bcede49f0800e8d0f43b8349745,T169,1980,"It looks like a bombed-out city - great, gaunt skeletons of buildings",Premise
1980_126612c49c4e45ff5d3feee10062e6af,T170,1980,Windows smashed out,Premise
1980_cfd8b47069deb4106efbe7f54490a36a,T171,1980,"painted on one of them ""Unkept promises;"" on another, ""Despair.""",Premise
1980_656aaef133cf6eccb01e17c6a8d4faec,T172,1980,this was the spot at which President Carter had promised that he was going to bring in a vast program to rebuild this department,Premise
1980_05c5fd20c21ff3d46e1d0457bac7758a,T173,1980,"There are whole or this area there are whole blocks of land that are left bare, just bulldozed down flat",Premise
1980_21ee8dad1246d8a0be217c7d553beef6,T174,1980,I think there are things to do in this regard,Claim
1980_d4742984c0180ae1ef77e9c0f8bae224,T175,1980,I believe in it,Claim
1980_da0da305ce6a4bf42d68cae7c6387f30,T176,1980,we've made great progress from the days when I was young and when this country didn't even know it had a racial problem,Premise
1980_c1766bf6b327aa3e2549febfcdf328e6,T177,1980,I am eternally optimistic,Premise
1980_b9d6f44478daf2a3e14c1a466bb5c6b3,T178,1980,This has been a very successful effort,Claim
1980_ed8a95f9382832de7ba0937c6e76548b,T179,1980,I believe the Presidency is what Teddy Roosevelt said it was,Claim
1980_91fb1d0ea8cb6c9ee8d1180a69949afe,T180,1980,It's a bully pulpit,Claim
1980_177d86bf12331fabaa7cd6a60bd135d6,T181,1980,"a goal for all of us should be that one day, things will be done neither because of nor in spite of any of the differences between us - ethnic differences or racial differences, whatever they may be - that we will have total equal opportunity for all people",Claim
1980_c008c3d83e9e44584a2c6f58dfd914bb,T182,1980,I would do everything I could in my power to bring that about,Claim
1980_4f9e9afa172696a7992640037568b29b,T183,1980,"We now are planning to continue the revitalization program with increased commitments of rapid transit, mass transit",Claim
1980_eb072cee7189e601a5b800fca6477d4c,T184,1980,We also are pursuing housing programs,Claim
1980_59f9444043efe54ec0c1e8dc01b4b5b8,T185,1980,we've had such an increase in the number of people employed,Claim
1980_f4a125f68c5a79578d0fa2e16fd186ea,T186,1980,It's very important to us that this be done with the full involvement of minority citizens,Claim
1980_93be03ac09767fc91ff782ab0e665790,T187,1980,"I have brought into the top level, top levels of government, into the White House, into administrative offices of the Executive branch, into the judicial system, highly qualified black and Spanish citizens and women who in the past had been excluded",Premise
1980_a522ad6bc614e587a3f9adf6cb2e2b65,T188,1980,"Of the nine million people put to work in new jobs since I've been in office, 1.3 million of those has been among black Americans, and another million among those who speak Spanish",Premise
1980_4c06b7478c565d8eff6f3f541fda166a,T189,1980,"Under the windfall profits tax, we expect to spend about $43 billion in the next 10 years to rebuild the transportation systems of our country",Premise
1980_0b4744ebfb58253df92be1c8fa266862,T190,1980,We've had a 73% increase in the allotment of Federal funds for improved education,Premise
1980_a2785aa85cb748fbc73889825171f049,T191,1980,"These are the kinds of efforts worked on a joint basis with community leaders, particularly in the minority areas of the central cities that have been deteriorating so rapidly in the past",Premise
1980_525ca52f28ca54b684dd88de3dd8668a,T194,1980,"Ours is a nation of refugees, a nation of immigrants",Claim
1980_7f8bd9e4d3dc7f88b70a0dcf4039a659,T195,1980,"Almost all of our citizens came here from other lands and now have hopes, which are being realized, for a better life, preserving their ethnic commitments, their family structures, their religious beliefs, preserving their relationships with their relatives in foreign countries",Premise
1980_0408e5141d6f5aed3a44ba33d8b5a537,T196,1980,"still holding themselves together in a very coherent society, which gives our nation its strength",Premise
1980_4b827f90893abc5303503a7cc42c1486,T197,1980,"In the past, those minority groups have often been excluded from participation in the affairs of government",Claim
1980_5de83ec389551bfb1ca07b6003801ffe,T198,1980,"Since I've been President, I've appointed, for instance, more than twice as many black Federal judges as all previous presidents in the history of this country",Premise
1980_60e42e2c3bce2cfb6dc58bd5d5d64379,T199,1980,"I've done the same thing in the appointment of women, and also Spanish-speaking Americans",Premise
1980_68163c635fec999042d8b7753b6499d6,T200,1980,To involve them in the administration of government and the feeling that they belong to the societal structure that makes decisions in the judiciary and in the executive branch is a very important commitment which I am trying to realize and will continue to do so in the future,Claim
1980_71b50e206c793d27967b762cff6d3223,T201,1980,"as governor, when I was at that end of the line and receiving some of these grants for Government programs, I saw that so many of them were dead-end",Claim
1980_6be5e4778d5196db08d1cfdded4e0110,T202,1980,They were public employment that these people who really want to get out into the private job market where there are jobs with a future,Premise
1980_4eb5a005660c21a029a3f8b526d28567,T203,1980,I have been in favor of a separate minimum for them,Claim
1980_a9f47128a62aa91b69ffacabd578ea7d,T204,1980,"I wish he could have been with me when I sat with a group of teenagers who were black, and who were telling me about their unemployment problems, and that it was the minimum wage that had done away with the jobs that they once could get",Premise
1980_f20b1e0e8eca223f48055d7d6581aceb,T205,1980,"indeed, every time it has increased you will find there is an increase in minority unemployment among young people",Premise
1980_ac196bf762b2e38c4455ac340d4fa94c,T206,1980,"With regard to the great progress that has been made with this Government spending, the rate of black unemployment in Detroit, Michigan, is 56%",Premise
1980_6ff9ecbf450e737985f1a3f96bfacf28,T207,1980,"there is no doubt in my mind that the commitment to unemployment compensation, the minimum wage, welfare, national health insurance, those kinds of commitments that have typified the Democratic party since ancient history in this country's political life are a very important element of the future",Claim
1980_ed10a9f9bccd076885991cb82b237a06,T208,1980,It's obvious that we still have a long way to go in fully incorporating the minority groups into the mainstream of American life,Premise
1980_cebafe7b3255157e03a7d88d0279cfca,T209,1980,"In all those elements, Governor Reagan has repeatedly spoken out against them",Premise
1980_ec3c9704ae81314db83314a4e560ad61,T210,1980,"which, to me, shows a very great insensitivity to giving deprived families a better chance in life",Claim
1980_828082d2f99d27386e5dc4128cbcb20e,T211,1980,"This, to me, is a very important difference between him and me in this election",Claim
1980_5a45ef3b47899becb927a6da155385af,T212,1980,this will give us an additional opportunity for jobs which will pay rich dividends,Claim
1980_bc639a3431f38e5d5a3d94aa46d06791,T213,1980,"in the downtown central cities, with the, with the new commitment on an energy policy",Premise
1980_b8916e7a214db9bd642e7900ccc07224,T214,1980,with a chance to revitalize homes and to make them more fuel efficient,Premise
1980_40b7c9eceab43dc97dbf8f7f4bd92e28,T215,1980,"with a chance for our synthetic fuels program, solar power",Premise
1980_8bd61b73d34d77847891e66d0666e175,T1,1980,"when you were elected in 1976, the Consumer Price Index stood at 4.8%",Premise
1980_09c220ffd6a39c48eb64cd438005d008,T2,1980,It now stands at more than 12%,Premise
1980_810ed4ca4b46e93847ff450361dbaddc,T3,1980,"the nation's broader, underlying inflation rate has gone up from 7% to 9%",Premise
1980_191ed0b9d50dfc6d9f4e9dceede0b7ba,T4,1980,"a part of that was due to external factors beyond U.S. control, notably the more than doubling. of oil prices by OPEC last year",Claim
1980_6a4473cf1ce68d91a7de5516cb07ad58,T5,1980,the United States remains vulnerable to such external shocks,Claim
1980_4b6408f43c1e594a69d11ad02dd6a9de,T6,1980,"In 1974, we had a so-called oil shock, wherein the price of OPEC oil was raised to an extraordinary degree",Premise
1980_a7f09fc1504556372503a75c855aa206,T7,1980,We had an even worse oil shock in 1979,Premise
1980_98c287325bb0d11c106ec10a67c3cf64,T8,1980,"In 1974, we had the worst recession, the deepest and most penetrating recession since the Second World War",Premise
1980_01a9d8539fda3baa2c38d43eb6240380,T9,1980,The recession that resulted this time was the briefest since the Second World War,Claim
1980_e89218da20d62dbc1699b5d0376806cf,T10,1980,we've brought down inflation,Claim
1980_e72e59cb9cbc3dc729e732aece989443,T11,1980,"Earlier this year, in the first quarter, we did have a very severe inflation pressure brought about by the OPEC price increase",Premise
1980_752a2050c3947b314894f236f6bbe3eb,T12,1980,It averaged about 18% in the first quarter of this year,Premise
1980_2ccdc91d1ac3eb6c908ae01ac271f56f,T13,1980,"In the second quarter, we had dropped it down to about 13%",Premise
1980_1681d1f8604afb12d7a96a2a843067d4,T14,1980,"The most recent figures, the last three months, on the third quarter of this year, the inflation rate is 7% - still too high",Premise
1980_a40b78176136ff6df5aa062c336106f0,T15,1980,providing an enormous number of jobs,Claim
1980_e006b759dada6ea6fd0314f56c4e58b0,T16,1980,nine million new jobs in the last three and a half years,Premise
1980_2b5c8832c6b296971935987b21b227c1,T17,1980,the inflationary threat is still urgent on us,Claim
1980_ae28636ab4f7f6c8e96bdae93b7653c9,T18,1980,"I notice that Governor Reagan recently mentioned the Reagan-Kemp-Roth proposal. which his own running mate, George Bush, described as voodoo economics, and said that it would result in a 30% inflation rate",Premise
1980_90cce831d523c938b71dc032e7cfc8ff,T19,1980,"Business Week, which is not a Democratic publication, said that this Reagan-Kemp-Roth proposal - and I quote them, I think - was completely irresponsible and would result in inflationary pressures which would destroy this nation",Premise
1980_cc5a14e354c76fb78dde1d706f6a9b1f,T20,1980,our proposals are very sound,Claim
1980_f48a8e37738c1bee93e5a35909b4c8d3,T21,1980,very carefully considered to stimulate jobs,Claim
1980_2f84352a5c04f39be1b4d98a1158308f,T22,1980,to improve the industrial complex of this country,Claim
1980_45b6120f504667e8c2c011dc3f973723,T23,1980,to create tools for American workers,Claim
1980_d201cd7faeffc22871af9007a6a91eeb,T24,1980,at the same time would be anti-inflationary in nature,Claim
1980_528b48b857388713e200eed2cc38494d,T25,1980,"to add nine million new jobs, to control inflation, and to plan for the future with an energy policy now intact as a foundation is our plan for the years ahead",Claim
1980_701600069264a0fc5f94eb1040601a05,T26,1980,Yes,Claim
1980_2be38661fd87ae3c80ec125a288199a3,T27,1980,since the United States remains vulnerable to such external shocks,Claim
1980_4672f54b9fa5b438217217e4c4553009,T28,1980,In California he had the three largest tax increases in the history of that state under his administration,Premise
1980_fe14f5da5a77f1fe7c115edd65f6a3a2,T29,1980,it's important to put the situation in perspective,Claim
1980_1e8d37e13c08e1bf217f3066dba56298,T30,1980,"the unemployment rate still hangs high, as does the inflation rate",Claim
1980_f61eceb92eb7841c450b546fc7a3d05c,T31,1980,you have mentioned the creation of nine million new jobs,Claim
1980_e8e4bb320a70ccbf991c99b4ca3d9f2b,T32,1980,"One is conservation, which requires sacrifice",Claim
1980_cb2ecf165cb5b827c812b7cf6be5e017,T33,1980,We have demanded that the American people sacrifice,Claim
1980_7dd89ddcff88c6fdaa39d8bba7721bcb,T34,1980,he has then accused the people of living too well,Premise
1980_b128865ab652093c8e675d44e3b0f898,T35,1980,"that we must share in scarcity, we must sacrifice and get used to doing with less",Premise
1980_d38565dc19d142362ea76f9a6071ce83,T100,1980,they have done very well,Claim
1980_7f95664ffe211ad475fb571e641caa48,T101,1980,we're importing today about one-third less oil from overseas than we did just a year ago,Premise
1980_6a39c70e719b090a2155827d82696612,T102,1980,We've had a 25% reduction since the first year I was in office,Premise
1980_a2910c9a7446b873d51226fb5225ec36,T103,1980,we have added about nine million net new jobs in that period of time - a record never before achieved,Premise
1980_b994053f409dc3c9a8c98447526cfe69,T104,1980,"increase in production of American energy, which is going along very well",Claim
1980_d22c52c1e1d3e8e917620cb5a1453f3e,T105,1980,more coal this year than ever before in American history,Premise
1980_47c891004595c0f8a49e779fc8e2bed4,T106,1980,more oil and gas wells drilled this year than ever before in history,Premise
1980_3b8f6551360667051c2d22dbba515c75,T107,1980,"The new economic revitalization program that we have in mind, which will be implemented next year, would result in tax credits",Claim
1980_a85bc1efb8e9efed0f1bff53191c6bd6,T108,1980,which would let business invest in new tools and new factories to create even more new jobs - about one million in the next two years,Claim
1980_ffd92671f74ac628ce4ded2531d5c851,T109,1980,"we also have planned a youth employment program which would encompass 600,000 jobs for young people",Claim
1980_cfb926950aaed34479cdd99c6bbde3a0,T110,1980,"during the past four years, the Consumer Price Index has risen from 4.8% to currently over 12%",Premise
1980_1ce76e51b27627e49ce14738f65a044e,T111,1980,"perhaps more significantly, the nation's broader, underlying rate of inflation has gone up from 7% to 9%",Premise
1980_0c8b823a1440390df43b6f24b0d0db13,T112,1980,"a part of that has been due to external factors beyond U.S. control, notably the more than doubling of OPEC oil prices last year",Claim
1980_b6600449c331d511f634e1431e769cc6,T114,1980,he has blamed the people for inflation,Premise
1980_e8e4d5d8839802ea68dbad8641929c4f,T115,1980,"OPEC, he has blamed the Federal Reserve system",Premise
1980_e141c77420bdbc9b1979adcc51344063,T116,1980,he has blamed the lack of productivity of the American people,Premise
1980_a440d23fb48b62d6923fbf80beb2ae3c,T118,1980,We don't have inflation because the people are living too well,Claim
1980_f4faeeafdc1349ab41525012fc74c82f,T119,1980,We have inflation because the Government is living too well,Claim
1980_5a5ee29ce48a11f6afec569e6b9872b8,T120,1980,we will have a very poor nation and a very unsound economy,Claim
1980_cea6fa20d7fef6b5b6ec50c3d2f36182,T121,1980,if we follow that path,Premise
1980_2aebbb5dcb5040a5c4e6be294b3c41c5,T122,1980,"I think this idea that has been spawned here in our country that inflation somehow came upon us like a plague and therefore it's uncontrollable and no one can do anything about it, is entirely spurious and it's dangerous to say this to the people",Claim
1980_3270fa0b206af291e8ae482ba0354484,T123,1980,"When Mr. Carter became President, inflation was 4.8%, as you said",Premise
1980_4f32a8e257aa54de2ba8375e807ec09c,T124,1980,It had been cut in two by President Gerald Ford,Premise
1980_b90eaad69f54e7d92cd1f6f3a4a21e56,T125,1980,It is now running at 12.7%,Premise
1980_e8c4ad03f473bb52f8a9ee0cbf9cdc5a,T126,1980,President Carter also has spoken of the new jobs created,Premise
1980_c7efde7fd2851915e76030f8f2787aeb,T127,1980,"we always, with the normal growth in our country and increase in population, increase the number of jobs",Premise
1980_d8431101a12ce397fd93bf5d84b518d2,T128,1980,"that can't hide the fact that there are eight million men and women out of work in America today, and two million of those lost their jobs in just the last few months",Premise
1980_47eeeb244241c8bc090bce77d3192660,T129,1980,Mr. Carter had also promised that he would not use unemployment as a tool to fight against inflation,Claim
1980_5686af75a1cb5c1bb0eff858262f4f2e,T130,1980,"his 1980 economic message stated that we would reduce productivity and gross national product and increase unemployment in order to get a handle on inflation, because in January, at the beginning of the year, it was more than 18%",Premise
1980_216d706e4f9b827beb014ce2da7323bd,T131,1980,my economic plan calls for that,Claim
1980_11e1c120e66088706e4dce186fe885bc,T132,1980,you can lick inflation,Claim
1980_d3bae0a1fbebda1fd1e52f4845439a7c,T133,1980,by increasing productivity,Premise
1980_4008803a77ea50932bec861f1504c538,T134,1980,"by decreasing the cost of government to the place that we have balanced budgets, and are no longer grinding out printing press money, flooding the market with it because the Government is spending more than it takes in",Premise
1980_0ca98f2154f658313fbb32e09050deb1,T135,1980,The President's economic plan calls for increasing the taxes to the point that we finally take so much money away from the people that we can balance the budget in that way,Premise
1980_e9c712c46c57ad48e5f73e19341385a6,T136,1980,I believe that there is enough extravagance and fat in government,Claim
1980_624eb4abfadef9e62429088beab13389,T137,1980,one of the secretaries of HEW under Mr. Carter testified that he thought there was $7 billion worth of fraud and waste in welfare and in the medical programs associated with it,Premise
1980_c37a6decf3482929d6e3a7b6cbb6e292,T138,1980,"Office estimate that there is probably tens of billions of dollars that is lost in fraud alone, and they have added that waste adds even more to that",Premise
1980_522337137fc418d14cb20973c55987d0,T139,1980,We have a program for a gradual reduction of Government spending based on these theories,Premise
1980_944f918116351529900e26c8af277836,T140,1980,I have a task force now that has been working on where those cuts could be made,Premise
1980_2ecd92f8733794aba8be521b79fc81d8,T141,1980,I'm confident that it can be done and that it will reduce inflation,Claim
1980_74973881c77be87d36e08e2aa71f6c35,T142,1980,I did it in California,Premise
1980_c31a32e7fd0335951d14fd3e08452d90,T143,1980,inflation went down below the national average in California when we returned the money to the people and reduced Government spending,Premise
1980_49872ab93fa1f6e8d4c6de875c322c9e,T144,1980,"Governor Reagan's proposal, the Reagan-Kemp-Roth proposal, is one of the most highly inflationary ideas that ever has been presented to the American public",Claim
1980_4c771e54c5e540496299a94a5f5b5747,T145,1980,He would actually have to cut Government spending by at least $130 billion in order to balance the budget under this ridiculous proposal,Premise
1980_912765f2aecced807d3514e81a0915f1,T146,1980,I notice that his task force that is working for his future plans had some of their ideas revealed in The Wall Street Journal this week,Premise
1980_af0eeb802a191df2cfb98791c363329c,T147,1980,One of those ideas was to repeal the minimum wage,Premise
1980_c31e4529a7ea903822b76fda523b570a,T148,1980,"several times this year, Governor Reagan has said that the major cause of unemployment is the minimum wage",Premise
1980_5c5e1a7556a2e42af3314fccc5603712,T149,1980,This is a heartless kind of approach to the working families of our country,Claim
1980_f6d26c7d7f327f873bdd13def2c34eb1,T150,1980,He more than doubled state spending while he was Governor,Claim
1980_2ba0c5105ae9e72b5b1434b32a8b0901,T151,1980,122% increase - and had between a 20% and 30% increase in the number of employees,Premise
1980_6ab6a9a6256e7d68fa0a9f8a5199ffce,T152,1980,In California he had the three largest tax increases in the history of that state under his administration,Premise
1980_1c716ce8fbc5ac5b4b66f369bfd4b100,T153,1980,The figures that the President has just used about California is a distortion of the situation there,Claim
1980_2c6ffe998cf6dc5331886e86d4a52deb,T154,1980,"while I was Governor of California, our spending in California increased less per capita than the spending in Georgia while Mr. Carter was Governor of Georgia in the same four years",Premise
1980_0f8d5c07693cba11582e756e2eaf1a29,T155,1980,The size of government increased only one-sixth in California of what it increased in proportion to the population in Georgia,Premise
1980_78d5963020165c75f71d0196ba449e25,T1,1980,"Americans, through conservation, are importing much less oil today than we were even a year ago",Premise
1980_6ec7f898143bb44d571ad6584999d022,T2,1980,"I don't think there's any doubt that, in the future, the cost of oil is going to go up",Claim
1980_b9de59173d3e151c91480ff6f18aaabf,T3,1980,What I've had as a basic commitment since I've been President is to reduce our dependence on foreign oil,Premise
1980_e451a7f94260d6f4c92f6f14e98c4d9c,T4,1980,"It can only be done in two ways: one, to conserve energy - to stop the waste of energy",Claim
1980_0e8c915cec1ea0302453a0bdf5b981a4,T5,1980,"secondly, to produce more American energy",Claim
1980_35d80f57d84f6bd82f5bd8ec19e4503e,T36,1980,"the air pollution standard laws that were passed in California were passed over the objections of Governor Reagan, and this is a very well-known fact",Premise
1980_4873e98a7a17838ce02935d25518104d,T317,1980,a bridge must be built out of this dependence,Claim
1980_ccb3d38f7b8d029c4ec42d182efabc84,T318,1980,"Americans, through conservation, are importing much less oil today than we were even a year ago",Premise
1980_e2522b101582abe597b725ff11d945a9,T319,1980,"U.S. dependence on Arab oil as a percentage of total imports is today much higher than it was at the time of the 1973 Arab oil embargo, and for some time to came, the loss of substantial amounts of Arab oil could plunge the U.S. into depression",Premise
1980_c36d33324c3f114c5128bf45627c19f6,T320,1980,We've been very successful in both cases,Claim
1980_8075e476a6deb643a93ed8109c318f2e,T321,1980,We've now reduced the importing of foreign oil in the last year alone by one-third,Premise
1980_2ffb12687cf9cc7ba2fdde0ebdab9ce9,T322,1980,We imported today 2 million barrels of oil less than we did the same date just a year ago,Premise
1980_f6be9578ca965b929efc1dfb4fbc75d9,T323,1980,This commitment has been opening up a very bright vista for our nation in the future,Claim
1980_128476386b3c0385c180cb2f7272d7cb,T324,1980,"with the windfall profits tax as a base, we now have an opportunity to use American technology and American ability and American natural resources to expand rapidly the production of synthetic fuels, yes",Premise
1980_fb6c504ca1cff293c684dac7e12d2102,T325,1980,"to expand rapidly the production of solar energy, yes",Premise
1980_470b8ae43a56fd8eaca8258c7421a714,T326,1980,to produce the traditional kinds of American energy,Premise
1980_fe74a9ce01b92fd0bdbcf76b29b21336,T327,1980,We will drill more oil and gas wells this year than any year in history,Premise
1980_993e447580eb954439e5717cbd8caa53,T328,1980,We'll produce more coal this year than any year in history,Premise
1980_ecfd04634e5f0bcc8644931531bcf184,T329,1980,We are exporting more coal this year than any year in history,Premise
1980_3498874216e0afb6b3209220dc4ac18a,T330,1980,"we have an opportunity now with improved transportation systems and improved loading facilities in our ports, to see a very good opportunity on a world international market, to replace OPEC oil with American coal as a basic energy source",Premise
1980_1682c1f69f0528aead142130b6e49437,T331,1980,"This exciting future will not only give us more energy security, but will also open up vast opportunities for Americans to live a better life and to have millions of new jobs associated with this new and very dynamic industry now in prospect",Claim
1980_786d7c922af4d57f6239a8e43a60cfa0,T332,1980,because of the new energy policy that we've put into effect,Premise
1980_d55884cb9bc08065fdcdbbb4468a8f6b,T334,1980,U.S. reliance on Arab oil as a percentage of total imports is much higher today than it was during the 1973 Arab oil embargo,Premise
1980_97b80c1572b6470b4b0adbdf3f089e4f,T335,1980,the substantial loss of Arab oil could plunge the United States into depression,Claim
1980_44d42e2700ff227e1a0fa7aaf544b7fd,T336,1980,I do believe that this nation has been portrayed for too long a time to the people as being energy-poor when it is energy-rich,Claim
1980_a14a161718afb09390ad231b0ecb685e,T337,1980,"The coal that the President mentioned - yes, we have it - and yet one-eighth of our total coal resources is not being utilized at all right now",Premise
1980_5180bb9f0410160abce6ae4531764173,T338,1980,The mines are closed down,Premise
1980_bed68179060e94484dbcb73519aecc08,T339,1980,there are 22000 miners out of work,Premise
1980_0ebfd905ec39e284e0649125f85306fe,T340,1980,"we have only leased out - begun to explore - 2% of our outer continental shelf for oil, where it is believed, by everyone familiar with that fuel and that source of energy, that there are vast supplies yet to be found",Premise
1980_11d616a91777182b59d0cb0ac73afb6a,T341,1980,Most of this is due to regulations which either interfere with the mining of it or prevent the burning of it,Claim
1980_d6a5717b4290d1ce63792223ec28ea5f,T342,1980,"With our modern technology, yes, we can burn our coal within the limits of the Clean Air Act",Premise
1980_b40629c96601336ada92d9ec20d9c627,T343,1980,"I think, as technology improves, we'll be able to do even better with that",Premise
1980_22a141c530552a6fe223b6ab8056a495,T344,1980,We have the sources here,Claim
1980_1edcd56329bb2ad54e6ae3680f4fa80c,T345,1980,coal is one of the great potentials we have,Premise
1980_7a4eb33ad9d443b4852ff5e917935304,T346,1980,We are energy rich,Premise
1980_ae0726c7e646b977d212bc38ced10892,T347,1980,Nuclear power: There were 36 power plants planned in this country,Premise
1980_7d36824bfd8a2a87992ed1e9d6f4fb1e,T348,1980,32 of those have given up and canceled their plans to build,Claim
1980_54a2e7169c5a129c171ca2392728d5f8,T349,1980,"because Government regulations and permits, and so forth, take - make it take - more than twice as long to build a nuclear plant in the United States as it does to build one in Japan or in Western Europe",Premise
1980_9152327b4b5be1ce4f7e0fb8d1bf63f1,T350,1980,"Our Government has, in the last year or so, taken out of multiple use millions of acres of public lands that once were - well, they were public lands subject to multiple use - exploration for minerals and so forth",Premise
1980_d2f2838d86ede69257c402980987fd14,T351,1980,"It is believed that probably 70% of the potential oil in the United States is probably hidden in those lands, and no one is allowed to even go and explore to find out if it is there",Premise
1980_4c91bdf86ee222a0bfd302d7af477648,T352,1980,This is particularly true of the recent efforts to shut down part of Alaska,Premise
1980_3d31bb641b279e751477560074db8d4f,T353,1980,We cannot cast aside these regulations,Claim
1980_7a4040e895b16877b7904e610371a404,T354,1980,"Governor Reagan says that this is not a good achievement, and he blames restraints on coal production on regulations",Premise
1980_134bed2b0ebda0ae07070de802994dff,T355,1980,"we have this year the opportunity, which we'll realize, to produce 800 million tons of coal - an unequaled record in the history of our country",Premise
1980_26fe91dfcdbc9852817102403f7cbe6a,T356,1980,regulations that affect the life and the health and safety of miners,Premise
1980_4eefe83aa85b3c22ea5aeb6e201bbd11,T357,1980,regulations that protect the purity of our air and the quality our water and our land,Premise
1980_49d8f8dd8b9aee8caac6b3a0558eb57c,T358,1980,"We have a chance in the next 15 years, insisting upon the health and safety of workers in the mines, and also preserving the same high air and water pollution standards, to triple the amount of coal we produce",Claim
1980_29899399362c34f9030bc1b3cbbc6887,T359,1980,"Governor Reagan's approach to our energy policy, which has already proven its effectiveness, is to repeal, or to change substantially, the windfall profits tax",Claim
1980_eb735489db47460a2b2ff1046ef31d49,T360,1980,to return a major portion of $227 billion back to the oil companies,Premise
1980_8d1ea7a53367316b15046391992ca5af,T361,1980,to do away with the Department of Energy,Premise
1980_f5c1d92409db1728168aca55e3c410e2,T362,1980,to short-circuit our synthetic fuels program,Premise
1980_1fcda85ea6f88d323a51613f96fd4c8d,T363,1980,to put a minimal emphasis on solar power,Premise
1980_037b7397ec7e412c4dc0b421b22a9204,T364,1980,to emphasize strongly nuclear power plants as a major source of energy in the future,Premise
1980_95df5e5425ab5b8bdb1da8a0987225ab,T365,1980,He wants to put all our eggs in one basket and give that basket to the major oil companies,Claim
1980_57678ef96b88eeff73515abf7b8c9408,T366,1980,"That is a misstatement, of course, of my position",Claim
1980_3465afa23fdce61270f8c7ebbc06ec34,T367,1980,I just happen to believe that free enterprise can do a better job of producing the things that people need than government can,Claim
1980_96fed8c09aa3cb6521f6977e9a21d5d6,T368,1980,"As Governor of California, I took charge of passing the strictest air pollution laws in the United States - the strictest air quality law that has even been adopted in the United States",Premise
1980_14b819f125ecb2e387b6d16d00bed0e3,T369,1980,we created an OSHA - an Occupational Safety and Health Agency - for the protection of employees before the Federal Government had one in place,Premise
1980_c774cc011298eff9594230feca616342,T370,1980,I think some of those charges are missing the point,Claim
1980_944e5565f86908edc48b2116d6487a5a,T371,1980,"to this day, not one of its decisions or rulings has ever been challenged",Premise
1980_86b2dcb35a544d54da9f608e3ba34f27,T372,1980,"I am suggesting that there are literally thousands of unnecessary regulations that invade every facet of business, and indeed, very much of our personal lives, that are unnecessary",Claim
1980_e82fda4d195b5cd5fed2f8ca4b814c56,T373,1980,that Government can do without,Claim
1980_2a1330f0bad24d156b2e4ff2628e6933,T374,1980,that have added $130 billion to the cost of production in this country,Claim
1980_64593cfa59f62282dcbc9feefa696dee,T375,1980,that are contributing their part to inflation,Claim
1980_c3ef1e1e46480f582a2215f69192792b,T376,1980,The Department of Energy has a multi-billion-dollar budget in excess of $10 billion,Premise
1980_ad8df106e91116d51a4b7d4c0e0e6948,T377,1980,"It hasn't produced a quart of oil or a lump of coal, or anything else in the line of energy",Premise
1980_b0bbbcf54d3c3b5553504d51ecec25b5,T378,1980,"when someone suggested that the Occupational Safety and Health Act should be abolished, Governor Reagan responded, amen",Premise
1980_7d4f66dbd4c5e1dec9c0cbf49609878e,T379,1980,"we're not putting restraints on American exploration, we're encouraging it in every way we can",Claim
1980_dbbf5726848c76f833e36231a191df1b,T380,1980,"We have, with our five-year plan for the leasing of offshore lands, proposed more land to be drilled than has been opened up for drilling since this program first started in 1954",Premise
1980_f83efb4ef0a359b258f4bfffa9503d40,T381,1980,"If it is a well-known fact that I opposed air pollution laws in California, the only thing I can possibly think of is that the President must be suggesting the law that the Federal Government tried to impose on the State of California - not a law, but regulations",Claim
1980_1286350ab22f9869a6c486d2968b8116,T382,1980,It would have destroyed the economy of California,Claim
1980_d0bba3e5ff7256fae142013a195eeb6a,T383,1980,"that would have made it impossible to drive an automobile within the city limits of any California city, or to have a place to put it if you did drive it against their regulations",Premise
1980_2416f24e2be08a924b4616c7786015c6,T384,1980,we had the support of Congress when we pointed out how ridiculous this attempt was by the Environmental Protection Agency,Premise
1980_1745f50e4c127001b702181a9ba02096,T385,1980,"We still have the strictest air control, or air pollution laws in the country",Premise
1980_eb4da63014055a181b3fc6b6f47a062d,T386,1980,we're already five years behind in what we should be doing,Claim
1980_b25ac32faddad930b42e3888656d5c81,T387,1980,"As for offshore oiling, only 2% now is so leased and is producing oil",Premise
1980_7296819e0a4c476a586f450492dd2572,T388,1980,"There is more oil now, in the wells that have been drilled, than has been taken out in 121 years that they've been drilled",Premise
1980_d9df7a29eacc0ee46e4c51279f9ac611,T546,1980,"in the proposal for the Alaska lands legislation, 100% of all the offshore lands would be open for exploration",Premise
1980_99a73cd7cf360a23efd20208c5810fe5,T547,1980,"95% of all the Alaska lands, where it is suspected or believed that minerals might exist",Premise
1980_ca77bbcd9ba99b33c2bfd1e189e39cb9,T1,1980,The Social Security system was based on a false premise,Claim
1980_6be32a4fb0f0669fe2182bf61647371c,T2,1980,with regard to how fast the number of workers would increase and how fast the number of retirees would increase,Premise
1980_0aee5b87899de1ee54fcfcfe6991f7a2,T3,1980,These constant suggestions that the basic Social Security System should be changed does call for concern and consternation among the aged of our country,Claim
1980_00453d321b0e64df792c95e79bbe27c7,T4,1980,"Governor Reagan, as a matter of fact, began his political career campaigning around this nation against Medicare",Premise
1980_d1e3d4d99cd9c1ef763f95b5fa5b1b61,T5,1980,"In the past, the relationship between Social Security and Medicare has been very important to providing some modicum of aid for senior citizens in the retention of health benefits",Premise
1980_d064f7c94bcbaf1a6d0b293e5d2dd6b7,T6,1980,it doesn't come out of the payroll tax,Premise
1980_960e42699d5e560832335fb0786a42f5,T7,1980,It comes out of a general fund,Premise
1980_1a6c0b6f964c543fc402b18708e81bc7,T8,1980,something should be done about it,Claim
1980_025ad8b495a8bf8400be5fb07f17214e,T389,1980,It is actuarially out of balance,Claim
1980_2f0ba7b51f96df4f638d91ea759f25ab,T391,1980,I believe that the system can be put on a sound actuarial basis,Claim
1980_64b7108b9f20dbc4dec7b498806d193f,T392,1980,They must continue to get those checks,Claim
1980_4bccc3b0cf975474618c751f14cd4ec7,T393,1980,it's going to take some study and some work,Premise
1980_e9417cf5844670647f35711a117c8478,T394,1980,not just passing a tax increase to let the load - or the roof - fall in on the next administration,Premise
1980_4fcc7f7a128cc625ce8559ae0450a87d,T395,1980,What is needed is a study that I have proposed by a task force of experts,Claim
1980_fd1203f366ae1cf0a8d81f9c3ef3855d,T396,1980,"to look into this entire problem as to how it can be reformed and made actuarially sound, but with the premise that no one presently dependent on Social Security is going to have the rug pulled out from under them and not get their check",Premise
1980_1407d0688eafaaa3ea2644598eecd44a,T397,1980,"this first became evident about 16 years ago, and some of us were voicing warnings then",Premise
1980_304110576cd096feba9c997ef5319b88,T398,1980,"Now, it is trillions of dollars out of balance",Premise
1980_71121a0f4a722e51d2f073659c154778,T399,1980,the only answer that has come so far is the biggest single tax increase in our nation's history - the payroll tax increase for Social Security - which will only put a band-aid on this and postpone the day of reckoning by a few years at most,Premise
1980_89ad9b0c57bf0092d0be505d6a34b147,T400,1980,"We cannot frighten, as we have with the threats and the campaign rhetoric that has gone on in this campaign, our senior citizens - leave them thinking that in some way, they're endangered and they would have no place to turn",Premise
1980_e2bd6b1b2d635e2ad816173698d4144f,T401,1980,"As long as there is a Democratic President in the White House, we will have a strong and viable Social Security System, free of the threat of bankruptcy",Claim
1980_9858b84af930f35dcc77503cfe12da07,T402,1980,"These kinds of approaches are very dangerous to the security, the well being and the peace of mind of the retired people of this country and those approaching retirement age",Claim
1980_b2f19079753da7f73ff5d4cd5fdd77ab,T403,1980,"in The Wall Street Journal early this week, that a preliminary report of his task force advocates making Social Security more sound by reducing the adjustment in Social Security for the retired people to compensate for the impact of inflation",Premise
1980_ac2d05bf30a331933171b3744e7db7a7,T404,1980,"no matter what it takes in the future to keep Social Security sound, it must be kept that way",Claim
1980_57f5ad30c4d07578ada1ad2f4b475708,T405,1980,That is the way it will stay,Claim
1980_56bfa6943fada4ec72e9bb320a2e60e4,T406,1980,"Although Governor Reagan has changed his position lately, on four different occasions, he has advocated making Social Security a voluntary system",Premise
1980_9dffa1d6c226534e27db8fc04ca2d614,T407,1980,there was a serious threat to the Social Security System and its integrity during the 1976 campaign,Premise
1980_7ae0371ca47f38ea83e4540ebf2241a2,T408,1980,"when I became President, the action of the Democratic Congress working with me has been to put Social Security back on a sound financial basis",Premise
1980_5035f66045eacbd16cf126372b5e5684,T409,1980,that just isn't true,Claim
1980_66f32627a000b93bf8da96cc41f1879f,T410,1980,"It has, as I said, delayed the actuarial imbalance falling on us for just a few years with that increase in taxes",Premise
1980_abf67e058970ca3d3895e4f285d2f9ec,T411,1980,I don't believe we can go on increasing the tax,Claim
1980_717f56c5838c353437c51e24d284598c,T412,1980,the problem for the young people today is that they are paying in far more than they can ever expect to get out,Premise
1980_007435199a975460425253f91fe4c554,T413,1980,"I suggested that if this is an insurance program, certainly the person who is paying in should be able to name his own beneficiary",Claim
1980_334b1268b82cb8d17476e190ad3b8ca6,T414,1980,"the voluntary thing that I suggested many years ago was that with a young man orphaned and raised by an aunt who died, his aunt was ineligible for Social Security insurance because she was not his mother",Premise
1980_d01bf3e3a8f91dedc58c9eb7a6e36b89,T415,1980,That is the closest I have ever come to anything voluntary with Social Security,Claim
1980_820d714ca5a13288119cd50dffeab3fb,T416,1980,"I, too, am pledged to a Social Security program that will reassure these senior citizens of ours that they are going to continue to get their money",Claim
1980_18dc0266788cfc6479594e71abe42b32,T417,1980,There are some changes that I would like to make,Claim
1980_9f18557aa12b5afb9d07ba140c4ad61a,T418,1980,"I would like to make a change in the regulation that discriminates against a wife who works and finds that she then is faced with a choice between her father's or her husband's benefits, if he dies first, or what she has paid in; but it does not recognize that she has also been paying in herself, and she is entitled to more than she presently can get",Premise
1980_f29ed46b42a96bc07b1e06eefba0ee28,T419,1980,I'd like to change that,Claim
1980_8120853f2ee492daf23e91e0cc7dd0a3,T420,1980,We also need to continue to index Social Security payments,Claim
1980_e77077c1efcdea4f7da46420d2fb0d3d,T421,1980,"so that if inflation rises, the Social Security payments would rise a commensurate degree to let the buying power of a Social Security check continue intact",Premise
1980_5b34ea5ce503853fbf17da5e6030a2a1,T422,1980,It is obvious that we should have a commitment to them,Claim
1980_c9208720b9d3ee27be116c5a67bf4000,T423,1980,that Social Security benefits should not be taxed,Claim
1980_e84fc8e6549056a5a43d8ec9aed3dfa2,T424,1980,that there would be no peremptory change in the standards by which Social Security payments are made to retired people,Claim
1980_20fc17e747e3a77b64a145486fbd5ca3,T425,1980,we have an opportunity to move toward national health insurance,Claim
1980_e5bc74e745d76496eb2767d9aaf7b898,T426,1980,with an emphasis on the prevention of disease,Premise
1980_82f53d22d727b631f126d355bf41a0c9,T427,1980,"an emphasis on out-patient care, not in-patient care",Premise
1980_785ae67b222b2d34a343336dba5acdc5,T428,1980,an emphasis on hospital cost containment to hold down the cost of hospital care far those who are ill,Premise
1980_a125665cf1bcc787a3e3ff049c21fdcc,T429,1980,"an emphasis on catastrophic health insurance, so that if a family is threatened with being wiped out economically because of a very high medical bill, then the insurance would help pay for it",Premise
1980_190e998dfebeeb9f00ae131e53dc04de,T430,1980,"These are the kinds of elements of a national health insurance, important to the American people",Claim
1980_80edc45bc2bfb9f5661520973644881e,T431,1980,"When I opposed Medicare, there was another piece of legislation meeting the same problem before the Congress",Premise
1980_2e5298771056599f85bbdc00d2b254fb,T432,1980,I was not opposing the principle of providing care for them,Claim
1980_3e9fc7387a8388dd343da3501ff68591,T433,1980,I happened to favor the other piece of legislation and thought that it would be better for the senior citizens and provide better care than the one that was finally passed,Premise
1980_9bb8677a4e2fff2368094e35b301904e,T434,1980,I was opposing one piece of legislation versus another,Claim
1980_664a730644bc6f42943bb5f97f5b903f,T435,1980,I think it is disgraceful that the Disability Insurance Fund in Social Security finds checks going every month to tens of thousands of people who are locked up in our institutions for crime or for mental illness,Claim
1980_a9762c1113488a12c9730f0d915ed34b,T436,1980,they are receiving disability checks from Social Security every month while a state institution provides for all of their needs and their care,Premise
1980_a13f5d4c9e6e883fd4637df6bce74e3b,T437,1980,"I think this debate on Social Security, Medicare, national health insurance typifies, as vividly any other subject tonight, the basic historical differences between the Democratic Party and Republican Party",Claim
1980_7ddd7ba49e731af0cfb5033986d08d4b,T438,1980,"The allusions to basic changes in the minimum wage is another, and the deleterious comments that Governor Reagan has made about unemployment compensation",Premise
1980_5d97c8902af32612180d1184f57bbf6d,T439,1980,"when they get in office, they try to govern like Republicans",Claim
1980_13d43e6a4185497a18d7189d5ac33da2,T440,1980,I noticed recently that Governor Reagan frequently quotes Democratic presidents in his acceptance address,Premise
1980_657c31da68fdf3951348d7a7455fab72,T441,1980,"I have never heard a candidate for President, who is a Republican, quote a Republican president",Premise
1980_863d189681d090cd59aaebba22f97983,T442,1980,"it is good fo the American people to remember that there is a sharp basic historical difference between Governor Reagan and me on these crucial issues - also, between the two parties that we represent",Claim
1980_ac27350a5a64343680e6cb4764d2e1df,T443,1980,These commitments that the Democratic Party has historically made to the working families of this nation have been extremely important to the growth in their stature and in a better quality of life for them,Premise
1980_61f42a78a31f090ebf9829a054146666,T548,1980,"which would, in effect, very quickly bankrupt it",Claim
1980_e2297e08c63dc2a096862d639815002f,T1,1980,I would like to point out also that senators like Henry Jackson and Hollings of South Carolina - they are taking the lead in the fight against this particular treaty,Premise
1980_1f6bd39ccbb5051b08d07f487e1b92b0,T2,1980,The control of these weapons is the single major responsibility of a President,Claim
1980_b74e5721c83de4dd58525a2625ee7c0e,T3,1980,"to cast out this commitment of all Presidents, because of some slight technicalities that can be corrected, is a very dangerous approach",Claim
1980_36b6732f57b54c97ea9c25b6b43c54a6,T260,1980,I think I'm right,Claim
1980_f322c1b83c6345cab75c25a77911359a,T261,1980,"we must have a consistent foreign policy, a strong America, and a strong economy",Premise
1980_a777d055c6dcf3c9b64caac9b5c61d52,T262,1980,"as we build up our national security, to restore our margin of safety, we at the same time try to restrain the Soviet build-up",Claim
1980_70897f52d04740d193dcf15ea09e8b4e,T263,1980,"which has been going forward at a rapid pace, and for quite some time",Premise
1980_e3b03437cdefdff52d8d9fd064db8244,T264,1980,The Soviet Union sat at the table knowing that we had gone forward with unilateral concessions without any reciprocation from them whatsoever,Claim
1980_e82f6c290b00fda199806e13acf90d5d,T265,1980,The SALT II treaty was the result of negotiations that Mr. Carter's team entered into after he had asked the Soviet Union for a discussion of actual reduction of nuclear strategic weapons,Premise
1980_aabc453ca2d6a5bbc7f81246d78c74ce,T266,1980,"his emissary, I think, came home in 12 hours having heard a very definite nyet",Premise
1980_3449a28cfd065218fac665e2acf52432,T267,1980,"taking that one no from the Soviet Union, we then went back into negotiations on their terms",Premise
1980_60e2e5c4cf9515f7747fbcaece37352d,T268,1980,Mr. Carter had canceled the B-I bomber,Premise
1980_376200b6aeb760c719b5990d76637efc,T269,1980,delayed the MX,Premise
1980_12fb54e168fb8fb81c875b895965bd6e,T270,1980,delayed the Trident submarine,Premise
1980_9f1eedf56a436df932a1757896ce9ae4,T271,1980,delayed the cruise missile,Premise
1980_9b1e87ef87c815e9e5c44bc664774b27,T272,1980,shut down the Missile Man - the three - the Minuteman missile production line,Premise
1980_250a5c1ead01753ef264d60d21a2eaa6,T273,1980,I have not blocked the SALT II treaty,Claim
1980_2666260ad2acfdc1fe4a211ea565434d,T274,1980,It has been blocked by a Senate in which there is a Democratic majority,Premise
1980_cdcbbdd9921a1a3337fa763ad185e9a2,T275,1980,"the Senate Armed Services Committee voted 10 to 0, with seven abstentions, against the SALT II treaty, and declared that it was not in the national security interests of the United States",Premise
1980_f238cde63645f4576f9f3f7f441ecbb0,T276,1980,it is illegal,Claim
1980_f97dd789f5198712f996566e45beaf7e,T277,1980,"the law of the land, passed by Congress, says that we cannot accept a treaty in which we are not equal",Premise
1980_e5a0988323f22a0baeb2844cb8d675b0,T278,1980,we are not equal in this treaty for one reason alone,Claim
1980_57fd0962a663befab25ff671e5e277fb,T279,1980,our B-2 bombers are considered to be strategic weapons; their Backfire bombers are not,Premise
1980_9c33a2a9e97a4a36c938b4d6e6959400,T280,1980,"To negotiate with the Soviet Union a balanced, controlled, observable, and then reducing levels of atomic weaponry, there is a disturbing pattern in the attitude of Governor Reagan",Claim
1980_b37a9e2f1aad133bbb33b54ce3339a44,T281,1980,"He has never supported any of those arms control agreements - the limited test ban, SALT I, nor the Antiballistic Missile Treaty, nor the Vladivostok Treaty negotiated with the Soviet Union by President Ford",Premise
1980_d0807ca1c9cbbd3521aac7b9866a6e6c,T282,1980,"now he wants to throw into the wastebasket a treaty to control nuclear weapons on a balanced and equal basis between ourselves and the Soviet Union, negotiated over a seven-year period, by myself and my two Republican predecessors",Premise
1980_d4fa4c7637267c14367569593fb8a620,T283,1980,"It's understandable that a Senator in the preliminary debates can make an irresponsible statement, or, maybe, an ill-advised statement",Claim
1980_a0d3ce2271d85d386ef6cc01ba102504,T284,1980,"You've got 99 other senators to correct that mistake, if it is a mistake",Premise
1980_2949c2c1135125c75c450b1328e66374,T285,1980,"when a man who hopes to be President says, take this treaty, discard it, do not vote, do not debate, do not explore the issues, do not finally capitalize on this long negotiation - that is a very dangerous and disturbing thing",Claim
1980_e36187380fa26635e454296f3a8bf098,T286,1980,The Senate has not voted yet on the Strategic Arms Limitation Treaty,Premise
1980_392f07346302348f327f9774b9f5631b,T287,1980,"There have been preliminary skirmishing in the committees of the Senate, but the Treaty has never come to the floor of the Senate for either a debate or a vote",Premise
1980_34ee51ea04f9a3f7f586038672b2e0c8,T288,1980,I have been critical of some of the previous agreements,Claim
1980_9b96d04f87cc2025e4e63b352ae64229,T289,1980,we've been out-negotiated for quite a long time,Premise
1980_d361454ff044b1babc89ef1de127727f,T290,1980,"they have managed, in spite of all of our attempts at arms limitation, to go forward with the biggest military build-up in the history of man",Premise
1980_af202d8a4787ccc1453db9b5e357148b,T291,1980,I am not talking of scrapping,Claim
1980_2a11e74271adc2ba19d1bf3a108691c9,T292,1980,"I am talking of taking the treaty back, and going back into negotiations",Claim
1980_cfde4fddab7b7a4ec2288dbefe2f9a45,T293,1980,"I would say to the Soviet Union, we will sit and negotiate with you as long as it takes, to have not only legitimate arms limitation, but to have a reduction of these nuclear weapons to the point that neither one of us represents a threat to the other",Premise
1980_52b3a59a9358081fdba0252aff915d01,T294,1980,That is hardly throwing away a treaty and being opposed to arms limitation,Claim
1980_3ace8974e6b51e96bf76fb07b2a083ea,T295,1980,Governor Reagan is making some very misleading and disturbing statements,Claim
1980_01e2f070999ca9d03945544a87f97b98,T296,1980,He not only advocates the scrapping of this treaty - and I don't know that these men that he quotes are against the treaty in its final form,Premise
1980_99a2d25b047bc4a8309f4fb752a32f51,T297,1980,"he also advocates the possibility, he said it's been a missing element, of playing a trump card against the Soviet Union of a nuclear arms race",Premise
1980_f419f7a10eedfee9535145dd112b627b,T298,1980,"is insisting upon nuclear superiority by our own nation, as a predication for negotiation in the future with the Soviet Union",Premise
1980_71025ec0c9848183aaf01644682be864,T299,1980,"This attitude is extremely dangerous and belligerent in its tone, although it's said with a quiet voice",Claim
1980_4865a9d7a250ecac5c4e3f3ad81562a7,T300,1980,the adversarial relationship between ourselves and the Soviet Union would undoubtedly deteriorate very rapidly,Premise
1980_abe3bc35b29d6fef6e2df8bd7dfa8e03,T301,1980,"it would also be very disturbing to our allies, all of whom support this nuclear arms treaty",Premise
1980_f8bc52fcc8a81c15ee9d4c5e3795f377,T302,1980,This would mean the resumption of a very dangerous nuclear arms race,Claim
1980_9189e30a038ec0c5f1d53f59ebe1f7fa,T303,1980,It would be very disturbing to American people,Claim
1980_b4c1b2bc1ba487bb61d3bfeda5cb5bc8,T304,1980,"It would change the basic tone and commitment that our nation has experienced ever since the Second World War, with al Presidents, Democratic and Republican",Premise
1980_06610f7da99737aa13d9ef61beda9f9d,T305,1980,"If President Brezhnev said, we will scrap this treaty, negotiated under three American Presidents over a seven-year period of time, we insist upon nuclear superiority as a basis for future negotiations, and we believe that the launching of a nuclear arms race is a good basis for future negotiations, it's obvious that I, as President, and all Americans, would reject such a proposition",Claim
1980_3dd69e7f9a9829ce0d38b6646e09b65c,T306,1980,with regard to negotiating: it does not call for nuclear superiority on the part of the United States,Claim
1980_3dce1fc608a587a50eeec5ae408a4784,T307,1980,"It calls for a mutual reduction of these weapons, as I say, that neither of us can represent a threat to the other",Premise
1980_5b99bd7d823ddcb935e1f31df6c0f566,T308,1980,"to suggest that the SALT II treaty that your negotiators negotiated was just a continuation, and based on all of the preceding efforts by two previous Presidents, is just not true",Claim
1980_36a61c41f1fd04e01b70b36417c728c5,T309,1980,It was a new negotiation,Claim
1980_4059e836ce67ca7d3654a07246bdf4dc,T310,1980,President Ford was within about 10% of having a solution that could be acceptable,Premise
1980_f8e6f8d61da6711471c3fadeb4b22936,T311,1980,I think our allies would be very happy to go along with a fair and verifiable SALT agreement,Claim
1980_d5d7dd63a00613b646385f0fecfde4e6,T312,1980,This is a formidable force,Claim
1980_3cf1686cbd860e3dc695197ad4fe80ce,T313,1980,Some of these weapons have 10 megatons of explosion,Premise
1980_f08e6f657b632e3d38129ddb7611ad0f,T314,1980,"If you put 50 tons of TNT in each one of railroad cars, you would have a carload of TNT - a trainload of TNT stretching across this nation",Premise
1980_f93586d08f2f222edc04b2b0225b3a00,T315,1980,That's one major war explosion in a warhead,Premise
1980_cf818f5f2f44ce02cea1a32356fd19a5,T316,1980,"We have thousands, equivalent of megaton, or million tons, of TNT warheads",Premise
1980_b87b07f9de2c589d1c37eee6c00816d0,T1,1980,These are a few of the things to which our nation is committed,Claim
1980_47723bb83d95f69c5dadc3ce7d1c2b74,T216,1980,we committed ourselves to take strong action against terrorism,Claim
1980_a2483e20c5432d5dac79b67473fece6a,T217,1980,one of the blights on this world is the threat and the activities of terrorists,Claim
1980_9c096677e1f436b6693fec1987a18b6f,T218,1980,Airplane hijacking was one of the elements of that commitment,Premise
1980_80db2c5492b0aacf806dfd31f78d53ec,T219,1980,"In countries like Libya or Iraq, we have even alienated some of our closest trade partners",Claim
1980_52a6f61069f50c8b89606c9a1c14ee04,T220,1980,we have insisted upon the control of the spread of nuclear weapons to those potentially terrorist countries,Premise
1980_9f396c6e75cd6fbcf42be800eb8ea79d,T221,1980,"we have seen in recent years - in recent months - additional acts of violence against Jews in France and, of course, against those who live in Israel, by the PLO and other terrorist organizations",Premise
1980_fb0be7611c22ca277df7f64cde8f87da,T222,1980,"the most serious terrorist threat is if one of those radical nations, who believe in terrorism as a policy, should have atomic weapons",Claim
1980_80fc0997aac755a4e625b329d93edf2c,T223,1980,I and all my predecessors have had a deep commitment to controlling the proliferation of nuclear weapons,Premise
1980_224b3f9c078a1bc1de819a71470c74d9,T224,1980,This ultimate terrorist threat is the most fearsome of all,Premise
1980_f492955f8849a8a65cb71bde09f8eb37,T225,1980,it's part of a pattern where our country must stand firm to control terrorism of all kinds,Claim
1980_681584bb5bd8473ac7d10d018906546d,T226,1980,"When Governor Reagan has been asked about that, he makes the very disturbing comment",Claim
1980_27567737ea22c4a5ff49e36fc68f65d2,T227,1980,"non-proliferation, or the control of the spread of nuclear weapons, is none of our business",Premise
1980_e48f680d514b28ea474fc6adde2a305d,T228,1980,"recently when he was asked specifically about Iraq, he said there is nothing we can do about it",Premise
1980_f726cd84f53b800bc7d3a24e569398fa,T229,1980,We will maintain our position of neutrality in the Iran and Iraq war,Claim
1980_338d8967045205b265a52e095511f6d4,T230,1980,"We have no plans to sell additional materiel or goods to Iran, that might be of a warlike nature",Premise
1980_5b2e0bb91a53c2dcb8c51851ec0fa0d9,T231,1980,"That's been a consistent policy, one I intend to carry out",Claim
1980_b6a2455b3246e9cac64cf8f98b9b9afa,T232,1980,"When I made my decision to stop all trade with Iran as a result of the taking of our hostages, I announced then, and have consistently maintained since then, that if the hostages are released safely, we would make delivery on those items which Iran owns - which they have bought and paid for - also, that the frozen Iranian assets would be released",Premise
1980_42e240173722af47562a35b2f087bcb9,T233,1980,"I think that anyone that's seeking this position, as well as other people, probably, have thought to themselves, what about this, what about that?",Claim
1980_f2595a0b28f52809d1babda62aa35ff2,T234,1980,"These are just ideas of what I would think of if I were in that position and had access to the information, and which I would know all the options that were open to me",Premise
1980_f9d849a96d37cbcfb46c5595a485c5ec,T235,1980,I have been accused lately of having a secret plan with regard to the hostages,Claim
1980_8e42647e87a03f220a9c8cb053c77337,T236,1980,"this comes from an answer that I've made at least 50 times during this campaign to the press, when I am asked have you any ideas of what you would do if you were there?",Premise
1980_18cb51206f89b31910a4dc026a352db3,T237,1980,I have never answered the question,Premise
1980_5d0d012487a57f0cb28d2d0bb0d0fe27,T238,1980,Your question is difficult to answer,Claim
1980_de27e80fb6db089e60c0155ecc9bdac7,T239,1980,"in the situation right now, no one wants to say anything that would inadvertently delay, in any way, the return of those hostages if there if there is a chance that they're coming home soon, or that might cause them harm",Premise
1980_d2745bf78cb90ead10e486d5f848f3a1,T240,1980,"What I do think should be done, once they are safely here with their families, and that tragedy is over - then, I think, it is time for us to have a complete investigation as to the diplomatic efforts that were made in the beginning, why they have been there so long, and when they came home, what did we have to do in order to bring that about",Claim
1980_483fad19ff356724bca387e62e037de7,T241,1980,I would suggest that Congress should hold such an investigation,Claim
1980_63f65028b83aceb01c84dfaebe2b45f1,T242,1980,"I would be fearful that I might say something that was presently under way or in negotiations, and thus expose it and endanger the hostages",Premise
1980_ef7d1653edef3acff0d85461f926c5c5,T243,1980,"I think some of my ideas might require quiet diplomacy where you don't say in advance, or say to anyone, what it is you're thinking of doing",Claim
1980_1053de20086df9a1183d940c9de3b47f,T244,1980,we've been guilty of that,Claim
1980_fe7df29947243078d31dd786b4c2e210,T245,1980,"someone didn't meet exactly our standards of human rights, even though they were an ally of ours, instead of trying patiently to persuade them to change their ways, we have, in a number of instances, aided a revolutionary overthrow which results in complete totalitarianism, instead, for those people",Premise
1980_620d94b2f6abed5fe2efc76c599ea9c4,T246,1980,I think that this is a kind of a hypocritical policy,Claim
1980_f823a628e1b9ac170a7b9dfa85d5514a,T247,1980,"at the same time, we're maintaining a detente with the one nation in the world where there are no human rights at all - the Soviet Union",Premise
1980_072a0d62483093f56907cce2f4d36d82,T248,1980,there was a second phase in the Iranian affair in which we had something to do with that,Claim
1980_d87889323f54cd81398ca19b382566f4,T249,1980,we had adequate warning that there was a threat to our embassy,Premise
1980_7325022c5e28e029504b1b21ac2cfe22,T250,1980,"we could have done what other embassies did - either strengthen our security there, or remove our personnel before the kidnap and the takeover took place",Premise
1980_7917fb9cf0d5447b9417d8027d2c552f,T251,1980,we will continue with these commitments,Claim
1980_be3c710b76903684a9bcc7f117de89a4,T252,1980,"we all committed ourselves, as have all my predecessors in the Oval Office not to permit the spread of nuclear weapons to a terrorist nation, or to any other nation that does not presently have those weapons or capabilities for explosives",Claim
1980_67698182ed84ee75b3c742b3ebe92402,T253,1980,not to make any sales of materiel or weapons to a nation which is involved in terrorist activities,Claim
1980_01592356f6f40c2bbec3fbd509cadb52,T254,1980,not to deal with the PLO until and unless the PLO recognizes Israel's right to exist and recognizes UN Resolution 242 as a basis for Middle East peace,Claim
1980_c7ac2ea255dfc84512d7c17558ce2853,T255,1980,"to stop all air flights - commercial air flights - to any nation involved in terrorism or the hijacking of air planes, or the harboring of hijackers",Claim
1980_840684aceafc62871874a4e5ac68fade,T256,1980,I have no quarrel whatsoever with the things that have been done,Claim
1980_f8e342f1e68e338c4827129f658f38ed,T257,1980,it is high time that the civilized countries of the world made it plain that there is no room worldwide for terrorism,Premise
1980_bf9b5bb065afa840d018bbc19e6303f1,T258,1980,there will be no negotiation with terrorists of any kind,Claim
1980_5759589f5bfbb4eea1a4542e98d689ec,T259,1980,"I have never made the statement that he suggested about nuclear proliferation and nuclear proliferation, or the trying to halt it, would be a major part of a foreign policy of mine",Claim
1980_df96114794edc900a3b8de5186d63043,T1,1980,I know,Claim
1980_b4d0b18e82a044c956d3da936307f894,T2,1980,"The American people now are facing, next Tuesday, a lonely decision",Claim
1980_6d6c92db12895b452482ba40596c7c9b,T3,1980,Those listening to my voice will have to make a judgment about the future of this country,Claim
1980_c9695f908386f099805ab17325214258,T500,1980,The United States must be a nation strong,Claim
1980_6c0257d410d1bca6d25857d4f543ecef,T501,1980,the United States must be a nation secure,Claim
1980_c2772a4579b4e8b1ab2223f630b668c3,T502,1980,We must have a society that's just and fair,Claim
1980_0a8731dc947834bf452ea4dfdd93eaf6,T503,1980,"we must extend the benefits of our own commitment to peace, to create a peaceful world",Claim
1980_e14f60d4e4b85c5866eb88303bd5035e,T504,1980,I think they ought to remember that one vote can make a lot of difference,Claim
1980_173b6074052787979d1eb0bb66a767dd,T505,1980,"If one vote per precinct had changed in 1960, John Kennedy would never have been President of this nation",Premise
1980_4c1e27c6925b3f2170661bb0752adad2,T506,1980,"if a few more people had gone to the polls and voted in 1968, Hubert Humphrey would have been President; Richard Nixon would not",Premise
1980_0937b010a1db9cca278f613307a109a1,T507,1980,"To stay strong, to stay at peace, to raise high the banner of human rights, to set an example for the rest of the world, to let our deep beliefs and commitments be felt by others in other nations, is my plan for the future",Claim
1980_af236a41f272c26c0db2634e4935463b,T508,1980,I think it's been a very constructive debate and I hope it's helped to acquaint the American people with the sharp differences between myself and Governor Reagan,Claim
1980_88e8228ffb562126e5bd44c66529b8be,T509,1980,I've been President now for almost four years,Premise
1980_81d1a2e125bce1b1ef5f4b138b2324e1,T510,1980,"I've had to make thousands of decisions, and each one of those decisions has been a learning process",Premise
1980_7e062eb1cf3989946e603070c8dc2704,T511,1980,"I've seen the strength of my nation, and I've seen the crises it approached in a tentative way",Premise
1980_f3d8a6fcebc396f0f75218f9ccf084d1,T512,1980,I've had to deal with those crises as best I could,Premise
1980_ab3951a8b8e1c8c738c9445933ba8e2e,T513,1980,"I've studied the record between myself and Governor Reagan, I've been impressed with the stark differences that exist between us",Premise
1980_ef50a14042c00850740acbf42ad7bb78,T514,1980,I think the result of this debate indicates that that fact is true,Claim
1980_03bd5975390427668543511b6f9e7cd1,T515,1980,I consider myself in the mainstream of my party,Claim
1980_b6ef6dd1e67e40c2a51075f7d7f336a2,T516,1980,I consider myself in the mainstream even of the bipartisan list of Presidents who served before me,Claim
1980_0772e0158573daecc6ded6d892d3d00f,T517,1980,It's a lonely job,Claim
1980_35c3e6d623a62952d95164d38e631fac,T518,1980,"I believe that since I've been in office, there have been six or eight areas of combat evolved in other parts of the world",Premise
1980_51a4fa712cbb23d3ef2d073df3cc5575,T519,1980,"In each case, I alone have had to determine the interests of my country and the degree of involvement of my country",Premise
1980_78137b0c79daf39bfbc72a0194140911,T520,1980,"I've done that with moderation, with care, with thoughtfulness; sometimes consulting experts",Premise
1980_a1d2f0755c148f3e92aa4d28c2033631,T521,1980,"I've learned in this last three and a half years that when an issue is extremely difficult, when the call is very close, the chances are the experts will be divided almost 50-50",Premise
1980_d5046bfd947bbf7ff878b334ff7d5979,T522,1980,"the final judgment about the future of the nation - war, peace, involvement, reticence, thoughtfulness, care, consideration, concern - has to be made by the man in the Oval Office",Premise
1980_37028ba2d48c1b19e42062fe11b7d339,T523,1980,the job is a very gratifying one,Claim
1980_05bc86496631325024159de7550aaf55,T524,1980,with the involvement of the American people in the process,Premise
1980_31da2094bad4310b3466e0b6a176bde4,T525,1980,with an open Government,Premise
1980_37149bdfee5e045d899603a09448c59c,T526,1980,I think your choice is very obvious as to whom you will vote for,Claim
1980_05835dbd8ca860c5e5094a011e9ee897,T527,1980,if you answer all of those questions yes,Premise
1980_a3b75d018dca7f3ef68f37c24dd64dd2,T528,1980,I could suggest another choice that you have,Claim
1980_a85a8014e56784d2caa20da33245d54a,T529,1980,If you don't agree,Premise
1980_6cc1dda2dfbf1804c1915aeacf245b7e,T530,1980,if you don't think that this course that we've been on for the last four years is what you would like to see us follow for the next four,Premise
1980_6f29c9f95261c437e863ec3f16151d45,T531,1980,This country doesn't have to be in the shape that it is in,Claim
1980_7206b2d9649a9a049334c75cda5128da,T532,1980,All of this can be cured and all of it can be solved,Claim
1980_6949f2bfd482e99616190733e47d1343,T533,1980,"We do not have to go on sharing in scarcity with the country getting worse off, with unemployment growing",Claim
1980_561bd14c116c8b33a419ac9e3607349e,T534,1980,"If all of the unemployed today were in a single line allowing two feet for each of them, that line would reach from New York City to Los Angeles, California",Premise
1980_7b9c2564e6fcc82c3ebd1a16e5b9bedd,T535,1980,"I think in being Governor of California, the most populous state in the Union - if it were a nation, it would be the seventh-ranking economic power in the world - I, too, had some lonely moments and decisions to make",Claim
1980_bcedcc1575b878826c384f7470e4fb27,T536,1980,I know that the economic program that I have proposed for this nation in the next few years can resolve many of the problems that trouble us today,Claim
1980_381e8df814200512a96aca9ab9c9500f,T538,1980,we did it there,Premise
1980_0a3437d16dcc27f41996b0ed80628d04,T539,1980,We cut the cost - the increased cost of government - in half over the eight years,Premise
1980_f0420a5eca70f21f4b02ff26afab4d15,T540,1980,"We returned $5.7 billion in tax rebates, credits and cuts to our people",Premise
1980_f7620fce9403da44adb663e596c48620,T541,1980,"We, as I have said earlier, fell below the national average in inflation when we did that",Premise
1980_c1322db73b7d25cde660a2f3c31b4b45,T542,1980,I know that we did give back authority and autonomy to the people,Premise
1980_bc77e4ec5ffc4dbdbd0f50855859f215,T543,1980,"I would like to have a crusade today, and I would like to lead that crusade with your help",Claim
1980_026fc17f7d9cad61dc4d9ed9fbea91b8,T544,1980,"it would be one to take Government off the backs of the great people of this country, and turn you loose again to do those things that I know you can do so well",Claim
1980_f6f3b5d417c222f7cc12e1eed587765c,T545,1980,you did them and made this country great,Premise
1980_26931ff81f8341fdedbfdf058ce3a0bb,T101,1980,"I think that that is clearly related to the fact that, going back to the time when the all-volunteer Army was created in 1973 - and I worked hard for it and supported it - we simply have failed to keep pace with the cost of living",Claim
1980_a66254ad17e9f32f275ac7f05a238d7a,T102,1980,"today, on the average, the average serviceman is at least 15% - and I happen to think that's a very modest estimate - 15% below what has happened to the cost of living over that period of time",Premise
1980_ff87339fb1b2cb3f43fad80a7df48879,T103,1980,"as a result, the families of some of our young servicemen are on food stamps today",Premise
1980_ecdd2b41f29d57b49888b855ad1bc9fc,T104,1980,I think that's shocking,Claim
1980_2d250ec92874ef04741bb9d3bbab6e53,T105,1980,it's shameful,Claim
1980_c916e06128352e14c05355333df62ef6,T106,1980,"I outlined a very specific program of increasing pay and allowances, reenlistment bonuses",Claim
1980_c67a280901a9b8c0f3ace3221f75e0fc,T107,1980,I would not leave this country go undefended,Claim
1980_474273b8af519ec6e8444cad7055358f,T108,1980,"to protect the vital interests of this country, if that became impossible; if I could not, despite the very best efforts that I asked the Congress to put forward, to raise those pay and incentives and allowances",Premise
1980_f46bcf5322747cd98f031927ea93ec4a,T109,1980,I am well aware of the present deficiencies in the Armed Forces of this country,Claim
1980_0d02ba470443f99e329b27d21cc3dfa7,T110,1980,"you have a report, as we did recently, that six out of 10 CONUS Divisions in this country - Continental United States Army Divisions - simply could not pass a readiness test: that two out of three divisions that were to be allocated to the so-called Rapid Deployment Force could not meet a readiness test",Premise
1980_be61999928d17633c87e9f89b4ecbeae,T111,1980,"in most cases, that failure to meet the test was because of a lack of manning requirements, an inability to fill many of the slots in those divisions",Premise
1980_b37270a7f36a2962ca7cf9c7423e4bc5,T112,1980,"I have seen figures that indicate that perhaps as of September, 1980 - this very month - that there is a shortage of about 104,000 in the ranks between E-4 and E-9",Premise
1980_3d09031d74bab365e4914b02bdde88ad,T113,1980,there were reports. public reports not long ago about ships that could not leave American ports because of a lack of crews,Premise
1980_b749473a172b48888fc4a03e945e88b3,T114,1980,"I talked to one of the leading former chiefs of Naval operations in my office a few weeks ago, who told me about 25,000 Chief Petty Officers being short",Premise
1980_e401c943fae95b4adb5723660cc0914a,T115,1980,it's a shame now that there are only two of us here debating,Claim
1980_4665aaec57a6f3b9444c3e971fd8b117,T116,1980,the two that are here are in more agreement than disagreement on this particular issue,Premise
1980_fbddc52aa0b8d69cd44d3dc9dcbd850f,T117,1980,"the only one who would be disagreeing with us is the President, if he were present",Premise
1980_d9cf6b841919df4852d14ea807417cd7,T118,1980,"I. too, believe in the voluntary military",Claim
1980_655e300f6461fb87350ebcacdf8c9a78,T119,1980,"today the shortages of non-commissioned officers that John mentioned are such that if we tried to have a draft today, we wouldn't have the non-commissioned officers to train the draftees",Premise
1980_df5a41a70162475784b19f8e49f5fc07,T120,1980,"I believe the answer lies in just recognizing human nature and how we make everything else work in this country, when we want it to work",Claim
1980_dfeef9a0652dcaa94d741fc3aca75c41,T121,1980,Recognize that we have a voluntary military,Premise
1980_0bb54cec73211bdf70f20b82be34c605,T122,1980,"We are asking for men and women to join the military as a career, and we're asking them to deal with the most sophisticated of equipment",Premise
1980_62f87559c9c165bb2fc429841c23a817,T123,1980,"a young man is out there on a $1 billion carrier in charge of the maintenance of a $20 million aircraft, working 100 hours a week at times, and he's earning less for himself and his family, while he's away from his family, than he could earn if he were in one of the most menial jobs, working 40 hours a week here at home",Premise
1980_6b21a027fae2281b2f23c26bd81c4da5,T124,1980,That meant immediately 46% of your people that were signing up had no reason for signing up,Claim
1980_81dc2e3551f80e271b2ca922e5085f0c,T125,1980,"As an aid to enlistment. we had an aid - 46% of the people who enlisted in the voluntary military up until 1977 said they did so for one particular reason, the G.I. Bill of Rights",Premise
1980_5b2e0613fb7c35f0ff9c21f1269e9147,T126,1980,"the fact that, by serving in the military, they could provide for a future college education",Premise
1980_06c8253097765daab993f2e97f85f3b4,T127,1980,"In 1977, we took that away from the military",Premise
1980_bdfbbb05b22ee91c476195d4a453807a,T128,1980,I think it is a case of pay scale,Claim
1980_bccabaa6651a943f67392eda276b5892,T129,1980,"recognizing that if we're going to have young men and women responsible for our security, dealing with this sophisticated equipment, then for heaven's sakes, let's go out and have a pay scale that is commensurate with the sacrifice that we're asking of them",Claim
1980_4ac673bc31b624fc900e8ec69a6c2cfa,T130,1980,I think we need something else that has been allowed to deteriorate,Claim
1980_9ab4dc971b2b894e4a94143d51dd688a,T131,1980,"We need a million-man active reserve that could be called up on an instant's notice, and that would be also trained, ready to use that type of equipment",Premise
1980_6a23f7be2b0fd095ff6ffd6cd1c8bfcd,T132,1980,"Both of these, I think, would respond to the proper kind of incentives that we could offer these people",Claim
1980_7cb281b209533536236684b2f9b84b4c,T133,1980,"I think I have better opportunity, however, of finding the necessary funds to pay what, admittedly, will be very, very substantial sums of money",Claim
1980_827b95b39bc3cf52d0390fe8514651e9,T134,1980,"We signed one bill. or we passed one bill, just a couple of weeks ago in the House of Representatives for $500 million - a half a billion dollars",Premise
1980_efce1ac480f32dab25c0987e383172c9,T135,1980,"That is just a downpayment, in my opinion",Premise
1980_b4d968f4eb5bb8451217eb5d1a89584a,T136,1980,I do not support a boondoggle like the MX missile,Claim
1980_7dd5189892307e5287318638d5ecd103,T137,1980,I've just gotten a report from the Air Force that indicates that the 30-year lifecycle cost of that system is going to be $100 billion,Premise
1980_10dad7e95210c8a1b2308bbb7012065b,T138,1980,"The initial cost is about $54 billion, and then when you add in the additional costs - not only the construction of the system, the missiles and the personnel, and so on - when you add in the additional costs over the lifecycle of that system, over $100 billion",Premise
1980_f465f9f333cfae2117336e027c7fbaab,T139,1980,I would propose to save the taxpayers of this country from that kind of costly boondoggle,Claim
1980_02d6a4bf7eeb5b616dae0234877b2d64,T140,1980,We need the missile,Claim
1980_1b4c3065dfad55c4634207ab700904a4,T141,1980,we are so out of balance strategically that we lack a deterrent to a possible first assault,Premise
1980_1bca0b1c3d701625b08a4ae8e03d871c,T142,1980,I am not in favor of the plan that is so costly,Claim
1980_495f8e8ed6ef904313b374bdc9e4bb74,T143,1980,"I happen to support and believe in the missile, itself",Claim
1980_b0f25b260f5e33f8a3b00b551fd39543,T144,1980,that's not the $54 billion cost that John is talking about,Premise
1980_e6f86ad6fb53fa686b9252541aa5ae7d,T145,1980,He's talking about that fantastic plan of the Administration to take thousands and thousands of square miles out in the Western states,Premise
1980_550f7d498c6ad2fcda1d25302022c237,T146,1980,"first, he was going to dig a racetrack and have it going around in the racetrack so it would meet the requirements of SALT II treaty",Premise
1980_ca83aca18b133d0f56b28a2c3a7585d6,T147,1980,"now he's decided it'll have a straight up and down thing, so it can he both verifiable and yet hideable from the Soviet Union",Premise
1980_0b287e5385b91a91326dd66b77b2bae9,T1,1980,I wouldn't be called a conservative if I were,Premise
1980_4b8e09fdf32d06d1aa00be7f0c489a29,T49,1980,"I believe that conservation, at course, is worthy in and of itself",Claim
1980_dc454624a632e47e9f8dcdc36a7d599f,T50,1980,"Anything that would preserve, or help us use less energy, that would be fine, and I'm for it",Claim
1980_7af2971fa54de1653741d0542327cbc0,T51,1980,I do not believe that conservation alone is the answer to the present energy problem,Claim
1980_57e0bae08e7db4db39b3bda493158ea6,T52,1980,"all you're doing then is staving off, by a short time, the day when you would come to the end of the energy supply",Premise
1980_39582b1748aab2ec5841bd3c58989b28,T53,1980,"The fact is, that in today's oil wells, there is more oil still there than we have so far taken out and used",Premise
1980_d2bd8f286ae014d58ff52d3ba6b4a768,T54,1980,All of these things can be done,Claim
1980_c4f0a7ee09e2ef9e0a4fc7adda165361,T55,1980,"I think it is the Government, and the Government with its own restrictions and regulations, that is creating the energy crisis",Claim
1980_a8af31a4c7714f6537ca1413392e4965,T56,1980,"we are, indeed, an energy-rich nation",Claim
1980_bcd8085e358208119efbaebbd9cd0a2a,T57,1980,"To say that we are limited, and at a dangerous point in this country with regard to energy, I think, is to ignore the fact",Claim
1980_c2cf8381581b1154088297ee3cb47eb0,T58,1980,it would require what is known as secondary or tertiary efforts to bring it out of the ground,Premise
1980_614068bca383a94a52ff7e8e1c9a860f,T59,1980,"this is known oil reserves, known supplies",Premise
1980_b0bf149b4a6eb092a8805d07769b3c89,T60,1980,"There are hundreds of millions of acres of land that have been taken out of circulation by the Government for whatever reason they have, that is believed by the most knowledgeable oil geologists to contain probably more oil and natural gas than we have used so far since we drilled that first well 121 years ago",Premise
1980_5616edc22a800a23cd15f248d580cfa8,T61,1980,"We have a coal supply that is equal to 50% of the world's coal supply, good for centuries, in this country",Premise
1980_d4461e390abaccfba5aeb02858bd86a0,T62,1980,that prices may go up,Claim
1980_7a03aa9271ec7b228fc3293d67590e3c,T63,1980,"as you go further and have to go deeper, you are adding to the cost of production",Premise
1980_25db65944ec52954b7f5676ba57834cd,T64,1980,"We have nuclear power, which, I believe, with the safest",Premise
1980_26e96e4c9f1a0eff5d431d18d6c490f2,T65,1980,"the most stringent of safety requirements, could meet our energy needs for the next couple of decades while we go forward exploring the areas of solar power and other forms of energy that might be renewable and that would not be exhaustible",Claim
1980_bed04b48ddfbf84155f69670b466d86a,T66,1980,we are only drilling on 2%. have leased only 2% of the possible. possibility for oil of the continental shelf around the United States,Premise
1980_28e0047abbdfd41ebd953e604ccc33b4,T67,1980,"the government has taken over 100 million acres of land out of circulation in Alaska, alone, that is believed by geologists to contain much in the line of minerals and energy sources",Premise
1980_f6ebee25e24b88814a6a1a1ab205b74e,T68,1980,"I simply cannot allow to go unpassed the statements that have just been made by Mr. Reagan, who once again, has demonstrated, I think, a total misunderstanding of the energy crisis that confronts, not only this country, but the world",Claim
1980_1c87125dc2e3369b098861fd89575774,T69,1980,"he suggests that we have 27 years' supply of natural gas, 47 years' supply of oil, and all the rest, and that we really. all we have to do is to get the Government off the back of the oil industry, and that's going to be enough",Premise
1980_24927936a7dc03e70ba1e76c7d0b1191,T70,1980,we are going to have to create a new conservation ethic in the minds of the American people,Claim
1980_95d31127d4e0e9cf277f5f5c0ef0c55d,T71,1980,"I proposed, 15 months ago, the emergency excise tax on gasoline that I did",Premise
1980_825321881a82c422d6cbed30474705f9,T72,1980,I did it as a security measure to be sure,Claim
1980_f744f2a60abfa183dc8d3d400e177974,T73,1980,I would rather see us reduce the consumption of imported oil than have to send American boys to fight in the Persian Gulf,Premise
1980_c6b31da04d88ed98eace8ea4188d51c2,T74,1980,I think it's going to take a dramatic measure of that kind to convince the American people that we will have to reduce the use of the private automobile,Claim
1980_753349071cf1707808d561ccd25300d6,T75,1980,We simply cannot have people sitting one behind the wheel of a car in these long traffic jams going in and out of our great cities,Premise
1980_e3ae62286426043e2212edae716c187f,T76,1980,"We are going to have to resort to van pooling, to car pooling",Claim
1980_3a065d1f7681468e1cd37520588b2aeb,T77,1980,We're going to have to develop better community transportation systems,Claim
1980_61f7a3b66d2d73723a1e30bb60996b97,T78,1980,"so that with buses and light rail, we can replace the private automobile in those places where it clearly is not energy-efficient",Premise
1980_0c56fa2005c5f8ddf31d233fa03f9810,T79,1980,there are things that we can do in the retrofitting,Claim
1980_85528ca889c540ada6affd8f07d062ee,T80,1980,"the redesign of our homes, not only of our houses, but of our commercial structures, as well, that will make it possible for us to achieve",Premise
1980_5bfadb64d4c179bd8e6990027848447f,T81,1980,"with respect to housing, when we are consuming, even though our per capita income today is about the same as that of the Federal Republic of Germany, we are consuming about, by a factor of two, the amount of energy that they consume in that country",Premise
1980_bf3f129750b5832440b87c19e0433309,T82,1980,"I think, yes, we will have to change in a very appreciable way, some of the lifestyles that we now enjoy",Claim
1980_c643f1d085a4e4f14b63e8009352ad58,T83,1980,"According to one study that was published a short time ago - the Harvard Business School study - indicated that just in the commercial sector alone of the economy, we could save between 30% and 40% of the energy that we consume in this country today",Premise
1980_7e0e9809627a37b27ea3dab40213164c,T84,1980,I think we are proving that we can go forward with conservation and benefit from that,Claim
1980_49bb393ceaf45e6f876a1983548c1fa2,T85,1980,I think it is safe to say that we do have sources of energy that have not yet been used or found,Claim
1980_f7fb5d377d09bf565d1cee5b956b9321,T86,1980,I am not an enemy of conservation,Claim
1980_52a10b493f5b779114210a310227604e,T87,1980,"my figures are the figures of the Department of Energy, which has not been overly optimistic in recent years as to how much supply we have left",Claim
1980_a5b7424da3deed54cff6b17eaf17953a,T88,1980,"That is the same Government that, in 1920, told us we only had enough oil left for 13 years, and 19 years later, told us we only had enough left for another 15 years",Premise
1980_ed3d9e26c5b35593ba9ebd35c499b845,T89,1980,"As for saving energy and conserving, the American people haven't been doing badly at that",Claim
1980_16df44ad0bbdfd0ce25d70a96d7e9007,T90,1980,"in industry today, we're producing more, over the last several years, and at 12% less use of energy than we were back in about 1973",Premise
1980_84e98911efa35b18a65ae9d3c0dcabde,T91,1980,motorists are using 8% less than they were back at that time of the oil embargo,Premise
1980_02a7fdaffee0effd920eab9986f16316,T92,1980,I think my opponent in this debate tonight is overlooking one other very important fact,Claim
1980_d82fcb5a4ccfdbeec10c5d0fcb555d89,T93,1980,we cannot look at this as simply a national problem,Claim
1980_41ab01736be61e0125e297413e6380ec,T94,1980,"Even though it's true that, perhaps, between now and the end of the decade, our total consumption of oil may not increase by more than, perhaps, a million or 2 million barrels of oil a day",Premise
1980_99cefec8edbf9cb6775085797c93893d,T95,1980,"The rest of the Western world, we are told, may see its consumption increase from 51 million barrels to about 66 million",Premise
1980_9c138e5017ea0b6b41558dab522f80b9,T96,1980,that additional 15 million barrels is going to cause scarcity,Claim
1980_f096fb99d47bb22017ad24745cd863fb,T97,1980,It is going to cause scarcity in world markets,Claim
1980_87d259a2fcf57bf4a7d49bfeb6876b51,T98,1980,"there are at least five reputable studies, one even by the American Petroleum Institute itself, that, I think, clearly indicate that somewhere along around the end of the present decade, total world demand for oil is simply going to exceed total available supplies",Premise
1980_39a3f2fd332d32534f7968bd7a30f3ad,T99,1980,I think that a change in lifestyles - is necessary,Claim
1980_4f6f5fb98edbd59d11a044a6c9e4e9ff,T100,1980,we had better begin to plan for that now rather than later,Claim
1980_894ec96eeeed6ca16786d945023244e4,T1,1980,This is a contest between a Democrat in the mainstream of my party,Claim
1980_0b2240b51f2b7125caa44659adb4536f,T2,1980,exemplified by the actions that I have taken in the Oval Office the last four years,Premise
1980_e7d3f465c603ce4bbab56204fc75ffc8,T3,1980,I believe that there is a fundamental difference,Claim
1980_ebdc9207671a09a96cf815a2f3aebe8b,T4,1980,I think it has been evident in most of the answers that Mr. Carter has given tonight - that he seeks the solution to anything as another opportunity for a Federal Government program,Claim
1980_3e5f0772fff93530c5c0026ab57ee197,T5,1980,I said many foolish things back in those days,Claim
1980_ac853d75c473a8e4ec4e4794b2e95ea5,T6,1980,"when I had quoted a Democratic President, as the President says, I was a Democrat",Premise
1980_ea406a0106aab8a93835f8bf22f6fb9b,T7,1980,I mentioned the radical departure of Governor Reagan from the principles or ideals of historical perspective of his own party,Premise
1980_a1379e0e902374732587f7e7c7bdb276,T444,1980,"The most important crucial difference in this election campaign, in my judgment, is the approach to the control of nuclear weaponry and the inclination to control or not to control the spread of atomic weapons to other nations who don't presently have it, particularly terrorist nations",Claim
1980_29ec7494a224ef8194a99d4a168c115d,T445,1980,there is the historical perspective that I just described,Claim
1980_8ed46eecf9dd40f80ec925b27db2e328,T446,1980,"his long-standing inclination, on the use of American power, not to resolve disputes diplomatically and peacefully, but to show that the exercise of military power is best proven by the actual use of it",Claim
1980_e27a20fb9a3d76f7397e5068eb782ab1,T447,1980,The inclination that Governor Reagan has exemplified in many troubled times since he has been running for President - I think since 1968 - to inject American military forces in places like North Korea,Premise
1980_06582a977bb20cc41160d723f3c7a4d2,T448,1980,to put a blockade around Cuba this year,Premise
1980_9add2c37fbabe2d497e94edca073100d,T449,1980,"in some instances, to project American forces into a fishing dispute against the small nation of Ecuador on the west coast of South America",Premise
1980_e3a023d6325b04982d8ee5be4d324bd0,T450,1980,"Governor Reagan, who in most cases does typify his party, but in some cases, there is a radical departure by him from the heritage of Eisenhower and others",Claim
1980_f9870817c37dd4813976a97e516a7952,T451,1980,no President wants war,Claim
1980_a08afb7a058e2923d90a0ea350c0c066,T452,1980,"I certainly do not believe that Governor Reagan, if he were President, would want war",Claim
1980_0d7bd2068287b31eccc1d6b7b7816696,T453,1980,"a President in the Oval Office has to make a judgment on almost a daily basis about how to exercise the enormous power of our country for peace, through diplomacy, or in a careless way in a belligerent attitude which has exemplified his attitudes in the past",Claim
1980_265c3a8e61897aa7a6dbcc3b2f2339f7,T455,1980,I happen to believe that the Federal Government has usurped powers of autonomy and authority that belong back at the state and local level,Claim
1980_f07a90015ddccdb8103d740616ebd87b,T456,1980,It has imposed on the individual freedoms of the people,Premise
1980_6dd35fb2d1980ab5057588823ae0bfdc,T457,1980,"there are more of these things that could be solved by the people themselves, if they were given a chance, or by the levels of government that were closer to them",Premise
1980_6285f86a8d65600af91a1a245aa48f82,T458,1980,"when he was a candidate in 1976, President Carter invented a thing he called the misery index",Premise
1980_b2468ed81c3eeb7f6e9f9b9d00630484,T459,1980,"He added the rate of unemployment and the rate of inflation, and it came, at that time, to 12.5% under President Ford",Premise
1980_6c0c29f69b0e578560d6966ebc01c86d,T460,1980,He said that no man with that size misery index has a right to seek reelection to the Presidency,Premise
1980_fe59c6aa966bf4e35a2d53f70d9b31dd,T461,1980,I believe there are going to be millions of Democrats that are going to vote with us this time around,Claim
1980_cafccc1d053f2e15898c25846d8f6029,T462,1980,they too want that promise kept,Premise
1980_0ee569952a86f4cb8975441044913b79,T463,1980,"Today, by his own decision, the misery index is in excess of 20%",Premise
1980_9a59701f32df0aab756a2231f7213316,T464,1980,I think this must suggest something,Claim
1980_7731867567a6a62d0f31938a732a2b73,T465,1980,"the President that I quoted had made a promise, a Democratic promise, and I quoted him because it was never kept",Premise
1980_e769300e845551d24038d199c726c03a,T466,1980,"today, you would find that that promise is at the very heart of what Republicanism represents in this country today",Claim
1980_1bf0189b0e1712b2b25a902a73a3a8c7,T467,1980,It was a promise for less government and less taxes and more freedom for the people,Premise
1980_e46c35b76159d69ee9ebb924ecb225a9,T468,1980,I don't think that can be better illustrated than in the case of guaranteeing women equal rights under the Constitution of our nation,Claim
1980_1a10ea16cd9b3287e2d6cda54ac9758b,T469,1980,"For 40 years, the Republican Party platforms called for guaranteeing women equal rights with a constitutional amendment",Premise
1980_685b670b8b70fdc91195730d28b3fa97,T470,1980,Six predecessors of mine who served in the Oval Office called for this guarantee of women's rights,Premise
1980_b8a5530a308aad79918e40dee2c443de,T471,1980,Governor Reagan and his new Republican Party have departed from this commitment,Premise
1980_566d70bd0fea6e3f07381ecfb9a8893a,T472,1980,a very severe blow to the opportunity for women to finally correct discrimination under which they have suffered,Premise
1980_d3855e28204098aaf2c61d3dba2c7b85,T473,1980,"When a man and a women do the same amount of work, a man gets paid $1.00, a women only gets paid 59 cents",Premise
1980_99334922e39b950c6ece5493e676687f,T474,1980,the equal rights amendment only says that equality of rights shall not be abridged for omen b the Federal Government or by he state governments,Premise
1980_ca7fa4cc90b5d734131701d0acff0fc3,T475,1980,"guarantee of equality of opportunity which typifies the Democratic arty, and which is a very important commitment of mine",Claim
1980_568dd38def3d16f8d3b81da0ba1f01d9,T476,1980,as contrasted with Governor Reagan's radical departure from the long-standing policy of his own party,Premise
1980_97f665887e172c7a77a25102b884b9c6,T477,1980,I happen to be against the amendment,Claim
1980_b4e6ae30f181fbee8a20c65f9ea4d047,T478,1980,I think the amendment will take this problem out of the hands of elected legislators and put it in the hands f unelected judges,Premise
1980_c916e56d9e885a4771ad0bcacee0734b,T479,1980,I am for equal rights,Claim
1980_a88f8f3f42489b40bebbe317adb7cd0f,T480,1980,while you have been in office for four ears and not one single state - and most f them have a majority of Democratic legislators - has added to the ratification r voted to ratify the equal rights amendment,Premise
1980_a7ac64f8d358116055001b668cb733be,T481,1980,"While I was Governor, more than eight years ago, I found 14 separate instances where women were discriminated against in the body of California law, and I had passed and signed into law 14 statutes that eliminated those discriminations, including the economic ones that you have just mentioned - equal pay and so forth",Premise
1980_c94711c0f34c8aaef3726d5081942dd7,T482,1980,"If I were President, I would also now take a look at the hundreds of Federal regulations which discriminate against women and which go right on while everyone is looking for an amendment",Premise
1980_7ab4089e11c694ba5dfa59276e93619d,T483,1980,I would have someone ride herd on those regulations,Claim
1980_044d0936468e7367a4f3d18ca7cffdc2,T484,1980,we would start eliminating those discriminations in the Federal Government against women,Claim
1980_65a1a022cb4ca0de125dff16e76899ac,T485,1980,"We've been remarkably successful, with the help of a Democratic Congress",Claim
1980_42ea64403aca5e4d85b3a86f5c4342d3,T486,1980,One of the commitments that I made was to deregulate the major industries of this country,Premise
1980_493378e601bffc9b28862d8838597b99,T487,1980,"I'm a Southerner, and I share the basic beliefs of my region that an excessive government intrusion into the private affairs of American citizens and also into the private affairs of the free enterprise system",Premise
1980_6b504738e8641a750c199c0fef2f8f51,T488,1980,"We have deregulated the air industry, the rail industry, the trucking industry, financial institutions",Premise
1980_47f830fe5dcedbb88cbfde96545b5914,T489,1980,We're now working on the communications industry,Premise
1980_eb786dc0913156fc0b4ef84de45c6da5,T490,1980,I believe that this element of discrimination is something that the South has seen so vividly as a blight on our region of the country which has now been corrected - not only racial discrimination but discrimination against people that have to work for a living,Claim
1980_337c6991c1d70bddcb68588eae469dfc,T491,1980,"we have been trying to pick ourselves up by our bootstraps, since the long depression years, and lead a full and useful life in the affairs of this country",Premise
1980_685bfc0d28b1392873d058130c575a7f,T492,1980,We have made remarkable success,Claim
1980_13e331244cc9bb380cd1d8794718c0d2,T493,1980,It is part of my consciousness and of my commitment to continue this progress,Claim
1980_d672ea06d9e7d7db92bda805cccd37b8,T494,1980,what I have just described is a proper course for the future,Claim
1980_a19f34f76b4fe5c8ddbe1dabcb8e96b3,T495,1980,"my heritage as a Southerner, my experience in the Oval Office, convinces me that",Premise
1980_250ce598a1e2bb3f67087df398d1cbf4,T496,1980,I am for women's rights,Claim
1980_af38b0b98f9f64de49dbb7ce36e1a167,T497,1980,"so-called simple amendment would be used by mischievous men to destroy discriminations that properly belong, by law, to women respecting the physical differences between the two sexes, labor laws that protect them against things that would be physically harmful to them",Claim
1980_03922cc3e2abf9840a83a3a564a20fb8,T498,1980,"Those would all, could all be challenged by men",Premise
1980_52c0843330e50d08a1313fc7971a0538,T499,1980,the same would be true with regard to combat service in the military and so forth,Claim
1980_370f7adc1bc5b85e3cffb4190c7d7e3e,T1,1980,"They have gone for what is politically popular, rather than for what might work and amount to leadership",Claim
1980_f1704fc14ae63a2c537bb6e479bfdc1e,T2,1980,"Elected officials have played along by promising to cure inflation while backing away from tough programs that might hurt one special interest group or another, and by actually adding inflationary elements to the system, such as indexing",Premise
1980_d5a0a159f66197a572f0d079bffc0137,T3,1980,I think it's very appropriate that the first question in this first debate of Campaign '80 should relate to the economy of the country,Claim
1980_3cd03e265a20af2dd0872193b71b3da9,T4,1980,the people who are watching us tonight - 221 million Americans - are truly concerned about the poor rate of performance of the American economy over the last four years,Premise
1980_c1da16a6042013107a9fc80e0f0c7c25,T5,1980,"I, first of all, oppose an election year tax cut",Claim
1980_43bc1ac903d761fdf0da38a7a257dd4e,T6,1980,whether it is the 10% across-the-board tax cut promised to the taxpayers by my opponent in this debate tonight,Premise
1980_408eca534c447c1582ed049ee2e6bd33,T7,1980,whether it is the $27.5 billion tax cut promised on the 20th of August by President Carter,Premise
1980_1d653949ce3662b3b27fef80b211136a,T8,1980,that that simply would be irresponsible,Claim
1980_e2e4655535d3db4d58e7d93d7b2b547b,T9,1980,"we are confronting a budget deficit this year - and this fiscal year will end in about 10 days, and we are confronted with the possibility of a deficit of $60 billion, perhaps as much as $63 billion",Premise
1980_8918bd25494a14ac397a7fd89d560c65,T10,1980,I think we've got to have fiscal restraint,Claim
1980_c96f9ee439e6965ef82111a7015a9466,T11,1980,"we've seen some hopeful signs, perhaps, in the flash report on the third quarter, that perhaps the economy is coming out of the recession",Claim
1980_a3a85a1e5cae33d51566e99f79e25ed4,T12,1980,we've also seen the rise in the rate of the prime,Premise
1980_3cab0920d2798dea7d7016b9a67fd082,T13,1980,we have seen mortgage rates back up again,Premise
1980_aff2fbb5664226c2e6fa43da8a488dad,T14,1980,a sure sign of inflation in the housing industry,Premise
1980_39f19c98145d569a2c69baa47d47a639,T15,1980,"I would propose, and I proposed it way back in March when I was a candidate in my own state of Illinois, I proposed $11.3 billion, specifically, in cuts in the Federal budget",Premise
1980_d4dbfd5ce0e74f2bfed56fd8c5d2f878,T16,1980,"we ought to pay those retirement benefits on the basis of once a year, rather than twice a year",Claim
1980_c628719ffd031a8466ef00c257472218,T17,1980,save $750 billion,Claim
1980_63f9733c087d0d25fd5cf595f4a7578a,T18,1980,"one of the things that we could do was to recalculate the index that is used to determine the cost of living benefits that are paid to civil service retirees, to military retirees",Claim
1980_e5f40ac9f65f304c86f5564c05847781,T19,1980,"that perhaps would save as much as $5 billion to $7 billion, according, to one of the leading members of the House Budget Committee",Premise
1980_e6b2f877ee4dfc99d5bfc839a02a0938,T20,1980,"fiscal restraint, I think is necessary",Claim
1980_17c9e17689fd06d3a5723451d4fc8941,T21,1980,"I believe that the only unpopular measures, actually, that could be, or would be applied, would be unpopular with the government, and with those. perhaps, some special interest groups who are tied closely to government",Claim
1980_fddb23b4018ba65235a7f614d785a3a4,T22,1980,"I believe we need incentive for the individual, and for business and industry",Claim
1980_73f60665a0d89378563173a8bb05d491,T23,1980,"I believe that inflation today is caused by government simply spending more than government takes in, at the same time that government has imposed upon business and industry, from the shopkeeper on the corner to the biggest industrial plant in America, countless harassing regulations and punitive taxes that have reduced productivity at the same time they have increased the cost of production",Claim
1980_b921de0108fb00529e39ae9135a3afd3,T24,1980,"when you are reducing productivity at the same time that you are turning out printing-press money in excessive amounts, you're causing inflation",Premise
1980_48d443511d99ac3e3fbe6394adaa8b57,T25,1980,"it isn't really higher prices, it's just, you are reducing the value of the money",Premise
1980_5e5a84930559a0648e03603f33197b81,T26,1980,You are robbing the American people of their savings,Premise
1980_a2a7084eb9ee443466c43be7b9154d9e,T27,1980,"my plan is for a phased-in tax cut over a three-year period, tax increase and depreciation allowances for business and industry",Claim
1980_7102e9a91628ef9af6cb06075fd45546,T28,1980,"to give them the capital to refurbish plant and equipment, research and development, improved technology",Premise
1980_cc6fe9b84324036a3a6c4f61038a7d18,T29,1980,all of which we see our foreign competitors having,Premise
1980_9816fd3472d61803102dca18652f659f,T30,1980,we have the greatest percentage of outmoded industrial plant and equipment of any of the industrial nations,Premise
1980_7687ac51e68e054f8d46e77517147ae9,T31,1980,"produce more, have stable money supply, and give the people of this country a greater share of their own savings",Premise
1980_a09312f1996e457373b882df5efead3f,T32,1980,I also suggested we ought to have an emergency excise tax on gasoline,Claim
1980_4a0dd23a562be3308ad5d6e12515d67a,T33,1980,"I don't see where it is inflationary to have people keep more of their earnings and spend it, and it isn't inflationary for government to take that money away from them and spend it on the things it wants to spend it on",Claim
1980_04a2d53d6a4829c015d59c6b34cecf4c,T34,1980,"conservative projections out for the next five years, that indicates that this plan would, by 1983, result in a balanced budget",Claim
1980_d02d93bbfa7b989af6a65c96c46fa127,T35,1980,"the plan that I have submitted, with detailed backing, and which has been approved by a number of our leading economists in the country, is based on projections",Premise
1980_0eb42872256b832219391b176c7976f0,T36,1980,"this year, we will send $90 billion out of this country to pay for imported oil, even though that. those imports have been reduced",Premise
1980_0c1a41e9ee59d1e22ebb26578c280c9e,T37,1980,"since I first made that proposal 15 months ago, the price of gasoline, which was then $.80, has gone up to about $1.30",Premise
1980_20d01fa4f620b65fa3338bbac25c52f0,T38,1980,we've had a huge increase of about $.50 a gallon since that time,Premise
1980_6f1858ff37ff79a7b6c4e04b5fc4c6de,T39,1980,all of that increase has gone out of this country - or much of it - into the pockets of OPEC oil producers,Premise
1980_032d1ce4e96973c926b6524760d1138d,T40,1980,we ought to take. put that tax on here at home,Claim
1980_f5e8f91c03564b832e7ae9f594ae30c5,T41,1980,reduce our consumption of that imported oil,Claim
1980_ec7f0e48a9dd0b26fb04450a0ef51bf4,T42,1980,"Recycle those proceeds, then, back into the pockets of the American workers by reducing their tax payments. their Social Security tax payments by 50%",Claim
1980_7d6c301bca13aee2f71bbd5301ad805a,T43,1980,"That, I think, in addition, would be an anti-inflationary measure that would strengthen the economy of this country",Claim
1980_fd900917f4cbfa980607b651486a401e,T44,1980,I cannot see where a $.50 a gallon tax applied to gasoline would have changed the price of gasoline,Claim
1980_fb1e15b5e987714f0857923aeae5e49e,T45,1980,"It would still have gone up as much as it has, and the $.50 would be added on top of that",Premise
1980_b4dfa9cde2482353eb7db67860c543b5,T48,1980,"Fifteen months ago, he was a cosigner and advocating the very tax cut that I am proposing, and said that that would be a forward step in fighting inflation, and that it would be beneficial to the working people of this country",Claim
1980_cbb38d52dcc47fe943d629e142c5e912,T49,1980,the printing presses will start to roll,Premise
1980_3de74fb76e37a4c07cae0ac897d7eef0,T50,1980,once again we will see the monetization of that debt result in a higher rate of inflation.,Claim
1980_3e6766c2526e30749498933a3b0d63f0,T51,1980,"to recalculate the index that is used to determine the cost of living benefits that are paid to civil service retirees, to military retirees",Premise
1980_04fcb322ba11e9145c4ed92866bda03e,T52,1980,"this is no time for a tax cut, in view of the incipient signs of renewed inflation, in addition to calling for restraint in Federal spending",Claim
1980_dfe6f8bcf8cf1230afea23d84f8b2694,T53,1980,"Governor Reagan is not responsible for what has happened over the last four years, nor am I",Claim
1980_2db3167742925d542ced995af5b507e6,T54,1980,The man who should be here tonight to respond to those charges chose not to attend,Premise
1980_dfc26c09b0afa26eb8e24206a736f830,T55,1980,"when we talk a tax cut, we're only talking about reducing a tax increase, because this Administration has left us with a built-in tax increase that will amount to $86 billion next year.",Claim
1980_84150634f06593d7d00b205f5c6417b2,T56,1980,and $500 billion over the next five,Claim
1980_c233f1b482b4ac2bb38c0de07c05a4fe,T58,1980,Why take it in the first place if you're going to give it back?,Claim
1980_823f415dc22657b117be8eec0fa68421,T59,1980,Why not leave it with them?,Claim
1980_064299fbea9fce7ad4f9c5fa6faf24c1,T60,1980,"it would be a tax paid by the consumers, and then we're asked to believe that some way, they would get this back to the consumers",Premise
1980_c8596b5b9a215d5d32b2263b6d1aade0,T1,1980,"I believe that all too often in past elections, politicians have simply been promising people things that they cannot deliver.",Claim
1980_fd2a3ec0efe5185dcc9a06154c8d79d1,T2,1980,to tell the voters of this country exactly what I think it's going to cost,Premise
1980_b39a73872f86c4bbff398056fa737d86,T3,1980,I have been very careful in saying that what I'm going to do is to bring Federal spending under control first,Claim
1980_1d2b76a33ace5b8074070e11a0f5745d,T4,1980,ohn's been in the Congress for 20 years,Premise
1980_012d287fbf7acb3f7045b19818341cdc,T5,1980,"ohn tells us that first, we've got to reduce spending before we can reduce taxes",Premise
1980_7a7124f41fccb548ac157d7edeb888b6,T6,1980,"if you've got a kid that's extravagant, you can lecture him all you want to about his extravagance.",Premise
1980_9e6ec05978da19ecb0702400fa9cd7d2,T7,1980,you can cut his allowance and achieve the same end much quicker.,Premise
1980_047d62df17ef80540c9e74cdaed156fa,T8,1980,But Government has never reduced Government does not tax to get the money it needs,Premise
1980_597bbed9a665281e1f8aeb75c4aa5773,T9,1980,Government always needs the money it gets,Premise
1980_091de6c3b3be1d88b2657d25a64795d7,T10,1980,"John talks about his non-inflationary plan, as far as I have been able to learn, there are 88 proposals in it that call for additional Government spending programs.",Claim
1980_8063db799b9d6dcf3f2460a7d86294f8,T211,1980,"When these Presidential Debates were held just four years ago, I remember the incumbent President, who was willing to debate, President Ford, telling the American people that they simply ought not to vote for somebody who promised more than they could deliver",Premise
1980_8863305dbbec5108a1be73377c2769eb,T212,1980,we've seen what has happened,Premise
1980_3fea61563890422f39cbc24d2a6b5d86,T213,1980,We haven't gotten either the economies in Government that were promised,Claim
1980_924816bf792d8feee523245abf9c47d7,T214,1980,we haven't gotten the 4% inflation that we were supposed to get at the end of Mr. Carter's first term,Premise
1980_328d62beac542f32de7bc5885a612625,T215,1980,"Instead we had, I think, in the second quarter, a Consumer Price Index registering around 12%",Premise
1980_78e635f75807a36d07c8e1689017a296,T216,1980,I think my programs are far less inflationary than those of Governor Reagan,Claim
1980_686a7bc9b5e10ff20356b78f81f26fb5,T217,1980,"nobody really knows, with the latest increase in the Wholesale Price Index - that's about 18% on an annualized basis - what it's going to be",Premise
1980_a82b389a49469b9441efbe6046742e0a,T218,1980,"His own running mate, when he was running for the Presidency, said that they would cost 30% inflation inside of two years, and he cited his leading economic advisor, a very distinguished economist, Paul Macavoy, as the source of that information",Premise
1980_dbed3bf245ed936c1417135eee46f3a3,T219,1980,"He went so far as to call it ""brutal economics.""",Premise
1980_e3b02772344a146f718ce68506cc5d92,T220,1980,"I'm going to wait until I see that that inflation rate is going down, before I even begin to phase in the business tax cuts that I've talked about",Claim
1980_dff9e24d23c117e4b918528af65fb2b0,T221,1980,"I think, by improving productivity, they would be far less inflationary than the consumption-oriented tax cut that Governor Reagan is recommending",Claim
1980_6d3271010d162ea97a9706224432a171,T222,1980,"I would like to stand here and promise the American people a tax cut, as Governor Reagan has done",Premise
1980_52d6a4e8a47b79579638d75ded8fd974,T223,1980,it's gotten to be about $122 difference,Premise
1980_a43164bbeca70153d6494020e5d1d737,T224,1980,Somebody worked it out,Claim
1980_7455e99e94e578b9c4c0e344f8dc74fd,T225,1980,"they figured out that between the tax cut that Governor Reagan is promising the American people, and the tax cut that Jimmy Carter is promising in 198I, his is worth about $122 more",Premise
1980_a7ea91d96797c15ce8a0ce1099b59aa4,T226,1980,"one is going to give you $122 more if you happen to be in that range of about a $20,000-a-year income",Premise
1980_c81d029a2afde81571f340264ca6e9ce,T227,1980,"you, dear voters, are out there on the auction block, and these two candidates are bidding for your votes",Claim
1980_5d4cae966ba368a7cd53fcb48bb4bcea,T228,1980,I don't have to,Claim
1980_074311528d0da9f096c23e22ba61f436,T229,1980,I've done it,Claim
1980_c069b90058f312410cf2a57e248c614c,T230,1980,"We have a back-up paper to my economic speech of a couple of weeks ago in Chicago, that gives all of the figures",Premise
1980_2c9d7bf71d6db004ba13d09826997746,T231,1980,"And we used - yes, we used - the Senate Budget Committee's projections for five years, which are based on an average inflation rate of 7.5%",Premise
1980_69ed89581709bfbcabfb0879a95b2cfe,T232,1980,"which, I think, that under our plan, can be eliminated",Claim
1980_351176a99b5eaa1c7d89082052d0f3e2,T233,1980,"eliminated probably more quickly than our plan, but we wanted to be so conservative with it, that people would see how. how well it could be done",Premise
1980_f05319ea40047606c830273fcee7f19e,T234,1980,I speak with some confidence of our plan,Claim
1980_6d141fe77ab22a6bd48441d118a27512,T235,1980,"I took over a state - California - 10% of the population of this nation - a state that, if it were a nation, would be the seventh-ranking economic power in the world",Premise
1980_1e4f722e9862b3307eb08015d9d9828a,T236,1980,that state we controlled spending,Claim
1980_284adae327f8bf5f67f46dc365801fea,T237,1980,We cut the rate of increase in spending in half,Claim
1980_e2defd0d3e1a0819663d68ed7942318a,T238,1980,"at the same time, we gave back to the people of California - in tax rebates, tax credits, tax cuts - $5.7 billion",Premise
1980_1ad13e6f59176836159ea4ad11f0fa7f,T239,1980,I believe the budget can be balanced by 1982 or 1983,Claim
1980_9933705cec84a880f44e5cb025b70611,T240,1980,"it is a combination of planned reduction of the tax increase that Carter has built into the economy, and that's what he's counting on for his plan",Premise
1980_e59f1c0e0370156dabf39401e5be4415,T241,1980,"he's going to get a half-a-trillion dollars more over the next five years that he can use for additional programs, or hopefully, someplace down the line, balancing the budget",Premise
1980_15dbb50a41b81dc3db6559db48c40717,T242,1980,We believe that that's too much additional money to take out of the pockets of the people,Claim
1980_c6ae42c06edd75926d5f678642d71ab0,T243,1980,I vetoed 993 measures without having a veto overturned,Premise
1980_0f7de951019d6a047af4a5aadc766b63,T244,1980,"among those vetoes, I stopped $16 billion in additional spending",Claim
1980_3fb916e3725382994bd173e783f07983,T245,1980,"the funny thing was that California, which is normally above the national average in inflation and unemployment, for those six years for the first time, was below the national average in both inflation and unemployment",Premise
1980_c84ce543308747afaf51758b85cf3f40,T246,1980,We have considered inflation in our figures,Claim
1980_bff332260ce7205431adf65dd9ab6e22,T247,1980,"We deliberately took figures that we, ourselves, believed were too conservative",Premise
1980_88703598d5268ac22348cb59c860a03f,T248,1980,"Spending, in other words. more than doubled, and it rose at a faster rate than spending was rising in the Federal Government",Claim
1980_8bf8da48329e7bcaadbab182bfe53ef8,T249,1980,"despite his pledge to reduce state Government spending, that it rose from $4.6 billion when he took office in 1967, to $10.2 billion during his eight years in office",Premise
1980_7462d45db2799a280b2633fb8577df46,T250,1980,"I have seen his program costed out to the point where it would amount to more than $300 million a year, just for the military",Claim
1980_7145bed0f9f6acd12590309b15c368af,T251,1980,I think the figures that he has given are simply not going to stand up,Claim
1980_6551ce9e70275b4df8cd674aa60872fe,T252,1980,"on his very optimistic figures about his tax cut producing a balanced budget by 1983, and the fact that he is using, he says, the figures of the Senate Budget Committee, that Senate Budget Committee Report does not accommodate all of the Reagan defense plans",Premise
1980_7337170cd1ef60e829ba263cef6e1e6a,T253,1980,"some people look up figures, and some people make up figures",Premise
1980_9524fe7d82a29b5a7df5b6f2bca06fd5,T254,1980,John has just made up some very interesting figures,Claim
1980_a352379db6989a99e19441a2ee5e47d7,T255,1980,"We took the Senate report, of course",Premise
1980_25366b97228ac4df61399e3f6294ef34,T256,1980,"we did factor in our own ideas with regard to increases in the projected military spending that we believe would, over a period of time, do what is necessary",Claim
1980_f1809b1b8aadacc927ec3a82348c077c,T257,1980,"I think being Governor of California is probably the closest thing to the Presidency, if that's possible, of any executive job in America today",Claim
1980_457bb4c3c752cc25312fa78adfc78121,T258,1980,it is the most populous state,Premise
1980_297236c56f287f9096876ed5b431f31f,T259,1980,we did cut the increase in spending in half,Claim
1980_42be50ea584daa44d267439bfefd43b3,T260,1980,John doesn't quite realize - he's never held an executive position of that kind,Premise
1980_13e9ebf3c41cb4345b179aa80b8681f0,T261,1980,"we reduced, in proportion of other states, the per capita spending, the per capita size of Government",Claim
1980_b9e2179e8d80afbcc799c875e2b68b63,T262,1980,we only increased the size of Government one-twelfth what it had increased in the preceding eight years,Premise
1980_37353e21e8d52c7e7a8c2c188635626b,T263,1980,"one journal, the San Francisco Chronicle, a respected newspaper, said there was no question about the fact that Governor Reagan had prevented the State of California from going bankrupt",Premise
1980_9cec2a8b39c8dad0dd4913c903448b17,T1,1980,the Federal Government has pre-empted,Claim
1980_ef4ab83bb9cf92037ff76945fb0d0339,T148,1980,the military is not the only area in crisis,Claim
1980_d908b46a7526b7f91e65007a04e13ad3,T149,1980,"American cities are physically wearing out, as housing, streets, sewers and budgets all fall apart",Premise
1980_c254a676abb0ed250b50353c91ea732e,T150,1980,all of this is piled upon the emotional strain that comes from refugees and racial confrontations,Premise
1980_75e1f88b9a1f55fad9fe1b32d800ae0f,T151,1980,I don't think I'd have to go against that pledge,Claim
1980_bd91822d1a55a4d907635a2d842cc5f6,T152,1980,I think one of the problems today with the cities is Federal aid,Claim
1980_70ece5b3a83b318ce5c6202fd0f2db4e,T153,1980,"The mayors that I've talked to in some of our leading cities tell! me that the Federal grants that come with. for a specific cause or a specific objective, come with such red tape, such priorities established by a bureaucracy in Washington, that the local government's hands are tied with regard to using that money as they feel could best be used, and for what they think might be the top priority",Premise
1980_8319b26f397861e2af1dcdb541f8cd15,T154,1980,"If they had that money without those government restrictions, every one of them has told me they could make great savings and make far greater use of the money",Premise
1980_61e98cf2f4aa60b2fab928664436608e,T155,1980,"What I have been advocating is, why don't we start with the Federal Government turning back tax sources to states and local governments, as well as the responsibilities for those programs?",Claim
1980_7eb49796631bdb5cc6876c97bae4d60f,T156,1980,Seventy-five percent of the people live in the cities,Premise
1980_64fa5eb5a853b67919d09ba36be6872d,T157,1980,I don't know of a city in America that doesn't have the kind of problems you're talking about,Premise
1980_e4269b1499abea86da1f5b8cdf21f3a3,T158,1980,where are we getting the money that the Federal Government is putting out to help them?,Premise
1980_56a05cf5a7c57d8886eb3dd47d2c8325,T159,1980,New York is being taxed for money that will then go to Detroit,Premise
1980_93954fce2c863f0d7542f115e2952610,T160,1980,"Detroit is being taxed for money that, let's say, will go to Chicago",Premise
1980_81cd1ee45a83dc8a2103a3088609d1e2,T161,1980,Chicago is being taxed to help with the problems in Philadelphia,Premise
1980_189767247aac4cd36a90b80895ca7ada,T162,1980,Wouldn't it make a lot more sense if the government let them keep their own money there in the first place?,Claim
1980_86a2d72a64d64c7c658888c927d8e638,T163,1980,there are other things that we can do with the inner cities,Claim
1980_2c54c67a429675bf685e793251c3a696,T164,1980,"I have talked of having zones in those cities that are run down, where there is a high percentage of people on welfare, and offer tax incentives",Premise
1980_d0b933546665325cc1d422245c68e462,T165,1980,"The government isn't getting a tax now from businesses there because they aren't there, or from individuals who are on welfare rather than working",Premise
1980_e391a88c4a877ecb2cb2a21493defa9f,T166,1980,why don't we offer incentives for business and industry to start up in those zones?,Premise
1980_d43443681ef40db155bb42ce01a9834a,T167,1980,Give them a tax moratorium for a period if they build and develop there,Premise
1980_3512ac2d04ec3a1ebe1013734f009f0e,T168,1980,The individuals that would then get jobs - give them a break that encourages them to leave the social welfare programs and go to work,Premise
1980_2432db5f043f922688efd5d73e8905ca,T169,1980,We could have an urban homestead act,Claim
1980_70659b366e758c9cb6eb0d51df709b5b,T170,1980,"We've got thousands and thousands of homes owned by government boarded up, being vandalized, that have been taken in mortgage foreclosures",Premise
1980_8760e2822354b65da956f6ea1b91e41f,T171,1980,"What if we had a homestead act, and said to the people, for $1 we sell you this house",Premise
1980_1ef7e4cb7db276c6994d5d98f0555485,T172,1980,"All have to do is agree to refurbish it, make it habitable, and live in it - just as 100 or more years ago, we did with the open land in this country - urban . or country homesteading",Premise
1980_cee79c7864c8d4d11b70b3d23db3d2cc,T173,1980,"the Anderson-Lucey platform for America, program for the 80s, has devoted considerable time, and in very specific detail, we have talked about two things that ought to be done to aid urban America",Claim
1980_aa78fea996670f1c3cf85c374efb2658,T174,1980,"first of all, for the creation of a $4 billion urban reinvestment trust fund to do exactly what you spoke about in your question - to rebuild the streets, to rebuild the cities, the leaking water mains",Premise
1980_d68e1a9483f3c8a2daf48bb448493bf5,T175,1980,"I was in North Pittsburgh - I think it was a few weeks ago, on my campaign - the water mains in that city had begun to leak, and literally, there wasn't money available to fix them",Premise
1980_5097188514aaa9c7f3e479746c00fb18,T176,1980,"they simply are not going to provide the kind of economic climate that will enable them to retain industry, enable them to retain the kind of solid industrial base that they need, so that they can provide jobs",Claim
1980_ec494d6ad0c000a696877dd3b7300de8,T177,1980,"until we can begin to recreate the basic infrastructure of the great cities of America, particularly in the upper Midwest and in the Northeast",Premise
1980_c895c22efce491aedf25ea8e2114b096,T178,1980,"We have also provided in our program for a $4 billion Community Trust Fund, and we've told you where the money is coming from",Premise
1980_34c1d337689136f6d4fa132e27e19fbd,T179,1980,"It's going to come from the dedication, by 1984, of the excise revenues that today are being collected by the Federal Government on alcohol and tobacco",Premise
1980_0bc6ce08a72df79d475673be07397347,T180,1980,"That money, I think, ought to be put into rebuilding the base of our cities",Claim
1980_cb409a2dcf934789b118b9fc560c0907,T181,1980,jobs programs to re-employ the youth in our cities would be very high on my priority list,Claim
1980_f7801425cad0481d1f579b115b7eea34,T182,1980,the Youth Opportunities Act of 1980,Premise
1980_784c0e498adfbff527fda2b7c3a27515,T183,1980,"a billion-dollar program that I would recommend to put youth to work in energy projects, in conservation projects, in projects that would carry out some of the great national goals of our country",Premise
1980_59a0dcf3176e19b020454448198ab19f,T184,1980,I recently saw a Princeton University study that indicated that the cities of America - the large cities of this country - are in worse shape today than they were in 1960,Premise
1980_c06ab0404f63bffab281ad7d0d286f73,T185,1980,"It seems to totally belie the claim that I heard President Carter make a few days ago, that he was the first President that had come forth with a real urban strategy to meet the problems of urban America",Claim
1980_4358b8f2d5ba7751a64fcd9b42293e9d,T186,1980,"just this past week, the crown jewel in that program that he had devised was stolen, I guess, because a conference committee turned down the ambitious plan that he had to increase the amount of money that would be available to the Economic Development Administration for loan guarantees and direct loans and credits",Premise
1980_b07cc2069d6918539218131bdde44f35,T187,1980,"in my view, this is not the answer to the problem",Claim
1980_2e4df8e967eab6a682563088832ec689,T188,1980,It will come from the pockets of the people,Claim
1980_45b1466916e9f493b8d190d77df88b53,T189,1980,John claims that he is making plain where the money will come from,Premise
1980_e2873e59ee37cb441f755b548da46091,T190,1980,It will come from the pockets of the people who are living in those very areas,Claim
1980_fce5e1b41dee23313cf2a4317fca4b89,T191,1980,"the problem is, with Governments - Federal, State and Local - taking $.44 out of every dollar earned, that the Federal Government has pre-empted too many of the tax sources",Premise
1980_57eabe91b33355aba1acb4ae056e534c,T192,1980,Pittsburgh does not have the money to fix the leaking water mains,Claim
1980_a41f5ab94668659efb69dae8099e148f,T194,1980,"the Federal Government is going to turn around and say, well you have this problem; we will now hand you the money to do it",Premise
1980_25fde15b821dde3543e66b57a970c4ba,T195,1980,the Federal Government doesn't make money,Claim
1980_f7f1110f5561913ffe9230a659f881b1,T196,1980,It just takes - from the people,Premise
1980_27992f50bb9938b78c7f8efa9a18438c,T197,1980,"Stand in the South Bronx as I did, in the spot where Jimmy Carter made his promise that he was going to, with multi-billion dollar programs, refurbish that area that looks like bombed-out London in World War II",Premise
1980_7e1227a16f30415d49ab657c4fc4733a,T198,1980,"I stood there, and I met the people",Premise
1980_b88e0220e580230ed096f8dc95cf10a8,T199,1980,I heard them ask just for something that would give them hope,Premise
1980_1322ec5d597a7e8aea2f37d92e2b5d6f,T200,1980,"I believe that, while all of the promises have been broken, they've never been carried out",Claim
1980_935e622efcfdfbd862ead9ba1415171a,T201,1980,I believe that my plan might offer an opportunity for that,Claim
1980_4bb2eefe5d85522aaa8858a4067407c9,T202,1980,"if we would move into those areas and let, encourage - with the tax incentive - the private sector, to develop and to create the jobs for the people",Premise
1980_8a772af15f808710e5a50b59174b7f98,T203,1980,It seems to me that to deny the responsibility of the Federal Government to do something about our crumbling cities is to deny the opportunity for one thing: To 55% of the black population of our country that is locked within the inner cities of the metropolitan areas of our country,Claim
1980_31d82e4b06b944e036a035f1038f898c,T204,1980,"in those cities today, we have 55% youth unemployment among black and Hispanic youth",Claim
1980_93cbe74668917741e4af627549e8d148,T205,1980,It's because they have lost their industry,Claim
1980_520d3e7ec3ce70165b248042a0a222bd,T206,1980,"they no longer present the kind of viable economic climate that makes it possible for industry to remain there, or to locate there",Premise
1980_d7c62cd77c833974aadb177ee3b16704,T207,1980,I think Government has a responsibility to find jobs for the youth of this country,Claim
1980_45128bea3fe55c69c90d4d921e273c17,T208,1980,the place to start is to assist in the very important and necessary task of helping cities rebuild,Claim
1980_e9c2ac812f47695862a903468f2804e5,T1,1980,"I don't think there's any way that we can suggest that because people believe in God and go to church, that they should not want reflected in those people and those causes they support, their own belief in morality, and in the high traditions and principles which we've abandoned so much in this country",Claim
1980_6efb32a49d32587224d64274114a2c80,T2,1980,"I have said freely, all over this country, that it was a mistake for me or anyone to ever try to put the Judeo-Christian heritage of this country, important as it is, and important as my religious faith is to me - it's a very deeply personal matter",Premise
1980_891c24918aade7a6664b3435a0a6eee9,T264,1980,I think that I have found a great hunger in America for a spiritual revival,Claim
1980_ffd9a6c4b344a78d4bb86f288ccffd39,T265,1980,"I do believe that no one in this country should be denied the right to express themselves, or to even try to persuade others to follow their leader",Claim
1980_36782f62610dba01391057fe5643f1dd,T266,1980,That's what elections are all about,Claim
1980_25387b885df7a1b95ce5b1c26f835932,T267,1980,For a belief that law must be based on a higher law,Claim
1980_74517eb44f9f31e43ca8bfaccc4664e6,T268,1980,For a return to traditions and values that we once had,Claim
1980_1eeb7cb04c6b13a375d9453906e9f0dc,T269,1980,"Our Government, in its most sacred documents - the Constitution and the Declaration of Independence and all - speak of man being created, of a Creator",Premise
1980_42690f1034cfde2727f804885195c014,T270,1980,That we're a nation under God,Premise
1980_5b6aa3a8c76bd982266d204a98fc4ebd,T271,1980,I have thought for a long time that too many of our churches have been too reluctant to speak up in behalf of what they believe is proper in Government,Premise
1980_41994d917722bf5ef43b20e60e9a29f6,T272,1980,"they have been too too lax in interfering, in recent years, with Government's invasion of the family itself, putting itself between parent and child",Premise
1980_eae3297bc348d44f7886fc303f6d167c,T273,1980,"I vetoed a number of bills of that kind myself, when I was in California",Premise
1980_6007abe44817e6791003537bab977069,T274,1980,"to try to tell the parishioners of any church, of any denomination, how they should vote, or for whom they should vote, I think violates the principle of separation of church and state",Claim
1980_2260ca41cd7cd5d6fcfc52a45be8fb91,T275,1980,certainly the church has the right to take a position on moral issues,Premise
1980_32672b530a8ad63dfcbd2830597ee76d,T276,1980,I think that is a moral issue that ought to be left to the freedom of conscience of the individual,Claim
1980_2bfdee7f8134e0fdcddc8b5b7dc3590a,T277,1980,Governor Reagan is running on a platform that calls for a Constitutional amendment banning abortion,Premise
1980_776b9bcaec8a979dc025e5b0a42691bd,T278,1980,"for the state to interfere with a Constitutional amendment, and tell a woman that she must carry that pregnancy to term, regardless of her personal belief, that, I think, violates freedom of conscience as much as anything that I can think of",Premise
1980_c90a1a2615f812eee5f3f5f9a0c6411c,T279,1980,I believe in freedom of choice,Claim
1980_c9c31d64831ad6bd5f224761df65d1c3,T280,1980,I don't believe in Constitutional Amendments that would interfere with that,Claim
1980_171aa5e880b2dfd32ca8f350b604430a,T281,1980,I don't believe in trying to legislate new tests for the selection of the Federal Judiciary,Claim
1980_5631c0f4d19e1ea90c285f534cbb5461,T282,1980,"he is also running on a platform that suggests a litmus test for the selection of judges - that only judges that hold a certain, quote, ""view,"" on the sanctity of family life, ought to be appointed to the Federal Judiciary, one of the three great independent branches of our Government",Premise
1980_664bf9b19809572d2e1883b2f95e4b4d,T283,1980,"for me to try, in this very pluralistic society of ours, to try to frame any definition, whatever, of what that belief should be, is wrong",Claim
1980_586ac374e380d4e0ccd26c22bbe295d7,T284,1980,"On the Amendment that you mentioned, I abandoned it 15 years ago",Claim
1980_6605f97994db4fb6f4043ee1054e1c96,T286,1980,"not once, but twice - in 1971 - I voted on the floor of the House of Representatives against a Constitutional amendment that tried to bring prayer back into the public schools",Premise
1980_4b1eb14e5786990aca90d03e1d2c9fe2,T287,1980,"I think mother ought to whisper to Johnny and to Susie, as they button their coats in the morning and leave for the classroom, ""Be sure to say a prayer before you start your day's work.""",Premise
1980_58fb0cccc21e7cb145812760cea32b98,T288,1980,"I don't think that the state, the Board of Regents, a Board of Education, or any state official, should try to compose that prayer for a child to recite",Claim
1980_cfca59db6d3c5a2f90b614a2073f6598,T289,1980,I don't think that's a bad idea,Claim
1980_e9e6cffad0d9105521d4872f48a8374d,T290,1980,I think all of us should have a respect for innocent life,Claim
1980_af42914b880b24c562ea3159356b9464,T291,1980,"The litmus test that John says is in the Republican platform, says no more than the judges to be appointed should have a respect for innocent life",Premise
1980_c1d3e67ee67e6fb20d511bf33f0aed27,T292,1980,I happen to believe it is,Claim
1980_68c539e9678f730d3d980dcd9d12e514,T293,1980,I do believe that maybe we could find the answer through medical evidence,Claim
1980_409990a0b9d53a8a833f19f8be1596e6,T294,1980,"if we would determine once and for all, is an unborn child a human being?",Premise
1980_056706d4b6f7dff1988c726770107395,T295,1980,"With regard to the freedom of the individual for choice with regard to abortion, there's one individual who's not being considered at all",Claim
1980_8b0c6bbebd019a21d38f64da415644de,T296,1980,That's the one who is being aborted,Premise
1980_3db0dd2c91f8f3911121a250925a1427,T297,1980,I've noticed that everybody that is for abortion has already been born,Premise
1980_e420b23c8a510ddba0218e408a591c13,T298,1980,I also think that that unborn child has a right to be wanted,Claim
1980_1dbf2975ed88e27fb3e4d30b5050a801,T299,1980,"I also believe, sir, that the most personal intimate decision that any woman is ever called upon to make is the decision as to whether or not she shall carry a pregnancy to term",Claim
1980_002f153a1fc62907990206414914c0cc,T300,1980,"for the state to interfere in that decision, under whatever guise, and with whatever rationale, for the state to try to take over in that situation, and by edict, command what the individual shall do, and substitute itself for that individual's conscience, for her right to consult her rabbi, her minister, her priest, her doctor - any other counselor of her choice - I think goes beyond what we want to ever see accomplished in this country",Claim
1980_a78ee94076b3b742a46bcb6b98784dfc,T301,1980,if we really believe in the First Amendment,Premise
1980_f5b553451c64575d2ee7ce756147e837,T302,1980,if we really believe in freedom of choice and the right of the individual,Premise
1980_d4daa66a564401469b7196200db70de3,T1,1980,this land was placed here between the two great oceans by some divine plan,Claim
1980_6c413e1e068f960f8e635959aca52c28,T2,1980,people who had a special love for freedom and who had the courage to uproot themselves and leave hearth and homeland,Claim
1980_40233f5d00ed4e32acb38a0505530105,T3,1980,to be found by a special kind of people,Claim
1980_a6c7aca4f950910bc26a64e029eb727f,T4,1980,We came from 100 different corners of the earth.,Premise
1980_2587c06fb1bb745fed4cd142669974b7,T5,1980,We spoke a multitude of tongues.,Premise
1980_677f06d81346ecc0febf1f0b3899ce48,T6,1980,"went out over the mountains and the prairies and the deserts and the far western mountains to the Pacific, building cities and towns and farms, and schools and churches.",Premise
1980_41e99a32ed7192cc644f4301c5850cd8,T7,1980,"If wind, water or fire destroyed them, we built them again.",Premise
1980_eb27d3466d4716267bc36d71022e5e88,T8,1980,"we built a new breed of human called an American - a proud, an independent., and a most compassionate individual, for the most part",Claim
1980_1672ae2d21d71f61d1571953ebc66577,T9,1980,"Two hundred years ago, Tom Paine, when the 13 tiny colonies were trying to become a nation, said, we have it in our power to begin the world over again",Premise
1980_98ef06f3c657bfbad103e97934cfb880,T10,1980,we're confronted with the horrendous problems that we've discussed here tonight,Premise
1980_399d99b663c992dcf82b314cdd332b61,T11,1980,"some people in high positions of leadership, tell us that the answer is to retreat",Premise
1980_6db3460245d477160a81739a30be2173,T12,1980,That the best is over,Premise
1980_c65ca28d9c9bf3f4bfb1a6ca0f01ecaa,T13,1980,That we must cut back.,Premise
1980_288c08b0ae05c9e8fe079d4c2a30d6b4,T14,1980,That we must share in an ever-increasing scarcity.,Premise
1980_1af2649e4dd09ed793988d6607fea915,T15,1980,"That we must, in the failure to be able to protect our national security as it is today, we must not be provocative to any possible adversary.",Premise
1980_b0880e9440b010e788e9e2758daf3802,T16,1980,"For 200 years, we've lived in the future, believing that tomorrow would be better than today, and today would be better than yesterday",Premise
1980_3b61011f3212b3cde07cb9c03be79e0f,T17,1980,Do you really think that our economy is healthy?,Premise
1980_c4ca4b9a39ac221c31a2f03abb325666,T18,1980,8 million Americans being out of work and the 50% unemployment among the youth of our country are acceptable?,Premise
1980_5304c9b50ce8cde940f79f349287ff99,T19,1980,Do you think that our political institutions are working the way they should when literally only half of our citizens vote?,Premise
1980_4fcb1249987f42331f78da836e1b026a,T20,1980,I thank the League of Women Voters for the opportunity that they have given me,Premise
1980_dc0ab6c7214f07be0594728a59bbc10d,T21,1980,our armed forces are really acceptably strong in those areas of conventional capability where they should be?,Premise
1980_e01f6b723ea58e2a50dc350d7a2cb24e,T303,1980,there might be some feeling of unfairness about this,Claim
1980_eab435fbf81d27687cf8bab7ef0c69c0,T304,1980,he was not here to respond,Premise
1980_a729e055ff5d73e807fd31ad02fc3a64,T305,1980,"I would just like to remark a concern that I have that we have criticized the failures of the Carter policy here rather considerably, both of us this evening",Premise
1980_cb479c1ba98068f3acf86d68a6c82476,T306,1980,I believe it would have been much more unfair to have had John Anderson denied the right to participate in this debate,Claim
1980_f3155ed3e3580c634648258406e3da3c,T307,1980,I want to express my appreciation to the League of Women Voters for adopting a course with which I believe the great majority of Americans are in agreement,Premise
1980_420b33013c93433dadaed807a3b6bd8a,T308,1980,I still believe that,Claim
1980_3e592ae96518770709ff18b00e323a50,T309,1980,I'm not running for the Presidency because I believe that I can solve the problems we've discussed tonight,Claim
1980_a4af18b3f2998da40d8164cc7873f0eb,T310,1980,"I believe the people of this country can, and together, we can begin the world over again",Claim
1980_2d0b16a94e246e613ee32854c4a9a4b6,T311,1980,"President Carter was not right a few weeks ago when he said that the American people were confronted with only two choices, with only two men, and with only two parties",Claim
1980_af7fb7d675cc2d3e358446f75e5e15dc,T312,1980,I am running for President as an Independent,Claim
1980_90886b9fd8cbc551ea281f708a275ebc,T313,1980,I believe our country is in trouble,Claim
1980_518216dd85edc35f4f9be081d73894c6,T314,1980,I believe that all of us are going to have to begin to work together to solve our problems,Claim
1980_6da9169351cc92f1fd22f5cd56aebe25,T315,1980,I don't think you do think that,Claim
1980_18c127dceeee3f8ad1bb0bacf0d4bd66,T316,1980,"I think you ought to consider doing something about it, and voting for an Independent in 1980",Claim
1980_4caf3b48843f3aabb67c1f77e70d78f6,T317,1980,a generation of office seekers has tried to tell the American people that they could get something for nothing,Premise
1980_60f31d5bc2260529a5cce3b81948a2ae,T318,1980,"It's been a time, therefore, of illusion and false hopes, and the longer it continues, the more dangerous it becomes",Premise
1980_1b13f5d8147e69760b6f2de5c2985c67,T319,1980,We've got to stop drifting,Claim
1980_f610fa23feaf4f5107f704ddd7b9293d,T320,1980,"Those are some of the great issues - atomic warfare, the use of our natural resources, and the issue of nationalism - that I intend to be talking about in the remaining six weeks of this campaign",Claim
1980_3b496c9d567870cb27f366657a7a3e37,T321,1980,that an Independent government of John Anderson and Patrick Lucey can give us the kind of coalition government that we need in 1980 to begin to solve our problems,Claim
1980_7b549968923096dc7e90465e7cdba1a4,T322,1980,"The living Americans today have fought harder, paid a higher price for freedom, and done more to advance the dignity of man than any people who ever lived on this earth",Claim
1980_365d418170830e9f569eefcff925aad8,T323,1980,"we, the living Americans, have gone through four wars",Premise
1980_26ea9a0f3a2fced86988620630f89545,T324,1980,We've gone through a Great Depression in our lifetime that literally was worldwide and almost brought us to our knees,Premise
1980_c4f7e0b1208e5ad236a2c1c40edff5ad,T325,1980,we came through all of those things and we achieved even new heights and new greatness,Claim
1980_2015599e1136b8e092ec2f0b7138ce51,T326,1980,"We can meet our destiny - and that destiny to build a land here that will be, for all mankind, a shining city on a hill",Claim
1980_10fde888fd1f14dc0e8a8d1cae2cf307,T327,1980,I think you've seen tonight in this debate that Governor Reagan and I have agreed on exactly one thing,Claim
1980_7a0f3e258b000c91903dd861c2e631f0,T328,1980,we are both against the reimposition of a peacetime draft,Premise
1980_52a40973b060d860a950f7adcad70853,T329,1980,"We have disagreed, I believe, on virtually every other issue",Premise
1980_2afd2eabe6a5fdba03a501ab75c5433c,T330,1980,What I wish tonight so desperately is that we had had more time to talk about some of the other issues that are so fundamentally important,Premise
1980_07297861aee33f4cbcf8689b7d40639a,T331,1980,"A great historian, Henry Steele Commager, said that in their lust for victory, neither traditional party is looking beyond November",Premise
1980_4db4de43bbb3f2d2a033f6f3489e7933,T332,1980,"he went on to cite three issues that their platforms totally ignore: atomic warfare, Presidential Directive 59 notwithstanding",Premise
1980_390d1a8e6e1127473a5744ef2da3f892,T333,1980,"If we don't resolve that issue, all others become irrelevant",Claim
1980_5064c108ca87034ee89fdfcc68ef4265,T334,1980,"The issue of our natural resources; the right of posterity to inherit the earth, and what kind of earth will it be?",Premise
1980_188c4599344476cb7d670d7a08a21b48,T335,1980,"The issue of nationalism - the recognition, he says, that every major problem confronting us is global, and cannot be solved by nationalism here or elsewhere - that is chauvinistic, that is parochial, that is as anachronistic as states' rights was in the days of Jefferson Davis",Premise
1980_2003e08191dc11940412949931bbaca5,T1,1980,"when you were elected in 1976, the Consumer Price Index stood at 4.8%",Premise
1980_fa758a68c6706c2df2e057651f0658c4,T2,1980,It now stands at more than 12%,Premise
1980_af20897ae940f6b46c666de52fdcb1c2,T3,1980,"the nation's broader, underlying inflation rate has gone up from 7% to 9%",Premise
1980_4e38b1dc4cc0e78f6c304e30b1c77cd6,T4,1980,"a part of that was due to external factors beyond U.S. control, notably the more than doubling. of oil prices by OPEC last year",Claim
1980_a234b4dcef56646cf97e66de5656810b,T5,1980,the United States remains vulnerable to such external shocks,Claim
1980_63d7b9f2484d702e1b3677789706d3a4,T6,1980,"In 1974, we had a so-called oil shock, wherein the price of OPEC oil was raised to an extraordinary degree",Premise
1980_6c90b3c33e81de02e67a041907373ac7,T7,1980,We had an even worse oil shock in 1979,Premise
1980_5726edcd6c2d4ce68af93b537bc11c24,T8,1980,"In 1974, we had the worst recession, the deepest and most penetrating recession since the Second World War",Premise
1980_7a08993b3ae174ef6dcad926c90eca6a,T9,1980,The recession that resulted this time was the briefest since the Second World War,Claim
1980_53bd06e688ec34db6b2d44b91f1b1164,T10,1980,we've brought down inflation,Claim
1980_4cd7b9750de3f1d5675e0468a0221918,T11,1980,"Earlier this year, in the first quarter, we did have a very severe inflation pressure brought about by the OPEC price increase",Premise
1980_abcf53ee8429216f322233b79425d4f5,T12,1980,It averaged about 18% in the first quarter of this year,Premise
1980_2e12c04f99249a2312ccd748b069ba6e,T13,1980,"In the second quarter, we had dropped it down to about 13%",Premise
1980_7cc51081ff5536aedfc8adfc2c392724,T14,1980,"The most recent figures, the last three months, on the third quarter of this year, the inflation rate is 7% - still too high",Premise
1980_62b31e6858a8733882c0a11a4dbfb8cb,T15,1980,providing an enormous number of jobs,Claim
1980_b0618c69fd2be1e9bf798876f79f88b2,T16,1980,nine million new jobs in the last three and a half years,Premise
1980_c5f22f502e55775d258004d845f51881,T17,1980,the inflationary threat is still urgent on us,Claim
1980_ac1497717ac56ba4ac2a9d54a18270c3,T18,1980,"his own running mate, George Bush, described as voodoo economics, and said that it would result in a 30% inflation rate",Premise
1980_322b866b5d400c33ba5f53abd1bbb765,T19,1980,"Business Week, which is not a Democratic publication, said that this Reagan-Kemp-Roth proposal - and I quote them, I think - was completely irresponsible and would result in inflationary pressures which would destroy this nation",Premise
1980_38f035ceea7106347df90189eeba8689,T20,1980,our proposals are very sound,Claim
1980_72ebdc122608657022b9056c78c7b055,T21,1980,very carefully considered to stimulate jobs,Claim
1980_453e148c44063f438f68245aef88864a,T22,1980,to improve the industrial complex of this country,Claim
1980_cebea70ff80e04c997f094b05568bc50,T23,1980,to create tools for American workers,Claim
1980_0ff5588fff8ab2dd8a6b4e6b199dfbb4,T24,1980,at the same time would be anti-inflationary in nature,Claim
1980_864eba64e3146cabdafc3aee188c09ac,T25,1980,"to add nine million new jobs, to control inflation, and to plan for the future with an energy policy now intact as a foundation is our plan for the years ahead",Claim
1980_16bd0b8f15c72200118bf9e157d43e58,T30,1980,"I believe this responsibility for preserving the peace, which I believe is a responsibility peculiar to our country",Claim
1980_9317d6840af09ab3030270274b5c434c,T36,1980,"the air pollution standard laws that were passed in California were passed over the objections of Governor Reagan, and this is a very well-known fact",Premise
1980_2a40855e8abffe62c6fbf72b18245e01,T58,1980,H. L. Mencken said that for every problem there's a simple answer. It would be neat and plausible and wrong,Premise
1980_0876e4d7488281e6e2f272ccdf21b9c3,T99,1980,Yes,Claim
1980_97c29017c4af839f4033ef7dff7c46be,T100,1980,they have done very well,Claim
1980_9d495716b2653726de7b5b68e776a949,T101,1980,we're importing today about one-third less oil from overseas than we did just a year ago,Premise
1980_ac213de434ecb1e5a398dc4bbc220d5d,T102,1980,We've had a 25% reduction since the first year I was in office,Premise
1980_193350545b27e00209ffabbb19c0b856,T103,1980,we have added about nine million net new jobs in that period of time - a record never before achieved,Premise
1980_4d1fb9e9c12c0ab64a6a43df78505002,T104,1980,"increase in production of American energy, which is going along very well",Claim
1980_5450790e953a93e0a5e5767e0161371e,T105,1980,more coal this year than ever before in American history,Premise
1980_7cd1ba1a48555739390004f490b44c50,T106,1980,more oil and gas wells drilled this year than ever before in history,Premise
1980_2c25baa3ee095232cd232fe76cb753af,T107,1980,"The new economic revitalization program that we have in mind, which will be implemented next year, would result in tax credits",Claim
1980_14c84a4f7f4e23f4f1c0ffc35e1824a3,T108,1980,which would let business invest in new tools and new factories to create even more new jobs - about one million in the next two years,Claim
1980_088fd3fb289cad01f5c1654c5768d28a,T109,1980,"we also have planned a youth employment program which would encompass 600,000 jobs for young people",Claim
1980_6e384247aa91f40586e2a492edafb217,T110,1980,"during the past four years, the Consumer Price Index has risen from 4.8% to currently over 12%",Premise
1980_824bf1e0c868f595cb82b23736a3f8dc,T111,1980,"perhaps more significantly, the nation's broader, underlying rate of inflation has gone up from 7% to 9%",Premise
1980_9a8b35041e94a396c40e157de8755d6e,T112,1980,"a part of that has been due to external factors beyond U.S. control, notably the more than doubling of OPEC oil prices last year",Claim
1980_617dd63001f8b290e60c5967f4beb239,T113,1980,the United States remains vulnerable to such external shocks,Claim
1980_339bede1d7aeecf3a935b229aa66c753,T114,1980,he has blamed the people for inflation,Claim
1980_f3e81bef7423a89510c8a20123e61fb1,T115,1980,"OPEC, he has blamed the Federal Reserve system",Premise
1980_45907c8de40856a30b534de195cc8f61,T116,1980,he has blamed the lack of productivity of the American people,Premise
1980_cb1635505160cfd779b09d5040fa38f3,T117,1980,"he has then accused the people of living too well and that we must share in scarcity, we must sacrifice and get used to doing with less",Premise
1980_3f054c517508e9ef622761fe93bd46a3,T118,1980,We don't have inflation because the people are living too well,Claim
1980_df307f0867c5f68648ac14f4ec533f80,T119,1980,We have inflation because the Government is living too well,Claim
1980_bb6042328d0d1d5a2096424e1271b523,T120,1980,we will have a very poor nation and a very unsound economy,Claim
1980_36636041b1382a6bcb33e625b55d57f3,T121,1980,if we follow that path,Premise
1980_ec0c91ab7a82c7adc39643d68b7f8cfa,T122,1980,"I think this idea that has been spawned here in our country that inflation somehow came upon us like a plague and therefore it's uncontrollable and no one can do anything about it, is entirely spurious and it's dangerous to say this to the people",Claim
1980_6ea45704e332215bfe0d404ea09f4b3b,T123,1980,"When Mr. Carter became President, inflation was 4.8%, as you said",Premise
1980_0652b0ee034735e35f514261ad6e809d,T124,1980,It had been cut in two by President Gerald Ford,Premise
1980_b50ad7fa05a10a248f556a21f6f4a267,T125,1980,It is now running at 12.7%,Premise
1980_1eccff99b3f313846e0c5f8ae6374e64,T126,1980,President Carter also has spoken of the new jobs created,Premise
1980_af966b4e4ffa7324aff63fe98d84bae8,T127,1980,"we always, with the normal growth in our country and increase in population, increase the number of jobs",Premise
1980_20089b784ba2eb646b46cf198e046f4e,T128,1980,"that can't hide the fact that there are eight million men and women out of work in America today, and two million of those lost their jobs in just the last few months",Premise
1980_b609f0fc1c5cfb0000b159495d4177c9,T129,1980,Mr. Carter had also promised that he would not use unemployment as a tool to fight against inflation,Claim
1980_0e47dcb9ea97bfd9e0eae2a27a901628,T130,1980,"his 1980 economic message stated that we would reduce productivity and gross national product and increase unemployment in order to get a handle on inflation, because in January, at the beginning of the year, it was more than 18%",Premise
1980_f1b453f341ae0fac2acbabfe8ec0f21e,T131,1980,my economic plan calls for that,Claim
1980_7a5614ea2fb1b7ae9c6ce7dcfaac26da,T132,1980,you can lick inflation,Claim
1980_d82c518938cbb1a669d6961bc842ab92,T133,1980,by increasing productivity,Premise
1980_ca11595d1fd642ae50672f4b2ddedbc0,T134,1980,"by decreasing the cost of government to the place that we have balanced budgets, and are no longer grinding out printing press money, flooding the market with it because the Government is spending more than it takes in",Premise
1980_c8e20b87a92f3d5b19cff7a78fbfaf06,T135,1980,The President's economic plan calls for increasing the taxes to the point that we finally take so much money away from the people that we can balance the budget in that way,Premise
1980_4d6fbb06e88049d8433e019fd89b459f,T136,1980,I believe that there is enough extravagance and fat in government,Claim
1980_980cf57f21ce499cfb04867ee4aacbbc,T137,1980,one of the secretaries of HEW under Mr. Carter testified that he thought there was $7 billion worth of fraud and waste in welfare and in the medical programs associated with it,Premise
1980_7810d283d66efcaf05ace392aa5eba22,T138,1980,"Office estimate that there is probably tens of billions of dollars that is lost in fraud alone, and they have added that waste adds even more to that",Premise
1980_0bc40f23eb70e77ea98eb1deef57e6d7,T139,1980,We have a program for a gradual reduction of Government spending based on these theories,Premise
1980_e0232ffb2927f6768b4b65808a7175b9,T140,1980,I have a task force now that has been working on where those cuts could be made,Premise
1980_f2d114097fd537b056e2b4076f6c2de4,T141,1980,I'm confident that it can be done and that it will reduce inflation,Claim
1980_362a15f0b94f0729ea9cb5a7aed8d4c5,T142,1980,I did it in California,Premise
1980_93deb45b6d032b41c9a30d25b9344037,T143,1980,inflation went down below the national average in California when we returned the money to the people and reduced Government spending,Premise
1980_c4d5c7ff3e915c0cb53239c207ec8732,T144,1980,"Governor Reagan's proposal, the Reagan-Kemp-Roth proposal, is one of the most highly inflationary ideas that ever has been presented to the American public",Claim
1980_d5914fa8d0acc513615248cfbd819600,T145,1980,He would actually have to cut Government spending by at least $130 billion in order to balance the budget under this ridiculous proposal,Premise
1980_2416f243b54bb3698889006d80777b4c,T146,1980,I notice that his task force that is working for his future plans had some of their ideas revealed in The Wall Street Journal this week,Premise
1980_7aeb575ab82ea7231e5ffce2ec9b2094,T147,1980,One of those ideas was to repeal the minimum wage,Premise
1980_55c8495856f210bef696c458c68f99bb,T148,1980,"several times this year, Governor Reagan has said that the major cause of unemployment is the minimum wage",Premise
1980_dd10b94d3c2c4e2790a29dd525f8c69f,T149,1980,This is a heartless kind of approach to the working families of our country,Claim
1980_bc8c51c8aa3437850579576cfd514a23,T150,1980,He more than doubled state spending while he was Governor,Claim
1980_1f44caa700d5131c7ceacb89e11fd3eb,T151,1980,122% increase - and had between a 20% and 30% increase in the number of employees,Premise
1980_cd9753c06a0120344b6d122c0821eacd,T152,1980,In California he had the three largest tax increases in the history of that state under his administration,Premise
1980_17373a580778d772f9c9932ae89d2184,T153,1980,The figures that the President has just used about California is a distortion of the situation there,Claim
1980_615f39eb8b5cf21b56701ee7cf398f52,T154,1980,"while I was Governor of California, our spending in California increased less per capita than the spending in Georgia while Mr. Carter was Governor of Georgia in the same four years",Premise
1980_d569bd74ce22000b60ab6c9d5a9e7919,T155,1980,The size of government increased only one-sixth in California of what it increased in proportion to the population in Georgia,Premise
1980_86f503c39dfbf95a5ba963ac464ea985,T156,1980,I have been talking to a number of Congressmen who have much the same idea that I have,Premise
1980_5e5dce09f43d276a8cea34010c9d5592,T157,1980,"in the inner city areas, that in cooperation with the local government and the national Government, and using tax incentives and with cooperating with the private sector, that we have development zones",Claim
1980_a1c7d7985d91ebb64a66d89324cb1ac6,T158,1980,"Let the local entity, the city, declare this particular area, based on the standards of the percentage of people on welfare, unemployed, and so forth, in that area",Premise
1980_e21653aaad32f140531c78cfa518890c,T159,1980,"through tax incentives, induce the creation of businesses providing jobs and so forth in those areas",Premise
1980_611b028789d05ce04e4ea8fa922651ab,T160,1980,"For example, a business that would not have, for a period of time, an increase in the property tax",Premise
1980_7348c56bc8c9c2d8045abb6afc3c456d,T161,1980,its development of the unused property that it was making wouldn't be any loss to the city,Claim
1980_ba4d6fcec59a8187d811460bb598d750,T162,1980,the city isn't getting any tax from that now,Premise
1980_daae1ab8797c1174f78a6912806b7530,T163,1980,there would simply be a delay,Premise
1980_d45925f45893bbc8d84b850bb1344a98,T164,1980,many of the people who would then be given jobs are presently wards of the Government and it wouldn't hurt to give them a tax incentive,Claim
1980_03a1da720d2e38e89e2a2c4909b6df87,T165,1980,that wouldn't be costing Government anything either,Premise
1980_1bded928a6a856746637abe60ecb26a0,T166,1980,nothing has been done,Claim
1980_5432332e078690390e5838ecd79219c6,T167,1980,I stood in the South Bronx on the exact spot that President Carter stood on in 1977,Premise
1980_2715e7ffd840767e97a66381ad02f336,T168,1980,You have to see it to believe it,Premise
1980_7cd69dfe6cf7a8678d9b2f93322bf632,T169,1980,"It looks like a bombed-out city - great, gaunt skeletons of buildings",Premise
1980_908d4c4616ec08f98308fdf24e2cd953,T170,1980,Windows smashed out,Premise
1980_218dc13a65675c49481ebb15f1e356c6,T171,1980,"painted on one of them ""Unkept promises;"" on another, ""Despair.""",Premise
1980_f1e60c241b7d05f9f51a6485639f048b,T172,1980,this was the spot at which President Carter had promised that he was going to bring in a vast program to rebuild this department,Premise
1980_766086f2d680784ad3bc6f711a1fdd8b,T173,1980,"There are whole or this area there are whole blocks of land that are left bare, just bulldozed down flat",Premise
1980_9ee0bb7e13031d60d8a947844c3e1f41,T174,1980,I think there are things to do in this regard,Claim
1980_23ac6e88b32a8142d7633b6d8ef390be,T175,1980,I believe in it,Claim
1980_78ee99b3999bbc742d62aa41b216549f,T176,1980,we've made great progress from the days when I was young and when this country didn't even know it had a racial problem,Premise
1980_e131ffd194f1526ed98764c16acd5156,T177,1980,I am eternally optimistic,Premise
1980_b81c5401721efb4ed16388017565edac,T178,1980,This has been a very successful effort,Claim
1980_3b24c7ef7c30af3df3e8774eae29119f,T179,1980,I believe the Presidency is what Teddy Roosevelt said it was,Claim
1980_678103bcb563a84bc3bacdd03bbc023a,T180,1980,It's a bully pulpit,Claim
1980_4bb81cc76008e0de63132eccddb72efb,T181,1980,"a goal for all of us should be that one day, things will be done neither because of nor in spite of any of the differences between us - ethnic differences or racial differences, whatever they may be - that we will have total equal opportunity for all people",Claim
1980_a86a3b0a5935139f0b867d5667bb2100,T182,1980,I would do everything I could in my power to bring that about,Claim
1980_73d66e4e5337a143c39e2a1ddf7958ec,T183,1980,"We now are planning to continue the revitalization program with increased commitments of rapid transit, mass transit",Claim
1980_c9d16fd18fb68aba9baa48820791c12d,T184,1980,We also are pursuing housing programs,Claim
1980_7902a8ece8832ce01ccc4823e39def47,T185,1980,we've had such an increase in the number of people employed,Claim
1980_e7bb327416761e1a92cd7b8b5f1b7ae5,T186,1980,It's very important to us that this be done with the full involvement of minority citizens,Claim
1980_d43af7672c21b800c96d1d90b17a5147,T187,1980,"I have brought into the top level, top levels of government, into the White House, into administrative offices of the Executive branch, into the judicial system, highly qualified black and Spanish citizens and women who in the past had been excluded",Premise
1980_1f4f2fca4e908a63ea23e98096bda7cd,T188,1980,"Of the nine million people put to work in new jobs since I've been in office, 1.3 million of those has been among black Americans, and another million among those who speak Spanish",Premise
1980_3982546a36845ee3efcee9845befd1f1,T189,1980,"Under the windfall profits tax, we expect to spend about $43 billion in the next 10 years to rebuild the transportation systems of our country",Premise
1980_a461fc3adf47a9e6bac317cb61cc13af,T190,1980,We've had a 73% increase in the allotment of Federal funds for improved education,Premise
1980_dee1cbe018ad6163de709b18062eb92f,T191,1980,"These are the kinds of efforts worked on a joint basis with community leaders, particularly in the minority areas of the central cities that have been deteriorating so rapidly in the past",Premise
1980_633bf0b8fa12b7947c7b2cec3278dffc,T192,1980,we still have a long way to go,Claim
1980_70613ee6ec4c5ea3e5c108801e42a47a,T193,1980,We have gone a long way toward correcting these problems,Claim
1980_c6bbbe23a4eedc64cb59fb6f1ae3aca5,T194,1980,"Ours is a nation of refugees, a nation of immigrants",Claim
1980_fbe79db2a78fa49479a4c365d6b23bcc,T195,1980,"Almost all of our citizens came here from other lands and now have hopes, which are being realized, for a better life, preserving their ethnic commitments, their family structures, their religious beliefs, preserving their relationships with their relatives in foreign countries",Premise
1980_bbbee78bb3afe549ba85f51da545c5c4,T196,1980,"still holding themselves together in a very coherent society, which gives our nation its strength",Premise
1980_e04555ec7d2e7c3eadb75a196775c11f,T197,1980,"In the past, those minority groups have often been excluded from participation in the affairs of government",Claim
1980_29e76bf86e81c8c8fd89b5a3a66bb056,T198,1980,"Since I've been President, I've appointed, for instance, more than twice as many black Federal judges as all previous presidents in the history of this country",Premise
1980_798f7bbc2c730a6355325b1dee770695,T199,1980,"I've done the same thing in the appointment of women, and also Spanish-speaking Americans",Premise
1980_7bf9c5eb388ea1c772b0ae31fd020352,T200,1980,To involve them in the administration of government and the feeling that they belong to the societal structure that makes decisions in the judiciary and in the executive branch is a very important commitment which I am trying to realize and will continue to do so in the future,Claim
1980_dd5f9235532a06f3fa35c4028ace0142,T201,1980,"as governor, when I was at that end of the line and receiving some of these grants for Government programs, I saw that so many of them were dead-end",Claim
1980_65275bd8b45fa2665d4653fd26f620a3,T202,1980,They were public employment that these people who really want to get out into the private job market where there are jobs with a future,Premise
1980_2b907d94a4340005180964e66a58bc7a,T203,1980,I have been in favor of a separate minimum for them,Claim
1980_89b82016edc111a1f81c1af58e1cd843,T204,1980,"I wish he could have been with me when I sat with a group of teenagers who were black, and who were telling me about their unemployment problems, and that it was the minimum wage that had done away with the jobs that they once could get",Premise
1980_415683374a35155812f07d0d0c647e41,T205,1980,"indeed, every time it has increased you will find there is an increase in minority unemployment among young people",Premise
1980_f9085d406b32ec6332a63904d70a9dcd,T206,1980,"With regard to the great progress that has been made with this Government spending, the rate of black unemployment in Detroit, Michigan, is 56%",Premise
1980_5d51f776fca454fd0329e680e46fe2a8,T207,1980,"there is no doubt in my mind that the commitment to unemployment compensation, the minimum wage, welfare, national health insurance, those kinds of commitments that have typified the Democratic party since ancient history in this country's political life are a very important element of the future",Claim
1980_e59ef35942264b4a84c9e327e7a47837,T208,1980,It's obvious that we still have a long way to go in fully incorporating the minority groups into the mainstream of American life,Premise
1980_d6cf932cb72ca9ae03f3454252d28843,T209,1980,"In all those elements, Governor Reagan has repeatedly spoken out against them",Premise
1980_61fbf433dd3774c31d2b2a4e3ca58e1d,T210,1980,"which, to me, shows a very great insensitivity to giving deprived families a better chance in life",Claim
1980_446a2a237df2de1cac8af9447e3beb2a,T211,1980,"This, to me, is a very important difference between him and me in this election",Claim
1980_a1b362a0e0f7a0f6f52e429aa678cf0d,T212,1980,this will give us an additional opportunity for jobs which will pay rich dividends,Claim
1980_d8dfb513281730bcd5a89b5cc4530d9f,T213,1980,"in the downtown central cities, with the, with the new commitment on an energy policy",Premise
1980_c89e4356560f1b62272c22603eb84e07,T214,1980,with a chance to revitalize homes and to make them more fuel efficient,Premise
1980_15dbd19cc79209f9d73c9915c4df987e,T215,1980,"with a chance for our synthetic fuels program, solar power",Premise
1980_09f6acc4ea894a16957efd14c97bc745,T216,1980,we committed ourselves to take strong action against terrorism,Claim
1980_999db5d778e4e95a08e6c86b11f6560e,T217,1980,one of the blights on this world is the threat and the activities of terrorists,Claim
1980_caba25518dbc76ae17d37f10ef5e3a35,T218,1980,Airplane hijacking was one of the elements of that commitment,Premise
1980_548449f914b06ca02d66b5c5b16eec57,T219,1980,"In countries like Libya or Iraq, we have even alienated some of our closest trade partners",Claim
1980_28d4d3f0a89f3199b3e06797bb0489a0,T220,1980,we have insisted upon the control of the spread of nuclear weapons to those potentially terrorist countries,Premise
1980_0c04933420980dbed59a1bbc56f06ed8,T221,1980,"we have seen in recent years - in recent months - additional acts of violence against Jews in France and, of course, against those who live in Israel, by the PLO and other terrorist organizations",Premise
1980_2c174a952488b7007c3c21af511295dc,T222,1980,"the most serious terrorist threat is if one of those radical nations, who believe in terrorism as a policy, should have atomic weapons",Claim
1980_a5b62cd3a67a3f21cd5462661a5138ba,T223,1980,I and all my predecessors have had a deep commitment to controlling the proliferation of nuclear weapons,Premise
1980_1469e1b7caf86400740cfb0d4a1b8b45,T224,1980,This ultimate terrorist threat is the most fearsome of all,Premise
1980_347c93b41a8153ea661a57b9d01aafb3,T225,1980,it's part of a pattern where our country must stand firm to control terrorism of all kinds,Claim
1980_f23434eff43b3295e993a9cfdb784e90,T226,1980,"When Governor Reagan has been asked about that, he makes the very disturbing comment",Claim
1980_a08ce3f489e3f768145119fad30279af,T227,1980,"non-proliferation, or the control of the spread of nuclear weapons, is none of our business",Premise
1980_491247d098a92152e2b06cea304e23ce,T228,1980,"recently when he was asked specifically about Iraq, he said there is nothing we can do about it",Premise
1980_1258f95155373dc180b66dfb7b4b0e11,T229,1980,We will maintain our position of neutrality in the Iran and Iraq war,Claim
1980_2d57885a43e0ce432e4be690e9593baf,T230,1980,"We have no plans to sell additional materiel or goods to Iran, that might be of a warlike nature",Premise
1980_a56a1e114aa31d2cad61b11222a1d869,T231,1980,"That's been a consistent policy, one I intend to carry out",Claim
1980_e2338ad42770a3aa6b8e5cb4f24b43ea,T232,1980,"When I made my decision to stop all trade with Iran as a result of the taking of our hostages, I announced then, and have consistently maintained since then, that if the hostages are released safely, we would make delivery on those items which Iran owns - which they have bought and paid for - also, that the frozen Iranian assets would be released",Premise
1980_b92d94228bc5085c9be4c22e9060a2cd,T233,1980,"I think that anyone that's seeking this position, as well as other people, probably, have thought to themselves, what about this, what about that?",Claim
1980_bb0a846c282d90c1d44afb3a9ef68a6b,T234,1980,"These are just ideas of what I would think of if I were in that position and had access to the information, and which I would know all the options that were open to me",Premise
1980_639a56a6850b5dbbf2329364d9634d96,T235,1980,I have been accused lately of having a secret plan with regard to the hostages,Claim
1980_971c9bc30fac5f5dbac6ea0846b09001,T236,1980,"this comes from an answer that I've made at least 50 times during this campaign to the press, when I am asked have you any ideas of what you would do if you were there?",Premise
1980_e94e9e798e436b7a5a3897a0143e0011,T237,1980,I have never answered the question,Premise
1980_18e4681dc7c7e05dea6348970d364a31,T238,1980,Your question is difficult to answer,Claim
1980_10f3a89aa8cdabe553e14b75c8d5b3b7,T239,1980,"in the situation right now, no one wants to say anything that would inadvertently delay, in any way, the return of those hostages if there if there is a chance that they're coming home soon, or that might cause them harm",Premise
1980_cc557b1c5b2af1de828d7b9219a0f61e,T240,1980,"What I do think should be done, once they are safely here with their families, and that tragedy is over - then, I think, it is time for us to have a complete investigation as to the diplomatic efforts that were made in the beginning, why they have been there so long, and when they came home, what did we have to do in order to bring that about",Claim
1980_8e975f0f027507bc8591f73b5e598d37,T241,1980,I would suggest that Congress should hold such an investigation,Claim
1980_ff0d3774f2a4ca4bcb8c3e4356a7f572,T242,1980,"I would be fearful that I might say something that was presently under way or in negotiations, and thus expose it and endanger the hostages",Premise
1980_aac07b3c5636c1fe46d6823f2c487630,T243,1980,"I think some of my ideas might require quiet diplomacy where you don't say in advance, or say to anyone, what it is you're thinking of doing",Claim
1980_626b069e7625dc4b3b9efd4804904ea4,T244,1980,we've been guilty of that,Claim
1980_76cd32fd3eee755314ef11a3ff267035,T245,1980,"someone didn't meet exactly our standards of human rights, even though they were an ally of ours, instead of trying patiently to persuade them to change their ways, we have, in a number of instances, aided a revolutionary overthrow which results in complete totalitarianism, instead, for those people",Premise
1980_af05c216674336d12e6e1d8fad4859d0,T246,1980,I think that this is a kind of a hypocritical policy,Claim
1980_be06eb34012aae49a03d0ec08450a241,T247,1980,"at the same time, we're maintaining a detente with the one nation in the world where there are no human rights at all - the Soviet Union",Premise
1980_8af0d84661be45aafb6f7382fa188a0f,T248,1980,there was a second phase in the Iranian affair in which we had something to do with that,Claim
1980_04e45f5010055b3f5524fece0ae26904,T249,1980,we had adequate warning that there was a threat to our embassy,Premise
1980_c34a7a4a903a2403b28ef9ac2716a8bb,T250,1980,"we could have done what other embassies did - either strengthen our security there, or remove our personnel before the kidnap and the takeover took place",Premise
1980_7d68b657006a6a63bc750f7e02391b63,T251,1980,we will continue with these commitments,Claim
1980_70fb6fcd36eaa8452dc121cd2074bf5e,T252,1980,"we all committed ourselves, as have all my predecessors in the Oval Office not to permit the spread of nuclear weapons to a terrorist nation, or to any other nation that does not presently have those weapons or capabilities for explosives",Claim
1980_162a3560ff6b08bc11377f05e02d29e8,T253,1980,not to make any sales of materiel or weapons to a nation which is involved in terrorist activities,Claim
1980_6a34f07fd711dfc94577b48dcbd442ae,T254,1980,not to deal with the PLO until and unless the PLO recognizes Israel's right to exist and recognizes UN Resolution 242 as a basis for Middle East peace,Claim
1980_348967126ecdb79ae25edc642977f6c0,T255,1980,"to stop all air flights - commercial air flights - to any nation involved in terrorism or the hijacking of air planes, or the harboring of hijackers",Claim
1980_4ef85090c44b8e3267327712b018889d,T256,1980,I have no quarrel whatsoever with the things that have been done,Claim
1980_1abf1a2d1dcbc94a133100f97d20083e,T257,1980,it is high time that the civilized countries of the world made it plain that there is no room worldwide for terrorism,Premise
1980_1020e2d55fa8f2d114ace3ddcd50ae6c,T258,1980,there will be no negotiation with terrorists of any kind,Claim
1980_81e19cde346d28e920201c9b38db8cc2,T259,1980,"I have never made the statement that he suggested about nuclear proliferation and nuclear proliferation, or the trying to halt it, would be a major part of a foreign policy of mine",Claim
1980_4d0e56c8d7be6d77177e6519d1b9dc8d,T260,1980,I think I'm right,Claim
1980_e3f08ced19a56f929c2d34ba117c6d59,T261,1980,"we must have a consistent foreign policy, a strong America, and a strong economy",Premise
1980_647d70a132c2970d37733e4fa1d42d5e,T262,1980,"as we build up our national security, to restore our margin of safety, we at the same time try to restrain the Soviet build-up",Claim
1980_26409cfd2901042ba445091eef0fd920,T263,1980,"which has been going forward at a rapid pace, and for quite some time",Premise
1980_3c94789b0b018655112aaa9e328ad04c,T264,1980,The Soviet Union sat at the table knowing that we had gone forward with unilateral concessions without any reciprocation from them whatsoever,Claim
1980_96594f39c9c71e8d9ce4b835c34c8136,T265,1980,The SALT II treaty was the result of negotiations that Mr. Carter's team entered into after he had asked the Soviet Union for a discussion of actual reduction of nuclear strategic weapons,Premise
1980_d3f56ecf8dda1cd53592477bbc65e6e5,T266,1980,"his emissary, I think, came home in 12 hours having heard a very definite nyet",Premise
1980_d9b9404a45526ae9f5f7375a43c3abc9,T267,1980,"taking that one no from the Soviet Union, we then went back into negotiations on their terms",Premise
1980_d4b1683411daba484e893d75df52814a,T268,1980,Mr. Carter had canceled the B-I bomber,Premise
1980_490d303c8f7c856a6214e0fc7fc39480,T269,1980,delayed the MX,Premise
1980_a5b59ff3d94ba0a409e16ed225c1d3a9,T270,1980,delayed the Trident submarine,Premise
1980_cdeead15f3bba20c545d5c81fb98be71,T271,1980,delayed the cruise missile,Premise
1980_4ac9d112b4714f7d793ca454d851a36c,T272,1980,shut down the Missile Man - the three - the Minuteman missile production line,Premise
1980_3ebdcb4e8044872254ec7f845e909541,T273,1980,I have not blocked the SALT II treaty,Claim
1980_fa95dc46ad0f9aba292b142caf29d8aa,T274,1980,It has been blocked by a Senate in which there is a Democratic majority,Premise
1980_27631071e5cf1cf799daba523d909796,T275,1980,"the Senate Armed Services Committee voted 10 to 0, with seven abstentions, against the SALT II treaty, and declared that it was not in the national security interests of the United States",Premise
1980_20248353c4f1be34939801f57c4f91c5,T276,1980,it is illegal,Claim
1980_0ec4365286629bf547dd58948ba76ce3,T277,1980,"the law of the land, passed by Congress, says that we cannot accept a treaty in which we are not equal",Premise
1980_9ab21cdb5c8bafaf2829782c253b9112,T278,1980,we are not equal in this treaty for one reason alone,Claim
1980_2a429968a4c747b85850cb99d6965276,T279,1980,our B-2 bombers are considered to be strategic weapons; their Backfire bombers are not,Premise
1980_70052ae5cc2158e691bbcd2b6018adb9,T280,1980,"To negotiate with the Soviet Union a balanced, controlled, observable, and then reducing levels of atomic weaponry, there is a disturbing pattern in the attitude of Governor Reagan",Claim
1980_835a10c7bbf816f5760eb7c30502763a,T281,1980,"He has never supported any of those arms control agreements - the limited test ban, SALT I, nor the Antiballistic Missile Treaty, nor the Vladivostok Treaty negotiated with the Soviet Union by President Ford",Premise
1980_3cf4062723d321ed9aa2b17769e9baf3,T282,1980,"now he wants to throw into the wastebasket a treaty to control nuclear weapons on a balanced and equal basis between ourselves and the Soviet Union, negotiated over a seven-year period, by myself and my two Republican predecessors",Premise
1980_0eae5678f27cf03479fab22efb206157,T283,1980,"It's understandable that a Senator in the preliminary debates can make an irresponsible statement, or, maybe, an ill-advised statement",Claim
1980_9e1a05d001a7c31e87cde6762f5c4172,T284,1980,"You've got 99 other senators to correct that mistake, if it is a mistake",Premise
1980_5745fad5841e3013cfd7ec84cdabf343,T285,1980,"when a man who hopes to be President says, take this treaty, discard it, do not vote, do not debate, do not explore the issues, do not finally capitalize on this long negotiation - that is a very dangerous and disturbing thing",Claim
1980_69985f7b73a8f862a0db3c550159ad87,T286,1980,The Senate has not voted yet on the Strategic Arms Limitation Treaty,Premise
1980_8a40f4c0d2ea5c1612fe285e8a47b931,T287,1980,"There have been preliminary skirmishing in the committees of the Senate, but the Treaty has never come to the floor of the Senate for either a debate or a vote",Premise
1980_64dd6baaee9c982ae3309f7c70b05332,T288,1980,I have been critical of some of the previous agreements,Claim
1980_425176989ccd2f7378d21c389c8f4d18,T289,1980,we've been out-negotiated for quite a long time,Premise
1980_4385478c3c4965971e939dcc4860ef95,T290,1980,"they have managed, in spite of all of our attempts at arms limitation, to go forward with the biggest military build-up in the history of man",Premise
1980_ff608b11d8fc266638f37d8d9b13de4a,T291,1980,I am not talking of scrapping,Claim
1980_75649fbf14f6162fdebb98d2d1e2e0b5,T292,1980,"I am talking of taking the treaty back, and going back into negotiations",Claim
1980_1483d1ccfa8158d50cc09083664fc440,T293,1980,"I would say to the Soviet Union, we will sit and negotiate with you as long as it takes, to have not only legitimate arms limitation, but to have a reduction of these nuclear weapons to the point that neither one of us represents a threat to the other",Premise
1980_ed5f0da874d262ebc732f839e13ea078,T294,1980,That is hardly throwing away a treaty and being opposed to arms limitation,Claim
1980_f6baafa1793f40bc3e1f6e02f9965e5e,T295,1980,Governor Reagan is making some very misleading and disturbing statements,Claim
1980_26dc1dcee9f9468cf970d9b65f8a2255,T296,1980,He not only advocates the scrapping of this treaty - and I don't know that these men that he quotes are against the treaty in its final form,Premise
1980_aff57af40d74a0df27c22e20562e5ecf,T297,1980,"he also advocates the possibility, he said it's been a missing element, of playing a trump card against the Soviet Union of a nuclear arms race",Premise
1980_b3d82aeda8cb246999033579252c4e0c,T298,1980,"is insisting upon nuclear superiority by our own nation, as a predication for negotiation in the future with the Soviet Union",Premise
1980_eb857cf1af78b0c5f10b6fb81436b4b1,T299,1980,"This attitude is extremely dangerous and belligerent in its tone, although it's said with a quiet voice",Claim
1980_28ef385b1b8496b801a7c7db3d45b22b,T300,1980,the adversarial relationship between ourselves and the Soviet Union would undoubtedly deteriorate very rapidly,Premise
1980_15ccb80fd0265a912eeb4f6d6661152a,T301,1980,"it would also be very disturbing to our allies, all of whom support this nuclear arms treaty",Premise
1980_69051061a12fd4319c07af79050c53a2,T302,1980,This would mean the resumption of a very dangerous nuclear arms race,Claim
1980_ab706ce684771d08f590ff371de1587e,T303,1980,It would be very disturbing to American people,Claim
1980_b78675e297cdb3bd445d634bd63893f0,T304,1980,"It would change the basic tone and commitment that our nation has experienced ever since the Second World War, with al Presidents, Democratic and Republican",Premise
1980_d4ad458b36fd8881a4a99b42947c1c48,T305,1980,"If President Brezhnev said, we will scrap this treaty, negotiated under three American Presidents over a seven-year period of time, we insist upon nuclear superiority as a basis for future negotiations, and we believe that the launching of a nuclear arms race is a good basis for future negotiations, it's obvious that I, as President, and all Americans, would reject such a proposition",Premise
1980_7a4208787779a11518b7ab6af83bb1a8,T306,1980,with regard to negotiating: it does not call for nuclear superiority on the part of the United States,Claim
1980_70a9aa2220ea113c7ecf9c06a7ef03bb,T307,1980,"It calls for a mutual reduction of these weapons, as I say, that neither of us can represent a threat to the other",Premise
1980_6c9af05b42d08604ca2d589206d78103,T308,1980,"to suggest that the SALT II treaty that your negotiators negotiated was just a continuation, and based on all of the preceding efforts by two previous Presidents, is just not true",Claim
1980_e98ec9429b6b31cb3e02dbc05a7ff064,T309,1980,It was a new negotiation,Claim
1980_0b487d06dbed0661329c290caabc51b7,T310,1980,President Ford was within about 10% of having a solution that could be acceptable,Premise
1980_4f9c0a3b76ac360a0fd46d2fdfc7dfb4,T311,1980,I think our allies would be very happy to go along with a fair and verifiable SALT agreement,Claim
1980_2409500ce638fa9d54a6743c6133c88b,T312,1980,This is a formidable force,Claim
1980_d0eba6fac82c905f48513a9af05f8812,T313,1980,Some of these weapons have 10 megatons of explosion,Premise
1980_7ae1dd3bdc687c66a777eedcdeaf44d6,T314,1980,"If you put 50 tons of TNT in each one of railroad cars, you would have a carload of TNT - a trainload of TNT stretching across this nation",Premise
1980_19d678f561d11b842ec1e721d55cc62e,T315,1980,That's one major war explosion in a warhead,Premise
1980_7926cb643e3acb38be91764e4e9ae014,T316,1980,"We have thousands, equivalent of megaton, or million tons, of TNT warheads",Premise
1980_203b5181c41919c1c9c4b0048e3a201c,T317,1980,a bridge must be built out of this dependence,Claim
1980_e372736ed9520cd6a84cd72f3b57ff69,T318,1980,"Americans, through conservation, are importing much less oil today than we were even a year ago",Premise
1980_86651d9f7bd0f15e2d4ccc5bd1b1503d,T319,1980,"U.S. dependence on Arab oil as a percentage of total imports is today much higher than it was at the time of the 1973 Arab oil embargo, and for some time to came, the loss of substantial amounts of Arab oil could plunge the U.S. into depression",Premise
1980_5fede1f851e250a65c62fce35e814cf6,T320,1980,We've been very successful in both cases,Claim
1980_08a22ddde45132b8c1852d9b72bfffad,T321,1980,We've now reduced the importing of foreign oil in the last year alone by one-third,Premise
1980_7bcbbee7cc118293782b3a7fa953dbf3,T322,1980,We imported today 2 million barrels of oil less than we did the same date just a year ago,Premise
1980_4cd91090e17b296cf2ebed9d4373eb90,T323,1980,This commitment has been opening up a very bright vista for our nation in the future,Claim
1980_8e4d2691520a14cff6c48e9ea8f7fe09,T324,1980,"with the windfall profits tax as a base, we now have an opportunity to use American technology and American ability and American natural resources to expand rapidly the production of synthetic fuels, yes",Premise
1980_bcbdf17f7e8340d3e8bb167d7dc12258,T325,1980,"to expand rapidly the production of solar energy, yes",Premise
1980_ee04ece53708af732b72ebe9b7ad3c97,T326,1980,to produce the traditional kinds of American energy,Premise
1980_2c655d5aa29c1d964baa6f5a7d80d2d0,T327,1980,We will drill more oil and gas wells this year than any year in history,Premise
1980_ec6454daa39235f7972e319a98da0ceb,T328,1980,We'll produce more coal this year than any year in history,Premise
1980_664158451267ecdc831978cef743690f,T329,1980,We are exporting more coal this year than any year in history,Premise
1980_b71ab5fd7e031359d91011b7f34a104a,T330,1980,"we have an opportunity now with improved transportation systems and improved loading facilities in our ports, to see a very good opportunity on a world international market, to replace OPEC oil with American coal as a basic energy source",Premise
1980_521d83eb2657507a5a9b37eb3b9e7d85,T331,1980,"This exciting future will not only give us more energy security, but will also open up vast opportunities for Americans to live a better life and to have millions of new jobs associated with this new and very dynamic industry now in prospect",Claim
1980_64ddba41cc9414b3e708805d31a53543,T332,1980,because of the new energy policy that we've put into effect,Premise
1980_f789a4fb5c41c83b8609bbdd4a682899,T333,1980,"Americans, through conservation, are importing much less oil today than we were even a year ago",Premise
1980_361245e154d9ae3cabe89c81f5aa155b,T334,1980,U.S. reliance on Arab oil as a percentage of total imports is much higher today than it was during the 1973 Arab oil embargo,Premise
1980_32ea2f1e9f323f9f792536c625994d4a,T335,1980,the substantial loss of Arab oil could plunge the United States into depression,Claim
1980_834cf7737c9335510315350a5b2404d9,T336,1980,I do believe that this nation has been portrayed for too long a time to the people as being energy-poor when it is energy-rich,Claim
1980_7b33f5a42c12398954fe4b7dc7896aa0,T337,1980,"The coal that the President mentioned - yes, we have it - and yet one-eighth of our total coal resources is not being utilized at all right now",Premise
1980_ea3a0b750672e7387b721496c3c6db52,T338,1980,The mines are closed down,Premise
1980_39e972ce29c2a2f6f14859861355713e,T339,1980,there are 22000 miners out of work,Premise
1980_9610f441987fa42aeefd02b494796b03,T340,1980,"we have only leased out - begun to explore - 2% of our outer continental shelf for oil, where it is believed, by everyone familiar with that fuel and that source of energy, that there are vast supplies yet to be found",Premise
1980_9946437e1eaf377a257d43a04812b4a8,T341,1980,Most of this is due to regulations which either interfere with the mining of it or prevent the burning of it,Claim
1980_1a50ae36688a6e6f401942e3534f8160,T342,1980,"With our modern technology, yes, we can burn our coal within the limits of the Clean Air Act",Premise
1980_8a3ed06bf2f852dd72f63c4142f90147,T343,1980,"I think, as technology improves, we'll be able to do even better with that",Premise
1980_d1faf8decd9253c9db56d0567ba952f8,T344,1980,We have the sources here,Claim
1980_d15cbcbec3ff98f8a359ec859ad9dd79,T345,1980,coal is one of the great potentials we have,Premise
1980_e6620b580398f0df55b344cef1dbc47b,T346,1980,We are energy rich,Premise
1980_e3aeb4b0c020f9f468fc62f2be1cd8f3,T347,1980,Nuclear power: There were 36 power plants planned in this country,Premise
1980_c939a9f35361cd48085284629d2dcff6,T348,1980,32 of those have given up and canceled their plans to build,Claim
1980_1dbbdbe35811131151f15bb2dccda8e0,T349,1980,"because Government regulations and permits, and so forth, take - make it take - more than twice as long to build a nuclear plant in the United States as it does to build one in Japan or in Western Europe",Premise
1980_01e9c62164eda36055d6159085b3c1e4,T350,1980,"Our Government has, in the last year or so, taken out of multiple use millions of acres of public lands that once were - well, they were public lands subject to multiple use - exploration for minerals and so forth",Premise
1980_15fd0d384759070efff7c2a2b572f267,T351,1980,"It is believed that probably 70% of the potential oil in the United States is probably hidden in those lands, and no one is allowed to even go and explore to find out if it is there",Premise
1980_d2005d75caf13828e67021eea6972b10,T352,1980,This is particularly true of the recent efforts to shut down part of Alaska,Premise
1980_224c5c86a52b7f8eaca81e7bfb7fdc27,T353,1980,We cannot cast aside these regulations,Claim
1980_d121956166a063a7cc4db2a6201ba813,T354,1980,"Governor Reagan says that this is not a good achievement, and he blames restraints on coal production on regulations",Premise
1980_c41e9de52d2d3334e7f051c9157c8525,T355,1980,"we have this year the opportunity, which we'll realize, to produce 800 million tons of coal - an unequaled record in the history of our country",Premise
1980_91c0ec98c6be281f1b1daf9c77573f4b,T356,1980,regulations that affect the life and the health and safety of miners,Premise
1980_3d506a49aa597da9ea62e53dc16aac10,T357,1980,regulations that protect the purity of our air and the quality our water and our land,Premise
1980_6f707fb897138ae7778c57402302b024,T358,1980,"We have a chance in the next 15 years, insisting upon the health and safety of workers in the mines, and also preserving the same high air and water pollution standards, to triple the amount of coal we produce",Claim
1980_2bcf5a718a5dd2273fb1b8ed71ff9587,T359,1980,"Governor Reagan's approach to our energy policy, which has already proven its effectiveness, is to repeal, or to change substantially, the windfall profits tax",Claim
1980_739fcab33c9809191c50564e6f0ed429,T360,1980,to return a major portion of $227 billion back to the oil companies,Premise
1980_678377100c0072a7172806192176738c,T361,1980,to do away with the Department of Energy,Premise
1980_52eb941c5a395685e3cc501acfa8ec78,T362,1980,to short-circuit our synthetic fuels program,Premise
1980_4143f6f407639196bc46877b86a5ac81,T363,1980,to put a minimal emphasis on solar power,Premise
1980_a340588f732b72de6497d2223fb12dea,T364,1980,to emphasize strongly nuclear power plants as a major source of energy in the future,Premise
1980_1fa47e8e4c5e20077033da7cd0d6ae7e,T365,1980,He wants to put all our eggs in one basket and give that basket to the major oil companies,Claim
1980_f0955d091178b41c7ada065db0a7ced1,T366,1980,"That is a misstatement, of course, of my position",Claim
1980_b28d70bc5dfafabb50b46c07bfeb4dd9,T367,1980,I just happen to believe that free enterprise can do a better job of producing the things that people need than government can,Claim
1980_3910fd3c36adc53780082b7dc0a9c077,T368,1980,"As Governor of California, I took charge of passing the strictest air pollution laws in the United States - the strictest air quality law that has even been adopted in the United States",Premise
1980_727e0edac07c1867b12db110354bb988,T369,1980,we created an OSHA - an Occupational Safety and Health Agency - for the protection of employees before the Federal Government had one in place,Premise
1980_72d89992dd64fcd4f146e90d5e17da85,T370,1980,I think some of those charges are missing the point,Claim
1980_eb9f692653bab93fcdd9bef020ef4311,T371,1980,"to this day, not one of its decisions or rulings has ever been challenged",Premise
1980_3ee8e8570efaa588cd5c2a4afe00b349,T372,1980,"I am suggesting that there are literally thousands of unnecessary regulations that invade every facet of business, and indeed, very much of our personal lives, that are unnecessary",Claim
1980_c5656f7161e9c5817bd9f8711152adf4,T373,1980,that Government can do without,Claim
1980_13a69a2ef6a364014a54908f4474f397,T374,1980,that have added $130 billion to the cost of production in this country,Claim
1980_67ad12ed8e3a73da82bf3b5e15551312,T375,1980,that are contributing their part to inflation,Claim
1980_cfdfb9667733cf9525bd06ff54e778f1,T376,1980,The Department of Energy has a multi-billion-dollar budget in excess of $10 billion,Premise
1980_a67f7830662dcb3bbd214a90023d9a9c,T377,1980,"It hasn't produced a quart of oil or a lump of coal, or anything else in the line of energy",Premise
1980_445e36d440474810152f477b6bb70547,T378,1980,"when someone suggested that the Occupational Safety and Health Act should be abolished, Governor Reagan responded, amen",Premise
1980_44900095928938b23eec95747ecd8dfa,T379,1980,"we're not putting restraints on American exploration, we're encouraging it in every way we can",Claim
1980_e1f45a44c06cf6b4907b6551ae109922,T380,1980,"We have, with our five-year plan for the leasing of offshore lands, proposed more land to be drilled than has been opened up for drilling since this program first started in 1954",Premise
1980_ffbaf7a78e91ac0d12cd7a1d45914a9b,T381,1980,"If it is a well-known fact that I opposed air pollution laws in California, the only thing I can possibly think of is that the President must be suggesting the law that the Federal Government tried to impose on the State of California - not a law, but regulations",Claim
1980_03811be68b172cceedb3d144cf25698b,T382,1980,It would have destroyed the economy of California,Claim
1980_87f8a62ffa08704c1888c46e60fb03f8,T383,1980,"that would have made it impossible to drive an automobile within the city limits of any California city, or to have a place to put it if you did drive it against their regulations",Premise
1980_2d20072c508ef6ad7a1ee8fcd5c14b61,T384,1980,we had the support of Congress when we pointed out how ridiculous this attempt was by the Environmental Protection Agency,Premise
1980_e74a75dae4b407a5849f88c81b596fe2,T385,1980,"We still have the strictest air control, or air pollution laws in the country",Premise
1980_8fd3a3a1e896c96834953e5878571349,T386,1980,we're already five years behind in what we should be doing,Claim
1980_56f63e6f4e8a6f0b40f4ff6b7135c2c7,T387,1980,"As for offshore oiling, only 2% now is so leased and is producing oil",Premise
1980_2fe3c6df86c9e10e08cd3a8979f15704,T388,1980,"There is more oil now, in the wells that have been drilled, than has been taken out in 121 years that they've been drilled",Premise
1980_0dcfdfd0454e46101ea9add7be3b54e0,T389,1980,It is actuarially out of balance,Claim
1980_6c999f2ea86c0b637135d9e1a7e88d1d,T390,1980,"The Social Security system was based on a false premise, with regard to how fast the number of workers would increase and how fast the number of retirees would increase",Premise
1980_35573a89d9503c47f8197a75dafba9a0,T391,1980,I believe that the system can be put on a sound actuarial basis,Claim
1980_3a1efcfa84a71004b84d8aae01f47b2e,T392,1980,They must continue to get those checks,Claim
1980_5e56ce752d6a27ae3ba7342d02584bea,T393,1980,it's going to take some study and some work,Premise
1980_1e67b511680a530f1ce24dadf902524a,T394,1980,not just passing a tax increase to let the load - or the roof - fall in on the next administration,Premise
1980_3fbd6a2f4c81dbc66d60531645346b6a,T395,1980,What is needed is a study that I have proposed by a task force of experts,Claim
1980_14314cc5fca123157d4cf3512e998611,T396,1980,"to look into this entire problem as to how it can be reformed and made actuarially sound, but with the premise that no one presently dependent on Social Security is going to have the rug pulled out from under them and not get their check",Premise
1980_1d60a9dcc9f4334f56212fe834f1ec11,T397,1980,"this first became evident about 16 years ago, and some of us were voicing warnings then",Premise
1980_4b9e5f574ebfdff91e6c5c2b8fccdd2c,T398,1980,"Now, it is trillions of dollars out of balance",Premise
1980_a10c580fb78c83124261073f66ef8ee2,T399,1980,the only answer that has come so far is the biggest single tax increase in our nation's history - the payroll tax increase for Social Security - which will only put a band-aid on this and postpone the day of reckoning by a few years at most,Premise
1980_203fbbd9dc85ede80d1ff4859fe3d9af,T400,1980,"We cannot frighten, as we have with the threats and the campaign rhetoric that has gone on in this campaign, our senior citizens - leave them thinking that in some way, they're endangered and they would have no place to turn",Premise
1980_e283b9b49de916babadb395a692e0723,T401,1980,"As long as there is a Democratic President in the White House, we will have a strong and viable Social Security System, free of the threat of bankruptcy",Claim
1980_948bd9eedcc1db4026a5b530c552bad7,T402,1980,"These kinds of approaches are very dangerous to the security, the well being and the peace of mind of the retired people of this country and those approaching retirement age",Claim
1980_150265dfecb4bbf8580ae5d6c3d3bcfe,T403,1980,"in The Wall Street Journal early this week, that a preliminary report of his task force advocates making Social Security more sound by reducing the adjustment in Social Security for the retired people to compensate for the impact of inflation",Premise
1980_5a0d8dc9691da2f748f10374365f3b0a,T404,1980,"no matter what it takes in the future to keep Social Security sound, it must be kept that way",Claim
1980_bccf94260f90180772878a84a1076ece,T405,1980,That is the way it will stay,Claim
1980_0c83e780476fa0fc89b5bef909572547,T406,1980,"Although Governor Reagan has changed his position lately, on four different occasions, he has advocated making Social Security a voluntary system",Premise
1980_e31654c238c00409e5b238147561e29e,T407,1980,there was a serious threat to the Social Security System and its integrity during the 1976 campaign,Premise
1980_dcb445c7dd682dabc390910609390ffe,T408,1980,"when I became President, the action of the Democratic Congress working with me has been to put Social Security back on a sound financial basis",Premise
1980_9e898522ed7ac3023e11313b9eb729f7,T409,1980,that just isn't true,Claim
1980_c0832d9cf44091bc0a509915427878ef,T410,1980,"It has, as I said, delayed the actuarial imbalance falling on us for just a few years with that increase in taxes",Premise
1980_9cd7eca64c1cb0957f30152d31023f88,T411,1980,I don't believe we can go on increasing the tax,Claim
1980_461a51476f7694c6b020e4a59401ad3a,T412,1980,the problem for the young people today is that they are paying in far more than they can ever expect to get out,Premise
1980_ca4b195dd25867356ef7fe1e53ec65b6,T413,1980,"I suggested that if this is an insurance program, certainly the person who is paying in should be able to name his own beneficiary",Claim
1980_142c67e2cf15749a6972c2ec79be9662,T414,1980,"the voluntary thing that I suggested many years ago was that with a young man orphaned and raised by an aunt who died, his aunt was ineligible for Social Security insurance because she was not his mother",Premise
1980_8b40558d3bc8435ceaa617d4f3ff529b,T415,1980,That is the closest I have ever come to anything voluntary with Social Security,Claim
1980_d372c4ddda77524d8a4ff101f24c7455,T416,1980,"I, too, am pledged to a Social Security program that will reassure these senior citizens of ours that they are going to continue to get their money",Claim
1980_88ac9d0dafbdf4d30c1fa11b3d0049b2,T417,1980,There are some changes that I would like to make,Claim
1980_818647e097f88e9800b7a6c6aa684edb,T418,1980,"I would like to make a change in the regulation that discriminates against a wife who works and finds that she then is faced with a choice between her father's or her husband's benefits, if he dies first, or what she has paid in; but it does not recognize that she has also been paying in herself, and she is entitled to more than she presently can get",Premise
1980_7943368df901a830f28676a7be439936,T419,1980,I'd like to change that,Claim
1980_21803a2d232320f7d62e0aede61a72cb,T420,1980,We also need to continue to index Social Security payments,Claim
1980_1153c8574028d59af363a13f35123235,T421,1980,"so that if inflation rises, the Social Security payments would rise a commensurate degree to let the buying power of a Social Security check continue intact",Premise
1980_2597ce4807da72b8d355261703f1a061,T422,1980,It is obvious that we should have a commitment to them,Claim
1980_cbead6e875861ec64d04743480c314be,T423,1980,that Social Security benefits should not be taxed,Claim
1980_449ac5f8968784245bbcb574859bdda8,T424,1980,that there would be no peremptory change in the standards by which Social Security payments are made to retired people,Claim
1980_2e0da5bb2871b681e3e76bb1c24b3d3f,T425,1980,we have an opportunity to move toward national health insurance,Claim
1980_7917123c684f2ad1a3a1591a08ea5888,T426,1980,with an emphasis on the prevention of disease,Premise
1980_b2860a46b3b9b06b2451a7213219df2b,T427,1980,"an emphasis on out-patient care, not in-patient care",Premise
1980_d6f9f3a92a51ce6ff45092c4dfc5d73a,T428,1980,an emphasis on hospital cost containment to hold down the cost of hospital care far those who are ill,Premise
1980_069e3b7bc6a390803a7afa6df8153d9a,T429,1980,"an emphasis on catastrophic health insurance, so that if a family is threatened with being wiped out economically because of a very high medical bill, then the insurance would help pay for it",Premise
1980_a92c7638f3d9f2016a2263d38025ac5c,T430,1980,"These are the kinds of elements of a national health insurance, important to the American people",Claim
1980_f92cc3fe4b4be1cb9ce577908972dc04,T431,1980,"When I opposed Medicare, there was another piece of legislation meeting the same problem before the Congress",Premise
1980_bf7151d49930a1f4b03eb6cfff3f4dc7,T432,1980,I was not opposing the principle of providing care for them,Claim
1980_b34c76d1e960fc62082384f9e6f6454b,T433,1980,I happened to favor the other piece of legislation and thought that it would be better for the senior citizens and provide better care than the one that was finally passed,Premise
1980_5eade3b65d9932a554611dc805273eed,T434,1980,I was opposing one piece of legislation versus another,Claim
1980_d05229ff86510808484b333cca681f63,T435,1980,I think it is disgraceful that the Disability Insurance Fund in Social Security finds checks going every month to tens of thousands of people who are locked up in our institutions for crime or for mental illness,Claim
1980_430eea575f36ff9031b49e4d77937fdb,T436,1980,they are receiving disability checks from Social Security every month while a state institution provides for all of their needs and their care,Premise
1980_6ed394b95978c22adc62096eb4c49b12,T437,1980,"I think this debate on Social Security, Medicare, national health insurance typifies, as vividly any other subject tonight, the basic historical differences between the Democratic Party and Republican Party",Claim
1980_79aa614abe670bc53f7971fcb4874d76,T438,1980,"The allusions to basic changes in the minimum wage is another, and the deleterious comments that Governor Reagan has made about unemployment compensation",Premise
1980_a45135cec56590acaf34b261921f981f,T439,1980,"when they get in office, they try to govern like Republicans",Claim
1980_ec10ad88980cd84bb3f71ceecd24ed59,T440,1980,I noticed recently that Governor Reagan frequently quotes Democratic presidents in his acceptance address,Premise
1980_f4e22d995b76e3141eca31f7a37d6424,T441,1980,"I have never heard a candidate for President, who is a Republican, quote a Republican president",Premise
1980_565e8c045fd977882d1fdf8e86cb431a,T442,1980,"it is good fo the American people to remember that there is a sharp basic historical difference between Governor Reagan and me on these crucial issues - also, between the two parties that we represent",Claim
1980_8d55f973ff0c180fc79dcd9e6fea6523,T443,1980,These commitments that the Democratic Party has historically made to the working families of this nation have been extremely important to the growth in their stature and in a better quality of life for them,Premise
1980_695c6aba40520b5c716680bb6fccdbee,T444,1980,"The most important crucial difference in this election campaign, in my judgment, is the approach to the control of nuclear weaponry and the inclination to control or not to control the spread of atomic weapons to other nations who don't presently have it, particularly terrorist nations",Claim
1980_60fd84882949ce509f576ae466ecbf05,T445,1980,there is the historical perspective that I just described,Claim
1980_3ffad3d0ada9d5ffac336e4f50b771eb,T446,1980,"his long-standing inclination, on the use of American power, not to resolve disputes diplomatically and peacefully, but to show that the exercise of military power is best proven by the actual use of it",Claim
1980_8b33b18b52f6b5b042a08e7e4c869ef8,T447,1980,The inclination that Governor Reagan has exemplified in many troubled times since he has been running for President - I think since 1968 - to inject American military forces in places like North Korea,Premise
1980_e03ea8df067d418e047b7a6ca2a81c1b,T448,1980,to put a blockade around Cuba this year,Premise
1980_0418d5715fe7b8d2533bfd8ab29e5afa,T449,1980,"in some instances, to project American forces into a fishing dispute against the small nation of Ecuador on the west coast of South America",Premise
1980_2cf11324d92b3aba5af6f8db2be82e50,T450,1980,"Governor Reagan, who in most cases does typify his party, but in some cases, there is a radical departure by him from the heritage of Eisenhower and others",Claim
1980_f9456535fefcadc1fbeb77144b5fc4b6,T451,1980,no President wants war,Premise
1980_8efea930132a9406b0c5593c10b9965f,T452,1980,"I certainly do not believe that Governor Reagan, if he were President, would want war",Claim
1980_fabb599456cafc9f35dc5ba5400720e6,T453,1980,"a President in the Oval Office has to make a judgment on almost a daily basis about how to exercise the enormous power of our country for peace, through diplomacy, or in a careless way in a belligerent attitude which has exemplified his attitudes in the past",Premise
1980_2baf03feb8b375a380f7de260405d6fc,T454,1980,I believe that there is a fundamental difference - and I think it has been evident in most of the answers that Mr. Carter has given tonight - that he seeks the solution to anything as another opportunity for a Federal Government program,Claim
1980_b899d898e4a4950c3d872670eb332221,T455,1980,I happen to believe that the Federal Government has usurped powers of autonomy and authority that belong back at the state and local level,Claim
1980_c50cef2a189be6c092af461c8d643c89,T456,1980,It has imposed on the individual freedoms of the people,Premise
1980_ab0efbc7707906994b376eb92bb5dc6f,T457,1980,"there are more of these things that could be solved by the people themselves, if they were given a chance, or by the levels of government that were closer to them",Premise
1980_92f4ac60e24f7abf878168f4a8676d6b,T458,1980,"when he was a candidate in 1976, President Carter invented a thing he called the misery index",Premise
1980_3da8db64830bc6f66d6cefe9524d6737,T459,1980,"He added the rate of unemployment and the rate of inflation, and it came, at that time, to 12.5% under President Ford",Premise
1980_f87046163e07e2375459d553256d6e5e,T460,1980,He said that no man with that size misery index has a right to seek reelection to the Presidency,Premise
1980_817110393946e844c80d0b6db19e01b8,T461,1980,I believe there are going to be millions of Democrats that are going to vote with us this time around,Claim
1980_f200d21494d62b0e2c09cd5537ef69bb,T462,1980,they too want that promise kept,Premise
1980_e84bb4804fd1996e252f0c316e2bdbcb,T463,1980,"Today, by his own decision, the misery index is in excess of 20%",Premise
1980_a02d9666d140d730b3be51df2300b1a6,T464,1980,I think this must suggest something,Claim
1980_2ef4fb0b098e71b75fbc90c95906cbe1,T465,1980,"the President that I quoted had made a promise, a Democratic promise, and I quoted him because it was never kept",Premise
1980_950214ed8eb9bec5c4490535496b62d2,T466,1980,"today, you would find that that promise is at the very heart of what Republicanism represents in this country today",Claim
1980_711a49dbe04d051a2249958c75759f91,T467,1980,It was a promise for less government and less taxes and more freedom for the people,Premise
1980_637d4a1b548dc27cc9a52258aec26fd2,T468,1980,I don't think that can be better illustrated than in the case of guaranteeing women equal rights under the Constitution of our nation,Claim
1980_3ceb916c797d79109bf8ce921fe120b2,T469,1980,"For 40 years, the Republican Party platforms called for guaranteeing women equal rights with a constitutional amendment",Premise
1980_6301b4a248317349e0e09858bd710218,T470,1980,Six predecessors of mine who served in the Oval Office called for this guarantee of women's rights,Premise
1980_b4cdc7c8a42cbde12b1f093080bd38bf,T471,1980,Governor Reagan and his new Republican Party have departed from this commitment,Premise
1980_6a4d2e335463db7e743bf9adf1042c78,T472,1980,a very severe blow to the opportunity for women to finally correct discrimination under which they have suffered,Premise
1980_eba0602c1d57bc49a90b9331f6c62aee,T473,1980,"When a man and a women do the same amount of work, a man gets paid $1.00, a women only gets paid 59 cents",Premise
1980_e32713a03963da2b900747f0c2a3df9a,T474,1980,the equal rights amendment only says that equality of rights shall not be abridged for omen b the Federal Government or by he state governments,Premise
1980_2a9b6797405ca52533667609fc745949,T475,1980,"guarantee of equality of opportunity which typifies the Democratic arty, and which is a very important commitment of mine",Claim
1980_2dd833e8493d76014bc7c9aedd845a75,T476,1980,as contrasted with Governor Reagan's radical departure from the long-standing policy of his own party,Premise
1980_0206f37e7204a5afcff864696e4ff8e2,T477,1980,I happen to be against the amendment,Claim
1980_29f65b6f69f75b22a884bfd184e2a825,T478,1980,I think the amendment will take this problem out of the hands of elected legislators and put it in the hands f unelected judges,Premise
1980_71c433cebcc6c30b3c31fa2444a22244,T479,1980,I am for equal rights,Claim
1980_1b45a5f03400d07b9f92b82cf5f555d6,T480,1980,while you have been in office for four ears and not one single state - and most f them have a majority of Democratic legislators - has added to the ratification r voted to ratify the equal rights amendment,Premise
1980_9cbcc6e0891b656e66c2bf2ed01d08d1,T481,1980,"While I was Governor, more than eight years ago, I found 14 separate instances where women were discriminated against in the body of California law, and I had passed and signed into law 14 statutes that eliminated those discriminations, including the economic ones that you have just mentioned - equal pay and so forth",Premise
1980_e27da7cf57786a53b55d09df6c997a77,T482,1980,"If I were President, I would also now take a look at the hundreds of Federal regulations which discriminate against women and which go right on while everyone is looking for an amendment",Premise
1980_a3fcc36ff4ca56260152049ab57ea14d,T483,1980,I would have someone ride herd on those regulations,Claim
1980_eeae9273b88420566432831af4d729c1,T484,1980,we would start eliminating those discriminations in the Federal Government against women,Claim
1980_06f883f0516303215c9787968d8d8d0e,T485,1980,"We've been remarkably successful, with the help of a Democratic Congress",Claim
1980_b30a4b3a236c7142f8e8cec34dd44641,T486,1980,One of the commitments that I made was to deregulate the major industries of this country,Premise
1980_ab05548a57e0edd827b701724f2ebc77,T487,1980,"I'm a Southerner, and I share the basic beliefs of my region that an excessive government intrusion into the private affairs of American citizens and also into the private affairs of the free enterprise system",Premise
1980_21a3b0d3f45a7e202b82e2dd27ef67c8,T488,1980,"We have deregulated the air industry, the rail industry, the trucking industry, financial institutions",Premise
1980_d89b32d3fffcdfd19271937b0a40486f,T489,1980,We're now working on the communications industry,Premise
1980_f300302847aa9489c3e1d554751f7647,T490,1980,I believe that this element of discrimination is something that the South has seen so vividly as a blight on our region of the country which has now been corrected - not only racial discrimination but discrimination against people that have to work for a living,Claim
1980_4d62142c87e0055b2cbac36920c4fde2,T491,1980,"we have been trying to pick ourselves up by our bootstraps, since the long depression years, and lead a full and useful life in the affairs of this country",Premise
1980_14f51d0d5295be396c780d7919fe2415,T492,1980,We have made remarkable success,Claim
1980_833ea14c8d52712c2ea59e5b84bd5e0f,T493,1980,It is part of my consciousness and of my commitment to continue this progress,Claim
1980_7981377a7ab1982dd56864f26a086119,T494,1980,what I have just described is a proper course for the future,Claim
1980_f3da72c32c1c40aa09ac5ca09104fe2a,T495,1980,"my heritage as a Southerner, my experience in the Oval Office, convinces me that",Premise
1980_57f8e71d0ab863ada725709e77599eec,T496,1980,I am for women's rights,Claim
1980_2969e5154f77ce5e21be5848fead0037,T497,1980,"so-called simple amendment would be used by mischievous men to destroy discriminations that properly belong, by law, to women respecting the physical differences between the two sexes, labor laws that protect them against things that would be physically harmful to them",Claim
1980_ac5a4ad68129dc45924af36018127b18,T498,1980,"Those would all, could all be challenged by men",Premise
1980_27874a6bc8ea0822996edf3534e350e6,T499,1980,the same would be true with regard to combat service in the military and so forth,Claim
1980_493b226993eac97b004eb5f21fd144f6,T500,1980,The United States must be a nation strong,Claim
1980_4f8faba41ae2bd6b30210758de93d50f,T501,1980,the United States must be a nation secure,Claim
1980_99d08444e764e4e604297438c8fae342,T502,1980,We must have a society that's just and fair,Claim
1980_b599e61eb772c67a63e5013333bf3571,T503,1980,"we must extend the benefits of our own commitment to peace, to create a peaceful world",Claim
1980_3e3a77fb9ed1c08c425771adc5cb46f4,T504,1980,I think they ought to remember that one vote can make a lot of difference,Claim
1980_603f3da9523d7477d8aeb6059b015dfb,T505,1980,"If one vote per precinct had changed in 1960, John Kennedy would never have been President of this nation",Premise
1980_fb53edc6c7bb184dd7a717c54fac900e,T506,1980,"if a few more people had gone to the polls and voted in 1968, Hubert Humphrey would have been President; Richard Nixon would not",Premise
1980_d85e8fd97bc9a554c38200b73ff57183,T507,1980,"To stay strong, to stay at peace, to raise high the banner of human rights, to set an example for the rest of the world, to let our deep beliefs and commitments be felt by others in other nations, is my plan for the future",Claim
1980_75cc38c29c68f6d1d11baf6c30262817,T508,1980,I think it's been a very constructive debate and I hope it's helped to acquaint the American people with the sharp differences between myself and Governor Reagan,Claim
1980_98b605a9b834b2355575414a4d4a9a60,T509,1980,I've been President now for almost four years,Premise
1980_1ec63cb8629b7f3c15516fe518d71d64,T510,1980,"I've had to make thousands of decisions, and each one of those decisions has been a learning process",Premise
1980_73d400625b4c0c7d59c71eb02580ac33,T511,1980,"I've seen the strength of my nation, and I've seen the crises it approached in a tentative way",Premise
1980_4b607f9ee0aace20158d7f74dac67d70,T512,1980,I've had to deal with those crises as best I could,Premise
1980_425d648d50f588fdcf58beed7b856af4,T513,1980,"I've studied the record between myself and Governor Reagan, I've been impressed with the stark differences that exist between us",Premise
1980_314b39bbf82c1be3179cbadff2db8354,T514,1980,I think the result of this debate indicates that that fact is true,Claim
1980_66d20640e0efec2f2d0e6d6ea28dc698,T515,1980,I consider myself in the mainstream of my party,Claim
1980_aa4ff5d12ef0ce24fa71ff9ce15a891e,T516,1980,I consider myself in the mainstream even of the bipartisan list of Presidents who served before me,Claim
1980_fb2a2dd338610a74945386ff672789ed,T517,1980,It's a lonely job,Claim
1980_5af1855b577f2e5b034876099b2ad453,T518,1980,"I believe that since I've been in office, there have been six or eight areas of combat evolved in other parts of the world",Premise
1980_d61c4e8ca75c9bced5f50f2746ff09e1,T519,1980,"In each case, I alone have had to determine the interests of my country and the degree of involvement of my country",Premise
1980_54e7db23cae12d2d99681ac6854fc201,T520,1980,"I've done that with moderation, with care, with thoughtfulness; sometimes consulting experts",Premise
1980_7d190ea271c3757432fcf5b9c3549741,T521,1980,"I've learned in this last three and a half years that when an issue is extremely difficult, when the call is very close, the chances are the experts will be divided almost 50-50",Premise
1980_25808bfdfc5839f3a75c19cd1f6504d0,T522,1980,"the final judgment about the future of the nation - war, peace, involvement, reticence, thoughtfulness, care, consideration, concern - has to be made by the man in the Oval Office",Premise
1980_07fb75658cba34b033aea41e3df2c862,T523,1980,the job is a very gratifying one,Claim
1980_3ce5675b37f2a4b8e22569da31c9e4b8,T524,1980,with the involvement of the American people in the process,Premise
1980_ea2ede451c1ab8264d5fecc6e74f93fe,T525,1980,with an open Government,Premise
1980_cf5d013ed9162d6ca24763d626d0f756,T526,1980,I think your choice is very obvious as to whom you will vote for,Claim
1980_020a6bc73384624008c9877a976a7a4b,T527,1980,if you answer all of those questions yes,Premise
1980_939f6a79b8ace6b17264415a68eaef37,T528,1980,I could suggest another choice that you have,Claim
1980_48781d14b45406e8acec109dc287afe2,T529,1980,If you don't agree,Premise
1980_e6955a4f760e90d39b53fc3d612ba93a,T530,1980,if you don't think that this course that we've been on for the last four years is what you would like to see us follow for the next four,Premise
1980_500b2c105b80f4453dfeb3fed2f9eccb,T531,1980,This country doesn't have to be in the shape that it is in,Claim
1980_a26c6e039b245c47a3534c91dd6b6c60,T532,1980,All of this can be cured and all of it can be solved,Claim
1980_7bea0d3fc06c9d0c24d078d7faf88949,T533,1980,"We do not have to go on sharing in scarcity with the country getting worse off, with unemployment growing",Claim
1980_3ae2d2bad9b3678619477db8591f5ffb,T534,1980,"If all of the unemployed today were in a single line allowing two feet for each of them, that line would reach from New York City to Los Angeles, California",Premise
1980_844ea58afb05e41141310bdccf1ca227,T535,1980,"I think in being Governor of California, the most populous state in the Union - if it were a nation, it would be the seventh-ranking economic power in the world - I, too, had some lonely moments and decisions to make",Claim
1980_c53e0602eadf48ea9a4d3d7e7a965cee,T536,1980,I know that the economic program that I have proposed for this nation in the next few years can resolve many of the problems that trouble us today,Claim
1980_2b6ceccd8285411d8bc38d0b08b942a4,T537,1980,I know,Claim
1980_1a001f82e260c9e54f64f871509a3dec,T538,1980,we did it there,Premise
1980_1c485399774a9a3d04e565adb48695fc,T539,1980,We cut the cost - the increased cost of government - in half over the eight years,Premise
1980_dcb065518efadda6db3f438f56dae1e2,T540,1980,"We returned $5.7 billion in tax rebates, credits and cuts to our people",Premise
1980_0248007213b1a0b7f91efb2ac3180472,T541,1980,"We, as I have said earlier, fell below the national average in inflation when we did that",Premise
1980_a80e99f08676d2ac71873f7f9449c4e7,T542,1980,I know that we did give back authority and autonomy to the people,Premise
1980_8907aba80acfcd7146be7b2174bd99b3,T543,1980,"I would like to have a crusade today, and I would like to lead that crusade with your help",Claim
1980_bd23ef1758333c9f6f01b5fc12410fd6,T544,1980,"it would be one to take Government off the backs of the great people of this country, and turn you loose again to do those things that I know you can do so well",Claim
1980_937c0e496c4e43332da9a21ff997aecd,T545,1980,you did them and made this country great,Premise
1980_ec1070aaeb5950d923fcb0d6647653d9,T546,1980,"in the proposal for the Alaska lands legislation, 100% of all the offshore lands would be open for exploration",Premise
1980_9680b91c138bd42c0cfa90e317cb1bc0,T547,1980,"95% of all the Alaska lands, where it is suspected or believed that minerals might exist",Premise
1980_34a2149f6929d72cfc03bd7722cdf0cc,T548,1980,"which would, in effect, very quickly bankrupt it",Claim
1980_9d4b383cb4f084ed8c8a21fa82781f34,T17,1980,save $750 billion,Premise
1980_41e0ad83514c29a9b9bcff4418be897c,T18,1980,"one of the things that we could do was to recalculate the index that is used to determine the cost of living benefits that are paid to civil service retirees, to military retirees",Claim
1980_38a08dda9c89b492b66697a472c8fda3,T33,1980,"I don't see where it is inflationary to have people keep more of their earnings and spend it, and it isn't inflationary for government to take that money away from them and spend it on the things it wants to spend it on",Premise
1980_9596198e5b2dc9ad6a50fd57d7755c5a,T45,1980,It would still have gone up as much as it has,Premise
1980_c048524915557a1d2198307cdd141a76,T46,1980,the $.50 would be added on top of that,Premise
1980_174f593c21ec85a1481c27be5fcfc787,T47,1980,it would be a tax paid by the consumers,Claim
1980_e0daecd09ec94d5c4a9c1f3efc4c96bd,T48,1980,"Fifteen months ago, he was a cosigner and advocating the very tax cut that I am proposing, and said that that would be a forward step in fighting inflation, and that it would be beneficial to the working people of this country",Premise
1980_165728ccd17ef4a9ea7ce08e846d1cdd,T49,1980,"I believe that conservation, at course, is worthy in and of itself",Claim
1980_a4f8dca6ddff7ec6ab08ac1e7ca22be2,T50,1980,"Anything that would preserve, or help us use less energy, that would be fine, and I'm for it",Claim
1980_cf247558ae41546e807597f037299598,T51,1980,I do not believe that conservation alone is the answer to the present energy problem,Claim
1980_5bf2a42d11948ed2ee4941f854784518,T52,1980,"all you're doing then is staving off, by a short time, the day when you would come to the end of the energy supply",Premise
1980_cd3f969a484cfe610b7196c3869315a2,T53,1980,"The fact is, that in today's oil wells, there is more oil still there than we have so far taken out and used",Premise
1980_d6fffcde350d9023e8af6a583eb9096f,T54,1980,All of these things can be done,Claim
1980_f587c84d1f4393f0928c15d2570a1b5a,T55,1980,"I think it is the Government, and the Government with its own restrictions and regulations, that is creating the energy crisis",Claim
1980_b0c6dfb8881e18ff8418f1f47d71a375,T56,1980,"we are, indeed, an energy-rich nation",Claim
1980_9c33def774edf82f47de25ab928b92c8,T57,1980,"To say that we are limited, and at a dangerous point in this country with regard to energy, I think, is to ignore the fact",Claim
1980_74c9fabc2c32187b506da2d0e45a4a87,T58,1980,it would require what is known as secondary or tertiary efforts to bring it out of the ground,Premise
1980_f9efc0bdb6797230f8a8af7ec1900bf4,T59,1980,"this is known oil reserves, known supplies",Premise
1980_96353e2552685c1f927087dd968ba20c,T60,1980,"There are hundreds of millions of acres of land that have been taken out of circulation by the Government for whatever reason they have, that is believed by the most knowledgeable oil geologists to contain probably more oil and natural gas than we have used so far since we drilled that first well 121 years ago",Premise
1980_0961c89c8525421bbf7b85f221ab1861,T61,1980,"We have a coal supply that is equal to 50% of the world's coal supply, good for centuries, in this country",Premise
1980_a67c132e59acbe9fc89e508108ab4e07,T62,1980,that prices may go up,Claim
1980_5916a46d59cf8f5d8f7b89d1dfe358d9,T63,1980,"as you go further and have to go deeper, you are adding to the cost of production",Premise
1980_0e1c95fe51dbfbac6919e42a030c57d1,T64,1980,"We have nuclear power, which, I believe, with the safest",Premise
1980_ede92dc2541ea5ae53511bcadaed9ec7,T65,1980,"the most stringent of safety requirements, could meet our energy needs for the next couple of decades while we go forward exploring the areas of solar power and other forms of energy that might be renewable and that would not be exhaustible",Claim
1980_c248d47e2dbbf1ee62fb186d21ad811f,T66,1980,we are only drilling on 2%. have leased only 2% of the possible. possibility for oil of the continental shelf around the United States,Premise
1980_4e30d9cbba5038dbae2e715b0ab878b9,T67,1980,"the government has taken over 100 million acres of land out of circulation in Alaska, alone, that is believed by geologists to contain much in the line of minerals and energy sources",Premise
1980_a233dcbbbdada85c210c42b2c2b68659,T68,1980,"I simply cannot allow to go unpassed the statements that have just been made by Mr. Reagan, who once again, has demonstrated, I think, a total misunderstanding of the energy crisis that confronts, not only this country, but the world",Claim
1980_578c294fbec11d0df5b04bf4dc62c1ba,T69,1980,"he suggests that we have 27 years' supply of natural gas, 47 years' supply of oil, and all the rest, and that we really. all we have to do is to get the Government off the back of the oil industry, and that's going to be enough",Premise
1980_c1fb33f7f20116234bc5da13d6a2334a,T70,1980,we are going to have to create a new conservation ethic in the minds of the American people,Claim
1980_5866cb59a354c88f7e8317ce2466c35a,T71,1980,"I proposed, 15 months ago, the emergency excise tax on gasoline that I did",Premise
1980_ddf08bbf553b0c354bc480031ce3196a,T72,1980,I did it as a security measure to be sure,Claim
1980_bd6d195673d407d30f70dc8f67400eb3,T73,1980,I would rather see us reduce the consumption of imported oil than have to send American boys to fight in the Persian Gulf,Premise
1980_fe81b9dfc92c4caa0fc893e334022a00,T74,1980,I think it's going to take a dramatic measure of that kind to convince the American people that we will have to reduce the use of the private automobile,Claim
1980_e6c58973f12fb9a6f16d2e50382a36ae,T75,1980,We simply cannot have people sitting one behind the wheel of a car in these long traffic jams going in and out of our great cities,Premise
1980_8cf025fcf46b0de4b439430d60a82ba1,T76,1980,"We are going to have to resort to van pooling, to car pooling",Claim
1980_418fbd841957201d0ffc3242b8418069,T77,1980,We're going to have to develop better community transportation systems,Claim
1980_b23099a2a5e237ef3242fe9afc5306ff,T78,1980,"so that with buses and light rail, we can replace the private automobile in those places where it clearly is not energy-efficient",Premise
1980_db668e4f1b070e4da8bc681dd863768d,T79,1980,there are things that we can do in the retrofitting,Claim
1980_0fdc731174e18b0e3a2b4277d9be2730,T80,1980,"the redesign of our homes, not only of our houses, but of our commercial structures, as well, that will make it possible for us to achieve",Premise
1980_e8f29e9e19e2c23977294218e6b87580,T81,1980,"with respect to housing, when we are consuming, even though our per capita income today is about the same as that of the Federal Republic of Germany, we are consuming about, by a factor of two, the amount of energy that they consume in that country",Premise
1980_ca12862dd0ac55971895d4d881da37c8,T82,1980,"I think, yes, we will have to change in a very appreciable way, some of the lifestyles that we now enjoy",Claim
1980_e3a64516fc87b4337c989cde94ab2ce2,T83,1980,"According to one study that was published a short time ago - the Harvard Business School study - indicated that just in the commercial sector alone of the economy, we could save between 30% and 40% of the energy that we consume in this country today",Premise
1980_53ecddd3d81ecd0b4a608c5ddda62f2b,T84,1980,I think we are proving that we can go forward with conservation and benefit from that,Claim
1980_c26610b27f2936fa2e695f65fa1f17d7,T85,1980,I think it is safe to say that we do have sources of energy that have not yet been used or found,Claim
1980_2673f959c7984ec5dba09e0286af59a4,T86,1980,I am not an enemy of conservation,Claim
1980_d83b5313f0e545e4eb9a6e4b9767c1b3,T87,1980,"my figures are the figures of the Department of Energy, which has not been overly optimistic in recent years as to how much supply we have left",Premise
1980_7b918e774e3dc5974fd743f611ff9e36,T88,1980,"That is the same Government that, in 1920, told us we only had enough oil left for 13 years, and 19 years later, told us we only had enough left for another 15 years",Premise
1980_72730825f3af3adf2eeabab4dedd50a7,T89,1980,"As for saving energy and conserving, the American people haven't been doing badly at that",Claim
1980_df81996dbf5e16bb38daf1c410d0d3e7,T90,1980,"in industry today, we're producing more, over the last several years, and at 12% less use of energy than we were back in about 1973",Premise
1980_7f77cab47a32cd8b55a896899fd04d64,T91,1980,motorists are using 8% less than they were back at that time of the oil embargo,Premise
1980_75a9426884e3f55a982ff48baebfc720,T92,1980,I think my opponent in this debate tonight is overlooking one other very important fact,Claim
1980_31e7c3c06e85b220a6b086f8f70ffa8c,T93,1980,we cannot look at this as simply a national problem,Premise
1980_c1872a7b92bbdbea053209fe22cb6ce9,T94,1980,"Even though it's true that, perhaps, between now and the end of the decade, our total consumption of oil may not increase by more than, perhaps, a million or 2 million barrels of oil a day",Premise
1980_9d3cfef901505ec185f0769b4e55698e,T95,1980,"The rest of the Western world, we are told, may see its consumption increase from 51 million barrels to about 66 million",Premise
1980_4b326d539441eaef05de11b0b225e919,T96,1980,that additional 15 million barrels is going to cause scarcity,Claim
1980_0c93584f4b74c4a7e36be92a7b9f3bef,T97,1980,It is going to cause scarcity in world markets,Claim
1980_c2ffca319aad6c6d22042dd6e6695a5d,T98,1980,"there are at least five reputable studies, one even by the American Petroleum Institute itself, that, I think, clearly indicate that somewhere along around the end of the present decade, total world demand for oil is simply going to exceed total available supplies",Premise
1980_bb8f974c09eeb68d7cf8c9824523d71b,T99,1980,I think that a change in lifestyles - is necessary,Claim
1980_bfd3e4d2330dd17a48f54fc759a6faec,T100,1980,we had better begin to plan for that now rather than later,Claim
1980_46e555a3b909b24c5b8a9ec246a6d91b,T101,1980,"I think that that is clearly related to the fact that, going back to the time when the all-volunteer Army was created in 1973 - and I worked hard for it and supported it - we simply have failed to keep pace with the cost of living",Claim
1980_e080f71c3b96bede2596d111b4b0c67d,T102,1980,"today, on the average, the average serviceman is at least 15% - and I happen to think that's a very modest estimate - 15% below what has happened to the cost of living over that period of time",Premise
1980_a33d88952e2c105e7c44f479452f70c9,T103,1980,"as a result, the families of some of our young servicemen are on food stamps today",Premise
1980_c2d13ae9ff0cb7b476cbaab28b573868,T104,1980,I think that's shocking,Claim
1980_9ef2c9199d6fc8a4aab474d995c2e1b3,T105,1980,it's shameful,Claim
1980_99e4f76b8099f4f724a37a95e7f9fcc5,T106,1980,"I outlined a very specific program of increasing pay and allowances, reenlistment bonuses",Claim
1980_35b68d9c6f2ccf2a7cb7011d795e3b15,T107,1980,I would not leave this country go undefended,Claim
1980_5335ac09930ca4f09714ef7da6cfd080,T108,1980,"to protect the vital interests of this country, if that became impossible; if I could not, despite the very best efforts that I asked the Congress to put forward, to raise those pay and incentives and allowances",Premise
1980_0e654b0fb758883623aabff94874d06e,T109,1980,I am well aware of the present deficiencies in the Armed Forces of this country,Claim
1980_6998244a5fd27c83bd5d32391bfc1b56,T110,1980,"you have a report, as we did recently, that six out of 10 CONUS Divisions in this country - Continental United States Army Divisions - simply could not pass a readiness test: that two out of three divisions that were to be allocated to the so-called Rapid Deployment Force could not meet a readiness test",Premise
1980_bf5ee28d1890d8404bd6927193b3b886,T111,1980,"in most cases, that failure to meet the test was because of a lack of manning requirements, an inability to fill many of the slots in those divisions",Premise
1980_8835c7c2791e33be09945dff0add0e36,T112,1980,"I have seen figures that indicate that perhaps as of September, 1980 - this very month - that there is a shortage of about 104,000 in the ranks between E-4 and E-9",Premise
1980_fcc3053db4a92e84bc2113bd5b6fbc43,T113,1980,there were reports. public reports not long ago about ships that could not leave American ports because of a lack of crews,Premise
1980_56b45cebf98d2022a53ef31c87bf6e2b,T114,1980,"I talked to one of the leading former chiefs of Naval operations in my office a few weeks ago, who told me about 25,000 Chief Petty Officers being short",Premise
1980_c7020f9922c1d9abbb0fd7d1bd62ccdf,T115,1980,it's a shame now that there are only two of us here debating,Claim
1980_907789511753f9580aca9566b8881484,T116,1980,the two that are here are in more agreement than disagreement on this particular issue,Premise
1980_2ce2397195c01235e8105de6d4b8f5b6,T117,1980,"the only one who would be disagreeing with us is the President, if he were present",Premise
1980_5c72175d3113c38190dd17b69181f03c,T118,1980,"I. too, believe in the voluntary military",Claim
1980_5b60f496b619f4c43c0fcec3f183fbeb,T119,1980,"today the shortages of non-commissioned officers that John mentioned are such that if we tried to have a draft today, we wouldn't have the non-commissioned officers to train the draftees",Premise
1980_32a9e3131145d541734fff2be8499c42,T120,1980,"I believe the answer lies in just recognizing human nature and how we make everything else work in this country, when we want it to work",Claim
1980_c279a126990c47c8f166bfe7b92ec1ea,T121,1980,Recognize that we have a voluntary military,Premise
1980_1df41040ce7eb6d4e9d1095d9c49d469,T122,1980,"We are asking for men and women to join the military as a career, and we're asking them to deal with the most sophisticated of equipment",Premise
1980_302cc2681e5900d18a28184b650ff9d1,T123,1980,"a young man is out there on a $1 billion carrier in charge of the maintenance of a $20 million aircraft, working 100 hours a week at times, and he's earning less for himself and his family, while he's away from his family, than he could earn if he were in one of the most menial jobs, working 40 hours a week here at home",Premise
1980_d91a5f52820d6267e6f6e2ff610f04da,T124,1980,That meant immediately 46% of your people that were signing up had no reason for signing up,Claim
1980_68f6342ebb67b422476a21331eff2a21,T125,1980,"As an aid to enlistment. we had an aid - 46% of the people who enlisted in the voluntary military up until 1977 said they did so for one particular reason, the G.I. Bill of Rights",Premise
1980_a55d59743ea9598531306c0d94f29a11,T126,1980,"the fact that, by serving in the military, they could provide for a future college education",Premise
1980_44dd0707a256beec3753a9496b470138,T127,1980,"In 1977, we took that away from the military",Premise
1980_b357d7679c6f97a41b8480c040360954,T128,1980,I think it is a case of pay scale,Claim
1980_e15af73dd7b130c9c012571363b1386a,T129,1980,"recognizing that if we're going to have young men and women responsible for our security, dealing with this sophisticated equipment, then for heaven's sakes, let's go out and have a pay scale that is commensurate with the sacrifice that we're asking of them",Premise
1980_ad79514dce0641d5a3725db8e20edcfa,T130,1980,I think we need something else that has been allowed to deteriorate,Claim
1980_3287b4d3dde02b2dd4179faf706c924d,T131,1980,"We need a million-man active reserve that could be called up on an instant's notice, and that would be also trained, ready to use that type of equipment",Premise
1980_e42b4562ef466723e8074c1bc738ebb2,T132,1980,"Both of these, I think, would respond to the proper kind of incentives that we could offer these people",Claim
1980_07b31a6d8361af21cb8e6b1f70282c96,T133,1980,"I think I have better opportunity, however, of finding the necessary funds to pay what, admittedly, will be very, very substantial sums of money",Claim
1980_2626761431a8ef87aa25e33875430515,T134,1980,"We signed one bill. or we passed one bill, just a couple of weeks ago in the House of Representatives for $500 million - a half a billion dollars",Premise
1980_a6253d82ac766bb218fe1e81aa0002ca,T135,1980,"That is just a downpayment, in my opinion",Premise
1980_e72e53c20c41352f008a45e9f7294de7,T136,1980,I do not support a boondoggle like the MX missile,Claim
1980_3ac33ae3de44cf4af974556fe35b825a,T137,1980,I've just gotten a report from the Air Force that indicates that the 30-year lifecycle cost of that system is going to be $100 billion,Premise
1980_4d5b71b319993cd68cc25f6001146a50,T138,1980,"The initial cost is about $54 billion, and then when you add in the additional costs - not only the construction of the system, the missiles and the personnel, and so on - when you add in the additional costs over the lifecycle of that system, over $100 billion",Premise
1980_e592944595071e14fe716981d569d895,T139,1980,I would propose to save the taxpayers of this country from that kind of costly boondoggle,Claim
1980_0a60140d1c6207c78b5765e8dd9b4486,T140,1980,We need the missile,Claim
1980_3b262a160961d6837f30032d9b8aa5c7,T141,1980,we are so out of balance strategically that we lack a deterrent to a possible first assault,Premise
1980_e84077f8da7ccbb5d4503881b6cfb57e,T142,1980,I am not in favor of the plan that is so costly,Claim
1980_42aff8e3db52ad9df2d3605a8795bd53,T143,1980,"I happen to support and believe in the missile, itself",Claim
1980_b519103d5f598da7e2400d20a706fb03,T144,1980,that's not the $54 billion cost that John is talking about,Premise
1980_903dd3a54dd97d7606302c5b26524874,T145,1980,He's talking about that fantastic plan of the Administration to take thousands and thousands of square miles out in the Western states,Premise
1980_db7860d41713c3e1d271029a52d13b3b,T146,1980,"first, he was going to dig a racetrack and have it going around in the racetrack so it would meet the requirements of SALT II treaty",Premise
1980_b9f974df06127dbd1a722858cf8dea9d,T147,1980,"now he's decided it'll have a straight up and down thing, so it can he both verifiable and yet hideable from the Soviet Union",Premise
1980_a1cafbad3a2621a68ed6c6cb2e089989,T148,1980,the military is not the only area in crisis,Claim
1980_96c32edfa3670bfb35ed38e2351a4ed4,T149,1980,"American cities are physically wearing out, as housing, streets, sewers and budgets all fall apart",Premise
1980_6ce54d3868727d463d6e9e3209f4972f,T150,1980,all of this is piled upon the emotional strain that comes from refugees and racial confrontations,Premise
1980_c04ac5abe7852a6d87d0235be4036c69,T151,1980,I don't think I'd have to go against that pledge,Claim
1980_00162d8e05329e36b7bd7efaec274a3f,T152,1980,I think one of the problems today with the cities is Federal aid,Claim
1980_9d9d07f1375818466367d6ae4b803770,T153,1980,"The mayors that I've talked to in some of our leading cities tell! me that the Federal grants that come with. for a specific cause or a specific objective, come with such red tape, such priorities established by a bureaucracy in Washington, that the local government's hands are tied with regard to using that money as they feel could best be used, and for what they think might be the top priority",Premise
1980_9301f1b10da28114e7c227c927d23b9a,T154,1980,"If they had that money without those government restrictions, every one of them has told me they could make great savings and make far greater use of the money",Premise
1980_7d6627cce8e8a6e4b28e8237a9ebe595,T155,1980,"What I have been advocating is, why don't we start with the Federal Government turning back tax sources to states and local governments, as well as the responsibilities for those programs?",Premise
1980_e137ab21ac24beded98c96726eec665b,T156,1980,Seventy-five percent of the people live in the cities,Premise
1980_5e65582e45b02eef375474707b76267b,T157,1980,I don't know of a city in America that doesn't have the kind of problems you're talking about,Premise
1980_1bf1995a5dad24748399acfab18926ce,T158,1980,where are we getting the money that the Federal Government is putting out to help them?,Premise
1980_0234e77771e7bb85beda19e8d43f750c,T159,1980,New York is being taxed for money that will then go to Detroit,Premise
1980_8b694d917ab1c7347b2554fcee480ab9,T160,1980,"Detroit is being taxed for money that, let's say, will go to Chicago",Premise
1980_e6bff836bd70fb464caab8ec1251f830,T161,1980,Chicago is being taxed to help with the problems in Philadelphia,Premise
1980_971a10f86a6f901e536076808d411f41,T162,1980,Wouldn't it make a lot more sense if the government let them keep their own money there in the first place?,Premise
1980_c0ecf9230f73bdf077cfad34c6de7d7e,T163,1980,there are other things that we can do with the inner cities,Claim
1980_91d9e9791ef19f27b8d2dd5c9e7eabb1,T164,1980,"I have talked of having zones in those cities that are run down, where there is a high percentage of people on welfare, and offer tax incentives",Premise
1980_4d70b0256329670e866ee8f4200a8da4,T165,1980,"The government isn't getting a tax now from businesses there because they aren't there, or from individuals who are on welfare rather than working",Premise
1980_1d100643994e9f5c241eab99e626a6f9,T166,1980,why don't we offer incentives for business and industry to start up in those zones?,Premise
1980_752720c6065b5693b58b11f4e8abb529,T167,1980,Give them a tax moratorium for a period if they build and develop there,Premise
1980_8b509561d3bff3dc7282afce2efd3ac9,T168,1980,The individuals that would then get jobs - give them a break that encourages them to leave the social welfare programs and go to work,Premise
1980_b77cc6590dcefe0192c62f56533ee906,T169,1980,We could have an urban homestead act,Claim
1980_bd5a6726cec7bd89fee41d0af0994b66,T170,1980,"We've got thousands and thousands of homes owned by government boarded up, being vandalized, that have been taken in mortgage foreclosures",Premise
1980_fd0135de19102be151234662fb845098,T171,1980,"What if we had a homestead act, and said to the people, for $1 we sell you this house",Premise
1980_68e45d7c27d642d05cf61d25197b5c11,T172,1980,"All have to do is agree to refurbish it, make it habitable, and live in it - just as 100 or more years ago, we did with the open land in this country - urban . or country homesteading",Premise
1980_669420dfbdf348dc03599910a3ee65b9,T173,1980,"the Anderson-Lucey platform for America, program for the 80s, has devoted considerable time, and in very specific detail, we have talked about two things that ought to be done to aid urban America",Claim
1980_522fbbc12f6e9ea47e15eb52d1ce283d,T174,1980,"first of all, for the creation of a $4 billion urban reinvestment trust fund to do exactly what you spoke about in your question - to rebuild the streets, to rebuild the cities, the leaking water mains",Premise
1980_1dbd0f772578afcfc538d1c48a3ec7a4,T175,1980,"I was in North Pittsburgh - I think it was a few weeks ago, on my campaign - the water mains in that city had begun to leak, and literally, there wasn't money available to fix them",Premise
1980_a394e65199a07c14c9d25ef52fe72e33,T176,1980,"they simply are not going to provide the kind of economic climate that will enable them to retain industry, enable them to retain the kind of solid industrial base that they need, so that they can provide jobs",Claim
1980_bf1418f08f6d278dfc8b15d351ab45d0,T177,1980,"until we can begin to recreate the basic infrastructure of the great cities of America, particularly in the upper Midwest and in the Northeast",Premise
1980_15838d838f0acc2f68e6d24418b9ec6e,T178,1980,"We have also provided in our program for a $4 billion Community Trust Fund, and we've told you where the money is coming from",Premise
1980_5d548bcc4831f0f243e2d6bf3d1ee6f2,T179,1980,"It's going to come from the dedication, by 1984, of the excise revenues that today are being collected by the Federal Government on alcohol and tobacco",Premise
1980_96f86429de471305c308dcfdf5f84f07,T180,1980,"That money, I think, ought to be put into rebuilding the base of our cities",Claim
1980_2793ff6b9bd3d79a109e5445e83cf6f5,T181,1980,jobs programs to re-employ the youth in our cities would be very high on my priority list,Claim
1980_cb7977b6550685f04bbb858349e33696,T182,1980,the Youth Opportunities Act of 1980,Premise
1980_d7751ff8831f33a895075021c7dda503,T183,1980,"a billion-dollar program that I would recommend to put youth to work in energy projects, in conservation projects, in projects that would carry out some of the great national goals of our country",Premise
1980_1358d341c9c18635cb0967c17b423e8f,T184,1980,I recently saw a Princeton University study that indicated that the cities of America - the large cities of this country - are in worse shape today than they were in 1960,Premise
1980_d8370e25f2766617b475f0b814929962,T185,1980,"It seems to totally belie the claim that I heard President Carter make a few days ago, that he was the first President that had come forth with a real urban strategy to meet the problems of urban America",Claim
1980_bdd235b968211e72d2e74bd28b61c185,T186,1980,"just this past week, the crown jewel in that program that he had devised was stolen, I guess, because a conference committee turned down the ambitious plan that he had to increase the amount of money that would be available to the Economic Development Administration for loan guarantees and direct loans and credits",Premise
1980_4df45f547700ca24f1d03b93666433a6,T187,1980,"in my view, this is not the answer to the problem",Claim
1980_fc3888840dc7a7f53ff7be64292dde3e,T188,1980,It will come from the pockets of the people,Claim
1980_a9f578154969f0feac16bb5a4022285d,T189,1980,John claims that he is making plain where the money will come from,Premise
1980_28b06ede254980b49254a5df72eb8741,T190,1980,It will come from the pockets of the people who are living in those very areas,Claim
1980_32b04191a04cc915dfe2007d66b0a96f,T191,1980,"the problem is, with Governments - Federal, State and Local - taking $.44 out of every dollar earned, that the Federal Government has pre-empted too many of the tax sources",Premise
1980_08f91c7a67d372c668a457f819c53e32,T192,1980,Pittsburgh does not have the money to fix the leaking water mains,Claim
1980_614f8fc035c03ed690b5305defc1db65,T193,1980,the Federal Government has pre-empted,Premise
1980_b0c21620a974ca073d6a07e55cc5c4c6,T194,1980,"the Federal Government is going to turn around and say, well you have this problem; we will now hand you the money to do it",Premise
1980_fb2845db6169e100751c90a547c2da62,T195,1980,the Federal Government doesn't make money,Claim
1980_cbe2d4e8621582b5547ee323f6abf3c3,T196,1980,It just takes - from the people,Premise
1980_7197c8026131d4c7ed1c8a9457b3f3f4,T197,1980,"Stand in the South Bronx as I did, in the spot where Jimmy Carter made his promise that he was going to, with multi-billion dollar programs, refurbish that area that looks like bombed-out London in World War II",Premise
1980_ec0af773f43d2bc43a0102706457e733,T198,1980,"I stood there, and I met the people",Premise
1980_e4d5eda7a2d4176e8567994815cf6549,T199,1980,I heard them ask just for something that would give them hope,Premise
1980_fb346f81cfc50af30fd252a0be91d3cc,T200,1980,"I believe that, while all of the promises have been broken, they've never been carried out",Claim
1980_aa1ee9b1a29bb920328fb4ffd804847e,T201,1980,I believe that my plan might offer an opportunity for that,Claim
1980_7714f5183bc34105dc7296296f62055e,T202,1980,"if we would move into those areas and let, encourage - with the tax incentive - the private sector, to develop and to create the jobs for the people",Premise
1980_8deff79b2689f89cd630d8f72df3ad18,T203,1980,It seems to me that to deny the responsibility of the Federal Government to do something about our crumbling cities is to deny the opportunity for one thing: To 55% of the black population of our country that is locked within the inner cities of the metropolitan areas of our country,Claim
1980_fd25c3a8099894909aa633302e36d08f,T204,1980,"in those cities today, we have 55% youth unemployment among black and Hispanic youth",Claim
1980_65a1298f2f6f0c2fbfc93d9a65d51065,T205,1980,It's because they have lost their industry,Claim
1980_49110c12047301ee3d3fe4345ec41dd6,T206,1980,"they no longer present the kind of viable economic climate that makes it possible for industry to remain there, or to locate there",Premise
1980_e93a6b07146883fe11ba6bd0219fe8d0,T207,1980,I think Government has a responsibility to find jobs for the youth of this country,Claim
1980_798690aed41684db76687aa478238e94,T208,1980,the place to start is to assist in the very important and necessary task of helping cities rebuild,Claim
1980_762534940a61fc09bbf2cb18abbe5737,T209,1980,"I would be very happy to accept the challenge of your question tonight, to tell the voters of this country exactly what I think it's going to cost",Claim
1980_b6a54f74e92fef50389543d30cfe2332,T210,1980,"all too often in past elections, politicians have simply been promising people things that they cannot deliver",Premise
1980_bf99616959a88aaa1955fb8249169c59,T211,1980,"When these Presidential Debates were held just four years ago, I remember the incumbent President, who was willing to debate, President Ford, telling the American people that they simply ought not to vote for somebody who promised more than they could deliver",Premise
1980_167688beeea45bbf8b380951cebd0f30,T212,1980,we've seen what has happened,Premise
1980_995007b84c791f59c7f4ad4a84c4f02b,T213,1980,We haven't gotten either the economies in Government that were promised,Claim
1980_abf9e8dd6ceaaf5fb4e82b51903f209d,T214,1980,we haven't gotten the 4% inflation that we were supposed to get at the end of Mr. Carter's first term,Premise
1980_0e38f114944f5bdfb1ce4a6a303d1799,T215,1980,"Instead we had, I think, in the second quarter, a Consumer Price Index registering around 12%",Premise
1980_c05b1e272263627d4522470ca471c6c9,T216,1980,I think my programs are far less inflationary than those of Governor Reagan,Claim
1980_d1248166bbf763207d748762ae545dbf,T217,1980,"nobody really knows, with the latest increase in the Wholesale Price Index - that's about 18% on an annualized basis - what it's going to be",Premise
1980_77875a476429af5a044e7922d4782ffc,T218,1980,"His own running mate, when he was running for the Presidency, said that they would cost 30% inflation inside of two years, and he cited his leading economic advisor, a very distinguished economist, Paul Macavoy, as the source of that information",Premise
1980_9faffa4b414d648a6581f9299d16b5fc,T219,1980,"He went so far as to call it ""brutal economics.""",Premise
1980_2d0d9de4aacbf9beb47e680596a88460,T220,1980,"I'm going to wait until I see that that inflation rate is going down, before I even begin to phase in the business tax cuts that I've talked about",Claim
1980_84803e50c08429624a84fd6b8aabfe11,T221,1980,"I think, by improving productivity, they would be far less inflationary than the consumption-oriented tax cut that Governor Reagan is recommending",Claim
1980_f10bc7d227b1b61b2985ac629b4259c4,T222,1980,"I would like to stand here and promise the American people a tax cut, as Governor Reagan has done",Premise
1980_a254b0a11a383dd37d4fd32725273357,T223,1980,it's gotten to be about $122 difference,Premise
1980_f521286add1030626197aeff79dad144,T224,1980,Somebody worked it out,Premise
1980_3cc4f5d18c4ab4443994bdd20fdd43c6,T225,1980,"they figured out that between the tax cut that Governor Reagan is promising the American people, and the tax cut that Jimmy Carter is promising in 198I, his is worth about $122 more",Premise
1980_dad99ea03623868243ea86691ef9431c,T226,1980,"one is going to give you $122 more if you happen to be in that range of about a $20,000-a-year income",Premise
1980_1da8861139f063532bf130a78a20130e,T227,1980,"you, dear voters, are out there on the auction block, and these two candidates are bidding for your votes",Premise
1980_2a43c18ac24a3423cd7924ef0dfaa815,T228,1980,I don't have to,Claim
1980_2b7337fc7bed7572b7e02b19a1888edb,T229,1980,I've done it,Premise
1980_615162a2c0c4ef8dedbb8d6c4bbd409f,T230,1980,"We have a back-up paper to my economic speech of a couple of weeks ago in Chicago, that gives all of the figures",Premise
1980_0be8322c570e4ad23a6427d4220cab45,T231,1980,"And we used - yes, we used - the Senate Budget Committee's projections for five years, which are based on an average inflation rate of 7.5%",Premise
1980_9edd1226463fbd4c770660be38df2623,T232,1980,"which, I think, that under our plan, can be eliminated",Claim
1980_ab0f7dbd8940ad4b28ec1930b5042a3b,T233,1980,"eliminated probably more quickly than our plan, but we wanted to be so conservative with it, that people would see how. how well it could be done",Premise
1980_0c4f9dcc4337ebc10c3c9ac67142bbf3,T234,1980,I speak with some confidence of our plan,Claim
1980_a4fbe8a0609c98f850d44301ab3fa46b,T235,1980,"I took over a state - California - 10% of the population of this nation - a state that, if it were a nation, would be the seventh-ranking economic power in the world",Premise
1980_49991f26235dd01b002774ef39690f16,T236,1980,that state we controlled spending,Premise
1980_91fe9fca5a4972f75b1c54a7fd0632f3,T237,1980,We cut the rate of increase in spending in half,Premise
1980_729223fd493d813d1ffad13b9b34498f,T238,1980,"at the same time, we gave back to the people of California - in tax rebates, tax credits, tax cuts - $5.7 billion",Premise
1980_35b450f78c890ecc83ef6e43cde1b880,T239,1980,I believe the budget can be balanced by 1982 or 1983,Claim
1980_a33122c7dc331559ec1529387677ffa7,T240,1980,"it is a combination of planned reduction of the tax increase that Carter has built into the economy, and that's what he's counting on for his plan",Premise
1980_373fb926a56422b1641df7d8cb556bdc,T241,1980,"he's going to get a half-a-trillion dollars more over the next five years that he can use for additional programs, or hopefully, someplace down the line, balancing the budget",Premise
1980_3524ee2d3b147b0252fe3341152f6a80,T242,1980,We believe that that's too much additional money to take out of the pockets of the people,Claim
1980_9a624c018a2e86485c27c52239121a1b,T243,1980,I vetoed 993 measures without having a veto overturned,Premise
1980_21700547f9b9739b57ba9794741014c5,T244,1980,"among those vetoes, I stopped $16 billion in additional spending",Premise
1980_9001e9395f322f7d4dbedcd8762bf48f,T245,1980,"the funny thing was that California, which is normally above the national average in inflation and unemployment, for those six years for the first time, was below the national average in both inflation and unemployment",Premise
1980_1df7b336f7c190c3d20ebc3980f48397,T246,1980,We have considered inflation in our figures,Claim
1980_7358ae839fd6e57e786cdf8cbbf1688b,T247,1980,"We deliberately took figures that we, ourselves, believed were too conservative",Premise
1980_60b45d8621ab7a4bf7197cb90b2dc0a9,T248,1980,"Spending, in other words. more than doubled, and it rose at a faster rate than spending was rising in the Federal Government",Claim
1980_af1577b21806a68286b055cefeb15ee1,T249,1980,"despite his pledge to reduce state Government spending, that it rose from $4.6 billion when he took office in 1967, to $10.2 billion during his eight years in office",Premise
1980_d945eccf221a51b403473f9dd5b091df,T250,1980,"I have seen his program costed out to the point where it would amount to more than $300 million a year, just for the military",Claim
1980_c52357e4bb7c94c3eb65e461b8093b5b,T251,1980,I think the figures that he has given are simply not going to stand up,Claim
1980_5a22a4b61f6ba5b301ba89963380b732,T252,1980,"on his very optimistic figures about his tax cut producing a balanced budget by 1983, and the fact that he is using, he says, the figures of the Senate Budget Committee, that Senate Budget Committee Report does not accommodate all of the Reagan defense plans",Premise
1980_e78d23aca675f5f4fa27323bba2d863d,T253,1980,"some people look up figures, and some people make up figures",Premise
1980_8ef671103d2778b52f0ddceaea41e155,T254,1980,John has just made up some very interesting figures,Claim
1980_2229514baa174addcf62a00077ef26f7,T255,1980,"We took the Senate report, of course",Premise
1980_18e413667dab69877b5e9a18eb008dd2,T256,1980,"we did factor in our own ideas with regard to increases in the projected military spending that we believe would, over a period of time, do what is necessary",Claim
1980_39a5346b4ab49121c95bb9087ab044a3,T257,1980,"I think being Governor of California is probably the closest thing to the Presidency, if that's possible, of any executive job in America today",Claim
1980_99defe3e19aca01668164063de2b21cb,T258,1980,it is the most populous state,Premise
1980_114b2b9318352a1a9920fd628665c79b,T259,1980,we did cut the increase in spending in half,Claim
1980_5a5a46b0f85488d85d9fe33b6245cee9,T260,1980,John doesn't quite realize - he's never held an executive position of that kind,Premise
1980_ed7185744d747da7eb607c29d5444cfe,T261,1980,"we reduced, in proportion of other states, the per capita spending, the per capita size of Government",Claim
1980_8ec01954416c8b4f2467933e6197d96c,T262,1980,we only increased the size of Government one-twelfth what it had increased in the preceding eight years,Premise
1980_c9cc5c10ddabd391ce21428bddf69f7d,T263,1980,"one journal, the San Francisco Chronicle, a respected newspaper, said there was no question about the fact that Governor Reagan had prevented the State of California from going bankrupt",Premise
1980_748f72ad2480579f9128ec251c2a4c03,T264,1980,I think that I have found a great hunger in America for a spiritual revival,Claim
1980_424fbf524b477e26fbbe395da3e9c051,T265,1980,"I do believe that no one in this country should be denied the right to express themselves, or to even try to persuade others to follow their leader",Claim
1980_fadb5724e4fef18d9514e193a684b4ad,T266,1980,That's what elections are all about,Premise
1980_4eb4a6f3114cc9346922792cfa9bfec8,T267,1980,For a belief that law must be based on a higher law,Claim
1980_ff09329199da40ebf5a5d29d18ea0ec1,T268,1980,For a return to traditions and values that we once had,Claim
1980_a5cb95c77b55a04722bcdf9558e0d164,T269,1980,"Our Government, in its most sacred documents - the Constitution and the Declaration of Independence and all - speak of man being created, of a Creator",Premise
1980_21bf5ba127e1ab0d0b3421acce103f64,T270,1980,That we're a nation under God,Premise
1980_00e4805ef924b1fa22ce8a74d4a4b59f,T271,1980,I have thought for a long time that too many of our churches have been too reluctant to speak up in behalf of what they believe is proper in Government,Premise
1980_2625e534a3595f99d25ba6be73dfb787,T272,1980,"they have been too too lax in interfering, in recent years, with Government's invasion of the family itself, putting itself between parent and child",Premise
1980_ef1a9e9e9e96460a745a6e90e41bdf81,T273,1980,"I vetoed a number of bills of that kind myself, when I was in California",Premise
1980_2d3143015b859104c29dbe5ec6a71493,T274,1980,"to try to tell the parishioners of any church, of any denomination, how they should vote, or for whom they should vote, I think violates the principle of separation of church and state",Claim
1980_3af7e5781eaf5d4b8e83c982db318895,T275,1980,certainly the church has the right to take a position on moral issues,Premise
1980_1357cec460cc6fde971aa777ad26827f,T276,1980,I think that is a moral issue that ought to be left to the freedom of conscience of the individual,Claim
1980_2e0f89af5f2691845f3b5b24b6c55fb7,T277,1980,Governor Reagan is running on a platform that calls for a Constitutional amendment banning abortion,Premise
1980_cc8c524927b420d6a6cc0162d3501693,T278,1980,"for the state to interfere with a Constitutional amendment, and tell a woman that she must carry that pregnancy to term, regardless of her personal belief, that, I think, violates freedom of conscience as much as anything that I can think of",Premise
1980_1899201f17e9945a9f1756dfd8b95c48,T279,1980,I believe in freedom of choice,Claim
1980_1332f4958b7622c8f38c8461a6b86954,T280,1980,I don't believe in Constitutional Amendments that would interfere with that,Claim
1980_1c7ea5fd17fda6ad6d73f20504ad73e1,T281,1980,I don't believe in trying to legislate new tests for the selection of the Federal Judiciary,Claim
1980_b573d37c34f2a42cb1d64a5ebe37b61f,T282,1980,"he is also running on a platform that suggests a litmus test for the selection of judges - that only judges that hold a certain, quote, ""view,"" on the sanctity of family life, ought to be appointed to the Federal Judiciary, one of the three great independent branches of our Government",Premise
1980_f43ef8e8f67beceab213ac9f2aef5a2a,T283,1980,"for me to try, in this very pluralistic society of ours, to try to frame any definition, whatever, of what that belief should be, is wrong",Claim
1980_3e30cd4d32199eb2f5e10f51d3f2f018,T284,1980,"On the Amendment that you mentioned, I abandoned it 15 years ago",Premise
1980_ae1743a228ed35f1ce1404b69a31a21b,T285,1980,"I have said freely, all over this country, that it was a mistake for me or anyone to ever try to put the Judeo-Christian heritage of this country, important as it is, and important as my religious faith is to me - it's a very deeply personal matter",Premise
1980_679ba6f8df18d141835ea43b272ea098,T286,1980,"not once, but twice - in 1971 - I voted on the floor of the House of Representatives against a Constitutional amendment that tried to bring prayer back into the public schools",Premise
1980_c56fd755b0bab47cd5d795fedf04f3a0,T287,1980,"I think mother ought to whisper to Johnny and to Susie, as they button their coats in the morning and leave for the classroom, ""Be sure to say a prayer before you start your day's work.""",Premise
1980_ec47882710adde76aa3856e6e518e2f5,T288,1980,"I don't think that the state, the Board of Regents, a Board of Education, or any state official, should try to compose that prayer for a child to recite",Claim
1980_dec32eb18b3742210c16cb7a251fef7b,T289,1980,I don't think that's a bad idea,Claim
1980_e902e63b194800f5efa5869984393dfd,T290,1980,I think all of us should have a respect for innocent life,Claim
1980_fcea9a6b69ffc67fa13b76f4184b59e7,T291,1980,"The litmus test that John says is in the Republican platform, says no more than the judges to be appointed should have a respect for innocent life",Premise
1980_9f2699c4f56a5b14ca92f97e26369460,T292,1980,I happen to believe it is,Claim
1980_7a54aeac17ddf613e5a49778aed8dada,T293,1980,I do believe that maybe we could find the answer through medical evidence,Claim
1980_388c4d828b331a2323f55cb7c4d9fc43,T294,1980,"if we would determine once and for all, is an unborn child a human being?",Premise
1980_42969c29188e645d22b4c299d19d2729,T295,1980,"With regard to the freedom of the individual for choice with regard to abortion, there's one individual who's not being considered at all",Claim
1980_78f0096d437e5e17213e088713f14078,T296,1980,That's the one who is being aborted,Premise
1980_b89ab5d38352043eae6514d61f4a2f86,T297,1980,I've noticed that everybody that is for abortion has already been born,Premise
1980_a873369f2ff7b7f601a88adc5eff87fd,T298,1980,I also think that that unborn child has a right to be wanted,Claim
1980_7b6effa9fbabe4fa271fe1d5f7eba0ca,T299,1980,"I also believe, sir, that the most personal intimate decision that any woman is ever called upon to make is the decision as to whether or not she shall carry a pregnancy to term",Claim
1980_9e45cc43637bdad38949ac3418963a67,T300,1980,"for the state to interfere in that decision, under whatever guise, and with whatever rationale, for the state to try to take over in that situation, and by edict, command what the individual shall do, and substitute itself for that individual's conscience, for her right to consult her rabbi, her minister, her priest, her doctor - any other counselor of her choice - I think goes beyond what we want to ever see accomplished in this country",Claim
1980_7d0365086cc598398a2e694cbcf01f08,T301,1980,if we really believe in the First Amendment,Premise
1980_15afbaaccee6d56841e386cf8726f0f0,T302,1980,if we really believe in freedom of choice and the right of the individual,Premise
1980_f0d3f74c84e44d9fc095cd945f5a2bf9,T303,1980,there might be some feeling of unfairness about this,Claim
1980_98bcdc3a1d63ed15ea06333930273be9,T304,1980,he was not here to respond,Premise
1980_eaf4c7dc840d84534b9bdcd5b0871063,T305,1980,"I would just like to remark a concern that I have that we have criticized the failures of the Carter policy here rather considerably, both of us this evening",Premise
1980_4ab46c5c928a373795caaa0b2b57798a,T306,1980,I believe it would have been much more unfair to have had John Anderson denied the right to participate in this debate,Claim
1980_9d70a540a75819e7a9c8a318ae76fc77,T307,1980,I want to express my appreciation to the League of Women Voters for adopting a course with which I believe the great majority of Americans are in agreement,Premise
1980_56d68beda97061be5c0a992521fdd229,T308,1980,I still believe that,Claim
1980_aabea7b686b8aff9021181a7852eea0b,T309,1980,I'm not running for the Presidency because I believe that I can solve the problems we've discussed tonight,Claim
1980_bf66bcf52a72827140fc0d83d5d47c06,T310,1980,"I believe the people of this country can, and together, we can begin the world over again",Premise
1980_90aaa2580465a2e0b0b7a0737866ebad,T311,1980,"President Carter was not right a few weeks ago when he said that the American people were confronted with only two choices, with only two men, and with only two parties",Claim
1980_11f10b0af263ac71eae3c670d220c4e6,T312,1980,I am running for President as an Independent,Claim
1980_67890d05cd1ac27d77f5a1142f461fb7,T313,1980,I believe our country is in trouble,Premise
1980_55f86d5e948fef2604c7cd9a5d838b82,T314,1980,I believe that all of us are going to have to begin to work together to solve our problems,Premise
1980_c4ea05ed31d2807eeabd8783f5099fa4,T315,1980,I don't think you do think that,Claim
1980_4f374acd380f42b9d7ac9daa500fdfce,T316,1980,"I think you ought to consider doing something about it, and voting for an Independent in 1980",Claim
1980_08902b6734d4357ac7bd87c3789b65ba,T317,1980,a generation of office seekers has tried to tell the American people that they could get something for nothing,Premise
1980_f60368e451ca64a88cccfae8e16ed25f,T318,1980,"It's been a time, therefore, of illusion and false hopes, and the longer it continues, the more dangerous it becomes",Premise
1980_7a98b5297d628e65994088262cbcbf2c,T319,1980,We've got to stop drifting,Claim
1980_b37d0ecf96ca4f28b4c7993bef8f7ae7,T320,1980,"Those are some of the great issues - atomic warfare, the use of our natural resources, and the issue of nationalism - that I intend to be talking about in the remaining six weeks of this campaign",Claim
1980_57e7033074c7d3fc1494be4f5d1b196d,T321,1980,that an Independent government of John Anderson and Patrick Lucey can give us the kind of coalition government that we need in 1980 to begin to solve our problems,Claim
1980_981fa60b4c13fb32fbafa691c0ffe232,T322,1980,"The living Americans today have fought harder, paid a higher price for freedom, and done more to advance the dignity of man than any people who ever lived on this earth",Claim
1980_55d0ddbb65259ebbbd87994d3c041a59,T323,1980,"we, the living Americans, have gone through four wars",Premise
1980_a22e0955b4f766edea94177f76238d70,T324,1980,We've gone through a Great Depression in our lifetime that literally was worldwide and almost brought us to our knees,Premise
1980_1d01162aa61489af0c8b82172dc56de5,T325,1980,we came through all of those things and we achieved even new heights and new greatness,Premise
1980_72e560150d83cccdde683fa57d6d0a0a,T326,1980,"We can meet our destiny - and that destiny to build a land here that will be, for all mankind, a shining city on a hill",Claim
1980_6e95dec09959512e5eed730edd58825e,T327,1980,I think you've seen tonight in this debate that Governor Reagan and I have agreed on exactly one thing,Claim
1980_d840757275e75636cd4b2c12db546792,T328,1980,we are both against the reimposition of a peacetime draft,Premise
1980_8667e96f55a991addadce33e9167ecfe,T329,1980,"We have disagreed, I believe, on virtually every other issue",Premise
1980_6ded2887ea8c0e79129fa88b39b65574,T330,1980,What I wish tonight so desperately is that we had had more time to talk about some of the other issues that are so fundamentally important,Premise
1980_7592c395120860444a2be84b1652d58a,T331,1980,"A great historian, Henry Steele Commager, said that in their lust for victory, neither traditional party is looking beyond November",Premise
1980_eae136d4ccc64d719f26745f45a86137,T332,1980,"he went on to cite three issues that their platforms totally ignore: atomic warfare, Presidential Directive 59 notwithstanding",Premise
1980_1ef8c0a63a524ab747f0244c5ec8a87a,T333,1980,"If we don't resolve that issue, all others become irrelevant",Claim
1980_2357bb4ecec3055ece1fcb1c40d41123,T334,1980,"The issue of our natural resources; the right of posterity to inherit the earth, and what kind of earth will it be?",Premise
1980_ed578e94c7f9f1abc71c4cbf5cf29307,T335,1980,"The issue of nationalism - the recognition, he says, that every major problem confronting us is global, and cannot be solved by nationalism here or elsewhere - that is chauvinistic, that is parochial, that is as anachronistic as states' rights was in the days of Jefferson Davis",Premise
