Year;Date;SectionID;text;fallacy;subcategory;Speaker;real_date;Component_T;ann_filename;Component_span
1960;26Sep;1;they are important and dangerous now because they are mounting a major effort within their own country;Appeal to Emotion;Appeal to fear;KENNEDY;26 9 1960;T6;1_1960.ann;1978 2035
1960;26Sep;1;they are important and dangerous now because they are mounting a major effort within their own country;Appeal to Emotion;Appeal to fear;KENNEDY;26 9 1960;T6;1_1960.ann;1978 2035
1960;26Sep;1;In 1933, Franklin Roosevelt said in his inaugural that this generation of Americans has a rendezvous with destiny;Appeal to Authority;Without Evidence;KENNEDY;26 9 1960;T60;1_1960.ann;7471 7584
1960;26Sep;1;I want people in Latin America and Africa and Asia to start to look to America;Appeal to Emotion;Appeal to Emotion;KENNEDY;26 9 1960;T53;1_1960.ann;7191 7269
1960;26Sep;1;I want people in Latin America and Africa and Asia to start to look to America;Appeal to Emotion;Appeal to Emotion;KENNEDY;26 9 1960;T53;1_1960.ann;7191 7269
1960;26Sep;1;I'm not satisfied when we have over nine billion dollars worth of food - some of it rotting - even though there is a hungry world, and even though four million Americans wait every month for a food package from the government, which averages five cents a day per individual;Appeal to Emotion;Appeal to pity;KENNEDY;26 9 1960;T24;1_1960.ann;3498 3624
1960;26Sep;1;I'm not satisfied when we have over nine billion dollars worth of food - some of it rotting - even though there is a hungry world, and even though four million Americans wait every month for a food package from the government, which averages five cents a day per individual;Appeal to Emotion;Appeal to pity;KENNEDY;26 9 1960;T24;1_1960.ann;3498 3624
1960;26Sep;1;I'm not satisfied when we have over nine billion dollars worth of food - some of it rotting - even though there is a hungry world, and even though four million Americans wait every month for a food package from the government, which averages five cents a day per individual;Appeal to Emotion;Appeal to pity;KENNEDY;26 9 1960;T24;1_1960.ann;3498 3624
1960;26Sep;1;I saw cases in West Virginia, here in the United States, where children took home part of their school lunch in order to feed their families because I don't think we're meeting our obligations toward these Americans;Appeal to Emotion;Appeal to pity;KENNEDY;26 9 1960;T25;1_1960.ann;3626 3766
1960;26Sep;1;I saw cases in West Virginia, here in the United States, where children took home part of their school lunch in order to feed their families because I don't think we're meeting our obligations toward these Americans;Appeal to Emotion;Appeal to pity;KENNEDY;26 9 1960;T25;1_1960.ann;3626 3766
1960;26Sep;1;I know what it means to be poor;Appeal to Emotion;Appeal to pity;NIXON;26 9 1960;T102;1_1960.ann;15321 15352
1960;26Sep;1;I know what it means to see people who are unemployed;Appeal to Emotion;Appeal to pity;NIXON;26 9 1960;T103;1_1960.ann;15354 15407
1960;26Sep;1;I think it will depend in great measure upon what we do here in the United States, on the kind of society that we build, on the kind of strength that we maintain;Appeal to Emotion;Flag waving;KENNEDY;26 9 1960;T1;1_1960.ann;1375 1536
1960;26Sep;1;The kind of country we have here, the kind of society we have, the kind of strength we build in the United States will be the defense of freedom;Appeal to Emotion;Flag waving;KENNEDY;26 9 1960;T11;1_1960.ann;2037 2181
1960;26Sep;1;I am not satisfied as an American with the progress that we're making;Appeal to Emotion;Flag waving;KENNEDY;26 9 1960;T14;1_1960.ann;2766 2835
1960;26Sep;1;This is a great country, but I think it could be a greater country;Appeal to Emotion;Flag waving;KENNEDY;26 9 1960;T15;1_1960.ann;2866 2903
1960;26Sep;1;this is a powerful country, but I think it could be a more powerful country;Appeal to Emotion;Flag waving;KENNEDY;26 9 1960;T16;1_1960.ann;2941 2984
1960;26Sep;1;I think that's the only way that the United States is going to maintain its freedom;Appeal to Emotion;Flag waving;KENNEDY;26 9 1960;T47;1_1960.ann;6481 6564
1960;26Sep;1;the United States should move ahead;Appeal to Emotion;Flag waving;NIXON;26 9 1960;T70;1_1960.ann;8564 8696
1960;26Sep;1;we have programs which we believe will move America;Appeal to Emotion;Flag waving;NIXON;26 9 1960;T100;1_1960.ann;13492 13543
1960;26Sep;1;dangerous;Appeal to Emotion;Loaded Language;KENNEDY;26 9 1960;T146;4_1960.ann;17662 17882
1960;26Sep;1;dangerous;Appeal to Emotion;Loaded Language;KENNEDY;26 9 1960;T146;4_1960.ann;17662 17882
1960;26Sep;1;deadly competition;Appeal to Emotion;Loaded Language;NIXON;26 9 1960;T68;1_1960.ann;8306 8411
1960;26Sep;1;retreat;Appeal to Emotion;Loaded Language;NIXON;26 9 1960;T78;1_1960.ann;9599 9716
1960;26Sep;1;defeat;Appeal to Emotion;Loaded Language;NIXON;26 9 1960;T78;1_1960.ann;9599 9716
1960;26Sep;1;stagnation;Appeal to Emotion;Loaded Language;NIXON;26 9 1960;T107;1_1960.ann;14916 15052
1960;26Sep;1;That shows that there's been more growth in this Administration than in its predecessor;False Cause;False Cause;NIXON;26 9 1960;T87;1_1960.ann;11093 11180
1960;26Sep;1;We find that your wages have gone up five times as much in the Eisenhower Administration as they did in the Truman Administration;False Cause;False Cause;NIXON;26 9 1960;T88;1_1960.ann;11294 11410
1960;26Sep;1;We find that the prices you pay went up five times as much in the Truman Administration as they did in the Eisenhower Administration;False Cause;False Cause;NIXON;26 9 1960;T89;1_1960.ann;11456 11575
1960;26Sep;1;This means that the average family income went up fifteen per cent in the Eisenhower years as against two percent in the Truman years;False Cause;False Cause;NIXON;26 9 1960;T91;1_1960.ann;11624 11741
1960;26Sep;3;somewhat unsatisfactory about the figures;Appeal to Emotion;Loaded Language;KENNEDY;26 9 1960;T481;1_1960.ann;19449 19659
1960;26Sep;3;I would only suggest that while we do not take the credit for it - I would not presume to - that since that committee has been formed the price line has been held very well within the United States.;False Cause;False Cause;NIXON;26 9 1960;T480;1_1960.ann;19235 19432
1960;26Sep;4;complete uh - economic chaos;Appeal to Emotion;Loaded Language;KENNEDY;26 9 1960;T149;1_1960.ann;21772 21823
1960;26Sep;4;because I think that if the federal government moved out of the program and withdrew its supports uh - then I think you would have complete uh - economic chaos.;Slippery Slope;Slippery Slope;KENNEDY;26 9 1960;T148;1_1960.ann;21685 21761
1960;26Sep;4;because I think that if the federal government moved out of the program and withdrew its supports uh - then I think you would have complete uh - economic chaos.;Slippery Slope;Slippery Slope;KENNEDY;26 9 1960;T148;1_1960.ann;21685 21761
1960;26Sep;4;And if the agricultural economy collapses, then the economy of the rest of the United States sooner or later will collapse.;Slippery Slope;Slippery Slope;KENNEDY;26 9 1960;T158;1_1960.ann;22421 22495
1960;26Sep;4;And if the agricultural economy collapses, then the economy of the rest of the United States sooner or later will collapse.;Slippery Slope;Slippery Slope;KENNEDY;26 9 1960;T158;1_1960.ann;22421 22495
1960;26Sep;4;So if the farmers' economy continues to decline as sharply as it has in recent years, then I think you would have a recession in the rest of the country.;Slippery Slope;Slippery Slope;KENNEDY;26 9 1960;T162;1_1960.ann;22648 22729
1960;26Sep;4;So if the farmers' economy continues to decline as sharply as it has in recent years, then I think you would have a recession in the rest of the country.;Slippery Slope;Slippery Slope;KENNEDY;26 9 1960;T162;1_1960.ann;22648 22729
1960;26Sep;5;I would say that the people now have the opportunity to evaluate his as against mine and I think both he and I are going to abide by whatever the people decide.;Appeal to Authority;Popular Opinion;NIXON;26 9 1960;T210;1_1960.ann;28724 28794
1960;26Sep;5;I would say that the people now have the opportunity to evaluate his as against mine and I think both he and I are going to abide by whatever the people decide.;Appeal to Authority;Popular Opinion;NIXON;26 9 1960;T210;1_1960.ann;28724 28794
1960;26Sep;7;But if the money will go to the states and the states can then determine whether it shall go for school construction or for teachers' salaries, in my opinion you protect the local authority over the school board and the school committee.;Appeal to Authority;False Authority;KENNEDY;26 9 1960;T306;1_1960.ann;39428 39527
1960;26Sep;7;But if the money will go to the states and the states can then determine whether it shall go for school construction or for teachers' salaries, in my opinion you protect the local authority over the school board and the school committee.;Appeal to Authority;False Authority;KENNEDY;26 9 1960;T306;1_1960.ann;39428 39527
1960;26Sep;7;But if the money will go to the states and the states can then determine whether it shall go for school construction or for teachers' salaries, in my opinion you protect the local authority over the school board and the school committee.;Appeal to Authority;False Authority;KENNEDY;26 9 1960;T306;1_1960.ann;39428 39527
1960;26Sep;7;I favor higher salaries for teachers.;Appeal to Emotion;Flag waving;NIXON;26 9 1960;T284;1_1960.ann;37234 37270
1960;26Sep;7;"When the federal government gets the power to pay teachers, inevitably in my opinion, it will acquire the power to set standards and to tell the teachers what to teach. I think this would be bad for the country; I think it would be bad for the teaching profession.";Slippery Slope;Slippery Slope;NIXON;26 9 1960;T280;1_1960.ann;36985 37092
1960;26Sep;7;"When the federal government gets the power to pay teachers, inevitably in my opinion, it will acquire the power to set standards and to tell the teachers what to teach. I think this would be bad for the country; I think it would be bad for the teaching profession.";Slippery Slope;Slippery Slope;NIXON;26 9 1960;T280;1_1960.ann;36985 37092
1960;26Sep;7;"When the federal government gets the power to pay teachers, inevitably in my opinion, it will acquire the power to set standards and to tell the teachers what to teach. I think this would be bad for the country; I think it would be bad for the teaching profession.";Slippery Slope;Slippery Slope;NIXON;26 9 1960;T280;1_1960.ann;36985 37092
1960;26Sep;7;"When the federal government gets the power to pay teachers, inevitably in my opinion, it will acquire the power to set standards and to tell the teachers what to teach. I think this would be bad for the country; I think it would be bad for the teaching profession.";Slippery Slope;Slippery Slope;NIXON;26 9 1960;T280;1_1960.ann;36985 37092
1960;26Sep;8;it was because the people were against them.;Appeal to Authority;Popular Opinion;NIXON;26 9 1960;T349;1_1960.ann;44342 44385
1960;26Sep;8;We were threatened by a veto if we passed a dollar and a quarter;Appeal to Emotion;Loaded Language;KENNEDY;26 9 1960;T495;1_1960.ann;41430 41494
1960;26Sep;8;It was killed in the Rules Committee.;Appeal to Emotion;Loaded Language;KENNEDY;26 9 1960;T329;1_1960.ann;41865 41901
1960;26Sep;9;You must always remember that a president can't stop anything unless he has the people behind him.;Appeal to Authority;Popular Opinion;NIXON;26 9 1960;T362;1_1960.ann;46279 46376
1960;26Sep;9;And the reason President Eisenhower's vetoes have been sustained - the reason the Congress does not send up bills to him which they think will be vetoed - is because the people and the Congress, the majority of them, know the country is behind the President.;Appeal to Authority;Popular Opinion;NIXON;26 9 1960;T363;1_1960.ann;46382 46635
1960;07Oct;1;There were eleven dictators in South America and in Central America when we came in, in 1953. Today there are only three left including the one in Cuba.;False Cause;False Cause;NIXON;7 10 1960;T16;2_1960.ann;3054 3146
1960;07Oct;1;There were eleven dictators in South America and in Central America when we came in, in 1953. Today there are only three left including the one in Cuba.;False Cause;False Cause;NIXON;7 10 1960;T16;2_1960.ann;3054 3146
1960;07Oct;2;the lie that we told;Appeal to Emotion;Loaded Language;KENNEDY;7 10 1960;T549;2_1960.ann;8511 8826
1960;07Oct;3;I've heard them explain - try to explain - how they tell their children how they can go into a store and buy a loaf of bread but then can't go into that store and sit at the counter and get a Coca Cola.;Appeal to Emotion;Appeal to pity;NIXON;7 10 1960;T553;2_1960.ann;12311 12512
1960;07Oct;3;"this isn't just a Southern problem; it's a Northern problem and a Western problem; it's a problem for all of us.";Appeal to Emotion;Flag waving;NIXON;7 10 1960;T75;2_1960.ann;13036 13081
1960;07Oct;3;"this isn't just a Southern problem; it's a Northern problem and a Western problem; it's a problem for all of us.";Appeal to Emotion;Flag waving;NIXON;7 10 1960;T75;2_1960.ann;13036 13081
1960;07Oct;3;"this isn't just a Southern problem; it's a Northern problem and a Western problem; it's a problem for all of us.";Appeal to Emotion;Flag waving;NIXON;7 10 1960;T75;2_1960.ann;13036 13081
1960;07Oct;3;"this isn't just a Southern problem; it's a Northern problem and a Western problem; it's a problem for all of us.";Appeal to Emotion;Flag waving;NIXON;7 10 1960;T75;2_1960.ann;13036 13081
1960;07Oct;3;"this isn't just a Southern problem; it's a Northern problem and a Western problem; it's a problem for all of us.";Appeal to Emotion;Flag waving;NIXON;7 10 1960;T75;2_1960.ann;13036 13081
1960;07Oct;3;"this isn't just a Southern problem; it's a Northern problem and a Western problem; it's a problem for all of us.";Appeal to Emotion;Flag waving;NIXON;7 10 1960;T75;2_1960.ann;13036 13081
1960;07Oct;4;And in the special session in which Senator Kennedy was calling the signals, along with Senator Johnson, they turned it down and he himself voted against giving us the powers despite the fact that the bill had already been considered before, that it already had hearings on, and the Congress already knew what it had before it.;Ad Hominem;Tu quoque;NIXON;7 10 1960;T140;2_1960.ann;19797 19994
1960;07Oct;4;And in the special session in which Senator Kennedy was calling the signals, along with Senator Johnson, they turned it down and he himself voted against giving us the powers despite the fact that the bill had already been considered before, that it already had hearings on, and the Congress already knew what it had before it.;Ad Hominem;Tu quoque;NIXON;7 10 1960;T140;2_1960.ann;19797 19994
1960;07Oct;4;And in the special session in which Senator Kennedy was calling the signals, along with Senator Johnson, they turned it down and he himself voted against giving us the powers despite the fact that the bill had already been considered before, that it already had hearings on, and the Congress already knew what it had before it.;Ad Hominem;Tu quoque;NIXON;7 10 1960;T140;2_1960.ann;19797 19994
1960;07Oct;4;"Unless the president speaks, then of course uh - the country doesn't speak, and Franklin Roosevelt said: ""The pre - uh - the presidency of the United States is above all a place of moral leadership.""";Appeal to Authority;Without Evidence;KENNEDY;7 10 1960;T556;2_1960.ann;18416 18535
1960;07Oct;4;We have to practice what we preach.;Slogans;Slogan;KENNEDY;7 10 1960;T116;2_1960.ann;17019 17053
1960;07Oct;5;Now when they talk about our record here, it is well that they recognize that they have to stand up for their record as well.;Ad Hominem;Tu quoque;NIXON;7 10 1960;T154;2_1960.ann;22976 23058
1960;07Oct;5;And that will always be the case as long as the Communists are on the international scene, in the aggressive tac- uh - tendencies that they presently are following.;Appeal to Emotion;Appeal to fear;NIXON;7 10 1960;T559;2_1960.ann;20820 20979
1960;07Oct;5;Governor Rockefeller has been far more critical in June of our position in the world than I have been.;Appeal to Authority;Without Evidence;KENNEDY;7 10 1960;T176;2_1960.ann;24749 24850
1960;07Oct;5;an offensive for the minds and hearts and souls of men;Appeal to Emotion;Loaded Language;NIXON;7 10 1960;T153;2_1960.ann;23160 23269
1960;07Oct;6;wholly indifferent;Appeal to Emotion;Loaded Language;KENNEDY;7 10 1960;T208;2_1960.ann;25655 25729
1960;07Oct;6;a disastrous situation;Appeal to Emotion;Loaded Language;NIXON;7 10 1960;T214;2_1960.ann;"28746 28866;28869 28914"
1960;07Oct;6;a battle for the minds and the hearts and the souls of men;Appeal to Emotion;Loaded Language;NIXON;7 10 1960;T220;2_1960.ann;30015 30073
1960;07Oct;7;Now in the last Congress - the special session of the Congress - there was a bill: one by the President, one by Senator Kennedy and members of his party. Now the bill that the President had submitted would have provided more aid for those areas that really need it - areas like Scranton and Wilkes-Barre and the areas of West Virginia - than the ones that Senator Kennedy was supporting. On the other hand we found that the bill got into the legislative difficulties and consequently no action was taken.;Ad Hominem;Tu quoque;NIXON;7 10 1960;T242;2_1960.ann;31129 31226
1960;07Oct;7;Now in the last Congress - the special session of the Congress - there was a bill: one by the President, one by Senator Kennedy and members of his party. Now the bill that the President had submitted would have provided more aid for those areas that really need it - areas like Scranton and Wilkes-Barre and the areas of West Virginia - than the ones that Senator Kennedy was supporting. On the other hand we found that the bill got into the legislative difficulties and consequently no action was taken.;Ad Hominem;Tu quoque;NIXON;7 10 1960;T242;2_1960.ann;31129 31226
1960;07Oct;8;That's the argument between Mr. Nixon and myself and on that issue the American people have to make their judgment and I think it's a important judgment.;Appeal to Authority;Popular Opinion;KENNEDY;7 10 1960;T286;2_1960.ann;36440 36554
1960;07Oct;8;That's the argument between Mr. Nixon and myself and on that issue the American people have to make their judgment and I think it's a important judgment.;Appeal to Authority;Popular Opinion;KENNEDY;7 10 1960;T286;2_1960.ann;36440 36554
1960;07Oct;8;That's the argument between Mr. Nixon and myself and on that issue the American people have to make their judgment and I think it's a important judgment.;Appeal to Authority;Popular Opinion;KENNEDY;7 10 1960;T286;2_1960.ann;36440 36554
1960;07Oct;8;And when we compare the economic progress of this country in the Truman Administration with that of the Eisenhower Administration, we find that in every index there has been a tr- great deal more performance and more progress in this Administration than in that one.;False Cause;False Cause;NIXON;7 10 1960;T310;2_1960.ann;"39259 39431;39435 39520"
1960;07Oct;8;And I believe this Administration has not met its responsibilities in the last eight years, that our power relative to that of the Communists is declining, that we're facing a very hazardous time in the sixties, and unless the United States begin to move here - unless we start to go ahead - I don't believe that we're going to meet our responsibility to our own people or to the cause of freedom.;Slippery Slope;Slippery Slope;KENNEDY;7 10 1960;T270;2_1960.ann;37700 37906
1960;07Oct;8;And I believe this Administration has not met its responsibilities in the last eight years, that our power relative to that of the Communists is declining, that we're facing a very hazardous time in the sixties, and unless the United States begin to move here - unless we start to go ahead - I don't believe that we're going to meet our responsibility to our own people or to the cause of freedom.;Slippery Slope;Slippery Slope;KENNEDY;7 10 1960;T270;2_1960.ann;37700 37906
1960;07Oct;9;sufficient vigor;Appeal to Emotion;Loaded Language;KENNEDY;7 10 1960;T141;1_1960.ann;20847 20934
1960;07Oct;10;I'm talking about a national mood.;Appeal to Emotion;Flag waving;KENNEDY;7 10 1960;T347;2_1960.ann;45173 45206
1960;07Oct;10;I'm talking about our willingness to bear any burdens in order to maintain our own freedom and in order to meet our freedom around the globe.;Appeal to Emotion;Flag waving;KENNEDY;7 10 1960;T348;2_1960.ann;45208 45348
1960;07Oct;10;"Because when you do not tax, and tax enough to pay for your outgo, you pay it many times over in higher prices and inflation;";Slippery Slope;Slippery Slope;NIXON;7 10 1960;T373;2_1960.ann;47823 47939
1960;07Oct;11;In the Truman Administration, six hundred million people went behind the Iron Curtain including the satellite countries of Eastern Europe and Communist China.;False Cause;False Cause;NIXON;7 10 1960;T400;2_1960.ann;49547 49704
1960;07Oct;11;"In this Administration we've stopped them at Quemoy and Matsu; we've stopped them in Indochina; we've stopped them in Lebanon; we've stopped them in other parts of the world.";False Cause;False Cause;NIXON;7 10 1960;T399;2_1960.ann;49706 49879
1960;07Oct;11;"In this Administration we've stopped them at Quemoy and Matsu; we've stopped them in Indochina; we've stopped them in Lebanon; we've stopped them in other parts of the world.";False Cause;False Cause;NIXON;7 10 1960;T399;2_1960.ann;49706 49879
1960;07Oct;11;"In this Administration we've stopped them at Quemoy and Matsu; we've stopped them in Indochina; we've stopped them in Lebanon; we've stopped them in other parts of the world.";False Cause;False Cause;NIXON;7 10 1960;T399;2_1960.ann;49706 49879
1960;07Oct;11;"In this Administration we've stopped them at Quemoy and Matsu; we've stopped them in Indochina; we've stopped them in Lebanon; we've stopped them in other parts of the world.";False Cause;False Cause;NIXON;7 10 1960;T399;2_1960.ann;49706 49879
1960;07Oct;11;Now, there are people who go to bed hungry in the United States - far less, incidentally, than used to go to bed hungry when we came into power at the end of the Truman Administration.;False Cause;False Cause;NIXON;7 10 1960;T392;2_1960.ann;50531 50709
1960;07Oct;11;"In this Administration we've stopped them at Quemoy and Matsu; we've stopped them in Indochina; we've stopped them in Lebanon; we've stopped them in other parts of the world.";Slippery Slope;Slippery Slope;NIXON;7 10 1960;T399;2_1960.ann;49706 49879
1960;07Oct;11;"In this Administration we've stopped them at Quemoy and Matsu; we've stopped them in Indochina; we've stopped them in Lebanon; we've stopped them in other parts of the world.";Slippery Slope;Slippery Slope;NIXON;7 10 1960;T399;2_1960.ann;49706 49879
1960;07Oct;11;"In this Administration we've stopped them at Quemoy and Matsu; we've stopped them in Indochina; we've stopped them in Lebanon; we've stopped them in other parts of the world.";Slippery Slope;Slippery Slope;NIXON;7 10 1960;T399;2_1960.ann;49706 49879
1960;07Oct;11;"In this Administration we've stopped them at Quemoy and Matsu; we've stopped them in Indochina; we've stopped them in Lebanon; we've stopped them in other parts of the world.";Slippery Slope;Slippery Slope;NIXON;7 10 1960;T399;2_1960.ann;49706 49879
1960;07Oct;12;Now, Mr. Herter in 1958, when he was Under Secretary of State, said they were strategically undefensible.;Appeal to Authority;Without Evidence;KENNEDY;7 10 1960;T423;2_1960.ann;54412 54516
1960;07Oct;12;Admirals Spruance and Callins in 1955 said that we should not attempt to defend these islands, in their conference in the Far East.;Appeal to Authority;Without Evidence;KENNEDY;7 10 1960;T422;2_1960.ann;54518 54648
1960;07Oct;12;General Ridgway has said the same thing.;Appeal to Authority;Without Evidence;KENNEDY;7 10 1960;T421;2_1960.ann;54650 54689
1960;07Oct;12;the same kind of woolly thinking;Appeal to Emotion;Loaded Language;NIXON;7 10 1960;T449;2_1960.ann;57530 57626
1960;13Oct;1;I resent that comment.;Appeal to Emotion;Appeal to Emotion;NIXON;13 10 1960;T13;3_1960.ann;3576 3597
1960;13Oct;2;"Now what do the Chinese Communists want? They don't want just Quemoy and Matsu; they don't want just Formosa; they want the world.";Appeal to Emotion;Appeal to fear;NIXON;13 10 1960;T39;3_1960.ann;6865 6902
1960;13Oct;2;"Now what do the Chinese Communists want? They don't want just Quemoy and Matsu; they don't want just Formosa; they want the world.";Appeal to Emotion;Appeal to fear;NIXON;13 10 1960;T39;3_1960.ann;6865 6902
1960;13Oct;2;"Now what do the Chinese Communists want? They don't want just Quemoy and Matsu; they don't want just Formosa; they want the world.";Appeal to Emotion;Appeal to fear;NIXON;13 10 1960;T39;3_1960.ann;6865 6902
1960;13Oct;2;This is the history of dealing with dictators.;Appeal to Emotion;Loaded Language;NIXON;13 10 1960;T35;3_1960.ann;6514 6559
1960;13Oct;4;Mr. Nixon would add a guarantee to islands five miles off the coast of the re- Republic of China when he's never really protested the Communists seizing Cuba, ninety miles off the coast of the United States.;Ad Hominem;Circumstantial Ad Hominem;KENNEDY;13 10 1960;T136;3_1960.ann;"19368 19443;19447 19574"
1960;13Oct;4;We went through this tragic experience leading to World War II. We learned our lesson again in Korea, We must not learn it again.;Appeal to Emotion;Appeal to fear;NIXON;13 10 1960;T106;3_1960.ann;16454 16516
1960;13Oct;4;We went through this tragic experience leading to World War II. We learned our lesson again in Korea, We must not learn it again.;Appeal to Emotion;Appeal to fear;NIXON;13 10 1960;T106;3_1960.ann;16454 16516
1960;13Oct;4;We went through this tragic experience leading to World War II. We learned our lesson again in Korea, We must not learn it again.;Appeal to Emotion;Appeal to fear;NIXON;13 10 1960;T106;3_1960.ann;16454 16516
1960;13Oct;4;Now as far as President Eisenhower is concerned, I have often heard him discuss this question. As I uh - related a moment ago, the President has always indicated that we must not make the mistake in dealing with the dictator of indicating that we are going to make a concession at the point of a gun.;Appeal to Authority;Without Evidence;NIXON;13 10 1960;T102;3_1960.ann;15833 16005
1960;13Oct;4;"Uh - He sent a mission - the President - in 1955 of Mr. uh - Robertson and Admiral Radford. General Twining said they were still doing it in 1959. General Ridgway said - who was Chief of Staff: ""To go to war for Quemoy and Matsu to me would seem an unwarranted and tragic course to take. To me that concept is completely repugnant."" So I stand with them. I stand with the Secretary of State, Mr. Herter, who said these islands were indefensible.";Appeal to Authority;Without Evidence;KENNEDY;13 10 1960;T556;3_1960.ann;18782 18921
1960;13Oct;4;"Uh - He sent a mission - the President - in 1955 of Mr. uh - Robertson and Admiral Radford. General Twining said they were still doing it in 1959. General Ridgway said - who was Chief of Staff: ""To go to war for Quemoy and Matsu to me would seem an unwarranted and tragic course to take. To me that concept is completely repugnant."" So I stand with them. I stand with the Secretary of State, Mr. Herter, who said these islands were indefensible.";Appeal to Authority;Without Evidence;KENNEDY;13 10 1960;T556;3_1960.ann;18782 18921
1960;13Oct;4;"Uh - He sent a mission - the President - in 1955 of Mr. uh - Robertson and Admiral Radford. General Twining said they were still doing it in 1959. General Ridgway said - who was Chief of Staff: ""To go to war for Quemoy and Matsu to me would seem an unwarranted and tragic course to take. To me that concept is completely repugnant."" So I stand with them. I stand with the Secretary of State, Mr. Herter, who said these islands were indefensible.";Appeal to Authority;Without Evidence;KENNEDY;13 10 1960;T556;3_1960.ann;18782 18921
1960;13Oct;4;"Uh - He sent a mission - the President - in 1955 of Mr. uh - Robertson and Admiral Radford. General Twining said they were still doing it in 1959. General Ridgway said - who was Chief of Staff: ""To go to war for Quemoy and Matsu to me would seem an unwarranted and tragic course to take. To me that concept is completely repugnant."" So I stand with them. I stand with the Secretary of State, Mr. Herter, who said these islands were indefensible.";Appeal to Authority;Without Evidence;KENNEDY;13 10 1960;T556;3_1960.ann;18782 18921
1960;13Oct;4;"Uh - He sent a mission - the President - in 1955 of Mr. uh - Robertson and Admiral Radford. General Twining said they were still doing it in 1959. General Ridgway said - who was Chief of Staff: ""To go to war for Quemoy and Matsu to me would seem an unwarranted and tragic course to take. To me that concept is completely repugnant."" So I stand with them. I stand with the Secretary of State, Mr. Herter, who said these islands were indefensible.";Appeal to Authority;Without Evidence;KENNEDY;13 10 1960;T556;3_1960.ann;18782 18921
1960;13Oct;4;distortion of the facts;Appeal to Emotion;Loaded Language;KENNEDY;13 10 1960;T120;3_1960.ann;17658 17783
1960;13Oct;4;that once you do this - follow this course of action - of indicating that you are not going to defend a particular area, the inevitable result is that it encourages a man who is determined to conquer the world to press you to the point of no return. And that means war.;Slippery Slope;Slippery Slope;NIXON;13 10 1960;T557;3_1960.ann;16189 16432
1960;13Oct;4;that once you do this - follow this course of action - of indicating that you are not going to defend a particular area, the inevitable result is that it encourages a man who is determined to conquer the world to press you to the point of no return. And that means war.;Slippery Slope;Slippery Slope;NIXON;13 10 1960;T557;3_1960.ann;16189 16432
1960;13Oct;6;"But as Admiral Yarnell has said, and he's been supported by most military authority, these islands that we're now talking about are not worth the bones of a single American soldier; and I know how difficult it is to sustain troops close to the shore under artillery bombardment.";Appeal to Authority;Without Evidence;KENNEDY;13 10 1960;T194;3_1960.ann;27166 27261
1960;13Oct;6;"But as Admiral Yarnell has said, and he's been supported by most military authority, these islands that we're now talking about are not worth the bones of a single American soldier; and I know how difficult it is to sustain troops close to the shore under artillery bombardment.";Appeal to Authority;Without Evidence;KENNEDY;13 10 1960;T194;3_1960.ann;27166 27261
1960;13Oct;6;"But as Admiral Yarnell has said, and he's been supported by most military authority, these islands that we're now talking about are not worth the bones of a single American soldier; and I know how difficult it is to sustain troops close to the shore under artillery bombardment.";Appeal to Authority;Without Evidence;KENNEDY;13 10 1960;T194;3_1960.ann;27166 27261
1960;13Oct;6;"But as Admiral Yarnell has said, and he's been supported by most military authority, these islands that we're now talking about are not worth the bones of a single American soldier; and I know how difficult it is to sustain troops close to the shore under artillery bombardment.";Appeal to Authority;Without Evidence;KENNEDY;13 10 1960;T194;3_1960.ann;27166 27261
1960;13Oct;6;and I know how difficult it is to sustain troops close to the shore under artillery bombardment.;Appeal to Emotion;Appeal to pity;KENNEDY;13 10 1960;T195;3_1960.ann;27267 27358
1960;13Oct;6;any hope for success;Appeal to Emotion;Loaded Language;KENNEDY;13 10 1960;T183;3_1960.ann;25998 26069
1960;13Oct;6;"Now, as a result of our taking the strong stand that we did, the civil war there was ended; and today, at least in the south of Indochina, the Communists have moved out and we do have a strong, free bastion there.";False Cause;False Cause;NIXON;13 10 1960;T168;3_1960.ann;23501 23586
1960;13Oct;6;"Now, as a result of our taking the strong stand that we did, the civil war there was ended; and today, at least in the south of Indochina, the Communists have moved out and we do have a strong, free bastion there.";False Cause;False Cause;NIXON;13 10 1960;T168;3_1960.ann;23501 23586
1960;13Oct;6;"Now, as a result of our taking the strong stand that we did, the civil war there was ended; and today, at least in the south of Indochina, the Communists have moved out and we do have a strong, free bastion there.";False Cause;False Cause;NIXON;13 10 1960;T168;3_1960.ann;23501 23586
1960;13Oct;7;"Communism is the enemy of all religions; and we who do believe in God must join together.";Appeal to Emotion;Flag waving;NIXON;13 10 1960;T225;3_1960.ann;29760 29803
1960;13Oct;7;"Communism is the enemy of all religions; and we who do believe in God must join together.";Appeal to Emotion;Flag waving;NIXON;13 10 1960;T225;3_1960.ann;29760 29803
1960;13Oct;7;"I obviously repudiate the Klan; I repudiate anybody who uses the religious issue; I will not tolerate it, I have ordered all of my people to have nothing to do with it and I say - say to this great audience, whoever may be listening, remember, if you believe in America, if you want America to set the right example to the world, that we cannot have religious or racial prejudice.";Appeal to Emotion;Flag waving;NIXON;13 10 1960;T218;3_1960.ann;30061 30122
1960;13Oct;7;"I obviously repudiate the Klan; I repudiate anybody who uses the religious issue; I will not tolerate it, I have ordered all of my people to have nothing to do with it and I say - say to this great audience, whoever may be listening, remember, if you believe in America, if you want America to set the right example to the world, that we cannot have religious or racial prejudice.";Appeal to Emotion;Flag waving;NIXON;13 10 1960;T218;3_1960.ann;30061 30122
1960;13Oct;7;"I obviously repudiate the Klan; I repudiate anybody who uses the religious issue; I will not tolerate it, I have ordered all of my people to have nothing to do with it and I say - say to this great audience, whoever may be listening, remember, if you believe in America, if you want America to set the right example to the world, that we cannot have religious or racial prejudice.";Appeal to Emotion;Flag waving;NIXON;13 10 1960;T218;3_1960.ann;30061 30122
1960;13Oct;7;"I obviously repudiate the Klan; I repudiate anybody who uses the religious issue; I will not tolerate it, I have ordered all of my people to have nothing to do with it and I say - say to this great audience, whoever may be listening, remember, if you believe in America, if you want America to set the right example to the world, that we cannot have religious or racial prejudice.";Appeal to Emotion;Flag waving;NIXON;13 10 1960;T218;3_1960.ann;30061 30122
1960;13Oct;7;"I obviously repudiate the Klan; I repudiate anybody who uses the religious issue; I will not tolerate it, I have ordered all of my people to have nothing to do with it and I say - say to this great audience, whoever may be listening, remember, if you believe in America, if you want America to set the right example to the world, that we cannot have religious or racial prejudice.";Appeal to Emotion;Flag waving;NIXON;13 10 1960;T218;3_1960.ann;30061 30122
1960;13Oct;7;"I obviously repudiate the Klan; I repudiate anybody who uses the religious issue; I will not tolerate it, I have ordered all of my people to have nothing to do with it and I say - say to this great audience, whoever may be listening, remember, if you believe in America, if you want America to set the right example to the world, that we cannot have religious or racial prejudice.";Appeal to Emotion;Flag waving;NIXON;13 10 1960;T218;3_1960.ann;30061 30122
1960;13Oct;7;"I obviously repudiate the Klan; I repudiate anybody who uses the religious issue; I will not tolerate it, I have ordered all of my people to have nothing to do with it and I say - say to this great audience, whoever may be listening, remember, if you believe in America, if you want America to set the right example to the world, that we cannot have religious or racial prejudice.";Appeal to Emotion;Flag waving;NIXON;13 10 1960;T218;3_1960.ann;30061 30122
1960;13Oct;7;I do not suggest in any way, nor have I ever, that that indicates that Mr. Nixon has the slightest sympathy, involvement, or in any way imply any inferences in regard to the Ku Klux Klan.;Appeal to Emotion;Loaded Language;KENNEDY;13 10 1960;T205;3_1960.ann;28374 28560
1960;13Oct;7;I do not suggest in any way, nor have I ever, that that indicates that Mr. Nixon has the slightest sympathy, involvement, or in any way imply any inferences in regard to the Ku Klux Klan.;Appeal to Emotion;Loaded Language;KENNEDY;13 10 1960;T205;3_1960.ann;28374 28560
1960;13Oct;7;I do not suggest in any way, nor have I ever, that that indicates that Mr. Nixon has the slightest sympathy, involvement, or in any way imply any inferences in regard to the Ku Klux Klan.;Appeal to Emotion;Loaded Language;KENNEDY;13 10 1960;T205;3_1960.ann;28374 28560
1960;13Oct;7;I do not suggest in any way, nor have I ever, that that indicates that Mr. Nixon has the slightest sympathy, involvement, or in any way imply any inferences in regard to the Ku Klux Klan.;Appeal to Emotion;Loaded Language;KENNEDY;13 10 1960;T205;3_1960.ann;28374 28560
1960;13Oct;7;That's absurd.;Appeal to Emotion;Loaded Language;KENNEDY;13 10 1960;T202;3_1960.ann;28562 28575
1960;13Oct;7;That's absurd.;Appeal to Emotion;Loaded Language;KENNEDY;13 10 1960;T202;3_1960.ann;28562 28575
1960;13Oct;7;I've never suggested, even by the vaguest implication, that he did anything but disapprove it.;Appeal to Emotion;Loaded Language;KENNEDY;13 10 1960;T206;3_1960.ann;"28645 28684;28694 28879"
1960;13Oct;7;I've never suggested, even by the vaguest implication, that he did anything but disapprove it.;Appeal to Emotion;Loaded Language;KENNEDY;13 10 1960;T206;3_1960.ann;"28645 28684;28694 28879"
1960;13Oct;7;The worst thing that I can think can happen in this campaign;Appeal to Emotion;Loaded Language;NIXON;13 10 1960;T227;3_1960.ann;29843 29953
1960;13Oct;8;Because in this critical year - period of the sixties we've got to move forward, all Americans must move forward together, and we have to get the greatest cooperation possible between labor and management.;Appeal to Emotion;Loaded Language;NIXON;13 10 1960;T592;3_1960.ann;32756 32960
1960;13Oct;8;This is a difficult and sensitive matter.;Appeal to Emotion;Loaded Language;KENNEDY;13 10 1960;T265;3_1960.ann;34758 34798
1960;13Oct;8;"I think the moment that you give to the union, on the one side, and to management, on the other side, the escape hatch of eventually going to government to get it settled, that most of these great strikes will end up being settled by government, and that will be a - be in the end, in my opinion, wage control; it would mean price control - all the things that we do not want.";Slippery Slope;Slippery Slope;NIXON;13 10 1960;T587;3_1960.ann;31830 32074
1960;13Oct;8;"I think the moment that you give to the union, on the one side, and to management, on the other side, the escape hatch of eventually going to government to get it settled, that most of these great strikes will end up being settled by government, and that will be a - be in the end, in my opinion, wage control; it would mean price control - all the things that we do not want.";Slippery Slope;Slippery Slope;NIXON;13 10 1960;T587;3_1960.ann;31830 32074
1960;13Oct;8;"I think the moment that you give to the union, on the one side, and to management, on the other side, the escape hatch of eventually going to government to get it settled, that most of these great strikes will end up being settled by government, and that will be a - be in the end, in my opinion, wage control; it would mean price control - all the things that we do not want.";Slippery Slope;Slippery Slope;NIXON;13 10 1960;T587;3_1960.ann;31830 32074
1960;13Oct;8;"I think the moment that you give to the union, on the one side, and to management, on the other side, the escape hatch of eventually going to government to get it settled, that most of these great strikes will end up being settled by government, and that will be a - be in the end, in my opinion, wage control; it would mean price control - all the things that we do not want.";Slippery Slope;Slippery Slope;NIXON;13 10 1960;T587;3_1960.ann;31830 32074
1960;13Oct;9;Mr. Nixon misstates my figures constantly, which uh - is of course his right, but the fact of the matter is: here is where I stand and I just want to have it on the public record.;Ad Hominem;Circumstantial Ad Hominem;KENNEDY;13 10 1960;T607;3_1960.ann;38178 38274
1960;13Oct;9;Mr. Nixon misstates my figures constantly, which uh - is of course his right, but the fact of the matter is: here is where I stand and I just want to have it on the public record.;Ad Hominem;Circumstantial Ad Hominem;KENNEDY;13 10 1960;T607;3_1960.ann;38178 38274
1960;13Oct;9;Mr. Nixon misstates my figures constantly, which uh - is of course his right, but the fact of the matter is: here is where I stand and I just want to have it on the public record.;Ad Hominem;Circumstantial Ad Hominem;KENNEDY;13 10 1960;T607;3_1960.ann;38178 38274
1960;13Oct;9;Well, all that I can suggest is that all the experts who have studied the program indicate that it is the most fantastic program, the worst program, insofar as its effect on the farmers, that the - America has ever had foisted upon it in an election year or any other time.;Appeal to Authority;Without Evidence;NIXON;13 10 1960;T594;3_1960.ann;39326 39468
1960;13Oct;9;Well, all that I can suggest is that all the experts who have studied the program indicate that it is the most fantastic program, the worst program, insofar as its effect on the farmers, that the - America has ever had foisted upon it in an election year or any other time.;Appeal to Authority;Without Evidence;NIXON;13 10 1960;T594;3_1960.ann;39326 39468
1960;13Oct;9;Well, all that I can suggest is that all the experts who have studied the program indicate that it is the most fantastic program, the worst program, insofar as its effect on the farmers, that the - America has ever had foisted upon it in an election year or any other time.;Appeal to Authority;Without Evidence;NIXON;13 10 1960;T594;3_1960.ann;39326 39468
1960;13Oct;9;It is actuarially sound.;Appeal to Emotion;Appeal to Emotion;KENNEDY;13 10 1960;T596;3_1960.ann;37753 37776
1960;13Oct;9;my best judgment;Appeal to Emotion;Loaded Language;KENNEDY;13 10 1960;T273;3_1960.ann;36061 36235
1960;13Oct;9;the most fantastic program, the worst program;Appeal to Emotion;Loaded Language;NIXON;13 10 1960;;3_1960.txt;39298 39343
1960;13Oct;9;the most fantastic program, the worst program;Appeal to Emotion;Loaded Language;NIXON;13 10 1960;;3_1960.txt;39298 39343
1960;13Oct;9;the most fantastic program, the worst program;Appeal to Emotion;Loaded Language;NIXON;13 10 1960;;3_1960.txt;39298 39343
1960;13Oct;9;foisted upon it in an election year or any other time;Appeal to Emotion;Loaded Language;NIXON;13 10 1960;T594;3_1960.ann;39326 39468
1960;13Oct;9;a phony interest rate;Appeal to Emotion;Loaded Language;NIXON;13 10 1960;T302;3_1960.ann;40084 40174
1960;13Oct;9;Then he goes on to say that he's going to change the interest-rate situation and we're going to get some more money that way. Well, what he is saying there in effect, we're going to have inflation. We're going to go right back to what we had under Mr. Truman when he had political control of the Federal Reserve Board.;Slippery Slope;Slippery Slope;NIXON;13 10 1960;T301;3_1960.ann;39963 40082
1960;13Oct;9;Then he goes on to say that he's going to change the interest-rate situation and we're going to get some more money that way. Well, what he is saying there in effect, we're going to have inflation. We're going to go right back to what we had under Mr. Truman when he had political control of the Federal Reserve Board.;Slippery Slope;Slippery Slope;NIXON;13 10 1960;T301;3_1960.ann;39963 40082
1960;13Oct;9;Then he goes on to say that he's going to change the interest-rate situation and we're going to get some more money that way. Well, what he is saying there in effect, we're going to have inflation. We're going to go right back to what we had under Mr. Truman when he had political control of the Federal Reserve Board.;Slippery Slope;Slippery Slope;NIXON;13 10 1960;T301;3_1960.ann;39963 40082
1960;13Oct;9;Then he goes on to say that he's going to change the interest-rate situation and we're going to get some more money that way. Well, what he is saying there in effect, we're going to have inflation. We're going to go right back to what we had under Mr. Truman when he had political control of the Federal Reserve Board.;Slippery Slope;Slippery Slope;NIXON;13 10 1960;T301;3_1960.ann;39963 40082
1960;13Oct;9;Then he goes on to say that he's going to change the interest-rate situation and we're going to get some more money that way. Well, what he is saying there in effect, we're going to have inflation. We're going to go right back to what we had under Mr. Truman when he had political control of the Federal Reserve Board.;Slippery Slope;Slippery Slope;NIXON;13 10 1960;T301;3_1960.ann;39963 40082
1960;13Oct;9;Then he goes on to say that he's going to change the interest-rate situation and we're going to get some more money that way. Well, what he is saying there in effect, we're going to have inflation. We're going to go right back to what we had under Mr. Truman when he had political control of the Federal Reserve Board.;Slippery Slope;Slippery Slope;NIXON;13 10 1960;T301;3_1960.ann;39963 40082
1960;13Oct;10;We also have to see that all of the people of the United States - the tremendous talents that our people have - are used adequately.;Appeal to Emotion;Flag waving;NIXON;13 10 1960;T318;3_1960.ann;42270 42401
1960;13Oct;10;the tremendous talents that our people have;Appeal to Emotion;Loaded Language;NIXON;13 10 1960;T318;3_1960.ann;42270 42401
1960;13Oct;10;the tremendous talents that our people have;Appeal to Emotion;Loaded Language;NIXON;13 10 1960;T318;3_1960.ann;42270 42401
1960;13Oct;11;If we didn't have a depletion allowance of certainly, I believe, the present amount, we would have our oil exploration cut substantially in this country.;False Cause;False Cause;NIXON;13 10 1960;T372;3_1960.ann;47671 47823
1960;13Oct;11;If we didn't have a depletion allowance of certainly, I believe, the present amount, we would have our oil exploration cut substantially in this country.;False Cause;False Cause;NIXON;13 10 1960;T372;3_1960.ann;47671 47823
1960;13Oct;11;If we didn't have a depletion allowance of certainly, I believe, the present amount, we would have our oil exploration cut substantially in this country.;False Cause;False Cause;NIXON;13 10 1960;T372;3_1960.ann;47671 47823
1960;13Oct;12;Beyond that, as far as the gold supply is concerned, and as far as the movement of gold is concerned, uh - we have to bear in mind that we must get more help from our allies abroad in this great venture in which all free men are involved of winning the battle for freedom.;Appeal to Emotion;Flag waving;NIXON;13 10 1960;T389;3_1960.ann;50179 50343
1960;13Oct;12;The United States cannot continue to carry the major share of this burden by itself.;Appeal to Emotion;Flag waving;NIXON;13 10 1960;T396;3_1960.ann;51113 51196
1960;13Oct;12;The United States cannot continue to carry the major share of this burden by itself.;Appeal to Emotion;Flag waving;NIXON;13 10 1960;T396;3_1960.ann;51113 51196
1960;13Oct;12;in every possible circumstance that we can;Appeal to Emotion;Loaded Language;NIXON;13 10 1960;T384;3_1960.ann;49667 49765
1960;13Oct;12;this great venture;Appeal to Emotion;Loaded Language;NIXON;13 10 1960;T389;3_1960.ann;50179 50343
1960;13Oct;12;the battle for freedom;Appeal to Emotion;Loaded Language;NIXON;13 10 1960;T389;3_1960.ann;50179 50343
1960;13Oct;12;this great venture;Appeal to Emotion;Loaded Language;NIXON;13 10 1960;T389;3_1960.ann;50179 50343
1960;13Oct;12;the battle for freedom;Appeal to Emotion;Loaded Language;NIXON;13 10 1960;T389;3_1960.ann;50179 50343
1960;13Oct;12;a tremendous load;Appeal to Emotion;Loaded Language;NIXON;13 10 1960;T390;3_1960.ann;50349 50408
1960;21Oct;1;the most ruthless, fanatical... leaders that the world has ever seen;Ad Hominem;Name-Calling, Labeling;NIXON;21 10 1960;T39;4_1960.ann;5449 5537
1960;21Oct;1;who threatens the peace? Who threatens freedom in the world?;Appeal to Emotion;Appeal to fear;NIXON;21 10 1960;T6;4_1960.ann;2102 2271
1960;21Oct;1;And that is why, in this field, I have made recommendations which I am confident will move the American economy ahead - move it firmly and soundly so that there will never be a time when the Soviet Union will be able to challenge our superiority in this field.;Appeal to Authority;False Authority;NIXON;21 10 1960;T51;4_1960.ann;6600 6855
1960;21Oct;1;And so I say that we believe that our policies of military strength, of economic strength, of diplomatic firmness first will keep the peace and keep it without surrender.;Appeal to Authority;False Authority;NIXON;21 10 1960;T67;4_1960.ann;7894 8059
1960;21Oct;1;Is, as Mr. Nixon says, our prestige at an all-time high, as he said a week ago, and that of the Communists at an all-time low? I don't believe it is. I don't believe that our relative strength is increasing.;Appeal to Authority;False Authority;KENNEDY;21 10 1960;T79;4_1960.ann;9822 9878
1960;21Oct;1;Is, as Mr. Nixon says, our prestige at an all-time high, as he said a week ago, and that of the Communists at an all-time low? I don't believe it is. I don't believe that our relative strength is increasing.;Appeal to Authority;False Authority;KENNEDY;21 10 1960;T79;4_1960.ann;9822 9878
1960;21Oct;1;When you are proud and confident of your strength, you do not get down to the level of Mr. Khrushchev and his colleagues.;Appeal to Emotion;Appeal to pity;NIXON;21 10 1960;T57;4_1960.ann;7104 7224
1960;21Oct;1;we found that six hundred million people went behind the Iron Curtain;Appeal to Emotion;Loaded Language;NIXON;21 10 1960;T13;4_1960.ann;2892 3038
1960;21Oct;2;But for us to do what Senator Kennedy has suggested would bring results which I know he would not want, and certainly which the American people would not want.;Appeal to Authority;Popular Opinion;NIXON;21 10 1960;T163;4_1960.ann;19968 20122
1960;21Oct;2;the most dangers- dangerously irresponsible recommendations;Appeal to Emotion;Loaded Language;NIXON;21 10 1960;T146;4_1960.ann;17662 17882
1960;21Oct;4;Mr. George Allen, head of your Information Service, has said that that made the people of the world begin to wonder whether we were first in science. We're first in other areas of science but in space, which is the new science, we're not first.;Appeal to Authority;Without Evidence;KENNEDY;21 10 1960;T526;4_1960.ann;31096 31244
1960;21Oct;4;Mr. George Allen, head of your Information Service, has said that that made the people of the world begin to wonder whether we were first in science. We're first in other areas of science but in space, which is the new science, we're not first.;Appeal to Authority;Without Evidence;KENNEDY;21 10 1960;T526;4_1960.ann;31096 31244
1960;21Oct;4;"we have the worst slums, that we have the most crowded schools; when he says that seventeen million people go to bed hungry every night";Appeal to Emotion;Appeal to pity;NIXON;21 10 1960;T221;4_1960.ann;27899 27952
1960;21Oct;4;"we have the worst slums, that we have the most crowded schools; when he says that seventeen million people go to bed hungry every night";Appeal to Emotion;Appeal to pity;NIXON;21 10 1960;T221;4_1960.ann;27899 27952
1960;21Oct;4;"we have the worst slums, that we have the most crowded schools; when he says that seventeen million people go to bed hungry every night";Appeal to Emotion;Appeal to pity;NIXON;21 10 1960;T221;4_1960.ann;27899 27952
1960;21Oct;4;the worst slums;Appeal to Emotion;Loaded Language;NIXON;21 10 1960;T528;4_1960.ann;27765 27840
1960;21Oct;4;the worst slums;Appeal to Emotion;Loaded Language;NIXON;21 10 1960;T528;4_1960.ann;27765 27840
1960;21Oct;4;he's been wrong - dead wrong;Appeal to Emotion;Loaded Language;NIXON;21 10 1960;T224;4_1960.ann;28266 28341
1960;21Oct;4;the worst slums;Appeal to Emotion;Loaded Language;KENNEDY;21 10 1960;T528;4_1960.ann;27765 27840
1960;21Oct;4;the worst slums;Appeal to Emotion;Loaded Language;KENNEDY;21 10 1960;T528;4_1960.ann;27765 27840
1960;21Oct;6;it was disastrous;Appeal to Emotion;Loaded Language;KENNEDY;21 10 1960;T309;4_1960.ann;38527 38617
1960;21Oct;7;"We have to let them know that we want to help them, not because we're simply trying to save our own skins, not because we're simply trying to fight Communism; but because we care for them, because we stand for freedom, because if there were no Communism in the world, we would still fight poverty and misery and disease and tyranny.";Appeal to Emotion;Flag waving;NIXON;21 10 1960;T357;4_1960.ann;44980 45084
1960;21Oct;7;"We have to let them know that we want to help them, not because we're simply trying to save our own skins, not because we're simply trying to fight Communism; but because we care for them, because we stand for freedom, because if there were no Communism in the world, we would still fight poverty and misery and disease and tyranny.";Appeal to Emotion;Flag waving;NIXON;21 10 1960;T357;4_1960.ann;44980 45084
1960;21Oct;7;"We have to let them know that we want to help them, not because we're simply trying to save our own skins, not because we're simply trying to fight Communism; but because we care for them, because we stand for freedom, because if there were no Communism in the world, we would still fight poverty and misery and disease and tyranny.";Appeal to Emotion;Flag waving;NIXON;21 10 1960;T357;4_1960.ann;44980 45084
1960;21Oct;7;"We have to let them know that we want to help them, not because we're simply trying to save our own skins, not because we're simply trying to fight Communism; but because we care for them, because we stand for freedom, because if there were no Communism in the world, we would still fight poverty and misery and disease and tyranny.";Appeal to Emotion;Flag waving;NIXON;21 10 1960;T357;4_1960.ann;44980 45084
1960;21Oct;7;"We have to let them know that we want to help them, not because we're simply trying to save our own skins, not because we're simply trying to fight Communism; but because we care for them, because we stand for freedom, because if there were no Communism in the world, we would still fight poverty and misery and disease and tyranny.";Appeal to Emotion;Flag waving;NIXON;21 10 1960;T357;4_1960.ann;44980 45084
1960;21Oct;7;"We have to let them know that we want to help them, not because we're simply trying to save our own skins, not because we're simply trying to fight Communism; but because we care for them, because we stand for freedom, because if there were no Communism in the world, we would still fight poverty and misery and disease and tyranny.";Appeal to Emotion;Flag waving;NIXON;21 10 1960;T357;4_1960.ann;44980 45084
1960;21Oct;8;I would say that the issue will stay with us as a campaign issue just as long as Senator Kennedy persists in what I think is a fundamental error.;Ad Hominem;Ad Hominem;NIXON;21 10 1960;T359;4_1960.ann;45787 45914
1960;21Oct;8;The position of the United States has been that this build-up, in the words of the president, has been foolish.;Appeal to Authority;Without Evidence;KENNEDY;21 10 1960;T388;4_1960.ann;49159 49269
1960;21Oct;8;The position of the United States has been that this build-up, in the words of the president, has been foolish.;Appeal to Emotion;Loaded Language;KENNEDY;21 10 1960;T388;4_1960.ann;49159 49269
1960;21Oct;8;a fundamental error;Appeal to Emotion;Loaded Language;NIXON;21 10 1960;T359;4_1960.ann;45787 45914
1960;21Oct;8;foolish;Appeal to Emotion;Loaded Language;KENNEDY;21 10 1960;T388;4_1960.ann;49159 49269
1960;21Oct;8;a fundamental error;Appeal to Emotion;Loaded Language;NIXON;21 10 1960;T359;4_1960.ann;45787 45914
1960;21Oct;9;Franklin Roosevelt said in 1936 that that generation of Americans had a rendezvous with destiny.;Appeal to Emotion;Flag waving;KENNEDY;21 10 1960;T436;4_1960.ann;54812 54907
1960;21Oct;9;I believe in 1960 and sixty-one and two and three we have a rendezvous with destiny.;Appeal to Emotion;Flag waving;KENNEDY;21 10 1960;T437;4_1960.ann;54909 54992
1960;21Oct;9;slum clearance;Appeal to Emotion;Loaded Language;NIXON;21 10 1960;T447;4_1960.ann;55987 56168
1960;21Oct;9;a splendid example;Appeal to Emotion;Loaded Language;NIXON;21 10 1960;T460;4_1960.ann;56980 57136
1976;23Sep;1;I notice particularly that he didn't endorse the Humphrey-Hawkins bill which he has on occasions and which is included as a part of the Democratic platform.;Ad Hominem;Tu quoque;FORD;23 9 1976;T24;5_1976.ann;6547 6702
1976;23Sep;2;Mr. Ford is - is uh changing uh considerably his previous philosophy.;Ad Hominem;Ad Hominem;CARTER;23 9 1976;T72;5_1976.ann;12147 12215
1976;23Sep;2;a disgrace to this country;Appeal to Emotion;Loaded Language;CARTER;23 9 1976;T68;5_1976.ann;12217 12272
1976;23Sep;3;Keep my promises to the American people.;Appeal to Emotion;Flag waving;CARTER;23 9 1976;T113;5_1976.ann;18262 18301
1976;23Sep;3;mess;Appeal to Emotion;Loaded Language;CARTER;23 9 1976;T167;5_1976.ann;25642 25895
1976;23Sep;4;"We've got a - a sharp distinction drawn between white collar crime - the - the - the big shots who are rich, who are influential uh very seldom go to jail; those who are poor and - and who have uh no influence - uh quite often are the ones who are punished.";Appeal to Emotion;Appeal to pity;CARTER;23 9 1976;T159;5_1976.ann;24218 24372
1976;23Sep;4;"We've got a - a sharp distinction drawn between white collar crime - the - the - the big shots who are rich, who are influential uh very seldom go to jail; those who are poor and - and who have uh no influence - uh quite often are the ones who are punished.";Appeal to Emotion;Appeal to pity;CARTER;23 9 1976;T159;5_1976.ann;24218 24372
1976;23Sep;4;very, very divided condition;Appeal to Emotion;Loaded Language;FORD;23 9 1976;T136;5_1976.ann;21253 21396
1976;23Sep;4;disgrace;Appeal to Emotion;Loaded Language;FORD;23 9 1976;T141;5_1976.ann;22205 22412
1976;23Sep;4;plaguing;Appeal to Emotion;Loaded Language;FORD;23 9 1976;T144;5_1976.ann;22130 22202
1976;23Sep;4;disgrace;Appeal to Emotion;Loaded Language;FORD;23 9 1976;T141;5_1976.ann;22205 22412
1976;06Oct;1;Even the Republican platform has criticized the lack of leadership in Mr. Ford and they've criticized the foreign policy of this administration. This is one instance where I agree with - with the Republican platform.;Appeal to Authority;Without Evidence;CARTER;6 10 1976;T23;6_1976.ann;4426 4504
1976;06Oct;1;Even the Republican platform has criticized the lack of leadership in Mr. Ford and they've criticized the foreign policy of this administration. This is one instance where I agree with - with the Republican platform.;Appeal to Authority;Without Evidence;CARTER;6 10 1976;T23;6_1976.ann;4426 4504
1976;06Oct;1;Even the Republican platform has criticized the lack of leadership in Mr. Ford and they've criticized the foreign policy of this administration. This is one instance where I agree with - with the Republican platform.;Appeal to Authority;Without Evidence;CARTER;6 10 1976;T23;6_1976.ann;4426 4504
1976;06Oct;1;Even the Republican platform has criticized the lack of leadership in Mr. Ford and they've criticized the foreign policy of this administration. This is one instance where I agree with - with the Republican platform.;Appeal to Authority;Without Evidence;CARTER;6 10 1976;T23;6_1976.ann;4426 4504
1976;06Oct;1;We've lost in our foreign policy, the character of the American people.;Appeal to Emotion;Flag waving;CARTER;6 10 1976;T7;6_1976.ann;3182 3214
1976;06Oct;2;Obviously, this is another indication of trying to use the defense budget for political purposes, which he's trying to do tonight.;Ad Hominem;Circumstantial Ad Hominem;CARTER;6 10 1976;T80;6_1976.ann;11069 11154
1976;06Oct;2;a ridiculous thing;Appeal to Emotion;Loaded Language;CARTER;6 10 1976;T67;6_1976.ann;10056 10153
1976;06Oct;2;We have been successful in Portugal, where a year ago it looked like there was a very great possibility that the uh - Communists would take over in Portugal. It didn't happen. We have a democracy in Portugal today.;False Cause;False Cause;FORD;6 10 1976;T598;6_1976.ann;7954 8091
1976;06Oct;2;We have been successful in Portugal, where a year ago it looked like there was a very great possibility that the uh - Communists would take over in Portugal. It didn't happen. We have a democracy in Portugal today.;False Cause;False Cause;FORD;6 10 1976;T598;6_1976.ann;7954 8091
1976;06Oct;2;We have been successful in Portugal, where a year ago it looked like there was a very great possibility that the uh - Communists would take over in Portugal. It didn't happen. We have a democracy in Portugal today.;False Cause;False Cause;FORD;6 10 1976;T598;6_1976.ann;7954 8091
1976;06Oct;3;If we can just tap the intelligence and ability, the sound common sense and the good judgment of the American people, we can once again have a foreign policy to make us proud instead of ashamed.;Appeal to Authority;Popular Opinion;CARTER;6 10 1976;T104;6_1976.ann;14004 14197
1976;06Oct;3;embarrassment;Appeal to Emotion;Loaded Language;CARTER;6 10 1976;T114;6_1976.ann;15619 15727
1976;06Oct;3;a bluffing statement;Appeal to Emotion;Loaded Language;CARTER;6 10 1976;T127;6_1976.ann;16672 16707
1976;06Oct;3;very damaging;Appeal to Emotion;Loaded Language;CARTER;6 10 1976;T83;6_1976.ann;16888 17008
1976;06Oct;5;ridiculous;Appeal to Emotion;Loaded Language;CARTER;6 10 1976;T67;6_1976.ann;10056 10153
1976;06Oct;5;ridiculous;Appeal to Emotion;Loaded Language;CARTER;6 10 1976;T67;6_1976.ann;10056 10153
1976;06Oct;7;Governor Carter apparently doesn't know the facts.;Ad Hominem;Ad Hominem;FORD;6 10 1976;T533;6_1976.ann;40268 40317
1976;06Oct;7;Governor Carter apparently doesn't know the facts.;Ad Hominem;Ad Hominem;FORD;6 10 1976;T533;6_1976.ann;40268 40317
1976;06Oct;7;And when we're weak at home - weaker than all our allies - that weakness weakens the whole free world.;Slippery Slope;Slippery Slope;CARTER;6 10 1976;T274;6_1976.ann;37194 37291
1976;06Oct;7;And when we're weak at home - weaker than all our allies - that weakness weakens the whole free world.;Slippery Slope;Slippery Slope;CARTER;6 10 1976;T274;6_1976.ann;37194 37291
1976;06Oct;8;We've seen, in this world, a development of a tremendous threat to us.;Appeal to Emotion;Appeal to fear;CARTER;6 10 1976;T629;6_1976.ann;46166 46235
1976;06Oct;8;We've seen, in this world, a development of a tremendous threat to us.;Appeal to Emotion;Appeal to fear;CARTER;6 10 1976;T629;6_1976.ann;46166 46235
1976;06Oct;8;I also - know that as far as the human beings on this earth are concerned that the nonproliferation of atomic weapons is number one.;Appeal to Emotion;Appeal to fear;CARTER;6 10 1976;T332;6_1976.ann;46403 46455
1976;06Oct;8;This kind of confusion and absence of leadership has let us drift now for two years with a constantly increasing threat of atomic weapons throughout the world.;False Cause;False Cause;CARTER;6 10 1976;T342;6_1976.ann;47340 47498
1976;06Oct;8;This kind of confusion and absence of leadership has let us drift now for two years with a constantly increasing threat of atomic weapons throughout the world.;False Cause;False Cause;CARTER;6 10 1976;T342;6_1976.ann;47340 47498
1976;06Oct;8;If we continue under Mr. Ford's policy by 1985 or '90 we'll have twenty nations that have the capability of exploding atomic weapons. This has got to be stopped. That is one of the major challenges and major undertakings that I will assume as the next president.;Slippery Slope;Slippery Slope;CARTER;6 10 1976;T337;6_1976.ann;47568 47700
1976;06Oct;8;If we continue under Mr. Ford's policy by 1985 or '90 we'll have twenty nations that have the capability of exploding atomic weapons. This has got to be stopped. That is one of the major challenges and major undertakings that I will assume as the next president.;Slippery Slope;Slippery Slope;CARTER;6 10 1976;T337;6_1976.ann;47568 47700
1976;06Oct;8;If we continue under Mr. Ford's policy by 1985 or '90 we'll have twenty nations that have the capability of exploding atomic weapons. This has got to be stopped. That is one of the major challenges and major undertakings that I will assume as the next president.;Slippery Slope;Slippery Slope;CARTER;6 10 1976;T337;6_1976.ann;47568 47700
1976;06Oct;8;If we continue under Mr. Ford's policy by 1985 or '90 we'll have twenty nations that have the capability of exploding atomic weapons. This has got to be stopped. That is one of the major challenges and major undertakings that I will assume as the next president.;Slippery Slope;Slippery Slope;CARTER;6 10 1976;T337;6_1976.ann;47568 47700
1976;06Oct;8;If we continue under Mr. Ford's policy by 1985 or '90 we'll have twenty nations that have the capability of exploding atomic weapons. This has got to be stopped. That is one of the major challenges and major undertakings that I will assume as the next president.;Slippery Slope;Slippery Slope;CARTER;6 10 1976;T337;6_1976.ann;47568 47700
1976;06Oct;9;disarray;Appeal to Emotion;Loaded Language;CARTER;6 10 1976;T632;6_1976.ann;49253 49326
1976;06Oct;9;disarray;Appeal to Emotion;Loaded Language;CARTER;6 10 1976;T632;6_1976.ann;49253 49326
1976;06Oct;9;We've got two and a half million more Americans out of work now than we had when Mr. Ford took office.;False Cause;False Cause;CARTER;6 10 1976;T360;6_1976.ann;49422 49523
1976;06Oct;9;Also, we'll never be strong again overseas, unless we're strong at home.;Slogans;Slogan;CARTER;6 10 1976;T355;6_1976.ann;49182 49247
1976;06Oct;9;Also, we'll never be strong again overseas, unless we're strong at home.;Slogans;Slogan;CARTER;6 10 1976;T355;6_1976.ann;49182 49247
1976;06Oct;10;If the United States had not moved when we did in southern Africa, there's no doubt there would have been an acceleration of bloodshed in that tragic part of the world.;Slippery Slope;Slippery Slope;FORD;6 10 1976;T380;6_1976.ann;53421 53588
1976;06Oct;10;If we had not taken our initiative, it's very, very possible that uh - the government of Rhodesia would have been overrun and that the Soviet Union and the Cubans would have dominated uh - southern Africa.;Slippery Slope;Slippery Slope;FORD;6 10 1976;T381;6_1976.ann;53590 53794
1976;06Oct;12;And we handled it responsibly and I think Captain Miller's testimony to that effect is the best evidence.;Appeal to Authority;Without Evidence;FORD;6 10 1976;T455;6_1976.ann;64385 64455
1976;06Oct;12;And we handled it responsibly and I think Captain Miller's testimony to that effect is the best evidence.;Appeal to Authority;Without Evidence;FORD;6 10 1976;T455;6_1976.ann;64385 64455
1976;06Oct;13;an absolute disgrace;Appeal to Emotion;Loaded Language;CARTER;6 10 1976;T474;6_1976.ann;66504 66594
1976;06Oct;13;a disgrace;Appeal to Emotion;Loaded Language;CARTER;6 10 1976;T481;6_1976.ann;67306 67466
1976;06Oct;13;a disgrace;Appeal to Emotion;Loaded Language;CARTER;6 10 1976;T481;6_1976.ann;67306 67466
1976;06Oct;14;One of the uh - most embarrassing uh - failures;Appeal to Emotion;Loaded Language;CARTER;6 10 1976;T494;6_1976.ann;69901 70230
1976;06Oct;15;Will it be a nightmare world threatened with the proliferation of atomic bombs, not just in five major countries but dozens of smaller countries that have been permitted to develop atomic weapons because of a failure of our top leadership to stop proliferation? Will we have a world of hunger and - and hatred, and will we be living in an armed camp stripped of our friendship and allies hiding behind a tight defense that's been drawn in around us because we are fearful of the outside world?;Appeal to Emotion;Appeal to fear;CARTER;6 10 1976;T668;6_1976.ann;71560 71820
1976;06Oct;15;Will it be a nightmare world threatened with the proliferation of atomic bombs, not just in five major countries but dozens of smaller countries that have been permitted to develop atomic weapons because of a failure of our top leadership to stop proliferation? Will we have a world of hunger and - and hatred, and will we be living in an armed camp stripped of our friendship and allies hiding behind a tight defense that's been drawn in around us because we are fearful of the outside world?;Appeal to Emotion;Appeal to fear;CARTER;6 10 1976;T668;6_1976.ann;71560 71820
1976;22Oct;1;I know I'm ready for it. I think the American people are too.;Appeal to Emotion;Flag waving;CARTER;22 10 1976;T39;7_1976.ann;8179 8214
1976;22Oct;1;I know I'm ready for it. I think the American people are too.;Appeal to Emotion;Flag waving;CARTER;22 10 1976;T39;7_1976.ann;8179 8214
1976;22Oct;2;But I do make a pledge that in the next ten days when we're asking the American people to make one of the most important decisions in their lifetime, because I think this election is one of the mast vital in the history of America, that uh - we do together what we can to stimulate voter participation.;Appeal to Emotion;Flag waving;FORD;22 10 1976;T85;7_1976.ann;12807 12879
1976;22Oct;2;the deep discouragement of the American people;Appeal to Emotion;Loaded Language;CARTER;22 10 1976;T51;7_1976.ann;8777 8972
1976;22Oct;4;I think we all recall with some sadness that at uh - the period of the nin- late nineteen forties, early nineteen fifties, there were some indications that the United States would not include uh - South Korea in an area of defense.;Appeal to Emotion;Appeal to pity;FORD;22 10 1976;T133;7_1976.ann;19296 19518
1976;22Oct;4;I think we all recall with some sadness that at uh - the period of the nin- late nineteen forties, early nineteen fifties, there were some indications that the United States would not include uh - South Korea in an area of defense.;Appeal to Emotion;Appeal to pity;FORD;22 10 1976;T133;7_1976.ann;19296 19518
1976;22Oct;5;I have indicated to General Brown that uh - the words that he used in that interview, in that particular case and in several others, were very ill advised.;Appeal to Authority;False Authority;FORD;22 10 1976;T145;7_1976.ann;20892 21046
1976;22Oct;5;I think he said that Israel was a - a military burden on us and that Iran hoped to reestablish the Persian Empire. Ah - I'm not uh - sure that I remembered earlier that President Ford had - had expressed uh - his concern about the statement or apologized for it.;Appeal to Authority;Without Evidence;CARTER;22 10 1976;T156;7_1976.ann;22829 22970
1976;22Oct;5;I think he said that Israel was a - a military burden on us and that Iran hoped to reestablish the Persian Empire. Ah - I'm not uh - sure that I remembered earlier that President Ford had - had expressed uh - his concern about the statement or apologized for it.;Appeal to Authority;Without Evidence;CARTER;22 10 1976;T156;7_1976.ann;22829 22970
1976;22Oct;5;I think he said that Israel was a - a military burden on us and that Iran hoped to reestablish the Persian Empire. Ah - I'm not uh - sure that I remembered earlier that President Ford had - had expressed uh - his concern about the statement or apologized for it.;Appeal to Authority;Without Evidence;CARTER;22 10 1976;T156;7_1976.ann;22829 22970
1976;22Oct;6;Senator Mondale made a very derogatory, very personal comment about General Brown uh - after the news story that uh - broke about General Brown.;Ad Hominem;Ad Hominem;FORD;22 10 1976;T199;7_1976.ann;27168 27365
1976;22Oct;6;a heroic and brave and very outstanding leader of the military;Appeal to Emotion;Loaded Language;FORD;22 10 1976;T194;7_1976.ann;27685 27838
1976;22Oct;8;We've got an extraordinarily high unemployment rate among downtown urban ghetto areas, uh - particularly among the very poor and particularly among minority groups, sometimes 50 or 60 percent.;Appeal to Emotion;Appeal to pity;CARTER;22 10 1976;T246;7_1976.ann;36188 36379
1976;22Oct;8;"""Ford to New York: Drop Dead.""";Slogans;Slogan;CARTER;22 10 1976;T243;7_1976.ann;34686 34769
1976;22Oct;9;I think the greatest thing that ever happened to the South was the passage of the Civil Rights Act and the opening up of opportunities - uh to black people - the chance to vote, to hold a job, to buy a house, to go to school, and to participate in public affairs.;Appeal to Emotion;Flag waving;CARTER;22 10 1976;T292;7_1976.ann;41866 42021
1976;22Oct;9;I think the greatest thing that ever happened to the South was the passage of the Civil Rights Act and the opening up of opportunities - uh to black people - the chance to vote, to hold a job, to buy a house, to go to school, and to participate in public affairs.;Appeal to Emotion;Flag waving;CARTER;22 10 1976;T292;7_1976.ann;41866 42021
1976;22Oct;9;I think the greatest thing that ever happened to the South was the passage of the Civil Rights Act and the opening up of opportunities - uh to black people - the chance to vote, to hold a job, to buy a house, to go to school, and to participate in public affairs.;Appeal to Emotion;Flag waving;CARTER;22 10 1976;T292;7_1976.ann;41866 42021
1976;22Oct;9;I think the greatest thing that ever happened to the South was the passage of the Civil Rights Act and the opening up of opportunities - uh to black people - the chance to vote, to hold a job, to buy a house, to go to school, and to participate in public affairs.;Appeal to Emotion;Flag waving;CARTER;22 10 1976;T292;7_1976.ann;41866 42021
1976;22Oct;9;I think the greatest thing that ever happened to the South was the passage of the Civil Rights Act and the opening up of opportunities - uh to black people - the chance to vote, to hold a job, to buy a house, to go to school, and to participate in public affairs.;Appeal to Emotion;Flag waving;CARTER;22 10 1976;T292;7_1976.ann;41866 42021
1976;22Oct;9;I think the greatest thing that ever happened to the South was the passage of the Civil Rights Act and the opening up of opportunities - uh to black people - the chance to vote, to hold a job, to buy a house, to go to school, and to participate in public affairs.;Appeal to Emotion;Flag waving;CARTER;22 10 1976;T292;7_1976.ann;41866 42021
1976;22Oct;10;Uhh - I believe also that uh - there is some merit to a - an amendment that uh - uh - Senator Everett Dirksen uh - proposed very frequently, an amendment that would uh - change the court decision as far as voluntary prayer in public schools.;Appeal to Authority;Without Evidence;FORD;22 10 1976;T332;7_1976.ann;46055 46289
1976;22Oct;13;With all due respect to President Ford, I think he ought to be ashamed of mentioning that statement, because we have the highest unemployment rate now than we had at any time between the Great Depression caused by Herbert Hoover and the time President Ford took office.;Appeal to Emotion;Appeal to pity;CARTER;22 10 1976;T440;7_1976.ann;61999 62158
1976;22Oct;13;With all due respect to President Ford, I think he ought to be ashamed of mentioning that statement, because we have the highest unemployment rate now than we had at any time between the Great Depression caused by Herbert Hoover and the time President Ford took office.;Appeal to Emotion;Appeal to pity;CARTER;22 10 1976;T440;7_1976.ann;61999 62158
1976;22Oct;13;With all due respect to President Ford, I think he ought to be ashamed of mentioning that statement, because we have the highest unemployment rate now than we had at any time between the Great Depression caused by Herbert Hoover and the time President Ford took office.;Appeal to Emotion;Appeal to pity;CARTER;22 10 1976;T440;7_1976.ann;61999 62158
1976;22Oct;13;With all due respect to President Ford, I think he ought to be ashamed of mentioning that statement, because we have the highest unemployment rate now than we had at any time between the Great Depression caused by Herbert Hoover and the time President Ford took office.;Appeal to Emotion;Appeal to pity;CARTER;22 10 1976;T440;7_1976.ann;61999 62158
1976;22Oct;13;With all due respect to President Ford, I think he ought to be ashamed of mentioning that statement, because we have the highest unemployment rate now than we had at any time between the Great Depression caused by Herbert Hoover and the time President Ford took office.;Appeal to Emotion;Appeal to pity;CARTER;22 10 1976;T440;7_1976.ann;61999 62158
1976;22Oct;13;With all due respect to President Ford, I think he ought to be ashamed of mentioning that statement, because we have the highest unemployment rate now than we had at any time between the Great Depression caused by Herbert Hoover and the time President Ford took office.;Appeal to Emotion;Appeal to pity;CARTER;22 10 1976;T440;7_1976.ann;61999 62158
1976;22Oct;13;And I think this shows a callous indifference to the families that have suffered so much.;Appeal to Emotion;Appeal to pity;CARTER;22 10 1976;T450;7_1976.ann;63516 63600
1976;22Oct;13;That is a very serious indictment of this administration. It's probably the worst one of all.;Appeal to Emotion;Appeal to pity;CARTER;22 10 1976;T460;7_1976.ann;64079 64135
1976;22Oct;13;That is a very serious indictment of this administration. It's probably the worst one of all.;Appeal to Emotion;Appeal to pity;CARTER;22 10 1976;T460;7_1976.ann;64079 64135
1976;22Oct;13;That is a very serious indictment of this administration. It's probably the worst one of all.;Appeal to Emotion;Appeal to pity;CARTER;22 10 1976;T460;7_1976.ann;64079 64135
1976;22Oct;13;I violently disagree with your assessment.;Appeal to Emotion;Loaded Language;FORD;22 10 1976;T403;7_1976.ann;58105 58146
1976;22Oct;13;a tremendous increase;Appeal to Emotion;Loaded Language;FORD;22 10 1976;T417;7_1976.ann;59222 59329
1976;22Oct;13;Under the present administration - Nixon's and Ford's - we've had three times the inflation rate that we experienced under President Johnson and President Kennedy. The economic growth is less than half today what it was at the beginning of this year. And housing starts - he compares the housing starts with last year.;False Cause;False Cause;CARTER;22 10 1976;T465;7_1976.ann;62895 63057
1976;22Oct;13;Under the present administration - Nixon's and Ford's - we've had three times the inflation rate that we experienced under President Johnson and President Kennedy. The economic growth is less than half today what it was at the beginning of this year. And housing starts - he compares the housing starts with last year.;False Cause;False Cause;CARTER;22 10 1976;T465;7_1976.ann;62895 63057
1976;22Oct;13;Under the present administration - Nixon's and Ford's - we've had three times the inflation rate that we experienced under President Johnson and President Kennedy. The economic growth is less than half today what it was at the beginning of this year. And housing starts - he compares the housing starts with last year.;False Cause;False Cause;CARTER;22 10 1976;T465;7_1976.ann;62895 63057
1976;22Oct;14;I've never depended on powerful political figures to put me in office. I have a direct relationship with hundreds of people around - hundreds of thousands around the country who actively campaign for me.;Appeal to Authority;Popular Opinion;CARTER;22 10 1976;T484;7_1976.ann;65961 66092
1976;22Oct;14;I've never depended on powerful political figures to put me in office. I have a direct relationship with hundreds of people around - hundreds of thousands around the country who actively campaign for me.;Appeal to Authority;Popular Opinion;CARTER;22 10 1976;T484;7_1976.ann;65961 66092
1976;22Oct;14;I think uh - the uh - increase and the uh - prospects as far as I'm concerned and the I - less favorable prospects for Governor Carter, reflect that Governor Carter uh - is inconsistent in many of the positions that he takes. He tends to distort on a number of occasions.;Appeal to Authority;False Authority;FORD;22 10 1976;T489;7_1976.ann;67185 67409
1976;22Oct;14;I think uh - the uh - increase and the uh - prospects as far as I'm concerned and the I - less favorable prospects for Governor Carter, reflect that Governor Carter uh - is inconsistent in many of the positions that he takes. He tends to distort on a number of occasions.;Appeal to Authority;False Authority;FORD;22 10 1976;T489;7_1976.ann;67185 67409
1976;22Oct;15;The American people had lost faith and trust and confidence in the presidency itself.;Appeal to Emotion;Appeal to fear;FORD;22 10 1976;T518;7_1976.ann;69902 69986
1976;22Oct;15;The American people had lost faith and trust and confidence in the presidency itself.;Appeal to Emotion;Appeal to fear;FORD;22 10 1976;T518;7_1976.ann;69902 69986
1976;22Oct;15;Our tax structure is a disgrace, it needs to be reformed.;Appeal to Emotion;Appeal to pity;CARTER;22 10 1976;T566;7_1976.ann;73032 73063
1976;22Oct;15;Our tax structure is a disgrace, it needs to be reformed.;Appeal to Emotion;Appeal to pity;CARTER;22 10 1976;T566;7_1976.ann;73032 73063
1976;22Oct;15;Our tax structure is a disgrace, it needs to be reformed.;Appeal to Emotion;Appeal to pity;CARTER;22 10 1976;T566;7_1976.ann;73032 73063
1976;22Oct;15;The American people are healed, are working together.;Appeal to Emotion;Flag waving;FORD;22 10 1976;T531;7_1976.ann;70707 70759
1976;22Oct;15;The American people are healed, are working together.;Appeal to Emotion;Flag waving;FORD;22 10 1976;T531;7_1976.ann;70707 70759
1976;22Oct;15;I believe that if we are inspired, if we can achieve a degree of unity, if we can set our goals high enough and work toward recognized goals with industry and labor and agriculture along with government at all levels, then we can achieve great things.;Appeal to Emotion;Flag waving;CARTER;22 10 1976;T585;7_1976.ann;74810 74954
1976;22Oct;15;I believe that if we are inspired, if we can achieve a degree of unity, if we can set our goals high enough and work toward recognized goals with industry and labor and agriculture along with government at all levels, then we can achieve great things.;Appeal to Emotion;Flag waving;CARTER;22 10 1976;T585;7_1976.ann;74810 74954
1976;22Oct;15;I believe that if we are inspired, if we can achieve a degree of unity, if we can set our goals high enough and work toward recognized goals with industry and labor and agriculture along with government at all levels, then we can achieve great things.;Appeal to Emotion;Flag waving;CARTER;22 10 1976;T585;7_1976.ann;74810 74954
1976;22Oct;15;I believe that if we are inspired, if we can achieve a degree of unity, if we can set our goals high enough and work toward recognized goals with industry and labor and agriculture along with government at all levels, then we can achieve great things.;Appeal to Emotion;Flag waving;CARTER;22 10 1976;T585;7_1976.ann;74810 74954
1976;22Oct;15;I believe that if we are inspired, if we can achieve a degree of unity, if we can set our goals high enough and work toward recognized goals with industry and labor and agriculture along with government at all levels, then we can achieve great things.;Appeal to Emotion;Flag waving;CARTER;22 10 1976;T585;7_1976.ann;74810 74954
1976;22Oct;15;I believe that if we are inspired, if we can achieve a degree of unity, if we can set our goals high enough and work toward recognized goals with industry and labor and agriculture along with government at all levels, then we can achieve great things.;Appeal to Emotion;Flag waving;CARTER;22 10 1976;T585;7_1976.ann;74810 74954
1976;22Oct;15;I believe that if we are inspired, if we can achieve a degree of unity, if we can set our goals high enough and work toward recognized goals with industry and labor and agriculture along with government at all levels, then we can achieve great things.;Appeal to Emotion;Flag waving;CARTER;22 10 1976;T585;7_1976.ann;74810 74954
1976;22Oct;15;I believe that if we are inspired, if we can achieve a degree of unity, if we can set our goals high enough and work toward recognized goals with industry and labor and agriculture along with government at all levels, then we can achieve great things.;Appeal to Emotion;Flag waving;CARTER;22 10 1976;T585;7_1976.ann;74810 74954
1976;22Oct;15;I believe that if we are inspired, if we can achieve a degree of unity, if we can set our goals high enough and work toward recognized goals with industry and labor and agriculture along with government at all levels, then we can achieve great things.;Appeal to Emotion;Flag waving;CARTER;22 10 1976;T585;7_1976.ann;74810 74954
1976;22Oct;15;a horrible mess;Appeal to Emotion;Loaded Language;CARTER;22 10 1976;T583;7_1976.ann;74415 74470
1976;22Oct;15;The American people are moving again, and moving in the right direction.;Slogans;Slogan;FORD;22 10 1976;T532;7_1976.ann;70761 70832
1976;22Oct;15;The American people are moving again, and moving in the right direction.;Slogans;Slogan;FORD;22 10 1976;T532;7_1976.ann;70761 70832
1976;22Oct;15;"""I believe our nation is greater than what we are now.""";Slogans;Slogan;CARTER;22 10 1976;T588;7_1976.ann;74564 74737
1976;22Oct;15;"""I believe our nation is greater than what we are now.""";Slogans;Slogan;CARTER;22 10 1976;T588;7_1976.ann;74564 74737
1976;22Oct;15;"""I believe our nation is greater than what we are now.""";Slogans;Slogan;CARTER;22 10 1976;T588;7_1976.ann;74564 74737
1980;21Sep;1;You are robbing the American people of their savings.;Appeal to Emotion;Appeal to fear;REAGAN;21 9 1980;T26;8_1980.ann;6499 6551
1980;21Sep;2;I would rather see us reduce the consumption of imported oil than have to send American boys to fight in the Persian Gulf.;Appeal to Emotion;Appeal to pity;ANDERSON;21 9 1980;T73;8_1980.ann;14471 14592
1980;21Sep;2;a total misunderstanding;Appeal to Emotion;Loaded Language;ANDERSON;21 9 1980;T68;8_1980.ann;13685 13918
1980;21Sep;2;a total misunderstanding;Appeal to Emotion;Loaded Language;ANDERSON;21 9 1980;T68;8_1980.ann;13685 13918
1980;21Sep;2;a total misunderstanding;Appeal to Emotion;Loaded Language;ANDERSON;21 9 1980;T68;8_1980.ann;13685 13918
1980;21Sep;3;And as a result, the families of some of our young servicemen are on food stamps today.;Appeal to Emotion;Appeal to pity;ANDERSON;21 9 1980;T103;8_1980.ann;20437 20519
1980;21Sep;3;And as a result, the families of some of our young servicemen are on food stamps today.;Appeal to Emotion;Appeal to pity;ANDERSON;21 9 1980;T103;8_1980.ann;20437 20519
1980;21Sep;3;And as a result, the families of some of our young servicemen are on food stamps today.;Appeal to Emotion;Appeal to pity;ANDERSON;21 9 1980;T103;8_1980.ann;20437 20519
1980;21Sep;3;I would not leave this country go undefended.;Appeal to Emotion;Flag waving;ANDERSON;21 9 1980;T107;8_1980.ann;21145 21189
1980;21Sep;3;shameful;Appeal to Emotion;Loaded Language;ANDERSON;21 9 1980;T105;8_1980.ann;20550 20563
1980;21Sep;3;for heaven's sakes;Appeal to Emotion;Loaded Language;REAGAN;21 9 1980;T129;8_1980.ann;23218 23475
1980;21Sep;3;boondoggle;Appeal to Emotion;Loaded Language;ANDERSON;21 9 1980;T139;8_1980.ann;24960 25049
1980;21Sep;3;boondoggle;Appeal to Emotion;Loaded Language;ANDERSON;21 9 1980;T139;8_1980.ann;24960 25049
1980;21Sep;4;It seems to totally belie the claim that I heard President Carter make a few days ago, that he was the first President that had come forth with a real urban strategy to meet the problems of urban America.;Ad Hominem;Ad Hominem;ANDERSON;21 9 1980;T185;8_1980.ann;29963 30166
1980;21Sep;4;It will come from the pockets of the people;Appeal to Emotion;Appeal to fear;REAGAN;21 9 1980;T190;8_1980.ann;32387 32465
1980;21Sep;4;It will come from the pockets of the people who are living in those very areas.;Appeal to Emotion;Appeal to fear;REAGAN;21 9 1980;T190;8_1980.ann;32387 32465
1980;21Sep;5;We believe that that's too much additional money to take out of the pockets of the people.;Appeal to Emotion;Appeal to fear;REAGAN;21 9 1980;T242;8_1980.ann;40870 40959
1980;21Sep;5;And one journal, the San Francisco Chronicle, a respected newspaper, said there was no question about the fact that Governor Reagan had prevented the State of California from going bankrupt.;Appeal to Authority;Without Evidence;REAGAN;21 9 1980;T263;8_1980.ann;43233 43418
1980;21Sep;5;And one journal, the San Francisco Chronicle, a respected newspaper, said there was no question about the fact that Governor Reagan had prevented the State of California from going bankrupt.;Appeal to Authority;Without Evidence;REAGAN;21 9 1980;T263;8_1980.ann;43233 43418
1980;21Sep;5;brutal;Appeal to Emotion;Loaded Language;ANDERSON;21 9 1980;T219;8_1980.ann;37022 37070
1980;21Sep;6;But whether I agree or disagree with some individual, or what he may say, or how he may say it, I don't think there's any way that we can suggest that because people believe in God and go to church, that they should not want reflected in those people and those causes they support, their own belief in morality, and in the high traditions and principles which we've abandoned so much in this country.;Appeal to Authority;Popular Opinion;REAGAN;21 9 1980;T380;8_1980.ann;44390 44693
1980;21Sep;6;With regard to the freedom of the individual for choice with regard to abortion, there's one individual who's not being considered at all. That's the one who is being aborted.;Appeal to Emotion;Appeal to pity;REAGAN;21 9 1980;T295;8_1980.ann;48688 48825
1980;21Sep;6;With regard to the freedom of the individual for choice with regard to abortion, there's one individual who's not being considered at all. That's the one who is being aborted.;Appeal to Emotion;Appeal to pity;REAGAN;21 9 1980;T295;8_1980.ann;48688 48825
1980;21Sep;6;is an unborn child a human being?;Appeal to Emotion;Appeal to pity;REAGAN;21 9 1980;T294;8_1980.ann;49155 49228
1980;21Sep;6;is an unborn child a human being?;Appeal to Emotion;Appeal to pity;REAGAN;21 9 1980;T294;8_1980.ann;49155 49228
1980;21Sep;6;is an unborn child a human being?;Appeal to Emotion;Appeal to pity;REAGAN;21 9 1980;T294;8_1980.ann;49155 49228
1980;21Sep;6;separation of church and state;Slogans;Slogan;ANDERSON;21 9 1980;T274;8_1980.ann;46283 46467
1980;21Sep;6;freedom of choice;Slogans;Slogan;ANDERSON;21 9 1980;T302;8_1980.ann;50027 50100
1980;21Sep;6;freedom of choice;Slogans;Slogan;ANDERSON;21 9 1980;T302;8_1980.ann;50027 50100
1980;21Sep;6;freedom of choice;Slogans;Slogan;ANDERSON;21 9 1980;T302;8_1980.ann;50027 50100
1980;21Sep;6;First Amendment;Slogans;Slogan;ANDERSON;21 9 1980;T301;8_1980.ann;49982 50025
1980;21Sep;6;First Amendment;Slogans;Slogan;ANDERSON;21 9 1980;T301;8_1980.ann;49982 50025
1980;21Sep;6;freedom of choice;Slogans;Slogan;ANDERSON;21 9 1980;T302;8_1980.ann;50027 50100
1980;21Sep;6;right of the individual;Slogans;Slogan;ANDERSON;21 9 1980;T302;8_1980.ann;50027 50100
1980;21Sep;7;We came from 100 different corners of the earth.;Appeal to Emotion;Flag waving;REAGAN;21 9 1980;T384;8_1980.ann;51158 51206
1980;21Sep;7;We spoke a multitude of tongues.;Appeal to Emotion;Flag waving;REAGAN;21 9 1980;T385;8_1980.ann;51207 51239
1980;21Sep;7;We landed on this Eastern shore and then went out over the mountains and the prairies and the deserts and the far western mountains to the Pacific, building cities and towns and farms, and schools and churches.;Appeal to Emotion;Flag waving;REAGAN;21 9 1980;T386;8_1980.ann;51281 51450
1980;21Sep;7;If wind, water or fire destroyed them, we built them again.;Appeal to Emotion;Flag waving;REAGAN;21 9 1980;T387;8_1980.ann;51451 51510
1980;21Sep;7;And in so doing, at the same time, we built a new breed of human called an American - a proud, an independent., and a most compassionate individual, for the most part.;Appeal to Emotion;Flag waving;REAGAN;21 9 1980;T388;8_1980.ann;51546 51677
1980;21Sep;7;The living Americans today have fought harder, paid a higher price for freedom, and done more to advance the dignity of man than any people who ever lived on this earth.;Appeal to Emotion;Flag waving;REAGAN;21 9 1980;T322;8_1980.ann;52520 52688
1980;21Sep;7;If we don't resolve that issue, all others become irrelevant.;Slippery Slope;Slippery Slope;ANDERSON;21 9 1980;T333;8_1980.ann;55312 55372
1980;28Oct;1;Mr. Stone, I have submitted an economic plan that I have worked out in concert with a number of fine economists in this country, all of whom approve it, and believe that over a five year projection, this plan can permit the extra spending for needed refurbishing of our defensive posture, that it can provide for a balanced budget by 1983 if not earlier, and that we can afford - along with the cuts that I have proposed in Government. spending;Appeal to Authority;Without Evidence;REAGAN;28 10 1980;T52;9_1980.ann;4846 4986
1980;28Oct;1;Mr. Stone, I have submitted an economic plan that I have worked out in concert with a number of fine economists in this country, all of whom approve it, and believe that over a five year projection, this plan can permit the extra spending for needed refurbishing of our defensive posture, that it can provide for a balanced budget by 1983 if not earlier, and that we can afford - along with the cuts that I have proposed in Government. spending;Appeal to Authority;Without Evidence;REAGAN;28 10 1980;T52;9_1980.ann;4846 4986
1980;28Oct;1;Mr. Stone, I have submitted an economic plan that I have worked out in concert with a number of fine economists in this country, all of whom approve it, and believe that over a five year projection, this plan can permit the extra spending for needed refurbishing of our defensive posture, that it can provide for a balanced budget by 1983 if not earlier, and that we can afford - along with the cuts that I have proposed in Government. spending;Appeal to Authority;Without Evidence;REAGAN;28 10 1980;T52;9_1980.ann;4846 4986
1980;28Oct;1;Mr. Stone, I have submitted an economic plan that I have worked out in concert with a number of fine economists in this country, all of whom approve it, and believe that over a five year projection, this plan can permit the extra spending for needed refurbishing of our defensive posture, that it can provide for a balanced budget by 1983 if not earlier, and that we can afford - along with the cuts that I have proposed in Government. spending;Appeal to Authority;Without Evidence;REAGAN;28 10 1980;T52;9_1980.ann;4846 4986
1980;28Oct;1;Mr. Stone, I have submitted an economic plan that I have worked out in concert with a number of fine economists in this country, all of whom approve it, and believe that over a five year projection, this plan can permit the extra spending for needed refurbishing of our defensive posture, that it can provide for a balanced budget by 1983 if not earlier, and that we can afford - along with the cuts that I have proposed in Government. spending;Appeal to Authority;Without Evidence;REAGAN;28 10 1980;T52;9_1980.ann;4846 4986
1980;28Oct;1;Mr. Stone, I have submitted an economic plan that I have worked out in concert with a number of fine economists in this country, all of whom approve it, and believe that over a five year projection, this plan can permit the extra spending for needed refurbishing of our defensive posture, that it can provide for a balanced budget by 1983 if not earlier, and that we can afford - along with the cuts that I have proposed in Government. spending;Appeal to Authority;Without Evidence;REAGAN;28 10 1980;T52;9_1980.ann;4846 4986
1980;28Oct;1;"I have seen four wars in my lifetime. I'm a father of sons; I have a grandson. I don't ever want to see another generation of young Americans bleed their lives into sandy beachheads in the Pacific, or rice paddies and jungles in the in Asia or the muddy battlefields of Europe.";Appeal to Emotion;Appeal to pity;REAGAN;28 10 1980;T40;9_1980.ann;4046 4243
1980;28Oct;1;"I have seen four wars in my lifetime. I'm a father of sons; I have a grandson. I don't ever want to see another generation of young Americans bleed their lives into sandy beachheads in the Pacific, or rice paddies and jungles in the in Asia or the muddy battlefields of Europe.";Appeal to Emotion;Appeal to pity;REAGAN;28 10 1980;T40;9_1980.ann;4046 4243
1980;28Oct;1;"I have seen four wars in my lifetime. I'm a father of sons; I have a grandson. I don't ever want to see another generation of young Americans bleed their lives into sandy beachheads in the Pacific, or rice paddies and jungles in the in Asia or the muddy battlefields of Europe.";Appeal to Emotion;Appeal to pity;REAGAN;28 10 1980;T40;9_1980.ann;4046 4243
1980;28Oct;1;"I have seen four wars in my lifetime. I'm a father of sons; I have a grandson. I don't ever want to see another generation of young Americans bleed their lives into sandy beachheads in the Pacific, or rice paddies and jungles in the in Asia or the muddy battlefields of Europe.";Appeal to Emotion;Appeal to pity;REAGAN;28 10 1980;T40;9_1980.ann;4046 4243
1980;28Oct;1;with all my heart;Appeal to Emotion;Loaded Language;REAGAN;28 10 1980;T28;9_1980.ann;2961 3032
1980;28Oct;1;our first priority must be world peace;Appeal to Emotion;Loaded Language;REAGAN;28 10 1980;T28;9_1980.ann;2961 3032
1980;28Oct;1;always and only a last resort;Appeal to Emotion;Loaded Language;REAGAN;28 10 1980;T29;9_1980.ann;3043 3173
1980;28Oct;2;Mr. Carter had also promised that he would not use unemployment as a tool to fight against inflation. And yet, his 1980 economic message stated that we would reduce productivity and gross national product and increase unemployment in order to get a handle on inflation, because in January, at the beginning of the year, it was more than 18%.;Ad Hominem;Circumstantial Ad Hominem;REAGAN;28 10 1980;T130;9_1980.ann;17950 18179
1980;28Oct;2;Mr. Carter had also promised that he would not use unemployment as a tool to fight against inflation. And yet, his 1980 economic message stated that we would reduce productivity and gross national product and increase unemployment in order to get a handle on inflation, because in January, at the beginning of the year, it was more than 18%.;Ad Hominem;Circumstantial Ad Hominem;REAGAN;28 10 1980;T130;9_1980.ann;17950 18179
1980;28Oct;2;I notice that Governor Reagan recently mentioned the Reagan-Kemp-Roth proposal. which his own running mate, George Bush, described as voodoo economics, and said that it would result in a 30% inflation rate. And Business Week, which is not a Democratic publication, said that this Reagan-Kemp-Roth proposal - and I quote them, I think - was completely irresponsible and would result in inflationary pressures which would destroy this nation.;Appeal to Authority;Without Evidence;CARTER;28 10 1980;T19;9_1980.ann;14035 14263
1980;28Oct;2;I notice that Governor Reagan recently mentioned the Reagan-Kemp-Roth proposal. which his own running mate, George Bush, described as voodoo economics, and said that it would result in a 30% inflation rate. And Business Week, which is not a Democratic publication, said that this Reagan-Kemp-Roth proposal - and I quote them, I think - was completely irresponsible and would result in inflationary pressures which would destroy this nation.;Appeal to Authority;Without Evidence;CARTER;28 10 1980;T19;9_1980.ann;14035 14263
1980;28Oct;2;I notice that Governor Reagan recently mentioned the Reagan-Kemp-Roth proposal. which his own running mate, George Bush, described as voodoo economics, and said that it would result in a 30% inflation rate. And Business Week, which is not a Democratic publication, said that this Reagan-Kemp-Roth proposal - and I quote them, I think - was completely irresponsible and would result in inflationary pressures which would destroy this nation.;Appeal to Authority;Without Evidence;CARTER;28 10 1980;T19;9_1980.ann;14035 14263
1980;28Oct;2;As a matter of fact, one of the secretaries of HEW under Mr. Carter testified that he thought there was $7 billion worth of fraud and waste in welfare and in the medical programs associated with it. We've had the Central Accounting. Office estimate that there is probably tens of billions of dollars that is lost in fraud alone, and they have added that waste adds even more to that.;Appeal to Authority;Without Evidence;REAGAN;28 10 1980;T137;9_1980.ann;20096 20272
1980;28Oct;2;As a matter of fact, one of the secretaries of HEW under Mr. Carter testified that he thought there was $7 billion worth of fraud and waste in welfare and in the medical programs associated with it. We've had the Central Accounting. Office estimate that there is probably tens of billions of dollars that is lost in fraud alone, and they have added that waste adds even more to that.;Appeal to Authority;Without Evidence;REAGAN;28 10 1980;T137;9_1980.ann;20096 20272
1980;28Oct;2;In 1974, we had the worst recession, the deepest and most penetrating recession since the Second World War.;Appeal to Emotion;Loaded Language;CARTER;28 10 1980;T8;9_1980.ann;13017 13123
1980;28Oct;2;an enormous number of jobs;Appeal to Emotion;Loaded Language;CARTER;28 10 1980;T15;9_1980.ann;13674 13710
1980;28Oct;2;entirely spurious;Appeal to Emotion;Loaded Language;REAGAN;28 10 1980;T122;9_1980.ann;17105 17351
1980;28Oct;2;entirely spurious;Appeal to Emotion;Loaded Language;REAGAN;28 10 1980;T122;9_1980.ann;17105 17351
1980;28Oct;2;dangerous;Appeal to Emotion;Loaded Language;REAGAN;28 10 1980;T122;9_1980.ann;17105 17351
1980;28Oct;2;dangerous;Appeal to Emotion;Loaded Language;REAGAN;28 10 1980;T122;9_1980.ann;17105 17351
1980;28Oct;2;blamed;Appeal to Emotion;Loaded Language;REAGAN;28 10 1980;T116;9_1980.ann;18281 18342
1980;28Oct;2;accused;Appeal to Emotion;Loaded Language;REAGAN;28 10 1980;T117;9_1980.ann;18344 18479
1980;28Oct;2;I believe that there is enough extravagance and fat in government.;Appeal to Emotion;Loaded Language;REAGAN;28 10 1980;T136;9_1980.ann;20008 20073
1980;28Oct;2;I believe that there is enough extravagance and fat in government.;Appeal to Emotion;Loaded Language;REAGAN;28 10 1980;T136;9_1980.ann;20008 20073
1980;28Oct;2;Governor Reagan's proposal, the Reagan-Kemp-Roth proposal, is one of the most highly inflationary ideas that ever has been presented to the American public.;Appeal to Emotion;Loaded Language;CARTER;28 10 1980;T144;9_1980.ann;20908 21063
1980;28Oct;2;this ridiculous proposal;Appeal to Emotion;Loaded Language;CARTER;28 10 1980;T145;9_1980.ann;21065 21201
1980;28Oct;2;a heartless kind of approach;Appeal to Emotion;Loaded Language;CARTER;28 10 1980;T149;9_1980.ann;21503 21578
1980;28Oct;2;a distortion of the situation;Appeal to Emotion;Loaded Language;REAGAN;28 10 1980;T153;9_1980.ann;22149 22249
1980;28Oct;2;The President's economic plan calls for increasing the taxes to the point that we finally take so much money away from the people that we can balance the budget in that way. But we will have a very poor nation and a very unsound economy if we follow that path.;Slippery Slope;Slippery Slope;REAGAN;28 10 1980;T135;9_1980.ann;19162 19334
1980;28Oct;2;The President's economic plan calls for increasing the taxes to the point that we finally take so much money away from the people that we can balance the budget in that way. But we will have a very poor nation and a very unsound economy if we follow that path.;Slippery Slope;Slippery Slope;REAGAN;28 10 1980;T135;9_1980.ann;19162 19334
1980;28Oct;2;The President's economic plan calls for increasing the taxes to the point that we finally take so much money away from the people that we can balance the budget in that way. But we will have a very poor nation and a very unsound economy if we follow that path.;Slippery Slope;Slippery Slope;REAGAN;28 10 1980;T135;9_1980.ann;19162 19334
1980;28Oct;3;I wish he could have been with me when I sat with a group of teenagers who were black, and who were telling me about their unemployment problems, and that it was the minimum wage that had done away with the jobs that they once could get.;Appeal to Authority;Popular Opinion;REAGAN;28 10 1980;T204;9_1980.ann;31351 31587
1980;28Oct;3;This, to me, is a very important difference between him and me in this election, and I believe the American people will judge accordingly.;Appeal to Authority;Popular Opinion;CARTER;28 10 1980;T211;9_1980.ann;32638 32717
1980;28Oct;3;But I believe that all of us together, and I believe the Presidency is what Teddy Roosevelt said it was. It's a bully pulpit.;Appeal to Authority;False Authority;REAGAN;28 10 1980;T179;9_1980.ann;26345 26405
1980;28Oct;3;But I believe that all of us together, and I believe the Presidency is what Teddy Roosevelt said it was. It's a bully pulpit.;Appeal to Authority;False Authority;REAGAN;28 10 1980;T179;9_1980.ann;26345 26405
1980;28Oct;3;I have been talking to a number of Congressmen who have much the same idea that I have, and that is that in the inner city areas, that in cooperation with the local government and the national Government, and using tax incentives and with cooperating with the private sector, that we have development zones.;Appeal to Authority;Without Evidence;REAGAN;28 10 1980;T157;9_1980.ann;23610 23811
1980;28Oct;3;I have been talking to a number of Congressmen who have much the same idea that I have, and that is that in the inner city areas, that in cooperation with the local government and the national Government, and using tax incentives and with cooperating with the private sector, that we have development zones.;Appeal to Authority;Without Evidence;REAGAN;28 10 1980;T157;9_1980.ann;23610 23811
1980;28Oct;3;"I talked to a man just briefly there who asked me one simple question: ""Do I have reason to hope that I can someday take care of my family again? Nothing has been done.""";Appeal to Emotion;Appeal to pity;REAGAN;28 10 1980;T570;9_1980.ann;25337 25481
1980;28Oct;3;"I talked to a man just briefly there who asked me one simple question: ""Do I have reason to hope that I can someday take care of my family again? Nothing has been done.""";Appeal to Emotion;Appeal to pity;REAGAN;28 10 1980;T570;9_1980.ann;25337 25481
1980;28Oct;3;"It looks like a bombed-out city - great, gaunt skeletons of buildings. Windows smashed out, painted on one of them ""Unkept promises;"" on another, ""Despair.""";Appeal to Emotion;Loaded Language;REAGAN;28 10 1980;T169;9_1980.ann;24831 24900
1980;28Oct;3;"It looks like a bombed-out city - great, gaunt skeletons of buildings. Windows smashed out, painted on one of them ""Unkept promises;"" on another, ""Despair.""";Appeal to Emotion;Loaded Language;REAGAN;28 10 1980;T169;9_1980.ann;24831 24900
1980;28Oct;3;"It looks like a bombed-out city - great, gaunt skeletons of buildings. Windows smashed out, painted on one of them ""Unkept promises;"" on another, ""Despair.""";Appeal to Emotion;Loaded Language;REAGAN;28 10 1980;T169;9_1980.ann;24831 24900
1980;28Oct;3;eternally optimistic;Appeal to Emotion;Loaded Language;REAGAN;28 10 1980;T177;9_1980.ann;26000 26025
1980;28Oct;3;It's a bully pulpit.;Appeal to Emotion;Loaded Language;REAGAN;28 10 1980;T180;9_1980.ann;26407 26426
1980;28Oct;3;But as governor, when I was at that end of the line and receiving some of these grants for Government programs, I saw that so many of them were dead-end.;Appeal to Emotion;Loaded Language;REAGAN;28 10 1980;T201;9_1980.ann;30983 31131
1980;28Oct;3;a very great insensitivity;Appeal to Emotion;Loaded Language;CARTER;28 10 1980;T210;9_1980.ann;32538 32636
1980;28Oct;3;And indeed, every time it has increased you will find there is an increase in minority unemployment among young people.;False Cause;False Cause;REAGAN;28 10 1980;T205;9_1980.ann;31593 31707
1980;28Oct;4;the very disturbing comment;Appeal to Emotion;Loaded Language;CARTER;28 10 1980;T226;9_1980.ann;34838 34922
1980;28Oct;4;This ultimate terrorist threat is the most fearsome of all;Appeal to Emotion;Loaded Language;CARTER;28 10 1980;T224;9_1980.ann;35122 35180
1980;28Oct;4;a kind of a hypocritical policy;Appeal to Emotion;Loaded Language;REAGAN;28 10 1980;T246;9_1980.ann;40392 40444
1980;28Oct;4;there will be no negotiation with terrorists of any kind;Appeal to Emotion;Loaded Language;REAGAN;28 10 1980;T258;9_1980.ann;42248 42304
1980;28Oct;5;I had a discussion with my daughter, Amy, the other day, before I came here, to ask her what the most important issue was. She said she thought nuclear weaponry - and the control of nuclear arms. This is a formidable force.;Appeal to Authority;False Authority;CARTER;28 10 1980;T312;9_1980.ann;52154 52180
1980;28Oct;5;I would like to say that President Ford, who was within 90% of a treaty that we could be in agreement with when he left office, is emphatically against this SALT treaty. I would like to point out also that senators like Henry Jackson and Hollings of South Carolina - they are taking the lead in the fight against this particular treaty.;Appeal to Authority;Without Evidence;SMITH;28 10 1980;T575;9_1980.ann;48640 48805
1980;28Oct;5;a disturbing pattern in the attitude of Governor Reagan;Appeal to Emotion;Loaded Language;CARTER;28 10 1980;T280;9_1980.ann;46645 46825
1980;28Oct;5;an irresponsible statement, or, maybe, an ill-advised statement;Appeal to Emotion;Loaded Language;CARTER;28 10 1980;T283;9_1980.ann;47504 47638
1980;28Oct;5;But when a man who hopes to be President says, take this treaty, discard it, do not vote, do not debate, do not explore the issues, do not finally capitalize on this long negotiation - that is a very dangerous and disturbing thing.;Appeal to Emotion;Loaded Language;CARTER;28 10 1980;T285;9_1980.ann;47718 47944
1980;28Oct;5;some very misleading and disturbing statements;Appeal to Emotion;Loaded Language;CARTER;28 10 1980;T295;9_1980.ann;49285 49357
1980;28Oct;5;It would be very disturbing to American people.;Appeal to Emotion;Loaded Language;CARTER;28 10 1980;T303;9_1980.ann;50240 50286
1980;28Oct;5;And it would also be very disturbing to our allies, all of whom support this nuclear arms treaty.;Appeal to Emotion;Loaded Language;CARTER;28 10 1980;T301;9_1980.ann;50450 50542
1980;28Oct;5;extremely dangerous and belligerent;Appeal to Emotion;Loaded Language;CARTER;28 10 1980;T299;9_1980.ann;50677 50780
1980;28Oct;6;He wants to put all our eggs in one basket and give that basket to the major oil companies.;Ad Hominem;Circumstantial Ad Hominem;CARTER;28 10 1980;T365;9_1980.ann;58913 59003
1980;28Oct;6;a very bright vista;Appeal to Emotion;Loaded Language;CARTER;28 10 1980;T323;9_1980.ann;54011 54095
1980;28Oct;6;an unequaled record in the history of our country;Appeal to Emotion;Loaded Language;CARTER;28 10 1980;T355;9_1980.ann;57785 57928
1980;28Oct;6;literally thousands of unnecessary regulations that invade every facet of business;Appeal to Emotion;Loaded Language;REAGAN;28 10 1980;T372;9_1980.ann;60016 60196
1980;28Oct;6;It would have destroyed the economy of California, and, I must say, we had the support of Congress when we pointed out how ridiculous this attempt was by the Environmental Protection Agency.;Appeal to Emotion;Loaded Language;REAGAN;28 10 1980;T384;9_1980.ann;61970 62091
1980;28Oct;6;It would have destroyed the economy of California, and, I must say, we had the support of Congress when we pointed out how ridiculous this attempt was by the Environmental Protection Agency.;Appeal to Emotion;Loaded Language;REAGAN;28 10 1980;T384;9_1980.ann;61970 62091
1980;28Oct;6;"I am suggesting that there are literally thousands of unnecessary regulations that invade every facet of business, and indeed, very much of our personal lives, that are unnecessary; that Government can do without; that have added $130 billion to the cost of production in this country; and that are contributing their part to inflation.";False Cause;False Cause;REAGAN;28 10 1980;T372;9_1980.ann;60016 60196
1980;28Oct;6;"I am suggesting that there are literally thousands of unnecessary regulations that invade every facet of business, and indeed, very much of our personal lives, that are unnecessary; that Government can do without; that have added $130 billion to the cost of production in this country; and that are contributing their part to inflation.";False Cause;False Cause;REAGAN;28 10 1980;T372;9_1980.ann;60016 60196
1980;28Oct;6;"I am suggesting that there are literally thousands of unnecessary regulations that invade every facet of business, and indeed, very much of our personal lives, that are unnecessary; that Government can do without; that have added $130 billion to the cost of production in this country; and that are contributing their part to inflation.";False Cause;False Cause;REAGAN;28 10 1980;T372;9_1980.ann;60016 60196
1980;28Oct;6;"I am suggesting that there are literally thousands of unnecessary regulations that invade every facet of business, and indeed, very much of our personal lives, that are unnecessary; that Government can do without; that have added $130 billion to the cost of production in this country; and that are contributing their part to inflation.";False Cause;False Cause;REAGAN;28 10 1980;T372;9_1980.ann;60016 60196
1980;28Oct;6;"I am suggesting that there are literally thousands of unnecessary regulations that invade every facet of business, and indeed, very much of our personal lives, that are unnecessary; that Government can do without; that have added $130 billion to the cost of production in this country; and that are contributing their part to inflation.";False Cause;False Cause;REAGAN;28 10 1980;T372;9_1980.ann;60016 60196
1980;28Oct;7;Mr. President, the voluntary thing that I suggested many years ago was that with a young man orphaned and raised by an aunt who died, his aunt was ineligible for Social Security insurance because she was not his mother.;Appeal to Emotion;Appeal to pity;REAGAN;28 10 1980;T414;9_1980.ann;66656 66859
1980;28Oct;7;Mr. President, the voluntary thing that I suggested many years ago was that with a young man orphaned and raised by an aunt who died, his aunt was ineligible for Social Security insurance because she was not his mother.;Appeal to Emotion;Appeal to pity;REAGAN;28 10 1980;T414;9_1980.ann;66656 66859
1980;28Oct;7;"I would like to make a change in the regulation that discriminates against a wife who works and finds that she then is faced with a choice between her father's or her husband's benefits, if he dies first, or what she has paid in; but it does not recognize that she has also been paying in herself, and she is entitled to more than she presently can get.";Appeal to Emotion;Appeal to pity;REAGAN;28 10 1980;T418;9_1980.ann;67277 67629
1980;28Oct;7;These kinds of approaches are very dangerous to the security, the well being and the peace of mind of the retired people of this country and those approaching retirement age.;Appeal to Emotion;Loaded Language;CARTER;28 10 1980;T402;9_1980.ann;65560 65733
1980;28Oct;7;disgraceful;Appeal to Emotion;Loaded Language;REAGAN;28 10 1980;T435;9_1980.ann;69826 70037
1980;28Oct;7;the deleterious comments;Appeal to Emotion;Loaded Language;CARTER;28 10 1980;T438;9_1980.ann;70471 70624
1980;28Oct;7;Although Governor Reagan has changed his position lately, on four different occasions, he has advocated making Social Security a voluntary system, which would, in effect, very quickly bankrupt it.;Slippery Slope;Slippery Slope;CARTER;28 10 1980;T406;9_1980.ann;65104 65249
1980;28Oct;7;Although Governor Reagan has changed his position lately, on four different occasions, he has advocated making Social Security a voluntary system, which would, in effect, very quickly bankrupt it.;Slippery Slope;Slippery Slope;CARTER;28 10 1980;T406;9_1980.ann;65104 65249
1980;28Oct;8;Now, as to why I should be and he shouldn't be, when he was a candidate in 1976, President Carter invented a thing he called the misery index. He added the rate of unemployment and the rate of inflation, and it came, at that time, to 12.5% under President Ford. He said that no man with that size misery index has a right to seek reelection to the Presidency. Today, by his own decision, the misery index is in excess of 20%, and I think this must suggest something.;Ad Hominem;Tu quoque;REAGAN;28 10 1980;T459;9_1980.ann;75029 75146
1980;28Oct;8;Now, as to why I should be and he shouldn't be, when he was a candidate in 1976, President Carter invented a thing he called the misery index. He added the rate of unemployment and the rate of inflation, and it came, at that time, to 12.5% under President Ford. He said that no man with that size misery index has a right to seek reelection to the Presidency. Today, by his own decision, the misery index is in excess of 20%, and I think this must suggest something.;Ad Hominem;Tu quoque;REAGAN;28 10 1980;T459;9_1980.ann;75029 75146
1980;28Oct;8;Now, as to why I should be and he shouldn't be, when he was a candidate in 1976, President Carter invented a thing he called the misery index. He added the rate of unemployment and the rate of inflation, and it came, at that time, to 12.5% under President Ford. He said that no man with that size misery index has a right to seek reelection to the Presidency. Today, by his own decision, the misery index is in excess of 20%, and I think this must suggest something.;Ad Hominem;Tu quoque;REAGAN;28 10 1980;T459;9_1980.ann;75029 75146
1980;28Oct;8;Now, as to why I should be and he shouldn't be, when he was a candidate in 1976, President Carter invented a thing he called the misery index. He added the rate of unemployment and the rate of inflation, and it came, at that time, to 12.5% under President Ford. He said that no man with that size misery index has a right to seek reelection to the Presidency. Today, by his own decision, the misery index is in excess of 20%, and I think this must suggest something.;Ad Hominem;Tu quoque;REAGAN;28 10 1980;T459;9_1980.ann;75029 75146
1980;28Oct;8;Now, as to why I should be and he shouldn't be, when he was a candidate in 1976, President Carter invented a thing he called the misery index. He added the rate of unemployment and the rate of inflation, and it came, at that time, to 12.5% under President Ford. He said that no man with that size misery index has a right to seek reelection to the Presidency. Today, by his own decision, the misery index is in excess of 20%, and I think this must suggest something.;Ad Hominem;Tu quoque;REAGAN;28 10 1980;T459;9_1980.ann;75029 75146
1980;28Oct;8;In addition to that, I believe that this element of discrimination is something that the South has seen so vividly as a blight on our region of the country which has now been corrected - not only racial discrimination but discrimination against people that have to work for a living - because we have been trying to pick ourselves up by our bootstraps, since the long depression years, and lead a full and useful life in the affairs of this country. We have made remarkable success.;Appeal to Emotion;Flag waving;CARTER;28 10 1980;T490;9_1980.ann;79113 79374
1980;28Oct;8;In addition to that, I believe that this element of discrimination is something that the South has seen so vividly as a blight on our region of the country which has now been corrected - not only racial discrimination but discrimination against people that have to work for a living - because we have been trying to pick ourselves up by our bootstraps, since the long depression years, and lead a full and useful life in the affairs of this country. We have made remarkable success.;Appeal to Emotion;Flag waving;CARTER;28 10 1980;T490;9_1980.ann;79113 79374
1980;28Oct;8;In addition to that, I believe that this element of discrimination is something that the South has seen so vividly as a blight on our region of the country which has now been corrected - not only racial discrimination but discrimination against people that have to work for a living - because we have been trying to pick ourselves up by our bootstraps, since the long depression years, and lead a full and useful life in the affairs of this country. We have made remarkable success.;Appeal to Emotion;Flag waving;CARTER;28 10 1980;T490;9_1980.ann;79113 79374
1980;28Oct;8;a radical departure;Appeal to Emotion;Loaded Language;CARTER;28 10 1980;T450;9_1980.ann;72428 72583
1980;28Oct;8;The most important crucial difference;Appeal to Emotion;Loaded Language;CARTER;28 10 1980;T444;9_1980.ann;72585 72871
1980;28Oct;8;a careless way in a belligerent attitude which has exemplified his attitudes in the past;Appeal to Emotion;Loaded Language;CARTER;28 10 1980;T453;9_1980.ann;73613 73871
1980;28Oct;8;mischievous men;Appeal to Emotion;Loaded Language;REAGAN;28 10 1980;T497;9_1980.ann;80096 80365
1980;28Oct;8;destroy discriminations that properly belong, by law, to women;Appeal to Emotion;Loaded Language;REAGAN;28 10 1980;T497;9_1980.ann;80096 80365
1980;28Oct;9;The American people now are facing, next Tuesday, a lonely decision. Those listening to my voice will have to make a judgment about the future of this country.;Appeal to Authority;Popular Opinion;CARTER;28 10 1980;T598;9_1980.ann;83078 83167
1980;28Oct;9;The American people now are facing, next Tuesday, a lonely decision. Those listening to my voice will have to make a judgment about the future of this country.;Appeal to Authority;Popular Opinion;CARTER;28 10 1980;T598;9_1980.ann;83078 83167
1980;28Oct;9;"The United States must be a nation strong; the United States must be a nation secure. We must have a society that's just and fair. And we must extend the benefits of our own commitment to peace, to create a peaceful world.";Appeal to Emotion;Flag waving;CARTER;28 10 1980;T503;9_1980.ann;82075 82161
1980;28Oct;9;"The United States must be a nation strong; the United States must be a nation secure. We must have a society that's just and fair. And we must extend the benefits of our own commitment to peace, to create a peaceful world.";Appeal to Emotion;Flag waving;CARTER;28 10 1980;T503;9_1980.ann;82075 82161
1980;28Oct;9;"The United States must be a nation strong; the United States must be a nation secure. We must have a society that's just and fair. And we must extend the benefits of our own commitment to peace, to create a peaceful world.";Appeal to Emotion;Flag waving;CARTER;28 10 1980;T503;9_1980.ann;82075 82161
1980;28Oct;9;"The United States must be a nation strong; the United States must be a nation secure. We must have a society that's just and fair. And we must extend the benefits of our own commitment to peace, to create a peaceful world.";Appeal to Emotion;Flag waving;CARTER;28 10 1980;T503;9_1980.ann;82075 82161
1980;28Oct;9;"The United States must be a nation strong; the United States must be a nation secure. We must have a society that's just and fair. And we must extend the benefits of our own commitment to peace, to create a peaceful world.";Appeal to Emotion;Flag waving;CARTER;28 10 1980;T503;9_1980.ann;82075 82161
1980;28Oct;9;"The United States must be a nation strong; the United States must be a nation secure. We must have a society that's just and fair. And we must extend the benefits of our own commitment to peace, to create a peaceful world.";Appeal to Emotion;Flag waving;CARTER;28 10 1980;T503;9_1980.ann;82075 82161
1980;28Oct;9;"The United States must be a nation strong; the United States must be a nation secure. We must have a society that's just and fair. And we must extend the benefits of our own commitment to peace, to create a peaceful world.";Appeal to Emotion;Flag waving;CARTER;28 10 1980;T503;9_1980.ann;82075 82161
1980;28Oct;9;I would like to have a crusade today, and I would like to lead that crusade with your help. And it would be one to take Government off the backs of the great people of this country, and turn you loose again to do those things that I know you can do so well, because you did them and made this country great.;Appeal to Emotion;Flag waving;REAGAN;28 10 1980;T544;9_1980.ann;86426 86586
1980;28Oct;9;I would like to have a crusade today, and I would like to lead that crusade with your help. And it would be one to take Government off the backs of the great people of this country, and turn you loose again to do those things that I know you can do so well, because you did them and made this country great.;Appeal to Emotion;Flag waving;REAGAN;28 10 1980;T544;9_1980.ann;86426 86586
1980;28Oct;9;I would like to have a crusade today, and I would like to lead that crusade with your help. And it would be one to take Government off the backs of the great people of this country, and turn you loose again to do those things that I know you can do so well, because you did them and made this country great.;Appeal to Emotion;Flag waving;REAGAN;28 10 1980;T544;9_1980.ann;86426 86586
1980;28Oct;9;It's a lonely job, but with the involvement of the American people in the process, with an open Government, the job is a very gratifying one.;Appeal to Emotion;Loaded Language;CARTER;28 10 1980;T524;9_1980.ann;82890 82948
1980;28Oct;9;It's a lonely job, but with the involvement of the American people in the process, with an open Government, the job is a very gratifying one.;Appeal to Emotion;Loaded Language;CARTER;28 10 1980;T524;9_1980.ann;82890 82948
1980;28Oct;9;It's a lonely job, but with the involvement of the American people in the process, with an open Government, the job is a very gratifying one.;Appeal to Emotion;Loaded Language;CARTER;28 10 1980;T524;9_1980.ann;82890 82948
1980;28Oct;9;It's a lonely job, but with the involvement of the American people in the process, with an open Government, the job is a very gratifying one.;Appeal to Emotion;Loaded Language;CARTER;28 10 1980;T524;9_1980.ann;82890 82948
1980;28Oct;9;the great people of this country;Appeal to Emotion;Loaded Language;REAGAN;28 10 1980;T544;9_1980.ann;86426 86586
1980;28Oct;9;the great people of this country;Appeal to Emotion;Loaded Language;REAGAN;28 10 1980;T544;9_1980.ann;86426 86586
1984;07Oct;1;And there are other ways of squeezing this budget without constantly picking on our senior citizens and the most vulnerable in American life.;Appeal to Emotion;Appeal to pity;MONDALE;7 10 1984;T221;10_1984.ann;10217 10353
1984;07Oct;1;And there are other ways of squeezing this budget without constantly picking on our senior citizens and the most vulnerable in American life.;Appeal to Emotion;Appeal to pity;MONDALE;7 10 1984;T221;10_1984.ann;10217 10353
1984;07Oct;1;Absolutely, and I proposed over a hundred billion dollars in cuts in Federal spending over 4 years, but I am not going to cut it out of Social Security and Medicare and student assistance and things -- [applause] -- that people need.;Appeal to Emotion;Flag waving;MONDALE;7 10 1984;T660;10_1984.ann;9841 9974
1984;07Oct;1;Absolutely, and I proposed over a hundred billion dollars in cuts in Federal spending over 4 years, but I am not going to cut it out of Social Security and Medicare and student assistance and things -- [applause] -- that people need.;Appeal to Emotion;Flag waving;MONDALE;7 10 1984;T660;10_1984.ann;9841 9974
1984;07Oct;1;Absolutely, and I proposed over a hundred billion dollars in cuts in Federal spending over 4 years, but I am not going to cut it out of Social Security and Medicare and student assistance and things -- [applause] -- that people need.;Appeal to Emotion;Flag waving;MONDALE;7 10 1984;T660;10_1984.ann;9841 9974
1984;07Oct;2;In mine, I happen to believe in the people and believe that the people are supposed to be dominant in our society -- that they, not government, are to have control of their own affairs to the greatest extent possible, with an orderly society.;Appeal to Authority;Popular Opinion;REAGAN;7 10 1984;T248;10_1984.ann;17154 17348
1984;07Oct;2;In mine, I happen to believe in the people and believe that the people are supposed to be dominant in our society -- that they, not government, are to have control of their own affairs to the greatest extent possible, with an orderly society.;Appeal to Authority;Popular Opinion;REAGAN;7 10 1984;T248;10_1984.ann;17154 17348
1984;07Oct;2;nitpicking;Appeal to Emotion;Loaded Language;REAGAN;7 10 1984;T254;10_1984.ann;17780 17865
1984;07Oct;3;pure;Appeal to Emotion;Loaded Language;MONDALE;7 10 1984;T402;12_1984.ann;65241 65497
1984;07Oct;3;unpolluted;Appeal to Emotion;Loaded Language;MONDALE;7 10 1984;T78;10_1984.ann;26983 27067
1984;07Oct;3;separation of church and state;Slogans;Slogan;REAGAN;7 10 1984;T151;11_1984.ann;25197 25324
1984;07Oct;4;they know that people's lives and health are being risked;Appeal to Emotion;Appeal to fear;MONDALE;7 10 1984;T299;10_1984.ann;32824 32881
1984;07Oct;4;And when people vote, I think you're going to see a very strong verdict by the American people that they favor the approach that I'm talking about.;Appeal to Authority;Popular Opinion;MONDALE;7 10 1984;T87;10_1984.ann;31916 32040
1984;07Oct;4;And when people vote, I think you're going to see a very strong verdict by the American people that they favor the approach that I'm talking about.;Appeal to Authority;Popular Opinion;MONDALE;7 10 1984;T87;10_1984.ann;31916 32040
1984;07Oct;4;The American people want arms control.;Appeal to Authority;Popular Opinion;MONDALE;7 10 1984;T287;10_1984.ann;32042 32080
1984;07Oct;4;The American people see this debt, and they know it's got to come down.;Appeal to Authority;Popular Opinion;MONDALE;7 10 1984;T286;10_1984.ann;32305 32336
1984;07Oct;4;The American people see this debt, and they know it's got to come down.;Appeal to Authority;Popular Opinion;MONDALE;7 10 1984;T286;10_1984.ann;32305 32336
1984;07Oct;4;insensitive;Appeal to Emotion;Loaded Language;MONDALE;7 10 1984;T300;10_1984.ann;32891 33016
1984;07Oct;4;Crime has come down the last 2 years, for the first time in many, many decades that it has come down -- or since we've kept records -- 2 consecutive years, and last year it came down the biggest drop in crime that we've had. I think that we've had something to do with that, just as we have with the drug problem nationwide.;False Cause;False Cause;REAGAN;7 10 1984;T107;10_1984.ann;38045 38269
1984;07Oct;4;Crime has come down the last 2 years, for the first time in many, many decades that it has come down -- or since we've kept records -- 2 consecutive years, and last year it came down the biggest drop in crime that we've had. I think that we've had something to do with that, just as we have with the drug problem nationwide.;False Cause;False Cause;REAGAN;7 10 1984;T107;10_1984.ann;38045 38269
1984;07Oct;4;Crime has come down the last 2 years, for the first time in many, many decades that it has come down -- or since we've kept records -- 2 consecutive years, and last year it came down the biggest drop in crime that we've had. I think that we've had something to do with that, just as we have with the drug problem nationwide.;False Cause;False Cause;REAGAN;7 10 1984;T107;10_1984.ann;38045 38269
1984;07Oct;4;And if it won't come down, the economy's going to slow down, maybe go into a recession.;Slippery Slope;Slippery Slope;MONDALE;7 10 1984;T292;10_1984.ann;32342 32397
1984;07Oct;4;And if it won't come down, the economy's going to slow down, maybe go into a recession.;Slippery Slope;Slippery Slope;MONDALE;7 10 1984;T292;10_1984.ann;32342 32397
1984;07Oct;5;In California, sometime ago, a man beat a woman so savagely that her unborn child was born dead with a fractured skull, and the California State Legislature unanimously passed a law that was signed by the then-Democratic Governor -- signed a law that said that any man who so abuses a pregnant woman that he causes the death of her unborn child shall be charged with murder.;Appeal to Emotion;Appeal to pity;REAGAN;7 10 1984;T564;10_1984.ann;43520 43769
1984;07Oct;5;In California, sometime ago, a man beat a woman so savagely that her unborn child was born dead with a fractured skull, and the California State Legislature unanimously passed a law that was signed by the then-Democratic Governor -- signed a law that said that any man who so abuses a pregnant woman that he causes the death of her unborn child shall be charged with murder.;Appeal to Emotion;Appeal to pity;REAGAN;7 10 1984;T564;10_1984.ann;43520 43769
1984;07Oct;5;In California, sometime ago, a man beat a woman so savagely that her unborn child was born dead with a fractured skull, and the California State Legislature unanimously passed a law that was signed by the then-Democratic Governor -- signed a law that said that any man who so abuses a pregnant woman that he causes the death of her unborn child shall be charged with murder.;Appeal to Emotion;Appeal to pity;REAGAN;7 10 1984;T564;10_1984.ann;43520 43769
1984;07Oct;5;the sanctity of human life;Slogans;Slogan;REAGAN;7 10 1984;T150;10_1984.ann;42036 42185
1984;07Oct;6;Well, the other day, Vice President Bush disclosed his tax returns to the American people. He's one of the wealthiest Americans, and he's our Vice President. In 1981 I think he paid about 40 percent in taxes. In 1983, as a result of these tax preferences, he paid a little over 12 percent, 12.8 percent in taxes. That meant that he paid a lower percent in taxes than the janitor who cleaned up his office or the chauffeur who drives him to work.;Ad Hominem;Circumstantial Ad Hominem;MONDALE;7 10 1984;T584;10_1984.ann;53172 53274
1984;07Oct;6;Well, the other day, Vice President Bush disclosed his tax returns to the American people. He's one of the wealthiest Americans, and he's our Vice President. In 1981 I think he paid about 40 percent in taxes. In 1983, as a result of these tax preferences, he paid a little over 12 percent, 12.8 percent in taxes. That meant that he paid a lower percent in taxes than the janitor who cleaned up his office or the chauffeur who drives him to work.;Ad Hominem;Circumstantial Ad Hominem;MONDALE;7 10 1984;T584;10_1984.ann;53172 53274
1984;07Oct;6;Well, the other day, Vice President Bush disclosed his tax returns to the American people. He's one of the wealthiest Americans, and he's our Vice President. In 1981 I think he paid about 40 percent in taxes. In 1983, as a result of these tax preferences, he paid a little over 12 percent, 12.8 percent in taxes. That meant that he paid a lower percent in taxes than the janitor who cleaned up his office or the chauffeur who drives him to work.;Ad Hominem;Circumstantial Ad Hominem;MONDALE;7 10 1984;T584;10_1984.ann;53172 53274
1984;07Oct;6;Well, the other day, Vice President Bush disclosed his tax returns to the American people. He's one of the wealthiest Americans, and he's our Vice President. In 1981 I think he paid about 40 percent in taxes. In 1983, as a result of these tax preferences, he paid a little over 12 percent, 12.8 percent in taxes. That meant that he paid a lower percent in taxes than the janitor who cleaned up his office or the chauffeur who drives him to work.;Ad Hominem;Circumstantial Ad Hominem;MONDALE;7 10 1984;T584;10_1984.ann;53172 53274
1984;07Oct;6;Well, the other day, Vice President Bush disclosed his tax returns to the American people. He's one of the wealthiest Americans, and he's our Vice President. In 1981 I think he paid about 40 percent in taxes. In 1983, as a result of these tax preferences, he paid a little over 12 percent, 12.8 percent in taxes. That meant that he paid a lower percent in taxes than the janitor who cleaned up his office or the chauffeur who drives him to work.;Ad Hominem;Circumstantial Ad Hominem;MONDALE;7 10 1984;T584;10_1984.ann;53172 53274
1984;07Oct;7;Everybody -- every economist, every businessman -- believes that. Your own Council of Economic Advisers -- Mr. Feldstein in his report told you that. Every chairman of the Finance and Ways and Means Committee, Republican leaders in the Senate and the House are telling you that. That deficit is ruining the long-term hopes for this economy.;Appeal to Authority;Without Evidence;MONDALE;7 10 1984;T615;10_1984.ann;70889 71011
1984;07Oct;7;Everybody -- every economist, every businessman -- believes that. Your own Council of Economic Advisers -- Mr. Feldstein in his report told you that. Every chairman of the Finance and Ways and Means Committee, Republican leaders in the Senate and the House are telling you that. That deficit is ruining the long-term hopes for this economy.;Appeal to Authority;Without Evidence;MONDALE;7 10 1984;T615;10_1984.ann;70889 71011
1984;07Oct;7;lopsided;Appeal to Emotion;Loaded Language;MONDALE;7 10 1984;T378;10_1984.ann;67625 67690
1984;07Oct;7;killed;Appeal to Emotion;Loaded Language;MONDALE;7 10 1984;T190;12_1984.ann;33828 34034
1984;07Oct;7;swamping;Appeal to Emotion;Loaded Language;MONDALE;7 10 1984;T294;10_1984.ann;32426 32545
1984;07Oct;7;ruining;Appeal to Emotion;Loaded Language;MONDALE;7 10 1984;T611;10_1984.ann;71023 71078
1984;07Oct;8;voodoo economics;Appeal to Emotion;Loaded Language;MONDALE;7 10 1984;T776;11_1984.ann;6484 6610
1984;07Oct;8;villain;Appeal to Emotion;Loaded Language;REAGAN;7 10 1984;T412;10_1984.ann;74354 74522
1984;07Oct;8;villain;Appeal to Emotion;Loaded Language;REAGAN;7 10 1984;T412;10_1984.ann;74354 74522
1984;07Oct;9;America is a fair society, and it is not right that Vice President Bush pays less in taxes than the janitor who helps him.;Ad Hominem;Circumstantial Ad Hominem;MONDALE;7 10 1984;T652;10_1984.ann;84345 84435
1984;07Oct;9;America is a fair society, and it is not right that Vice President Bush pays less in taxes than the janitor who helps him.;Ad Hominem;Circumstantial Ad Hominem;MONDALE;7 10 1984;T652;10_1984.ann;84345 84435
1984;07Oct;9;That's what the economists tell us.;Appeal to Authority;Without Evidence;MONDALE;7 10 1984;T452;10_1984.ann;82811 82845
1984;07Oct;9;shameful;Appeal to Emotion;Loaded Language;MONDALE;7 10 1984;T670;12_1984.ann;36306 36423
1984;07Oct;9;shameful;Appeal to Emotion;Loaded Language;MONDALE;7 10 1984;T670;12_1984.ann;36306 36423
1984;07Oct;9;"President Kennedy once said in response to similar arguments, ""We are great, but we can be greater.''";Slogans;Slogan;MONDALE;7 10 1984;T657;10_1984.ann;85369 85470
1984;07Oct;9;"President Kennedy once said in response to similar arguments, ""We are great, but we can be greater.''";Slogans;Slogan;MONDALE;7 10 1984;T657;10_1984.ann;85369 85470
1984;21Oct;1;I never, ever conceived of such a thing. I never said any such thing.;Appeal to Emotion;Loaded Language;REAGAN;21 10 1984;T48;12_1984.ann;9713 9752
1984;21Oct;1;I never, ever conceived of such a thing. I never said any such thing.;Appeal to Emotion;Loaded Language;REAGAN;21 10 1984;T48;12_1984.ann;9713 9752
1984;21Oct;1;I never, ever conceived of such a thing. I never said any such thing.;Appeal to Emotion;Loaded Language;REAGAN;21 10 1984;T48;12_1984.ann;9713 9752
1984;21Oct;1;But because the leadership of this government did not pursue wise policies, we have been humiliated, and our opponents are stronger.;False Cause;False Cause;MONDALE;21 10 1984;T12;12_1984.ann;3396 3458
1984;21Oct;1;But because the leadership of this government did not pursue wise policies, we have been humiliated, and our opponents are stronger.;False Cause;False Cause;MONDALE;21 10 1984;T12;12_1984.ann;3396 3458
1984;21Oct;1;But because the leadership of this government did not pursue wise policies, we have been humiliated, and our opponents are stronger.;False Cause;False Cause;MONDALE;21 10 1984;T12;12_1984.ann;3396 3458
1984;21Oct;2;I believe that many of the things they have done are evil in any concept of morality that we have.;Appeal to Emotion;Loaded Language;REAGAN;21 10 1984;T52;12_1984.ann;11173 11270
1984;21Oct;2;The Soviet Union has been engaged in the biggest military buildup in the history of man at the same time that we tried the policy of unilateral disarmament, of weakness, if you will.;Appeal to Emotion;Loaded Language;REAGAN;21 10 1984;T61;12_1984.ann;12234 12415
1984;21Oct;2;The Soviet Union has been engaged in the biggest military buildup in the history of man at the same time that we tried the policy of unilateral disarmament, of weakness, if you will.;Appeal to Emotion;Loaded Language;REAGAN;21 10 1984;T61;12_1984.ann;12234 12415
1984;21Oct;2;a tough and a ruthless adversary;Appeal to Emotion;Loaded Language;MONDALE;21 10 1984;T84;12_1984.ann;15317 15358
1984;21Oct;2;And he has a record of weakness with regard to our national defense that is second to none.;Appeal to Emotion;Loaded Language;REAGAN;21 10 1984;T105;12_1984.ann;19174 19260
1984;21Oct;2;"The plane wasn't flying the way it was supposed to be; it was a waste of money.";Appeal to Emotion;Loaded Language;MONDALE;21 10 1984;T109;12_1984.ann;19953 20006
1984;21Oct;2;"The plane wasn't flying the way it was supposed to be; it was a waste of money.";Appeal to Emotion;Loaded Language;MONDALE;21 10 1984;T109;12_1984.ann;19953 20006
1984;21Oct;2;"The plane wasn't flying the way it was supposed to be; it was a waste of money.";Appeal to Emotion;Loaded Language;MONDALE;21 10 1984;T109;12_1984.ann;19953 20006
1984;21Oct;2;"The plane wasn't flying the way it was supposed to be; it was a waste of money.";Appeal to Emotion;Loaded Language;MONDALE;21 10 1984;T109;12_1984.ann;19953 20006
1984;21Oct;3;"Groucho Marx said, ""Who do you believe? -- me, or your own eyes?''";Appeal to Authority;False Authority;MONDALE;21 10 1984;T662;12_1984.ann;28117 28183
1984;21Oct;3;We are a government by the people, and when we move, it should be for very severe and extreme reasons that serve our national interests and end up with a stronger country behind us. It is only in that way that we can persevere.;Appeal to Emotion;Flag waving;MONDALE;21 10 1984;T540;12_1984.ann;22434 22575
1984;21Oct;3;We are a government by the people, and when we move, it should be for very severe and extreme reasons that serve our national interests and end up with a stronger country behind us. It is only in that way that we can persevere.;Appeal to Emotion;Flag waving;MONDALE;21 10 1984;T540;12_1984.ann;22434 22575
1984;21Oct;3;We are a government by the people, and when we move, it should be for very severe and extreme reasons that serve our national interests and end up with a stronger country behind us. It is only in that way that we can persevere.;Appeal to Emotion;Flag waving;MONDALE;21 10 1984;T540;12_1984.ann;22434 22575
1984;21Oct;3;I will never send troops anywhere on a mission of that kind without telling them that if somebody shoots at them, they can darn well shoot back.;Appeal to Emotion;Loaded Language;REAGAN;21 10 1984;T143;12_1984.ann;25493 25636
1984;21Oct;3;We are going to, as I say, we're busy trying to find the centers where these operations stem from, and retaliation will be taken.;Appeal to Emotion;Loaded Language;REAGAN;21 10 1984;T549;12_1984.ann;29799 29869
1984;21Oct;3;We are going to, as I say, we're busy trying to find the centers where these operations stem from, and retaliation will be taken.;Appeal to Emotion;Loaded Language;REAGAN;21 10 1984;T549;12_1984.ann;29799 29869
1984;21Oct;3;In Lebanon, this President exercised American power, all right, but the management of it was such that our marines were killed, we had to leave in humiliation, the Soviet Union became stronger, terrorists became emboldened. And it was because they did not think through how power should be exercised, did not have the American public with them on a plan that worked, that we ended up the way we did.;False Cause;False Cause;MONDALE;21 10 1984;T120;12_1984.ann;21392 21518
1984;21Oct;3;In Lebanon, this President exercised American power, all right, but the management of it was such that our marines were killed, we had to leave in humiliation, the Soviet Union became stronger, terrorists became emboldened. And it was because they did not think through how power should be exercised, did not have the American public with them on a plan that worked, that we ended up the way we did.;False Cause;False Cause;MONDALE;21 10 1984;T120;12_1984.ann;21392 21518
1984;21Oct;3;In Lebanon, this President exercised American power, all right, but the management of it was such that our marines were killed, we had to leave in humiliation, the Soviet Union became stronger, terrorists became emboldened. And it was because they did not think through how power should be exercised, did not have the American public with them on a plan that worked, that we ended up the way we did.;False Cause;False Cause;MONDALE;21 10 1984;T120;12_1984.ann;21392 21518
1984;21Oct;3;In Lebanon, this President exercised American power, all right, but the management of it was such that our marines were killed, we had to leave in humiliation, the Soviet Union became stronger, terrorists became emboldened. And it was because they did not think through how power should be exercised, did not have the American public with them on a plan that worked, that we ended up the way we did.;False Cause;False Cause;MONDALE;21 10 1984;T120;12_1984.ann;21392 21518
1984;21Oct;3;In Lebanon, this President exercised American power, all right, but the management of it was such that our marines were killed, we had to leave in humiliation, the Soviet Union became stronger, terrorists became emboldened. And it was because they did not think through how power should be exercised, did not have the American public with them on a plan that worked, that we ended up the way we did.;False Cause;False Cause;MONDALE;21 10 1984;T120;12_1984.ann;21392 21518
1984;21Oct;3;In Lebanon, this President exercised American power, all right, but the management of it was such that our marines were killed, we had to leave in humiliation, the Soviet Union became stronger, terrorists became emboldened. And it was because they did not think through how power should be exercised, did not have the American public with them on a plan that worked, that we ended up the way we did.;False Cause;False Cause;MONDALE;21 10 1984;T120;12_1984.ann;21392 21518
1984;21Oct;3;In Lebanon, this President exercised American power, all right, but the management of it was such that our marines were killed, we had to leave in humiliation, the Soviet Union became stronger, terrorists became emboldened. And it was because they did not think through how power should be exercised, did not have the American public with them on a plan that worked, that we ended up the way we did.;False Cause;False Cause;MONDALE;21 10 1984;T120;12_1984.ann;21392 21518
1984;21Oct;4;I am not going to exploit, for political purposes, my opponent's youth and inexperience.;Ad Hominem;Name-Calling, Labeling;REAGAN;21 10 1984;T182;12_1984.ann;30906 30993
1984;21Oct;4;"I want to quote somebody a little closer to home, Harry Truman. He said, ""The buck stops here.''";Appeal to Authority;False Authority;MONDALE;21 10 1984;;12_1984.txt;33491 33587
1984;21Oct;4;"I want to quote somebody a little closer to home, Harry Truman. He said, ""The buck stops here.''";Appeal to Authority;False Authority;MONDALE;21 10 1984;;12_1984.txt;33491 33587
1984;21Oct;4;"And a recent book that just came out by perhaps the Nation's most respected author in this field, Strobe Talbott, called ""Deadly Gambits,'' concludes that this President has failed to master the essential details needed to command and lead us, both in terms of security and terms of arms control.";Appeal to Authority;Without Evidence;MONDALE;21 10 1984;T197;12_1984.ann;34925 35220
1984;21Oct;4;"There are two distinguished authors on arms control in this country -- there are many others, but two that I want to cite tonight. One is Strobe Talbott in his classic book, ""Deadly Gambits.'' The other is John Neuhaus, who's one of the most distinguished arms control specialists in our country. Both said that this administration turned down the ""walk in the woods'' agreement first, and that would have been a perfect agreement from the standpoint of the United States in Europe and our security.";Appeal to Authority;Without Evidence;REAGAN;21 10 1984;T558;12_1984.ann;38154 38262
1984;21Oct;4;"There are two distinguished authors on arms control in this country -- there are many others, but two that I want to cite tonight. One is Strobe Talbott in his classic book, ""Deadly Gambits.'' The other is John Neuhaus, who's one of the most distinguished arms control specialists in our country. Both said that this administration turned down the ""walk in the woods'' agreement first, and that would have been a perfect agreement from the standpoint of the United States in Europe and our security.";Appeal to Authority;Without Evidence;MONDALE;21 10 1984;T558;12_1984.ann;38154 38262
1984;21Oct;4;"There are two distinguished authors on arms control in this country -- there are many others, but two that I want to cite tonight. One is Strobe Talbott in his classic book, ""Deadly Gambits.'' The other is John Neuhaus, who's one of the most distinguished arms control specialists in our country. Both said that this administration turned down the ""walk in the woods'' agreement first, and that would have been a perfect agreement from the standpoint of the United States in Europe and our security.";Appeal to Authority;Without Evidence;MONDALE;21 10 1984;T558;12_1984.ann;38154 38262
1984;21Oct;4;"There are two distinguished authors on arms control in this country -- there are many others, but two that I want to cite tonight. One is Strobe Talbott in his classic book, ""Deadly Gambits.'' The other is John Neuhaus, who's one of the most distinguished arms control specialists in our country. Both said that this administration turned down the ""walk in the woods'' agreement first, and that would have been a perfect agreement from the standpoint of the United States in Europe and our security.";Appeal to Authority;Without Evidence;MONDALE;21 10 1984;T558;12_1984.ann;38154 38262
1984;21Oct;4;"There are two distinguished authors on arms control in this country -- there are many others, but two that I want to cite tonight. One is Strobe Talbott in his classic book, ""Deadly Gambits.'' The other is John Neuhaus, who's one of the most distinguished arms control specialists in our country. Both said that this administration turned down the ""walk in the woods'' agreement first, and that would have been a perfect agreement from the standpoint of the United States in Europe and our security.";Appeal to Authority;Without Evidence;REAGAN;21 10 1984;T558;12_1984.ann;38154 38262
1984;21Oct;4;"There are two distinguished authors on arms control in this country -- there are many others, but two that I want to cite tonight. One is Strobe Talbott in his classic book, ""Deadly Gambits.'' The other is John Neuhaus, who's one of the most distinguished arms control specialists in our country. Both said that this administration turned down the ""walk in the woods'' agreement first, and that would have been a perfect agreement from the standpoint of the United States in Europe and our security.";Appeal to Authority;Without Evidence;REAGAN;21 10 1984;T558;12_1984.ann;38154 38262
1984;21Oct;4;"There are two distinguished authors on arms control in this country -- there are many others, but two that I want to cite tonight. One is Strobe Talbott in his classic book, ""Deadly Gambits.'' The other is John Neuhaus, who's one of the most distinguished arms control specialists in our country. Both said that this administration turned down the ""walk in the woods'' agreement first, and that would have been a perfect agreement from the standpoint of the United States in Europe and our security.";Appeal to Authority;Without Evidence;MONDALE;21 10 1984;T558;12_1984.ann;38154 38262
1984;21Oct;4;I demanded an apology from Vice President Bush because I had, instead, honored these young men, grieved for their families, and think they were wonderful Americans that honored us all.;Appeal to Emotion;Appeal to pity;MONDALE;21 10 1984;T672;12_1984.ann;36480 36608
1984;21Oct;4;I demanded an apology from Vice President Bush because I had, instead, honored these young men, grieved for their families, and think they were wonderful Americans that honored us all.;Appeal to Emotion;Appeal to pity;MONDALE;21 10 1984;T672;12_1984.ann;36480 36608
1984;21Oct;4;I demanded an apology from Vice President Bush because I had, instead, honored these young men, grieved for their families, and think they were wonderful Americans that honored us all.;Appeal to Emotion;Appeal to pity;MONDALE;21 10 1984;T672;12_1984.ann;36480 36608
1984;21Oct;4;the most deadly issue of our times;Appeal to Emotion;Loaded Language;MONDALE;21 10 1984;T216;12_1984.ann;38349 38455
1984;21Oct;6;"I said, and the Joint Chiefs of Staff agreed with me, that it was time for us to turn our research ability to seeing if we could not find this kind of defensive weapon. And suddenly somebody says, ""Oh, it's got to be up there, and it's Star Wars,'' and so forth.";Appeal to Authority;Without Evidence;REAGAN;21 10 1984;T339;12_1984.ann;57717 57884
1984;21Oct;6;"I said, and the Joint Chiefs of Staff agreed with me, that it was time for us to turn our research ability to seeing if we could not find this kind of defensive weapon. And suddenly somebody says, ""Oh, it's got to be up there, and it's Star Wars,'' and so forth.";Appeal to Authority;Without Evidence;REAGAN;21 10 1984;T339;12_1984.ann;57717 57884
1984;21Oct;6;let me sharply disagree with the President on sharing the most advanced, the most dangerous, the most important technology in America with the Soviet Union.;Appeal to Emotion;Loaded Language;MONDALE;21 10 1984;T306;12_1984.ann;53261 53416
1984;21Oct;6;And the thought that we would share this with the Soviet Union is, in my opinion, a total non-STARTer.;Appeal to Emotion;Loaded Language;MONDALE;21 10 1984;T683;12_1984.ann;53688 53785
1984;21Oct;6;The most dangerous aspect of this proposal is, for the first time, we would delegate to computers the decision as to whether to start a war. That's dead wrong.;Appeal to Emotion;Loaded Language;MONDALE;21 10 1984;T322;12_1984.ann;55136 55275
1984;21Oct;6;The most dangerous aspect of this proposal is, for the first time, we would delegate to computers the decision as to whether to start a war. That's dead wrong.;Appeal to Emotion;Loaded Language;MONDALE;21 10 1984;T322;12_1984.ann;55136 55275
1984;21Oct;6;this ever-rising arms race madness;Appeal to Emotion;Loaded Language;MONDALE;21 10 1984;T331;12_1984.ann;56492 56557
1984;21Oct;6;And we will be better off, far better off, if we stop right now, because we have more to lose in space then they do.;Appeal to Emotion;Loaded Language;MONDALE;21 10 1984;T348;12_1984.ann;58804 58863
1984;21Oct;6;And we will be better off, far better off, if we stop right now, because we have more to lose in space then they do.;Appeal to Emotion;Loaded Language;MONDALE;21 10 1984;T348;12_1984.ann;58804 58863
1984;21Oct;6;"There wouldn't be time for a President to decide; it would be decided by these remote computers. It might be an oil fire, it might be a jet exhaust, the computer might decide it's a missile -- and off we go.";Slippery Slope;Slippery Slope;MONDALE;21 10 1984;T326;12_1984.ann;55393 55502
1984;21Oct;6;"There wouldn't be time for a President to decide; it would be decided by these remote computers. It might be an oil fire, it might be a jet exhaust, the computer might decide it's a missile -- and off we go.";Slippery Slope;Slippery Slope;MONDALE;21 10 1984;T326;12_1984.ann;55393 55502
1984;21Oct;6;"There wouldn't be time for a President to decide; it would be decided by these remote computers. It might be an oil fire, it might be a jet exhaust, the computer might decide it's a missile -- and off we go.";Slippery Slope;Slippery Slope;MONDALE;21 10 1984;T326;12_1984.ann;55393 55502
1984;21Oct;6;This administration, by going into the Star Wars system, is going to add a dangerous new escalation.;Slippery Slope;Slippery Slope;MONDALE;21 10 1984;T334;12_1984.ann;56646 56745
1984;21Oct;7;Why I disagree with the MX is that it's a sitting duck.;Appeal to Emotion;Loaded Language;MONDALE;21 10 1984;T357;12_1984.ann;60080 60099
1984;21Oct;7;Why I disagree with the MX is that it's a sitting duck.;Appeal to Emotion;Loaded Language;MONDALE;21 10 1984;T357;12_1984.ann;60080 60099
1984;21Oct;7;this arms madness;Appeal to Emotion;Loaded Language;MONDALE;21 10 1984;T384;12_1984.ann;62804 62907
1984;21Oct;8;What happens in South Africa, where, for example, the Nobel Prize winner, 2 days ago, said this administration is seen as working with the oppressive government of South Africa.;Appeal to Authority;Without Evidence;REAGAN;21 10 1984;T409;12_1984.ann;66932 67108
1984;21Oct;8;What happens in South Africa, where, for example, the Nobel Prize winner, 2 days ago, said this administration is seen as working with the oppressive government of South Africa.;Appeal to Authority;Without Evidence;REAGAN;21 10 1984;T409;12_1984.ann;66932 67108
1984;21Oct;8;But we turned it over to a maniacal fanatic who has slaughtered thousands and thousands of people, calling it executions.;Appeal to Emotion;Loaded Language;MONDALE;21 10 1984;T390;12_1984.ann;64148 64264
1984;21Oct;8;But we turned it over to a maniacal fanatic who has slaughtered thousands and thousands of people, calling it executions.;Appeal to Emotion;Loaded Language;MONDALE;21 10 1984;T390;12_1984.ann;64148 64264
1984;21Oct;8;But we turned it over to a maniacal fanatic who has slaughtered thousands and thousands of people, calling it executions.;Appeal to Emotion;Loaded Language;MONDALE;21 10 1984;T390;12_1984.ann;64148 64264
1984;21Oct;8;And I think that we're better off, for example with the Philippines, of trying to retain our friendship and help them right the wrongs we see, rather than throwing them to the wolves and then facing a Communist power in the Pacific.;Appeal to Emotion;Loaded Language;MONDALE;21 10 1984;T403;12_1984.ann;65503 65730
1984;21Oct;8;And I think that we're better off, for example with the Philippines, of trying to retain our friendship and help them right the wrongs we see, rather than throwing them to the wolves and then facing a Communist power in the Pacific.;Appeal to Emotion;Loaded Language;MONDALE;21 10 1984;T403;12_1984.ann;65503 65730
1988;25Sep;1;I guess the question I would ask of Mr. Bush is how we instill those values, how we create this environment for the drug free schools that we want in this country. If he or representatives of the administration are either with or involving people like Noriega in our foreign policy, or don't pursue that connection in a way that makes it possible for us to cut it off and to be an example to our kids all over the country.;Ad Hominem;Circumstantial Ad Hominem;DUKAKIS;25 9 1988;T83;13_1988.ann;8917 9055
1988;25Sep;1;I guess the question I would ask of Mr. Bush is how we instill those values, how we create this environment for the drug free schools that we want in this country. If he or representatives of the administration are either with or involving people like Noriega in our foreign policy, or don't pursue that connection in a way that makes it possible for us to cut it off and to be an example to our kids all over the country.;Ad Hominem;Circumstantial Ad Hominem;DUKAKIS;25 9 1988;T83;13_1988.ann;8917 9055
1988;25Sep;1;I guess the question I would ask of Mr. Bush is how we instill those values, how we create this environment for the drug free schools that we want in this country. If he or representatives of the administration are either with or involving people like Noriega in our foreign policy, or don't pursue that connection in a way that makes it possible for us to cut it off and to be an example to our kids all over the country.;Ad Hominem;Circumstantial Ad Hominem;DUKAKIS;25 9 1988;T83;13_1988.ann;8917 9055
1988;25Sep;1;I guess the question I would ask of Mr. Bush is how we instill those values, how we create this environment for the drug free schools that we want in this country. If he or representatives of the administration are either with or involving people like Noriega in our foreign policy, or don't pursue that connection in a way that makes it possible for us to cut it off and to be an example to our kids all over the country.;Ad Hominem;Circumstantial Ad Hominem;DUKAKIS;25 9 1988;T83;13_1988.ann;8917 9055
1988;25Sep;1;I guess the question I would ask of Mr. Bush is how we instill those values, how we create this environment for the drug free schools that we want in this country. If he or representatives of the administration are either with or involving people like Noriega in our foreign policy, or don't pursue that connection in a way that makes it possible for us to cut it off and to be an example to our kids all over the country.;Ad Hominem;Circumstantial Ad Hominem;DUKAKIS;25 9 1988;T83;13_1988.ann;8917 9055
1988;25Sep;1;And in my state I'm proud to say we've organized a drug education and prevention program which the Federal Drug Enforcement Administration says is a model for the country.;Appeal to Authority;Without Evidence;DUKAKIS;25 9 1988;T72;13_1988.ann;8035 8189
1988;25Sep;1;And in my state I'm proud to say we've organized a drug education and prevention program which the Federal Drug Enforcement Administration says is a model for the country.;Appeal to Authority;Without Evidence;DUKAKIS;25 9 1988;T72;13_1988.ann;8035 8189
1988;25Sep;1;I remember being in a high school in my own state as we were organizing something we call the Governor's Alliance Against Drugs, and a young 16 year old girl coming up to me, desperate, addicted, dependent, saying, Governor, I need help. We're providing that young woman with help.;Appeal to Emotion;Appeal to pity;DUKAKIS;25 9 1988;T34;13_1988.ann;3232 3359
1988;25Sep;1;I remember being in a high school in my own state as we were organizing something we call the Governor's Alliance Against Drugs, and a young 16 year old girl coming up to me, desperate, addicted, dependent, saying, Governor, I need help. We're providing that young woman with help.;Appeal to Emotion;Appeal to pity;DUKAKIS;25 9 1988;T34;13_1988.ann;3232 3359
1988;25Sep;1;I remember being in a high school in my own state as we were organizing something we call the Governor's Alliance Against Drugs, and a young 16 year old girl coming up to me, desperate, addicted, dependent, saying, Governor, I need help. We're providing that young woman with help.;Appeal to Emotion;Appeal to pity;DUKAKIS;25 9 1988;T34;13_1988.ann;3232 3359
1988;25Sep;1;the very important, very strong program of enforcement;Appeal to Emotion;Loaded Language;DUKAKIS;25 9 1988;T41;13_1988.ann;4231 4348
1988;25Sep;1;a very, very bad message;Appeal to Emotion;Loaded Language;DUKAKIS;25 9 1988;T1003;13_1988.ann;4403 4613
1988;25Sep;1;a very, very bad message;Appeal to Emotion;Loaded Language;DUKAKIS;25 9 1988;T1003;13_1988.ann;4403 4613
1988;25Sep;2;If he keeps this up, he's going to be the Joe Isuzu of American politics.;Ad Hominem;Name-Calling, Labeling;DUKAKIS;25 9 1988;T114;13_1988.ann;12766 12817
1988;25Sep;2;If he keeps this up, he's going to be the Joe Isuzu of American politics.;Ad Hominem;Name-Calling, Labeling;DUKAKIS;25 9 1988;T114;13_1988.ann;12766 12817
1988;25Sep;2;Well, I hope all of those Americans out there who are watching us, listening to us and trying to make up their mind about which one of us ought to be president of the United States listen to the Vice President very carefully.;Appeal to Authority;Popular Opinion;DUKAKIS;25 9 1988;T159;13_1988.ann;16701 16919
1988;25Sep;2;Paul Tsongas, a liberal senator from Massachusetts said the dumbest thing I did was to oppose the capital gains cut.;Appeal to Authority;False Authority;BUSH;25 9 1988;T124;13_1988.ann;13517 13632
1988;25Sep;2;John Kennedy proposed cutting capital gains.;Appeal to Authority;Without Evidence;BUSH;25 9 1988;T1070;13_1988.ann;13472 13515
1988;25Sep;2;And it permits - economists on the East Coast and West think it's good - it permits the president to sort out the priorities, and we continue to grow because I will not raise taxes.;Appeal to Authority;Without Evidence;BUSH;25 9 1988;T132;13_1988.ann;14121 14174
1988;25Sep;2;And it permits - economists on the East Coast and West think it's good - it permits the president to sort out the priorities, and we continue to grow because I will not raise taxes.;Appeal to Authority;Without Evidence;BUSH;25 9 1988;T132;13_1988.ann;14121 14174
1988;25Sep;2;And it permits - economists on the East Coast and West think it's good - it permits the president to sort out the priorities, and we continue to grow because I will not raise taxes.;Appeal to Authority;Without Evidence;BUSH;25 9 1988;T132;13_1988.ann;14121 14174
1988;25Sep;2;And it permits - economists on the East Coast and West think it's good - it permits the president to sort out the priorities, and we continue to grow because I will not raise taxes.;Appeal to Authority;Without Evidence;BUSH;25 9 1988;T132;13_1988.ann;14121 14174
1988;25Sep;2;And it permits - economists on the East Coast and West think it's good - it permits the president to sort out the priorities, and we continue to grow because I will not raise taxes.;Appeal to Authority;Without Evidence;BUSH;25 9 1988;T132;13_1988.ann;14121 14174
1988;25Sep;2;And it permits - economists on the East Coast and West think it's good - it permits the president to sort out the priorities, and we continue to grow because I will not raise taxes.;Appeal to Authority;Without Evidence;BUSH;25 9 1988;T132;13_1988.ann;14121 14174
1988;25Sep;2;And it permits - economists on the East Coast and West think it's good - it permits the president to sort out the priorities, and we continue to grow because I will not raise taxes.;Appeal to Authority;Without Evidence;BUSH;25 9 1988;T132;13_1988.ann;14121 14174
1988;25Sep;2;And the formula I've given you works, we've put it through a good economic model, we've got good economists on the West Coast, Michael Boskin and Marty Feldstein up there who's a very respected economist in the - Massachusetts. And they agree, that if we can do what I've said, we can get it down without going and socking the American taxpayer once again.;Appeal to Authority;Without Evidence;BUSH;25 9 1988;T155;13_1988.ann;16342 16448
1988;25Sep;2;And the formula I've given you works, we've put it through a good economic model, we've got good economists on the West Coast, Michael Boskin and Marty Feldstein up there who's a very respected economist in the - Massachusetts. And they agree, that if we can do what I've said, we can get it down without going and socking the American taxpayer once again.;Appeal to Authority;Without Evidence;BUSH;25 9 1988;T155;13_1988.ann;16342 16448
1988;25Sep;2;And the formula I've given you works, we've put it through a good economic model, we've got good economists on the West Coast, Michael Boskin and Marty Feldstein up there who's a very respected economist in the - Massachusetts. And they agree, that if we can do what I've said, we can get it down without going and socking the American taxpayer once again.;Appeal to Authority;Without Evidence;BUSH;25 9 1988;T155;13_1988.ann;16342 16448
1988;25Sep;2;And the formula I've given you works, we've put it through a good economic model, we've got good economists on the West Coast, Michael Boskin and Marty Feldstein up there who's a very respected economist in the - Massachusetts. And they agree, that if we can do what I've said, we can get it down without going and socking the American taxpayer once again.;Appeal to Authority;Without Evidence;BUSH;25 9 1988;T155;13_1988.ann;16342 16448
1988;25Sep;2;And the formula I've given you works, we've put it through a good economic model, we've got good economists on the West Coast, Michael Boskin and Marty Feldstein up there who's a very respected economist in the - Massachusetts. And they agree, that if we can do what I've said, we can get it down without going and socking the American taxpayer once again.;Appeal to Authority;Without Evidence;BUSH;25 9 1988;T155;13_1988.ann;16342 16448
1988;25Sep;2;And the formula I've given you works, we've put it through a good economic model, we've got good economists on the West Coast, Michael Boskin and Marty Feldstein up there who's a very respected economist in the - Massachusetts. And they agree, that if we can do what I've said, we can get it down without going and socking the American taxpayer once again.;Appeal to Authority;Without Evidence;BUSH;25 9 1988;T155;13_1988.ann;16342 16448
1988;25Sep;2;And the formula I've given you works, we've put it through a good economic model, we've got good economists on the West Coast, Michael Boskin and Marty Feldstein up there who's a very respected economist in the - Massachusetts. And they agree, that if we can do what I've said, we can get it down without going and socking the American taxpayer once again.;Appeal to Authority;Without Evidence;BUSH;25 9 1988;T155;13_1988.ann;16342 16448
1988;25Sep;2;And the formula I've given you works, we've put it through a good economic model, we've got good economists on the West Coast, Michael Boskin and Marty Feldstein up there who's a very respected economist in the - Massachusetts. And they agree, that if we can do what I've said, we can get it down without going and socking the American taxpayer once again.;Appeal to Authority;Without Evidence;BUSH;25 9 1988;T155;13_1988.ann;16342 16448
1988;25Sep;2;And the formula I've given you works, we've put it through a good economic model, we've got good economists on the West Coast, Michael Boskin and Marty Feldstein up there who's a very respected economist in the - Massachusetts. And they agree, that if we can do what I've said, we can get it down without going and socking the American taxpayer once again.;Appeal to Authority;Without Evidence;BUSH;25 9 1988;T155;13_1988.ann;16342 16448
1988;25Sep;2;It's very unfair to the average taxpayer who pays his taxes and pays them on time to permit these monies to go uncollected.;Appeal to Emotion;Flag waving;DUKAKIS;25 9 1988;T1063;13_1988.ann;11583 11706
1988;25Sep;2;It's very unfair to the average taxpayer who pays his taxes and pays them on time to permit these monies to go uncollected.;Appeal to Emotion;Flag waving;DUKAKIS;25 9 1988;T1063;13_1988.ann;11583 11706
1988;25Sep;2;We've had enough of that, ladies and gentlemen.;Appeal to Emotion;Loaded Language;DUKAKIS;25 9 1988;T161;13_1988.ann;17329 17375
1988;25Sep;2;We've had enough of that, ladies and gentlemen.;Appeal to Emotion;Loaded Language;DUKAKIS;25 9 1988;T161;13_1988.ann;17329 17375
1988;25Sep;3;Because has won the support of a great many people all over the state and I think it's a model for what I hope we can do across the country.;Appeal to Authority;Popular Opinion;DUKAKIS;25 9 1988;T204;13_1988.ann;22297 22362
1988;25Sep;3;Because has won the support of a great many people all over the state and I think it's a model for what I hope we can do across the country.;Appeal to Authority;Popular Opinion;DUKAKIS;25 9 1988;T204;13_1988.ann;22297 22362
1988;25Sep;3;I was in Houston on Tuesday meeting with a group of good citizens, working citizens. All of them with little or no health insurance. One of them was a father who had been laid off a few months ago and lost his health insurance. Has an 11 year old son and can't let that son compete in sports and Little League, because he's afraid he's going to get hurt and he won't be able to provide health insurance to pay those bills.;Appeal to Emotion;Appeal to pity;DUKAKIS;25 9 1988;T195;13_1988.ann;20715 20817
1988;25Sep;3;I was in Houston on Tuesday meeting with a group of good citizens, working citizens. All of them with little or no health insurance. One of them was a father who had been laid off a few months ago and lost his health insurance. Has an 11 year old son and can't let that son compete in sports and Little League, because he's afraid he's going to get hurt and he won't be able to provide health insurance to pay those bills.;Appeal to Emotion;Appeal to pity;DUKAKIS;25 9 1988;T195;13_1988.ann;20715 20817
1988;25Sep;3;I was in Houston on Tuesday meeting with a group of good citizens, working citizens. All of them with little or no health insurance. One of them was a father who had been laid off a few months ago and lost his health insurance. Has an 11 year old son and can't let that son compete in sports and Little League, because he's afraid he's going to get hurt and he won't be able to provide health insurance to pay those bills.;Appeal to Emotion;Appeal to pity;DUKAKIS;25 9 1988;T195;13_1988.ann;20715 20817
1988;25Sep;3;I was in Houston on Tuesday meeting with a group of good citizens, working citizens. All of them with little or no health insurance. One of them was a father who had been laid off a few months ago and lost his health insurance. Has an 11 year old son and can't let that son compete in sports and Little League, because he's afraid he's going to get hurt and he won't be able to provide health insurance to pay those bills.;Appeal to Emotion;Appeal to pity;DUKAKIS;25 9 1988;T195;13_1988.ann;20715 20817
1988;25Sep;3;I was in Houston on Tuesday meeting with a group of good citizens, working citizens. All of them with little or no health insurance. One of them was a father who had been laid off a few months ago and lost his health insurance. Has an 11 year old son and can't let that son compete in sports and Little League, because he's afraid he's going to get hurt and he won't be able to provide health insurance to pay those bills.;Appeal to Emotion;Appeal to pity;DUKAKIS;25 9 1988;T195;13_1988.ann;20715 20817
1988;25Sep;3;But we've got to keep going forward without killing off the engine and throwing people out of work.;Appeal to Emotion;Loaded Language;BUSH;25 9 1988;T176;13_1988.ann;18749 18843
1988;25Sep;3;But we've got to keep going forward without killing off the engine and throwing people out of work.;Appeal to Emotion;Loaded Language;BUSH;25 9 1988;T176;13_1988.ann;18749 18843
1988;25Sep;3;But we've got to keep going forward without killing off the engine and throwing people out of work.;Appeal to Emotion;Loaded Language;BUSH;25 9 1988;T176;13_1988.ann;18749 18843
1988;25Sep;3;the single most important public health crisis;Appeal to Emotion;Loaded Language;DUKAKIS;25 9 1988;T222;13_1988.ann;22921 22972
1988;25Sep;3;the single most important public health crisis;Appeal to Emotion;Loaded Language;DUKAKIS;25 9 1988;T222;13_1988.ann;22921 22972
1988;25Sep;3;single most important public health emergency we've had in our lifetimes;Appeal to Emotion;Loaded Language;DUKAKIS;25 9 1988;T223;13_1988.ann;22974 23046
1988;25Sep;3;But when I proposed my plan this past Tuesday, he or one of his spokesmen called it socialized medicine. The last time the Vice President used that phrase, I suspect he remembers it, don't you? It was in 1964 and that's what he called Medicare. Well, he was wrong then and he's wrong now.;False Cause;False Cause;DUKAKIS;25 9 1988;T207;13_1988.ann;22368 22467
1988;25Sep;3;But when I proposed my plan this past Tuesday, he or one of his spokesmen called it socialized medicine. The last time the Vice President used that phrase, I suspect he remembers it, don't you? It was in 1964 and that's what he called Medicare. Well, he was wrong then and he's wrong now.;False Cause;False Cause;DUKAKIS;25 9 1988;T207;13_1988.ann;22368 22467
1988;25Sep;3;But when I proposed my plan this past Tuesday, he or one of his spokesmen called it socialized medicine. The last time the Vice President used that phrase, I suspect he remembers it, don't you? It was in 1964 and that's what he called Medicare. Well, he was wrong then and he's wrong now.;False Cause;False Cause;DUKAKIS;25 9 1988;T207;13_1988.ann;22368 22467
1988;25Sep;3;But when I proposed my plan this past Tuesday, he or one of his spokesmen called it socialized medicine. The last time the Vice President used that phrase, I suspect he remembers it, don't you? It was in 1964 and that's what he called Medicare. Well, he was wrong then and he's wrong now.;False Cause;False Cause;DUKAKIS;25 9 1988;T207;13_1988.ann;22368 22467
1988;25Sep;3;But when I proposed my plan this past Tuesday, he or one of his spokesmen called it socialized medicine. The last time the Vice President used that phrase, I suspect he remembers it, don't you? It was in 1964 and that's what he called Medicare. Well, he was wrong then and he's wrong now.;False Cause;False Cause;DUKAKIS;25 9 1988;T207;13_1988.ann;22368 22467
1988;25Sep;3;But when I proposed my plan this past Tuesday, he or one of his spokesmen called it socialized medicine. The last time the Vice President used that phrase, I suspect he remembers it, don't you? It was in 1964 and that's what he called Medicare. Well, he was wrong then and he's wrong now.;False Cause;False Cause;DUKAKIS;25 9 1988;T207;13_1988.ann;22368 22467
1988;25Sep;4;And I think I'm more in touch with the mainstream of America. They raised the same thing with me on the Pledge of Allegiance.;Appeal to Authority;Popular Opinion;BUSH;25 9 1988;T271;13_1988.ann;29033 29095
1988;25Sep;4;And I think I'm more in touch with the mainstream of America. They raised the same thing with me on the Pledge of Allegiance.;Appeal to Authority;Popular Opinion;BUSH;25 9 1988;T271;13_1988.ann;29033 29095
1988;25Sep;4;And I think I'm more in touch with the mainstream of America. They raised the same thing with me on the Pledge of Allegiance.;Appeal to Authority;Popular Opinion;BUSH;25 9 1988;T271;13_1988.ann;29033 29095
1988;25Sep;4;You see, I'd have found a way to sign that bill. Governor Thompson of Illinois did.;Appeal to Authority;Without Evidence;BUSH;25 9 1988;T269;13_1988.ann;29106 29144
1988;25Sep;4;You see, I'd have found a way to sign that bill. Governor Thompson of Illinois did.;Appeal to Authority;Without Evidence;BUSH;25 9 1988;T269;13_1988.ann;29106 29144
1988;25Sep;4;Now, that's a certain passion that in my view it's misguided passion.;Appeal to Emotion;Loaded Language;BUSH;25 9 1988;T243;13_1988.ann;26503 26566
1988;25Sep;4;Now, that's a certain passion that in my view it's misguided passion.;Appeal to Emotion;Loaded Language;BUSH;25 9 1988;T243;13_1988.ann;26503 26566
1988;25Sep;4;Now, that's a certain passion that in my view it's misguided passion.;Appeal to Emotion;Loaded Language;BUSH;25 9 1988;T243;13_1988.ann;26503 26566
1988;25Sep;4;Now, that's a certain passion that in my view it's misguided passion.;Appeal to Emotion;Loaded Language;BUSH;25 9 1988;T243;13_1988.ann;26503 26566
1988;25Sep;4;I don't think there's any question about that, and I resent it. I resent it.;Appeal to Emotion;Loaded Language;DUKAKIS;25 9 1988;T293;13_1988.ann;30035 30080
1988;25Sep;4;I don't think there's any question about that, and I resent it. I resent it.;Appeal to Emotion;Loaded Language;DUKAKIS;25 9 1988;T293;13_1988.ann;30035 30080
1988;25Sep;4;I don't think there's any question about that, and I resent it. I resent it.;Appeal to Emotion;Loaded Language;DUKAKIS;25 9 1988;T293;13_1988.ann;30035 30080
1988;25Sep;4;I don't think there's any question about that, and I resent it. I resent it.;Appeal to Emotion;Loaded Language;DUKAKIS;25 9 1988;T293;13_1988.ann;30035 30080
1988;25Sep;4;I don't think there's any question about that, and I resent it. I resent it.;Appeal to Emotion;Loaded Language;DUKAKIS;25 9 1988;T293;13_1988.ann;30035 30080
1988;25Sep;4;I don't think there's any question about that, and I resent it. I resent it.;Appeal to Emotion;Loaded Language;DUKAKIS;25 9 1988;T293;13_1988.ann;30035 30080
1988;25Sep;5;I've talked to bankers and builders and developers, the housing advocates, community development agencies, and they want leadership from Washington.;Appeal to Authority;Popular Opinion;DUKAKIS;25 9 1988;T374;13_1988.ann;36422 36527
1988;25Sep;5;I've talked to bankers and builders and developers, the housing advocates, community development agencies, and they want leadership from Washington.;Appeal to Authority;Popular Opinion;DUKAKIS;25 9 1988;T374;13_1988.ann;36422 36527
1988;25Sep;5;I've talked to bankers and builders and developers, the housing advocates, community development agencies, and they want leadership from Washington.;Appeal to Authority;Popular Opinion;DUKAKIS;25 9 1988;T374;13_1988.ann;36422 36527
1988;25Sep;5;The problem, Mr. Bush, is that you've cut back by 90 percent on our commitment to affordable housing for families of low and moderate income. And when you do that, you've have homeless families.;Slippery Slope;Slippery Slope;DUKAKIS;25 9 1988;T337;13_1988.ann;33550 33659
1988;25Sep;5;The problem, Mr. Bush, is that you've cut back by 90 percent on our commitment to affordable housing for families of low and moderate income. And when you do that, you've have homeless families.;Slippery Slope;Slippery Slope;DUKAKIS;25 9 1988;T337;13_1988.ann;33550 33659
1988;25Sep;5;The problem, Mr. Bush, is that you've cut back by 90 percent on our commitment to affordable housing for families of low and moderate income. And when you do that, you've have homeless families.;Slippery Slope;Slippery Slope;DUKAKIS;25 9 1988;T337;13_1988.ann;33550 33659
1988;25Sep;5;But if we spend and spend and spend, that is going to wrap up the housing market, and we'll go right back to the days of the misery index and malaise that President Reagan and I have overcome - thank God for the United States on that one.;Slippery Slope;Slippery Slope;BUSH;25 9 1988;T396;13_1988.ann;38573 38678
1988;25Sep;5;But if we spend and spend and spend, that is going to wrap up the housing market, and we'll go right back to the days of the misery index and malaise that President Reagan and I have overcome - thank God for the United States on that one.;Slippery Slope;Slippery Slope;BUSH;25 9 1988;T396;13_1988.ann;38573 38678
1988;25Sep;5;But if we spend and spend and spend, that is going to wrap up the housing market, and we'll go right back to the days of the misery index and malaise that President Reagan and I have overcome - thank God for the United States on that one.;Slippery Slope;Slippery Slope;BUSH;25 9 1988;T396;13_1988.ann;38573 38678
1988;25Sep;6;You know, the vice president says he wants to impose the death penalty on drug traffickers, and yet his administration has a federal furlough program which is one of the most permissive in the country, which gave last year 7,000 furloughs to drug traffickers and drug pushers, the same people that he says he now wants to execute.;Ad Hominem;Circumstantial Ad Hominem;DUKAKIS;25 9 1988;T1103;13_1988.ann;39652 39972
1988;25Sep;6;I know it's tough and honest people can disagree. But when a narcotics wrapped up guy goes in and murders a police officer, I think they ought to pay with their life. And I do believe it would be inhibiting.;Appeal to Emotion;Appeal to fear;BUSH;25 9 1988;T433;13_1988.ann;40726 40794
1988;25Sep;6;I know it's tough and honest people can disagree. But when a narcotics wrapped up guy goes in and murders a police officer, I think they ought to pay with their life. And I do believe it would be inhibiting.;Appeal to Emotion;Appeal to fear;BUSH;25 9 1988;T433;13_1988.ann;40726 40794
1988;25Sep;6;I know it's tough and honest people can disagree. But when a narcotics wrapped up guy goes in and murders a police officer, I think they ought to pay with their life. And I do believe it would be inhibiting.;Appeal to Emotion;Appeal to fear;BUSH;25 9 1988;T433;13_1988.ann;40726 40794
1988;25Sep;6;I know it's tough and honest people can disagree. But when a narcotics wrapped up guy goes in and murders a police officer, I think they ought to pay with their life. And I do believe it would be inhibiting.;Appeal to Emotion;Appeal to fear;BUSH;25 9 1988;T433;13_1988.ann;40726 40794
1988;25Sep;6;I know it's tough and honest people can disagree. But when a narcotics wrapped up guy goes in and murders a police officer, I think they ought to pay with their life. And I do believe it would be inhibiting.;Appeal to Emotion;Appeal to fear;BUSH;25 9 1988;T433;13_1988.ann;40726 40794
1988;25Sep;6;I know it's tough and honest people can disagree. But when a narcotics wrapped up guy goes in and murders a police officer, I think they ought to pay with their life. And I do believe it would be inhibiting.;Appeal to Emotion;Appeal to fear;BUSH;25 9 1988;T433;13_1988.ann;40726 40794
1988;25Sep;6;I don't favor abortion. I don't think it's a good thing. I don't think most people do.;Appeal to Authority;Popular Opinion;DUKAKIS;25 9 1988;T412;13_1988.ann;40128 40159
1988;25Sep;6;I don't favor abortion. I don't think it's a good thing. I don't think most people do.;Appeal to Authority;Popular Opinion;DUKAKIS;25 9 1988;T412;13_1988.ann;40128 40159
1988;25Sep;6;I don't favor abortion. I don't think it's a good thing. I don't think most people do.;Appeal to Authority;Popular Opinion;DUKAKIS;25 9 1988;T412;13_1988.ann;40128 40159
1988;25Sep;6;I don't favor abortion. I don't think it's a good thing. I don't think most people do.;Appeal to Authority;Popular Opinion;DUKAKIS;25 9 1988;T412;13_1988.ann;40128 40159
1988;25Sep;6;Maryland would not extradite Willie Horton, the man who was furloughed, the murderer, because they didn't want him to be furloughed again.;Appeal to Authority;Popular Opinion;BUSH;25 9 1988;T436;13_1988.ann;41164 41207
1988;25Sep;6;Maryland would not extradite Willie Horton, the man who was furloughed, the murderer, because they didn't want him to be furloughed again.;Appeal to Authority;Popular Opinion;BUSH;25 9 1988;T436;13_1988.ann;41164 41207
1988;25Sep;6;Maryland would not extradite Willie Horton, the man who was furloughed, the murderer, because they didn't want him to be furloughed again.;Appeal to Authority;Popular Opinion;BUSH;25 9 1988;T436;13_1988.ann;41164 41207
1988;25Sep;6;And so I am not going to furlough men like Willie Horton, and I would meet with their, the victims of his last escapade, the rape and the brutalization of the family down there in Maryland.;Appeal to Emotion;Appeal to pity;BUSH;25 9 1988;T439;13_1988.ann;40942 41068
1988;25Sep;6;And so I am not going to furlough men like Willie Horton, and I would meet with their, the victims of his last escapade, the rape and the brutalization of the family down there in Maryland.;Appeal to Emotion;Appeal to pity;BUSH;25 9 1988;T439;13_1988.ann;40942 41068
1988;25Sep;6;As I've seen abortions sometimes used as a birth control device, for heavens sakes.;Appeal to Emotion;Loaded Language;BUSH;25 9 1988;T452;13_1988.ann;42694 42757
1988;25Sep;7;This is the problem I have with the big spending liberals.;Ad Hominem;Name-Calling, Labeling;BUSH;25 9 1988;T530;13_1988.ann;50573 50630
1988;25Sep;7;I think that part of it is the crime infested neighborhoods, and that's why I'm a strong believer in trying to control crimes in the neighborhood, why I was so pleased to be endorsed by the policemen on the beat, the Boston Police Department the other day.;Appeal to Authority;Without Evidence;BUSH;25 9 1988;T484;13_1988.ann;45765 45845
1988;25Sep;7;I think that part of it is the crime infested neighborhoods, and that's why I'm a strong believer in trying to control crimes in the neighborhood, why I was so pleased to be endorsed by the policemen on the beat, the Boston Police Department the other day.;Appeal to Authority;Without Evidence;BUSH;25 9 1988;T484;13_1988.ann;45765 45845
1988;25Sep;7;I think that part of it is the crime infested neighborhoods, and that's why I'm a strong believer in trying to control crimes in the neighborhood, why I was so pleased to be endorsed by the policemen on the beat, the Boston Police Department the other day.;Appeal to Authority;Without Evidence;BUSH;25 9 1988;T484;13_1988.ann;45765 45845
1988;25Sep;7;Think about that father down there in Houston who has to tell his youngster that he can't play little league ball that he can't go out on the ball field because he's afraid he's going to get hurt.;Appeal to Emotion;Appeal to pity;DUKAKIS;25 9 1988;T1109;13_1988.ann;49390 49586
1988;25Sep;7;Were ready to go to work at the state and local level, all of us. I know the private sector is. People are all over the country.;Appeal to Emotion;Flag waving;DUKAKIS;25 9 1988;T528;13_1988.ann;50045 50109
1988;25Sep;7;Were ready to go to work at the state and local level, all of us. I know the private sector is. People are all over the country.;Appeal to Emotion;Flag waving;DUKAKIS;25 9 1988;T528;13_1988.ann;50045 50109
1988;25Sep;7;Well, I must have been living through a different eight years then the ones the vice president's been living through, because this administration has cut and slashed and cut and slashed programs for children, for nutrition, for the kinds of things that can help these youngsters to live better lives.;Appeal to Emotion;Loaded Language;DUKAKIS;25 9 1988;T497;13_1988.ann;46863 47036
1988;25Sep;7;Well, I must have been living through a different eight years then the ones the vice president's been living through, because this administration has cut and slashed and cut and slashed programs for children, for nutrition, for the kinds of things that can help these youngsters to live better lives.;Appeal to Emotion;Loaded Language;DUKAKIS;25 9 1988;T497;13_1988.ann;46863 47036
1988;25Sep;7;Well, I must have been living through a different eight years then the ones the vice president's been living through, because this administration has cut and slashed and cut and slashed programs for children, for nutrition, for the kinds of things that can help these youngsters to live better lives.;Appeal to Emotion;Loaded Language;DUKAKIS;25 9 1988;T497;13_1988.ann;46863 47036
1988;25Sep;7;It's taken months and months and months to get Mr. Bush and the administration to support that legislation, and they're still resisting.;Appeal to Emotion;Loaded Language;DUKAKIS;25 9 1988;T507;13_1988.ann;47598 47704
1988;25Sep;7;It's taken months and months and months to get Mr. Bush and the administration to support that legislation, and they're still resisting.;Appeal to Emotion;Loaded Language;DUKAKIS;25 9 1988;T507;13_1988.ann;47598 47704
1988;25Sep;7;It's taken months and months and months to get Mr. Bush and the administration to support that legislation, and they're still resisting.;Appeal to Emotion;Loaded Language;DUKAKIS;25 9 1988;T507;13_1988.ann;47598 47704
1988;25Sep;7;These programs have been cut and slashed and butchered, and they've hurt kids all over this country.;Appeal to Emotion;Loaded Language;DUKAKIS;25 9 1988;T512;13_1988.ann;47949 48003
1988;25Sep;7;These programs have been cut and slashed and butchered, and they've hurt kids all over this country.;Appeal to Emotion;Loaded Language;DUKAKIS;25 9 1988;T512;13_1988.ann;47949 48003
1988;25Sep;8;I think it was one of the things that Mr. Bush said about Mr. Reagan back in 1980.;Appeal to Authority;Without Evidence;DUKAKIS;25 9 1988;T548;13_1988.ann;52220 52301
1988;25Sep;8;I thought the administration was opposed to the Midgetman. I thought the administration was at the negotiating table in Geneva suggesting that we ban mobile missile systems entirely.;Appeal to Authority;Without Evidence;DUKAKIS;25 9 1988;T623;13_1988.ann;59050 59172
1988;25Sep;8;I thought the administration was opposed to the Midgetman. I thought the administration was at the negotiating table in Geneva suggesting that we ban mobile missile systems entirely.;Appeal to Authority;Without Evidence;DUKAKIS;25 9 1988;T623;13_1988.ann;59050 59172
1988;25Sep;8;We're going to have to-the MX. We're going to have to do that. It's Christmas.;Appeal to Emotion;Loaded Language;BUSH;25 9 1988;T592;13_1988.ann;57137 57167
1988;25Sep;8;We're going to have to-the MX. We're going to have to do that. It's Christmas.;Appeal to Emotion;Loaded Language;BUSH;25 9 1988;T592;13_1988.ann;57137 57167
1988;25Sep;8;We're going to have to-the MX. We're going to have to do that. It's Christmas.;Appeal to Emotion;Loaded Language;BUSH;25 9 1988;T592;13_1988.ann;57137 57167
1988;25Sep;9;But I don't know of any reputable scientist who believed that this system, at least as originally conceived could possibly work, this notion of some kind of astrodome over ourselves that could protect us from enemy attack.;Appeal to Authority;Without Evidence;DUKAKIS;25 9 1988;T663;13_1988.ann;64121 64338
1988;25Sep;9;An Air Force General not too long ago in Europe who said that pretty soon we'd have airplanes without engines, tank commanders who can't drive their tanks more than three-quarters of a mile, because they don't have enough fuel. Coast Guard cutters tied up at the dock this summer, not patrolling.;Appeal to Authority;Without Evidence;DUKAKIS;25 9 1988;T1145;13_1988.ann;64919 65142
1988;25Sep;9;An Air Force General not too long ago in Europe who said that pretty soon we'd have airplanes without engines, tank commanders who can't drive their tanks more than three-quarters of a mile, because they don't have enough fuel. Coast Guard cutters tied up at the dock this summer, not patrolling.;Appeal to Authority;Without Evidence;DUKAKIS;25 9 1988;T1145;13_1988.ann;64919 65142
1988;25Sep;9;An Air Force General not too long ago in Europe who said that pretty soon we'd have airplanes without engines, tank commanders who can't drive their tanks more than three-quarters of a mile, because they don't have enough fuel. Coast Guard cutters tied up at the dock this summer, not patrolling.;Appeal to Authority;Without Evidence;DUKAKIS;25 9 1988;T1145;13_1988.ann;64919 65142
1988;25Sep;9;Every single one of the Joint Chiefs will testify to the fact that readiness is in an historic high.;Appeal to Authority;Without Evidence;BUSH;25 9 1988;T690;13_1988.ann;66679 66778
1988;25Sep;9;What we're talking about is a combination of a strong and effective and credible nuclear deterrent. Strong, well-equipped, well-trained, well-maintained conventional forces. And at the same time a willingness to move forward steadily, thoughtfully cautiously.;Appeal to Emotion;Loaded Language;DUKAKIS;25 9 1988;T1142;13_1988.ann;62452 62550
1988;25Sep;9;What we're talking about is a combination of a strong and effective and credible nuclear deterrent. Strong, well-equipped, well-trained, well-maintained conventional forces. And at the same time a willingness to move forward steadily, thoughtfully cautiously.;Appeal to Emotion;Loaded Language;DUKAKIS;25 9 1988;T1142;13_1988.ann;62452 62550
1988;25Sep;9;What we're talking about is a combination of a strong and effective and credible nuclear deterrent. Strong, well-equipped, well-trained, well-maintained conventional forces. And at the same time a willingness to move forward steadily, thoughtfully cautiously.;Appeal to Emotion;Loaded Language;DUKAKIS;25 9 1988;T1142;13_1988.ann;62452 62550
1988;25Sep;9;What we're talking about is a combination of a strong and effective and credible nuclear deterrent. Strong, well-equipped, well-trained, well-maintained conventional forces. And at the same time a willingness to move forward steadily, thoughtfully cautiously.;Appeal to Emotion;Loaded Language;DUKAKIS;25 9 1988;T1142;13_1988.ann;62452 62550
1988;25Sep;9;What we're talking about is a combination of a strong and effective and credible nuclear deterrent. Strong, well-equipped, well-trained, well-maintained conventional forces. And at the same time a willingness to move forward steadily, thoughtfully cautiously.;Appeal to Emotion;Loaded Language;DUKAKIS;25 9 1988;T1142;13_1988.ann;62452 62550
1988;25Sep;9;We cannot be strong militarily when we're teeter-tottering on top of a mountain of debt which has been created in the past eight years.;Appeal to Emotion;Loaded Language;DUKAKIS;25 9 1988;T652;13_1988.ann;63313 63447
1988;25Sep;9;We need a strong, credible, effective nuclear deterrent.;Appeal to Emotion;Loaded Language;DUKAKIS;25 9 1988;T678;13_1988.ann;65598 65653
1988;25Sep;10;I think those are very very serious questions of judgment, which those of you who are watching us here tonight have a right to judge and review.;Appeal to Authority;Popular Opinion;DUKAKIS;25 9 1988;T752;13_1988.ann;74137 74280
1988;25Sep;10;the most agonizing decisions;Appeal to Emotion;Loaded Language;DUKAKIS;25 9 1988;T696;13_1988.ann;67917 67988
1988;25Sep;10;But if there's one thing we also understand it is that you cannot make concessions to terrorists, ever, ever.;Appeal to Emotion;Loaded Language;DUKAKIS;25 9 1988;T700;13_1988.ann;68233 68286
1988;25Sep;10;one of the most tragic, one of the most mistaken foreign policy decisions we've ever made in this country;Appeal to Emotion;Loaded Language;DUKAKIS;25 9 1988;T705;13_1988.ann;68842 69012
1988;25Sep;10;one of the most tragic, one of the most mistaken foreign policy decisions we've ever made in this country;Appeal to Emotion;Loaded Language;DUKAKIS;25 9 1988;T705;13_1988.ann;68842 69012
1988;25Sep;10;So, there can be no concessions under any circumstances, because if we do it's an open invitation to others to do the same.;Appeal to Emotion;Loaded Language;DUKAKIS;25 9 1988;T708;13_1988.ann;69080 69137
1988;25Sep;10;So, there can be no concessions under any circumstances, because if we do it's an open invitation to others to do the same.;Appeal to Emotion;Loaded Language;DUKAKIS;25 9 1988;T708;13_1988.ann;69080 69137
1988;25Sep;10;It was ignored in that case and it was a very very serious mistake in judgment.;Appeal to Emotion;Loaded Language;DUKAKIS;25 9 1988;T746;13_1988.ann;74451 74529
1988;25Sep;12;But let's not go back to that-what they call supply management and production control, that'll simply price us out of the international market.;False Cause;False Cause;BUSH;25 9 1988;T830;13_1988.ann;83765 83846
1988;25Sep;12;But let's not go back to that-what they call supply management and production control, that'll simply price us out of the international market.;False Cause;False Cause;BUSH;25 9 1988;T830;13_1988.ann;83765 83846
1988;25Sep;12;But let's not go back to that-what they call supply management and production control, that'll simply price us out of the international market.;False Cause;False Cause;BUSH;25 9 1988;T830;13_1988.ann;83765 83846
1988;25Sep;12;Well, I think we have to go to work on the problem of Third World debt and we've got to assist those Third World countries in dealing with this massive debt which they currently-which they have incurred and which is burdening them and which if we don't do something about it and assist them along with other nations around the world, we'll destroy their economies, destroy their future. And at the same time will destroy markets that are important to our farmers.;Slippery Slope;Slippery Slope;DUKAKIS;25 9 1988;T816;13_1988.ann;80742 80897
1988;25Sep;12;Well, I think we have to go to work on the problem of Third World debt and we've got to assist those Third World countries in dealing with this massive debt which they currently-which they have incurred and which is burdening them and which if we don't do something about it and assist them along with other nations around the world, we'll destroy their economies, destroy their future. And at the same time will destroy markets that are important to our farmers.;Slippery Slope;Slippery Slope;DUKAKIS;25 9 1988;T816;13_1988.ann;80742 80897
1988;25Sep;12;Well, I think we have to go to work on the problem of Third World debt and we've got to assist those Third World countries in dealing with this massive debt which they currently-which they have incurred and which is burdening them and which if we don't do something about it and assist them along with other nations around the world, we'll destroy their economies, destroy their future. And at the same time will destroy markets that are important to our farmers.;Slippery Slope;Slippery Slope;DUKAKIS;25 9 1988;T816;13_1988.ann;80742 80897
1988;25Sep;12;Well, I think we have to go to work on the problem of Third World debt and we've got to assist those Third World countries in dealing with this massive debt which they currently-which they have incurred and which is burdening them and which if we don't do something about it and assist them along with other nations around the world, we'll destroy their economies, destroy their future. And at the same time will destroy markets that are important to our farmers.;Slippery Slope;Slippery Slope;DUKAKIS;25 9 1988;T816;13_1988.ann;80742 80897
1988;25Sep;13;But in the final analysis-in the final analysis, the person goes into that voting booth, they're going to say, â‰¥Who has the values I believe in? Who has the experience that we trust? Who has the integrity and stability to get the job done?â‰¤ My fellow Americans, I am that man and I ask for your support.;Appeal to Emotion;Flag waving;BUSH;25 9 1988;T856;13_1988.ann;85559 85680
1988;25Sep;13;But in the final analysis-in the final analysis, the person goes into that voting booth, they're going to say, â‰¥Who has the values I believe in? Who has the experience that we trust? Who has the integrity and stability to get the job done?â‰¤ My fellow Americans, I am that man and I ask for your support.;Appeal to Emotion;Flag waving;BUSH;25 9 1988;T856;13_1988.ann;85559 85680
1988;25Sep;13;But in the final analysis-in the final analysis, the person goes into that voting booth, they're going to say, â‰¥Who has the values I believe in? Who has the experience that we trust? Who has the integrity and stability to get the job done?â‰¤ My fellow Americans, I am that man and I ask for your support.;Appeal to Emotion;Flag waving;BUSH;25 9 1988;T856;13_1988.ann;85559 85680
1988;25Sep;13;They made sure their sons understood that this was the greatest country in the world, that those of us especially who were the sons and daughters of immigrants had a special responsibility to give something to the country that had opened up its arms to our parents and given so much to them.I believe in the American dream.;Appeal to Emotion;Flag waving;DUKAKIS;25 9 1988;T1042;13_1988.ann;2535 2739
1988;25Sep;13;They made sure their sons understood that this was the greatest country in the world, that those of us especially who were the sons and daughters of immigrants had a special responsibility to give something to the country that had opened up its arms to our parents and given so much to them.I believe in the American dream.;Appeal to Emotion;Flag waving;DUKAKIS;25 9 1988;T1042;13_1988.ann;2535 2739
1988;25Sep;13;They made sure their sons understood that this was the greatest country in the world, that those of us especially who were the sons and daughters of immigrants had a special responsibility to give something to the country that had opened up its arms to our parents and given so much to them.I believe in the American dream.;Appeal to Emotion;Flag waving;DUKAKIS;25 9 1988;T1042;13_1988.ann;2535 2739
1988;25Sep;13;Opportunity and peace.;Slogans;Slogan;BUSH;25 9 1988;T1030;13_1988.ann;84427 84448
1988;25Sep;13;Opportunity and peace.;Slogans;Slogan;BUSH;25 9 1988;T1030;13_1988.ann;84427 84448
1988;25Sep;13;Yes, we want change but we are the change. I am the change.;Slogans;Slogan;BUSH;25 9 1988;T845;13_1988.ann;84487 84506
1988;25Sep;13;Yes, we want change but we are the change. I am the change.;Slogans;Slogan;BUSH;25 9 1988;T845;13_1988.ann;84487 84506
1988;25Sep;13;Yes, we want change but we are the change. I am the change.;Slogans;Slogan;BUSH;25 9 1988;T845;13_1988.ann;84487 84506
1988;25Sep;13;Yes, we want change but we are the change. I am the change.;Slogans;Slogan;BUSH;25 9 1988;T845;13_1988.ann;84487 84506
1988;25Sep;13;Yes, we want change but we are the change. I am the change.;Slogans;Slogan;BUSH;25 9 1988;T845;13_1988.ann;84487 84506
1988;25Sep;13;Keep America at work.;Slogans;Slogan;BUSH;25 9 1988;T1032;13_1988.ann;84622 84642
1988;25Sep;13;We compete. The best America. We invest.;Slogans;Slogan;DUKAKIS;25 9 1988;T1055;13_1988.ann;3687 3703
1988;25Sep;13;We compete. The best America. We invest.;Slogans;Slogan;DUKAKIS;25 9 1988;T1055;13_1988.ann;3687 3703
1988;25Sep;13;We compete. The best America. We invest.;Slogans;Slogan;DUKAKIS;25 9 1988;T1055;13_1988.ann;3687 3703
1992;13Oct;1;Bill Clinton does not have the strength nor the character to be president of the US.;Ad Hominem;Ad Hominem;QUAYLE;13 10 1992;T25;18_1992.ann;3948 4031
1992;13Oct;1;When the recession came they were like a deer caught in the headlights -- paralyzed into inaction, blinded to the suffering and pain of bankruptcies and people who were unemployed.;Appeal to Emotion;Appeal to pity;GORE;13 10 1992;T647;18_1992.ann;3095 3175
1992;13Oct;1;When the recession came they were like a deer caught in the headlights -- paralyzed into inaction, blinded to the suffering and pain of bankruptcies and people who were unemployed.;Appeal to Emotion;Appeal to pity;GORE;13 10 1992;T647;18_1992.ann;3095 3175
1992;13Oct;1;When the recession came they were like a deer caught in the headlights -- paralyzed into inaction, blinded to the suffering and pain of bankruptcies and people who were unemployed.;Appeal to Emotion;Appeal to pity;GORE;13 10 1992;T647;18_1992.ann;3095 3175
1992;13Oct;1;America is the mockery of the world.;Appeal to Emotion;Flag waving;QUAYLE;13 10 1992;T37;18_1992.ann;4487 4595
1992;13Oct;1;I am here because I have in my brain and in my heart what it takes to lead America through tough times.;Appeal to Emotion;Flag waving;STOCKDALE;13 10 1992;T652;18_1992.ann;6473 6557
1992;13Oct;1;Those of us who served in Vietnam looked at you as a national hero even before you were awarded the Congressional Medal of Honor.;Appeal to Emotion;Loaded Language;GORE;13 10 1992;T4;18_1992.ann;1979 2107
1992;13Oct;1;It is time for a change.;Slogans;Slogan;GORE;13 10 1992;T16;18_1992.ann;3260 3283
1992;13Oct;3;Our people will be glad to furnish the press, if they're interested, in Senator Gore's voting record on the Caribbean Basin Initiative.;Appeal to Authority;False Authority;QUAYLE;13 10 1992;T777;18_1992.ann;20276 20411
1992;13Oct;3;Our people will be glad to furnish the press, if they're interested, in Senator Gore's voting record on the Caribbean Basin Initiative.;Appeal to Authority;False Authority;QUAYLE;13 10 1992;T777;18_1992.ann;20276 20411
1992;13Oct;3;Our people will be glad to furnish the press, if they're interested, in Senator Gore's voting record on the Caribbean Basin Initiative.;Appeal to Authority;False Authority;QUAYLE;13 10 1992;T777;18_1992.ann;20276 20411
1992;13Oct;3;Bill Clinton's top priority is putting America back to work.;Appeal to Emotion;Flag waving;GORE;13 10 1992;T144;18_1992.ann;18499 18558
1992;13Oct;3;The lifeblood of our economy is investment.;Appeal to Emotion;Loaded Language;STOCKDALE;13 10 1992;T141;18_1992.ann;17935 17977
1992;13Oct;3;an aggressive program;Appeal to Emotion;Loaded Language;STOCKDALE;13 10 1992;T143;18_1992.ann;18124 18434
1992;13Oct;3;a painful program;Appeal to Emotion;Loaded Language;STOCKDALE;13 10 1992;T143;18_1992.ann;18124 18434
1992;13Oct;3;trickle-down economics;Appeal to Emotion;Loaded Language;QUAYLE;13 10 1992;T363;16_1992.ann;36642 36878
1992;13Oct;3;It is a bad economy. It's a tough economy.;Appeal to Emotion;Loaded Language;QUAYLE;13 10 1992;T163;18_1992.ann;20565 20585
1992;13Oct;3;It is a bad economy. It's a tough economy.;Appeal to Emotion;Loaded Language;QUAYLE;13 10 1992;T163;18_1992.ann;20565 20585
1992;13Oct;3;we've got to clean out the barn;Appeal to Emotion;Loaded Language;STOCKDALE;13 10 1992;T169;18_1992.ann;21187 21218
1992;13Oct;3;That is absolutely outrageous.;Appeal to Emotion;Loaded Language;QUAYLE;13 10 1992;T783;18_1992.ann;23303 23332
1992;13Oct;3;That is absolutely outrageous.;Appeal to Emotion;Loaded Language;QUAYLE;13 10 1992;T783;18_1992.ann;23303 23332
1992;13Oct;3;That's just totally ridiculous.;Appeal to Emotion;Loaded Language;QUAYLE;13 10 1992;T186;18_1992.ann;23667 23697
1992;13Oct;3;That's just totally ridiculous.;Appeal to Emotion;Loaded Language;QUAYLE;13 10 1992;T186;18_1992.ann;23667 23697
1992;13Oct;3;That's just totally ridiculous.;Appeal to Emotion;Loaded Language;QUAYLE;13 10 1992;T186;18_1992.ann;23667 23697
1992;13Oct;3;That's just totally ridiculous.;Appeal to Emotion;Loaded Language;QUAYLE;13 10 1992;T186;18_1992.ann;23667 23697
1992;13Oct;3;By contrast, in the nation as a whole, during the last 4 years, it is the first time since the presidency of Herbert Hoover, that we have gone for a 4-year period with fewer jobs at the end of that 4-year period than we had at the beginning.;False Cause;False Cause;GORE;13 10 1992;T149;18_1992.ann;18966 19206
1992;13Oct;4;Bill Clinton has trouble telling the truth.;Ad Hominem;Ad Hominem;QUAYLE;13 10 1992;T264;18_1992.ann;34015 34057
1992;13Oct;4;And he will have a very difficult time dealing with somebody like President Yeltsin or Chancellor Kohl or Prime Minister Major or President Mitterrand, because truth and integrity are prerequisites to being president of the US.;Ad Hominem;Ad Hominem;QUAYLE;13 10 1992;T265;18_1992.ann;34063 34209
1992;13Oct;4;And he will have a very difficult time dealing with somebody like President Yeltsin or Chancellor Kohl or Prime Minister Major or President Mitterrand, because truth and integrity are prerequisites to being president of the US.;Ad Hominem;Ad Hominem;QUAYLE;13 10 1992;T265;18_1992.ann;34063 34209
1992;13Oct;4;And he will have a very difficult time dealing with somebody like President Yeltsin or Chancellor Kohl or Prime Minister Major or President Mitterrand, because truth and integrity are prerequisites to being president of the US.;Ad Hominem;Ad Hominem;QUAYLE;13 10 1992;T265;18_1992.ann;34063 34209
1992;13Oct;4;the military portions of our plan, even though he was the chairman of the Joint Chiefs under George Bush, and John White has endorsed the economic aspects of our plan, even though I believe he was the architect of Ross Perot's economic plan.;Appeal to Authority;Without Evidence;GORE;13 10 1992;T682;18_1992.ann;30883 31013
1992;13Oct;4;the military portions of our plan, even though he was the chairman of the Joint Chiefs under George Bush, and John White has endorsed the economic aspects of our plan, even though I believe he was the architect of Ross Perot's economic plan.;Appeal to Authority;Without Evidence;GORE;13 10 1992;T682;18_1992.ann;30883 31013
1992;13Oct;4;the military portions of our plan, even though he was the chairman of the Joint Chiefs under George Bush, and John White has endorsed the economic aspects of our plan, even though I believe he was the architect of Ross Perot's economic plan.;Appeal to Authority;Without Evidence;GORE;13 10 1992;T682;18_1992.ann;30883 31013
1992;13Oct;4;"Now when I heard George Bush say at the convention in Houston, that when he heard the phrase ""we won the Cold War,"" it made him wonder who the ""we"" was. Well, I want to tell you, President Bush, the ""we"" is the people of the US of America.";Appeal to Emotion;Flag waving;GORE;13 10 1992;T239;18_1992.ann;31019 31166
1992;13Oct;4;"Now when I heard George Bush say at the convention in Houston, that when he heard the phrase ""we won the Cold War,"" it made him wonder who the ""we"" was. Well, I want to tell you, President Bush, the ""we"" is the people of the US of America.";Appeal to Emotion;Flag waving;GORE;13 10 1992;T239;18_1992.ann;31019 31166
1992;13Oct;4;great suspicion;Appeal to Emotion;Loaded Language;STOCKDALE;13 10 1992;T230;18_1992.ann;29829 29979
1992;13Oct;4;We won the Cold War because we invested in national security. We won the Cold War because we invested in our military. We didn't win the Cold -- we won the Cold War because we invested in national security. We won the Cold War because America had the political will and made the right decisions.;False Cause;False Cause;QUAYLE;13 10 1992;T676;18_1992.ann;28577 28636
1992;13Oct;4;We won the Cold War because we invested in national security. We won the Cold War because we invested in our military. We didn't win the Cold -- we won the Cold War because we invested in national security. We won the Cold War because America had the political will and made the right decisions.;False Cause;False Cause;QUAYLE;13 10 1992;T676;18_1992.ann;28577 28636
1992;13Oct;4;We won the Cold War because we invested in national security. We won the Cold War because we invested in our military. We didn't win the Cold -- we won the Cold War because we invested in national security. We won the Cold War because America had the political will and made the right decisions.;False Cause;False Cause;QUAYLE;13 10 1992;T676;18_1992.ann;28577 28636
1992;13Oct;4;We won the Cold War because we invested in national security. We won the Cold War because we invested in our military. We didn't win the Cold -- we won the Cold War because we invested in national security. We won the Cold War because America had the political will and made the right decisions.;False Cause;False Cause;QUAYLE;13 10 1992;T676;18_1992.ann;28577 28636
1992;13Oct;4;We won the Cold War because we invested in national security. We won the Cold War because we invested in our military. We didn't win the Cold -- we won the Cold War because we invested in national security. We won the Cold War because America had the political will and made the right decisions.;False Cause;False Cause;QUAYLE;13 10 1992;T676;18_1992.ann;28577 28636
1992;13Oct;4;We won the Cold War because we invested in national security. We won the Cold War because we invested in our military. We didn't win the Cold -- we won the Cold War because we invested in national security. We won the Cold War because America had the political will and made the right decisions.;False Cause;False Cause;QUAYLE;13 10 1992;T676;18_1992.ann;28577 28636
1992;13Oct;4;We won the Cold War because we invested in national security. We won the Cold War because we invested in our military. We didn't win the Cold -- we won the Cold War because we invested in national security. We won the Cold War because America had the political will and made the right decisions.;False Cause;False Cause;QUAYLE;13 10 1992;T676;18_1992.ann;28577 28636
1992;13Oct;4;We won the Cold War because we invested in national security. We won the Cold War because we invested in our military. We didn't win the Cold -- we won the Cold War because we invested in national security. We won the Cold War because America had the political will and made the right decisions.;False Cause;False Cause;QUAYLE;13 10 1992;T676;18_1992.ann;28577 28636
1992;13Oct;4;We won the Cold War because we invested in national security. We won the Cold War because we invested in our military. We didn't win the Cold -- we won the Cold War because we invested in national security. We won the Cold War because America had the political will and made the right decisions.;False Cause;False Cause;QUAYLE;13 10 1992;T676;18_1992.ann;28577 28636
1992;13Oct;4;We won the Cold War because we invested in national security. We won the Cold War because we invested in our military. We didn't win the Cold -- we won the Cold War because we invested in national security. We won the Cold War because America had the political will and made the right decisions.;False Cause;False Cause;QUAYLE;13 10 1992;T676;18_1992.ann;28577 28636
1992;13Oct;4;We won the Cold War because we invested in national security. We won the Cold War because we invested in our military. We didn't win the Cold -- we won the Cold War because we invested in national security. We won the Cold War because America had the political will and made the right decisions.;False Cause;False Cause;QUAYLE;13 10 1992;T676;18_1992.ann;28577 28636
1992;13Oct;4;We won the Cold War because we invested in national security. We won the Cold War because we invested in our military. We didn't win the Cold -- we won the Cold War because we invested in national security. We won the Cold War because America had the political will and made the right decisions.;False Cause;False Cause;QUAYLE;13 10 1992;T676;18_1992.ann;28577 28636
1992;13Oct;4;We won the Cold War because we invested in national security. We won the Cold War because we invested in our military. We didn't win the Cold -- we won the Cold War because we invested in national security. We won the Cold War because America had the political will and made the right decisions.;False Cause;False Cause;QUAYLE;13 10 1992;T676;18_1992.ann;28577 28636
1992;13Oct;4;We won the Cold War because we invested in national security. We won the Cold War because we invested in our military. We didn't win the Cold -- we won the Cold War because we invested in national security. We won the Cold War because America had the political will and made the right decisions.;False Cause;False Cause;QUAYLE;13 10 1992;T676;18_1992.ann;28577 28636
1992;13Oct;4;We won the Cold War because we invested in national security. We won the Cold War because we invested in our military. We didn't win the Cold -- we won the Cold War because we invested in national security. We won the Cold War because America had the political will and made the right decisions.;False Cause;False Cause;QUAYLE;13 10 1992;T676;18_1992.ann;28577 28636
1992;13Oct;4;We won the Cold War because we invested in national security. We won the Cold War because we invested in our military. We didn't win the Cold -- we won the Cold War because we invested in national security. We won the Cold War because America had the political will and made the right decisions.;False Cause;False Cause;QUAYLE;13 10 1992;T676;18_1992.ann;28577 28636
1992;13Oct;4;We won the Cold War because we invested in national security. We won the Cold War because we invested in our military. We didn't win the Cold -- we won the Cold War because we invested in national security. We won the Cold War because America had the political will and made the right decisions.;False Cause;False Cause;QUAYLE;13 10 1992;T676;18_1992.ann;28577 28636
1992;13Oct;4;We won the Cold War because we invested in national security. We won the Cold War because we invested in our military. We didn't win the Cold -- we won the Cold War because we invested in national security. We won the Cold War because America had the political will and made the right decisions.;False Cause;False Cause;QUAYLE;13 10 1992;T676;18_1992.ann;28577 28636
1992;13Oct;4;We won the Cold War because we invested in national security. We won the Cold War because we invested in our military. We didn't win the Cold -- we won the Cold War because we invested in national security. We won the Cold War because America had the political will and made the right decisions.;False Cause;False Cause;QUAYLE;13 10 1992;T676;18_1992.ann;28577 28636
1992;13Oct;4;We won the Cold War because we invested in national security. We won the Cold War because we invested in our military. We didn't win the Cold -- we won the Cold War because we invested in national security. We won the Cold War because America had the political will and made the right decisions.;False Cause;False Cause;QUAYLE;13 10 1992;T676;18_1992.ann;28577 28636
1992;13Oct;4;We won the Cold War because we invested and we went forward.;False Cause;False Cause;QUAYLE;13 10 1992;T679;18_1992.ann;29278 29309
1992;13Oct;4;We won the Cold War because we invested and we went forward.;False Cause;False Cause;QUAYLE;13 10 1992;T679;18_1992.ann;29278 29309
1992;13Oct;4;we won the Cold War;Slogans;Slogan;GORE;13 10 1992;T239;18_1992.ann;31019 31166
1992;13Oct;6;Bill Clinton has trouble telling the truth. 3 words he fears most in the English language.;Ad Hominem;Ad Hominem;QUAYLE;13 10 1992;T264;18_1992.ann;34015 34057
1992;13Oct;6;You wrote a letter saying that you oppose taxpayer funding of abortion. Bill Clinton has the same type of a record.;Ad Hominem;Tu quoque;QUAYLE;13 10 1992;T458;18_1992.ann;60770 60840
1992;13Oct;6;You wrote a letter saying that you oppose taxpayer funding of abortion. Bill Clinton has the same type of a record.;Ad Hominem;Tu quoque;QUAYLE;13 10 1992;T458;18_1992.ann;60770 60840
1992;13Oct;6;we believe there are way too many abortions in this country. And the way to reduce them is by reducing the number of unwanted pregnancies, not vetoing family planning legislation the way George Bush has consistently done.;Appeal to Authority;Without Evidence;GORE;13 10 1992;T704;18_1992.ann;56533 56614
1992;13Oct;6;we believe there are way too many abortions in this country. And the way to reduce them is by reducing the number of unwanted pregnancies, not vetoing family planning legislation the way George Bush has consistently done.;Appeal to Authority;Without Evidence;GORE;13 10 1992;T704;18_1992.ann;56533 56614
1992;13Oct;6;we believe there are way too many abortions in this country. And the way to reduce them is by reducing the number of unwanted pregnancies, not vetoing family planning legislation the way George Bush has consistently done.;Appeal to Authority;Without Evidence;GORE;13 10 1992;T704;18_1992.ann;56533 56614
1992;13Oct;6;we believe there are way too many abortions in this country. And the way to reduce them is by reducing the number of unwanted pregnancies, not vetoing family planning legislation the way George Bush has consistently done.;Appeal to Authority;Without Evidence;GORE;13 10 1992;T704;18_1992.ann;56533 56614
1992;13Oct;6;we believe there are way too many abortions in this country. And the way to reduce them is by reducing the number of unwanted pregnancies, not vetoing family planning legislation the way George Bush has consistently done.;Appeal to Authority;Without Evidence;GORE;13 10 1992;T704;18_1992.ann;56533 56614
1992;13Oct;6;And if you support them, don't be surprised that that is exactly what they want to do and that is why Dan Quayle refuses to say this evening that he supports the right of a woman to choose.;Appeal to Authority;Without Evidence;GORE;13 10 1992;T468;18_1992.ann;63382 63480
1992;13Oct;6;And if you support them, don't be surprised that that is exactly what they want to do and that is why Dan Quayle refuses to say this evening that he supports the right of a woman to choose.;Appeal to Authority;Without Evidence;GORE;13 10 1992;T468;18_1992.ann;63382 63480
1992;13Oct;6;And if you support them, don't be surprised that that is exactly what they want to do and that is why Dan Quayle refuses to say this evening that he supports the right of a woman to choose.;Appeal to Authority;Without Evidence;GORE;13 10 1992;T468;18_1992.ann;63382 63480
1992;13Oct;6;You know, one of the reasons so many Republicans are supporting the Clinton- Gore ticket is because they've turned over the party to this right wing extremist group which takes positions on issues like abortion that don't even allow exceptions for rape and incest.;Appeal to Authority;Without Evidence;GORE;13 10 1992;T707;18_1992.ann;63682 63845
1992;13Oct;6;You know, one of the reasons so many Republicans are supporting the Clinton- Gore ticket is because they've turned over the party to this right wing extremist group which takes positions on issues like abortion that don't even allow exceptions for rape and incest.;Appeal to Authority;Without Evidence;GORE;13 10 1992;T707;18_1992.ann;63682 63845
1992;13Oct;6;I was in Los Angeles recently and I talked to a woman who told me that she had an abortion when she was 17 years of age. And looking back on that she said it was a mistake.;Appeal to Emotion;Appeal to pity;QUAYLE;13 10 1992;T437;18_1992.ann;57999 58118
1992;13Oct;6;I was in Los Angeles recently and I talked to a woman who told me that she had an abortion when she was 17 years of age. And looking back on that she said it was a mistake.;Appeal to Emotion;Appeal to pity;QUAYLE;13 10 1992;T437;18_1992.ann;57999 58118
1992;13Oct;6;This issue is an issue that divides Americans deeply.;Appeal to Emotion;Flag waving;QUAYLE;13 10 1992;T821;18_1992.ann;57450 57503
1992;13Oct;8;Bill Clinton simply has trouble telling the truth?;Ad Hominem;Ad Hominem;QUAYLE;13 10 1992;T591;18_1992.ann;79378 79427
1992;13Oct;8;Bill Clinton simply has trouble telling the truth?;Ad Hominem;Ad Hominem;QUAYLE;13 10 1992;T591;18_1992.ann;79378 79427
1992;13Oct;8;I think of a woman in Chicago when I was talking to parents about education where she stood up and said I'm sick and tired of these schools in this city being nothing but a factory for failure.;Appeal to Emotion;Appeal to pity;QUAYLE;13 10 1992;T637;18_1992.ann;83572 83764
1992;13Oct;8;This election is about the future of our country, not about personal attacks against one candidate or another.;Appeal to Emotion;Flag waving;GORE;13 10 1992;T714;18_1992.ann;77830 77889
1992;13Oct;8;This election is about the future of our country, not about personal attacks against one candidate or another.;Appeal to Emotion;Flag waving;GORE;13 10 1992;T714;18_1992.ann;77830 77889
1992;13Oct;8;This election is about the future of our country, not about personal attacks against one candidate or another.;Appeal to Emotion;Flag waving;GORE;13 10 1992;T714;18_1992.ann;77830 77889
1992;13Oct;8;This election is about the future of our country, not about personal attacks against one candidate or another.;Appeal to Emotion;Flag waving;GORE;13 10 1992;T714;18_1992.ann;77830 77889
1992;13Oct;8;The US is in deep trouble.;Appeal to Emotion;Flag waving;STOCKDALE;13 10 1992;T610;18_1992.ann;81492 81517
1992;13Oct;8;Give us a chance. With your help, we'll change this country and we can't wait to get started.;Appeal to Emotion;Flag waving;GORE;13 10 1992;T631;18_1992.ann;83314 83388
1992;13Oct;8;the little stinky numbers;Appeal to Emotion;Loaded Language;STOCKDALE;13 10 1992;T581;18_1992.ann;77489 77544
1992;13Oct;8;I'm awful proud that the American people rejected that tactic so overwhelmingly;Appeal to Emotion;Loaded Language;GORE;13 10 1992;T715;18_1992.ann;78705 78822
1992;13Oct;8;a fateful decision;Appeal to Emotion;Loaded Language;GORE;13 10 1992;T617;18_1992.ann;81751 81814
1992;15Oct;1;There will be a job-sucking sound going south.;Appeal to Emotion;Loaded Language;PEROT;15 10 1992;T13;20_1992.ann;3153 3198
1992;15Oct;2;I ask everybody to look at my economic ideas and 9 Nobel prize winners and over 500 economists and hundreds of business people, including a lot of Republicans said, this is the way you've got to go.;Appeal to Authority;Popular Opinion;CLINTON;15 10 1992;T62;20_1992.ann;8347 8544
1992;15Oct;2;pork barrel;Appeal to Emotion;Loaded Language;BUSH;15 10 1992;T905;20_1992.ann;9814 9990
1992;15Oct;2;Our children will not see the American dream because of this debt that somebody somewhere dropped on us.;Slippery Slope;Slippery Slope;PEROT;15 10 1992;T911;20_1992.ann;13150 13253
1992;15Oct;3;And I'm interested in what we can trust him to do and what you can trust me to do and what you can trust Mr. Perot to do for the next 4 years. So I think you're right and I hope the rest of the night belongs to you.;Appeal to Authority;Popular Opinion;CLINTON;15 10 1992;T152;20_1992.ann;19132 19269
1992;15Oct;3;And I'm interested in what we can trust him to do and what you can trust me to do and what you can trust Mr. Perot to do for the next 4 years. So I think you're right and I hope the rest of the night belongs to you.;Appeal to Authority;Popular Opinion;CLINTON;15 10 1992;T152;20_1992.ann;19132 19269
1992;15Oct;3;"But the Washington Post ran a long editorial today saying they couldn't believe Mr. Bush was making character an issue and they said he was the greatest quote ""political chameleon"" for changing his positions of all times.";Appeal to Authority;Without Evidence;CLINTON;15 10 1992;T147;20_1992.ann;18647 18761
1992;15Oct;3;"But the Washington Post ran a long editorial today saying they couldn't believe Mr. Bush was making character an issue and they said he was the greatest quote ""political chameleon"" for changing his positions of all times.";Appeal to Authority;Without Evidence;CLINTON;15 10 1992;T147;20_1992.ann;18647 18761
1992;15Oct;3;I couldn't agree with you more, couldn't agree with you more.;Appeal to Emotion;Loaded Language;PEROT;15 10 1992;T1333;20_1992.ann;14408 14438
1992;15Oct;3;I couldn't agree with you more, couldn't agree with you more.;Appeal to Emotion;Loaded Language;PEROT;15 10 1992;T1333;20_1992.ann;14408 14438
1992;15Oct;3;And I have said again and again and again let's get off mud wrestling, let's get off personalities and let's talk about jobs, health care, crime, the things that concern the American people.;Appeal to Emotion;Loaded Language;PEROT;15 10 1992;T116;20_1992.ann;14541 14659
1992;15Oct;3;And I have said again and again and again let's get off mud wrestling, let's get off personalities and let's talk about jobs, health care, crime, the things that concern the American people.;Appeal to Emotion;Loaded Language;PEROT;15 10 1992;T116;20_1992.ann;14541 14659
1992;15Oct;3;"You know, nobody likes who shot John, but I think the first negative campaign run in this election was by Governor Clinton, and I'm not going to sit there and be a punching bag; I'm going to stand up and say, hey, listen, here's my side of it.";Appeal to Emotion;Loaded Language;BUSH;15 10 1992;T124;20_1992.ann;15659 15739
1992;15Oct;3;"You know, nobody likes who shot John, but I think the first negative campaign run in this election was by Governor Clinton, and I'm not going to sit there and be a punching bag; I'm going to stand up and say, hey, listen, here's my side of it.";Appeal to Emotion;Loaded Language;BUSH;15 10 1992;T124;20_1992.ann;15659 15739
1992;15Oct;3;"You know, nobody likes who shot John, but I think the first negative campaign run in this election was by Governor Clinton, and I'm not going to sit there and be a punching bag; I'm going to stand up and say, hey, listen, here's my side of it.";Appeal to Emotion;Loaded Language;BUSH;15 10 1992;T124;20_1992.ann;15659 15739
1992;15Oct;3;"You know, nobody likes who shot John, but I think the first negative campaign run in this election was by Governor Clinton, and I'm not going to sit there and be a punching bag; I'm going to stand up and say, hey, listen, here's my side of it.";Appeal to Emotion;Loaded Language;BUSH;15 10 1992;T124;20_1992.ann;15659 15739
1992;15Oct;3;My argument with Governor Clinton -- you can call it mud wrestling, but I think it's fair to put it in focus is -- I am deeply troubled by someone who demonstrates and organizes demonstration in a foreign land when his country's at war.;Appeal to Emotion;Loaded Language;BUSH;15 10 1992;T1331;20_1992.ann;16776 16896
1992;15Oct;3;But the big argument I have with the governor on this is this taking different positions on different issues -- trying to be one thing to one person here that's opposing the NAFTA agreement and then for it -- what we call waffling. And I do think that you can't turn the White House into the Waffle House.;Appeal to Emotion;Loaded Language;BUSH;15 10 1992;T127;20_1992.ann;17256 17374
1992;15Oct;3;But the big argument I have with the governor on this is this taking different positions on different issues -- trying to be one thing to one person here that's opposing the NAFTA agreement and then for it -- what we call waffling. And I do think that you can't turn the White House into the Waffle House.;Appeal to Emotion;Loaded Language;BUSH;15 10 1992;T127;20_1992.ann;17256 17374
1992;15Oct;3;But the big argument I have with the governor on this is this taking different positions on different issues -- trying to be one thing to one person here that's opposing the NAFTA agreement and then for it -- what we call waffling. And I do think that you can't turn the White House into the Waffle House.;Appeal to Emotion;Loaded Language;BUSH;15 10 1992;T127;20_1992.ann;17256 17374
1992;15Oct;3;I've been disturbed by the tone and the tenor of this campaign.;Appeal to Emotion;Loaded Language;CLINTON;15 10 1992;T142;20_1992.ann;18134 18196
1992;15Oct;4;I'll take the pledge because I know the American people want to talk about issues and not tabloid journalism.;Appeal to Emotion;Flag waving;PEROT;15 10 1992;T160;20_1992.ann;21697 21776
1992;15Oct;4;I'll take the pledge because I know the American people want to talk about issues and not tabloid journalism.;Appeal to Emotion;Flag waving;PEROT;15 10 1992;T160;20_1992.ann;21697 21776
1992;15Oct;4;I've got 5.5 million hard-working people who put me on the ballot, and I belong to them.;Appeal to Emotion;Flag waving;PEROT;15 10 1992;T174;20_1992.ann;23000 23065
1992;15Oct;4;I've got 5.5 million hard-working people who put me on the ballot, and I belong to them.;Appeal to Emotion;Flag waving;PEROT;15 10 1992;T174;20_1992.ann;23000 23065
1992;15Oct;5;And I need the help of everybody across this country to get it passed in a substantial way by the Congress.;Appeal to Authority;Popular Opinion;BUSH;15 10 1992;T182;20_1992.ann;25129 25231
1992;15Oct;5;Mr. Perot wants to do the same thing. I agree with him. I mean, we agree with that.;Appeal to Authority;Popular Opinion;CLINTON;15 10 1992;T226;20_1992.ann;26914 26950
1992;15Oct;5;Mr. Perot wants to do the same thing. I agree with him. I mean, we agree with that.;Appeal to Authority;Popular Opinion;CLINTON;15 10 1992;T226;20_1992.ann;26914 26950
1992;15Oct;5;Mr. Perot wants to do the same thing. I agree with him. I mean, we agree with that.;Appeal to Authority;Popular Opinion;CLINTON;15 10 1992;T226;20_1992.ann;26914 26950
1992;15Oct;5;I'm not a politician, but I think I could go to Washington in a week and get everybody holding hands and get this bill signed because I talk to the Democratic leaders and they want it. I talk to the Republican leaders and they want it.;Appeal to Authority;Without Evidence;PEROT;15 10 1992;T236;20_1992.ann;28522 28679
1992;15Oct;5;I'm not a politician, but I think I could go to Washington in a week and get everybody holding hands and get this bill signed because I talk to the Democratic leaders and they want it. I talk to the Republican leaders and they want it.;Appeal to Authority;Without Evidence;PEROT;15 10 1992;T236;20_1992.ann;28522 28679
1992;15Oct;5;I'm not a politician, but I think I could go to Washington in a week and get everybody holding hands and get this bill signed because I talk to the Democratic leaders and they want it. I talk to the Republican leaders and they want it.;Appeal to Authority;Without Evidence;PEROT;15 10 1992;T236;20_1992.ann;28522 28679
1992;15Oct;5;I'm not a politician, but I think I could go to Washington in a week and get everybody holding hands and get this bill signed because I talk to the Democratic leaders and they want it. I talk to the Republican leaders and they want it.;Appeal to Authority;Without Evidence;PEROT;15 10 1992;T236;20_1992.ann;28522 28679
1992;15Oct;5;And we would target it especially in areas that have been either depressed or which have lost a lot of defense related jobs. There are 200,000 people in California, for example, who have lost their defense related jobs.;Appeal to Emotion;Appeal to pity;CLINTON;15 10 1992;T230;20_1992.ann;27246 27365
1992;15Oct;5;And we would target it especially in areas that have been either depressed or which have lost a lot of defense related jobs. There are 200,000 people in California, for example, who have lost their defense related jobs.;Appeal to Emotion;Appeal to pity;CLINTON;15 10 1992;T230;20_1992.ann;27246 27365
1992;15Oct;5;The facts are though -- the facts are -- the American people are hurting. These people are hurting in the inner cities.;Appeal to Emotion;Flag waving;PEROT;15 10 1992;T254;20_1992.ann;29492 29564
1992;15Oct;5;The facts are though -- the facts are -- the American people are hurting. These people are hurting in the inner cities.;Appeal to Emotion;Flag waving;PEROT;15 10 1992;T254;20_1992.ann;29492 29564
1992;15Oct;5;And so I'm very proud of the way that came about and I think it's a very, very good beginning.;Appeal to Emotion;Loaded Language;BUSH;15 10 1992;T188;20_1992.ann;24202 24288
1992;15Oct;5;awful hard;Appeal to Emotion;Loaded Language;BUSH;15 10 1992;T190;20_1992.ann;24380 24487
1992;15Oct;5;these deadly tenements;Appeal to Emotion;Loaded Language;BUSH;15 10 1992;T198;20_1992.ann;24799 24985
1992;15Oct;5;This is not mud slinging. This is fact slinging -- a bill earlier this year.;Appeal to Emotion;Loaded Language;CLINTON;15 10 1992;T222;20_1992.ann;26651 26675
1992;15Oct;5;This is not mud slinging. This is fact slinging -- a bill earlier this year.;Appeal to Emotion;Loaded Language;CLINTON;15 10 1992;T222;20_1992.ann;26651 26675
1992;15Oct;5;That bill pays for these urban enterprise zones by asking the wealthiest Americans to pay a little more. And that's why he wants to veto it, just like he vetoed an earlier bill this year.;False Cause;False Cause;CLINTON;15 10 1992;T220;20_1992.ann;26463 26566
1992;15Oct;5;That bill pays for these urban enterprise zones by asking the wealthiest Americans to pay a little more. And that's why he wants to veto it, just like he vetoed an earlier bill this year.;False Cause;False Cause;CLINTON;15 10 1992;T220;20_1992.ann;26463 26566
1992;15Oct;6;Right from the bottom up, the American people have got to say they want it.;Appeal to Authority;Popular Opinion;PEROT;15 10 1992;T349;20_1992.ann;37806 37880
1992;15Oct;6;I'm very pleased that the Fraternal Order of Police in Little Rock, Arkansas endorsed me because I think they see I'm trying to strengthen the anti-crime legislation.;Appeal to Authority;Without Evidence;BUSH;15 10 1992;T317;20_1992.ann;35611 35699
1992;15Oct;6;I'm very pleased that the Fraternal Order of Police in Little Rock, Arkansas endorsed me because I think they see I'm trying to strengthen the anti-crime legislation.;Appeal to Authority;Without Evidence;BUSH;15 10 1992;T317;20_1992.ann;35611 35699
1992;15Oct;6;And in our country we have evolved to a point where we've put millions of innocent people in jail because you go to the poor neighborhoods and they've put bars on their windows and bars on their doors and put themselves in jail to protect the things that they acquired legitimately.;Appeal to Emotion;Appeal to pity;PEROT;15 10 1992;T345;20_1992.ann;37431 37606
1992;15Oct;6;And in our country we have evolved to a point where we've put millions of innocent people in jail because you go to the poor neighborhoods and they've put bars on their windows and bars on their doors and put themselves in jail to protect the things that they acquired legitimately.;Appeal to Emotion;Appeal to pity;PEROT;15 10 1992;T345;20_1992.ann;37431 37606
1992;15Oct;6;There is a crime bill which would put more police on the street, which was killed for this session by a filibuster in the Senate, mostly be Republican senators, and I think it's a shame it didn't pass, I think it should be made the law -- but it had the Brady bill in it, the waiting period.;Appeal to Emotion;Loaded Language;CLINTON;15 10 1992;T297;20_1992.ann;33320 33414
1992;15Oct;6;There is a crime bill which would put more police on the street, which was killed for this session by a filibuster in the Senate, mostly be Republican senators, and I think it's a shame it didn't pass, I think it should be made the law -- but it had the Brady bill in it, the waiting period.;Appeal to Emotion;Loaded Language;CLINTON;15 10 1992;T297;20_1992.ann;33320 33414
1992;15Oct;6;There is a crime bill which would put more police on the street, which was killed for this session by a filibuster in the Senate, mostly be Republican senators, and I think it's a shame it didn't pass, I think it should be made the law -- but it had the Brady bill in it, the waiting period.;Appeal to Emotion;Loaded Language;CLINTON;15 10 1992;T297;20_1992.ann;33320 33414
1992;15Oct;6;There is a crime bill which would put more police on the street, which was killed for this session by a filibuster in the Senate, mostly be Republican senators, and I think it's a shame it didn't pass, I think it should be made the law -- but it had the Brady bill in it, the waiting period.;Appeal to Emotion;Loaded Language;CLINTON;15 10 1992;T297;20_1992.ann;33320 33414
1992;15Oct;6;There is a crime bill which would put more police on the street, which was killed for this session by a filibuster in the Senate, mostly be Republican senators, and I think it's a shame it didn't pass, I think it should be made the law -- but it had the Brady bill in it, the waiting period.;Appeal to Emotion;Loaded Language;CLINTON;15 10 1992;T297;20_1992.ann;33320 33414
1992;15Oct;6;But don't just sit here slow dancing for 4 years doing nothing.;Appeal to Emotion;Loaded Language;PEROT;15 10 1992;T353;20_1992.ann;38248 38306
1992;15Oct;6;Some of the states that have the toughest anti-gun laws have the highest levels of crime.;False Cause;False Cause;BUSH;15 10 1992;T328;20_1992.ann;35296 35384
1992;15Oct;7;And I think you get a certain arrogance, bureaucratic arrogance, if people stay there too long.;Ad Hominem;Ad Hominem;BUSH;15 10 1992;T361;20_1992.ann;39189 39279
1992;15Oct;7;If you did that you could take away the incumbents' advantage because challengers like me would have a chance to run against incumbents like him for House races and Senate races;Ad Hominem;Circumstantial Ad Hominem;CLINTON;15 10 1992;T1355;20_1992.ann;40599 40866
1992;15Oct;7;I think the American people want it now. Every place I go I talk about it, and I think they want it done.;Appeal to Authority;Popular Opinion;BUSH;15 10 1992;T367;20_1992.ann;39463 39526
1992;15Oct;7;I think the American people want it now. Every place I go I talk about it, and I think they want it done.;Appeal to Authority;Popular Opinion;BUSH;15 10 1992;T367;20_1992.ann;39463 39526
1992;15Oct;7;a sorry little post office that can't do anything right;Appeal to Emotion;Loaded Language;BUSH;15 10 1992;T360;20_1992.ann;38922 39147
1992;15Oct;7;And so I favor, strongly favor, term limits.;Appeal to Emotion;Loaded Language;BUSH;15 10 1992;T362;20_1992.ann;39288 39324
1992;15Oct;7;I don't think there are any villains, but, boy, is the system rotten.;Appeal to Emotion;Loaded Language;PEROT;15 10 1992;T382;20_1992.ann;42228 42296
1992;15Oct;7;strongly;Appeal to Emotion;Loaded Language;BUSH;15 10 1992;T578;18_1992.ann;77330 77418
1992;15Oct;7;a sorry little post office;Appeal to Emotion;Loaded Language;BUSH;15 10 1992;T360;20_1992.ann;38922 39147
1992;15Oct;7;strongly favor;Appeal to Emotion;Loaded Language;BUSH;15 10 1992;T362;20_1992.ann;39288 39324
1992;15Oct;7;an unfair fight;Appeal to Emotion;Loaded Language;CLINTON;15 10 1992;;16_1992.txt;53499 53514
1992;15Oct;7;I don't think there are any villains, but, boy, is the system rotten;Appeal to Emotion;Loaded Language;PEROT;15 10 1992;T382;20_1992.ann;42228 42296
1992;15Oct;7;For 38 years one party has controlled the House of Representatives, and the result, a sorry little post office that can't do anything right and a bank that has more overdrafts than all the Chase Bank and Citibank put together.;False Cause;False Cause;BUSH;15 10 1992;T360;20_1992.ann;38922 39147
1992;15Oct;7;And I think you get a certain arrogance, bureaucratic arrogance, if people stay there too long.;Slippery Slope;Slippery Slope;BUSH;15 10 1992;T361;20_1992.ann;39189 39279
1992;15Oct;8;Till you change it you're gonna be unhappy.;Appeal to Emotion;Appeal to fear;PEROT;15 10 1992;T475;20_1992.ann;50102 50144
1992;15Oct;8;I've had more people talk to me about their health care problems I guess than anything else, all across America -- you know, people who've lost their jobs, lost their businesses, had to give up their jobs because of sick children.;Appeal to Emotion;Appeal to pity;CLINTON;15 10 1992;T394;20_1992.ann;42708 42844
1992;15Oct;8;So we have to have, in my judgment, a drastic simplification of the basic health insurance policies of this country, be very comprehensive for everybody.;Appeal to Emotion;Loaded Language;CLINTON;15 10 1992;T400;20_1992.ann;43481 43630
1992;15Oct;8;This is very important. It's a big human problem and a devastating economic problem for America, and I'm going to send a plan to do this within the first 100 days of my presidency. It's terribly important.;Appeal to Emotion;Loaded Language;CLINTON;15 10 1992;T413;20_1992.ann;45385 45463
1992;15Oct;8;This is very important. It's a big human problem and a devastating economic problem for America, and I'm going to send a plan to do this within the first 100 days of my presidency. It's terribly important.;Appeal to Emotion;Loaded Language;CLINTON;15 10 1992;T413;20_1992.ann;45385 45463
1992;15Oct;8;This is very important. It's a big human problem and a devastating economic problem for America, and I'm going to send a plan to do this within the first 100 days of my presidency. It's terribly important.;Appeal to Emotion;Loaded Language;CLINTON;15 10 1992;T413;20_1992.ann;45385 45463
1992;15Oct;8;This is very important. It's a big human problem and a devastating economic problem for America, and I'm going to send a plan to do this within the first 100 days of my presidency. It's terribly important.;Appeal to Emotion;Loaded Language;CLINTON;15 10 1992;T413;20_1992.ann;45385 45463
1992;15Oct;8;It costs $20-25 billion a year, and I want to see those outrageous claims capped.;Appeal to Emotion;Loaded Language;BUSH;15 10 1992;T425;20_1992.ann;46087 46131
1992;15Oct;8;It costs $20-25 billion a year, and I want to see those outrageous claims capped.;Appeal to Emotion;Loaded Language;BUSH;15 10 1992;T425;20_1992.ann;46087 46131
1992;15Oct;9;And I read in the bulletin about teenage pregnancies, about the difficulties that families are having to make ends meet. I talk to parents. I mean, you've got to care. Everybody cares if people aren't doing well.;Appeal to Emotion;Appeal to pity;BUSH;15 10 1992;T931;20_1992.ann;3031 3146
1992;15Oct;9;And I read in the bulletin about teenage pregnancies, about the difficulties that families are having to make ends meet. I talk to parents. I mean, you've got to care. Everybody cares if people aren't doing well.;Appeal to Emotion;Appeal to pity;BUSH;15 10 1992;T931;20_1992.ann;3031 3146
1992;15Oct;9;And I read in the bulletin about teenage pregnancies, about the difficulties that families are having to make ends meet. I talk to parents. I mean, you've got to care. Everybody cares if people aren't doing well.;Appeal to Emotion;Appeal to pity;BUSH;15 10 1992;T931;20_1992.ann;3031 3146
1992;15Oct;9;And I read in the bulletin about teenage pregnancies, about the difficulties that families are having to make ends meet. I talk to parents. I mean, you've got to care. Everybody cares if people aren't doing well.;Appeal to Emotion;Appeal to pity;BUSH;15 10 1992;T931;20_1992.ann;3031 3146
1992;15Oct;9;I see people in my state, middle class people -- their taxes have gone up in Washington and their services have gone down while the wealthy have gotten tax cuts.;Appeal to Emotion;Appeal to pity;CLINTON;15 10 1992;T944;20_1992.ann;4330 4490
1992;15Oct;9;And I've been out here for 13 months meeting in meetings just like this ever since October, with people like you all over America, people that have lost their jobs, lost their livelihood, lost their health insurance.;Appeal to Emotion;Appeal to pity;CLINTON;15 10 1992;T948;20_1992.ann;4747 4958
1992;15Oct;9;Nobody's been luckier than I've been, all the way across the spectrum, and the greatest riches of all are my wife and children.;Appeal to Emotion;Loaded Language;PEROT;15 10 1992;T917;20_1992.ann;860 929
1992;15Oct;9;Nobody's been luckier than I've been, all the way across the spectrum, and the greatest riches of all are my wife and children.;Appeal to Emotion;Loaded Language;PEROT;15 10 1992;T917;20_1992.ann;860 929
1992;15Oct;10;It is absolutely essential in terms of bringing our banking system and credit system into the new age instead of having it living back in the dark ages. And it's a big fight.;Appeal to Emotion;Loaded Language;BUSH;15 10 1992;T551;20_1992.ann;2338 2489
1992;15Oct;10;The reason Medicare and Medicaid are a mess is we froze them.;False Cause;False Cause;PEROT;15 10 1992;T556;20_1992.ann;3639 3699
1992;15Oct;11;"Russia is still very unstable; they could go back to square one, and worse.";Appeal to Emotion;Appeal to fear;PEROT;15 10 1992;T636;20_1992.ann;3099 3173
1992;15Oct;11;It's the US that's taken the lead in humanitarian aid into Bosnia. We're doing this all around the world.;Appeal to Emotion;Flag waving;BUSH;15 10 1992;T620;20_1992.ann;1680 1745
1992;15Oct;11;It's the US that's taken the lead in humanitarian aid into Bosnia. We're doing this all around the world.;Appeal to Emotion;Flag waving;BUSH;15 10 1992;T620;20_1992.ann;1680 1745
1992;15Oct;11;Right this very minute we're sending supplies in to help these little starving kids in Somalia.;Appeal to Emotion;Loaded Language;BUSH;15 10 1992;T615;20_1992.ann;1584 1678
1992;15Oct;11;The end of the Cold War brings an incredible opportunity for change.;Appeal to Emotion;Loaded Language;CLINTON;15 10 1992;T655;20_1992.ann;4950 5017
1992;15Oct;11;Since I became president, 43, 44 countries have gone democratic, no longer totalitarian, no longer living under dictatorship or communist rule.;False Cause;False Cause;BUSH;15 10 1992;T608;20_1992.ann;377 519
1992;15Oct;11;If we're not an economic superpower, we're a used to be and we will no longer be a force for good throughout the world.;Slippery Slope;Slippery Slope;PEROT;15 10 1992;T652;20_1992.ann;4449 4507
1992;15Oct;11;If we're not an economic superpower, we're a used to be and we will no longer be a force for good throughout the world.;Slippery Slope;Slippery Slope;PEROT;15 10 1992;T652;20_1992.ann;4449 4507
1992;15Oct;13;And you know, according to my mother and my wife and my daughter, this world would be a lot better place if women were running it most of the time.;Appeal to Authority;False Authority;CLINTON;15 10 1992;T826;20_1992.ann;1296 1428
1992;15Oct;14;It happened because I could work with people -- Republicans and Democrats. That's why we've had 24 retired generals and admirals, hundreds of business people, many of them Republican, support this campaign.;Appeal to Authority;Popular Opinion;CLINTON;15 10 1992;T878;20_1992.ann;6043 6173
1992;15Oct;14;It happened because I could work with people -- Republicans and Democrats. That's why we've had 24 retired generals and admirals, hundreds of business people, many of them Republican, support this campaign.;Appeal to Authority;Popular Opinion;CLINTON;15 10 1992;T878;20_1992.ann;6043 6173
1992;15Oct;14;It happened because I could work with people -- Republicans and Democrats. That's why we've had 24 retired generals and admirals, hundreds of business people, many of them Republican, support this campaign.;Appeal to Authority;Popular Opinion;CLINTON;15 10 1992;T878;20_1992.ann;6043 6173
1992;15Oct;14;And I beg the American people, any time they think about reforming education to take this piece of society that doesn't have a chance and take these little pieces of clay that can be shaped and molded and give them the same love and nurture and affection and support you give your children and teach them that they're unique and that they're precious and that there's only one person in the world like them and you will see this nation bloom.;Appeal to Emotion;Loaded Language;PEROT;15 10 1992;T864;20_1992.ann;3516 3953
1992;15Oct;14;Now, finally, if you can't pay the bills you're dead in the water.;Appeal to Emotion;Loaded Language;PEROT;15 10 1992;T865;20_1992.ann;4062 4113
1996;06Oct;1;I remember getting my future back from doctors and nurses and a doctor in Chicago named Dr. Kalikian . And ever since that time, I've tried to give something back to my country, to the people who are watching us tonight.;Appeal to Emotion;Appeal to pity;DOLE;6 10 1996;T17;22_1996.ann;3714 3826
1996;06Oct;1;I remember getting my future back from doctors and nurses and a doctor in Chicago named Dr. Kalikian . And ever since that time, I've tried to give something back to my country, to the people who are watching us tonight.;Appeal to Emotion;Appeal to pity;DOLE;6 10 1996;T17;22_1996.ann;3714 3826
1996;06Oct;1;America is the greatest place on the face of the earth.;Appeal to Emotion;Loaded Language;DOLE;6 10 1996;T15;22_1996.ann;3829 3883
1996;06Oct;1;But I do think we are right when we try to, for example, give mothers and newborns 48 hours before they can be kicked out of the hospital, ending these drive-by deliveries.;Appeal to Emotion;Loaded Language;CLINTON;6 10 1996;T57;22_1996.ann;7498 7665
1996;06Oct;2;We ask the people that are viewing tonight, are you better off than you were four years ago.;Appeal to Authority;Popular Opinion;DOLE;6 10 1996;T1113;22_1996.ann;10931 11023
1996;06Oct;2;They're working harder and higher and harder paying more taxes.;Appeal to Emotion;Loaded Language;DOLE;6 10 1996;T75;22_1996.ann;9044 9106
1996;06Oct;3;Stop scaring the seniors, Mr. President. You've already spent $45 million scaring seniors and tearing me apart. I think it's time to have a truce.;Ad Hominem;Circumstantial Ad Hominem;DOLE;6 10 1996;T135;22_1996.ann;14456 14525
1996;06Oct;3;Stop scaring the seniors, Mr. President. You've already spent $45 million scaring seniors and tearing me apart. I think it's time to have a truce.;Ad Hominem;Circumstantial Ad Hominem;DOLE;6 10 1996;T135;22_1996.ann;14456 14525
1996;06Oct;3;In fact, I used to go home, my mother would tell me, Bob, all I've got is my Social Security and my Medicare, don't cut it. I wouldn't violate anything my mother said. In fact, we had a conversation about our mothers one day, a very poignant conversation in the White House. I'm concerned about healthcare.;Appeal to Authority;False Authority;DOLE;6 10 1996;T123;22_1996.ann;13594 13707
1996;06Oct;3;In fact, I used to go home, my mother would tell me, Bob, all I've got is my Social Security and my Medicare, don't cut it. I wouldn't violate anything my mother said. In fact, we had a conversation about our mothers one day, a very poignant conversation in the White House. I'm concerned about healthcare.;Appeal to Authority;False Authority;DOLE;6 10 1996;T123;22_1996.ann;13594 13707
1996;06Oct;3;In fact, I used to go home, my mother would tell me, Bob, all I've got is my Social Security and my Medicare, don't cut it. I wouldn't violate anything my mother said. In fact, we had a conversation about our mothers one day, a very poignant conversation in the White House. I'm concerned about healthcare.;Appeal to Authority;False Authority;DOLE;6 10 1996;T123;22_1996.ann;13594 13707
1996;06Oct;3;It's his trustees, the President's trustees, not mine, who says it's going to go broke.;Appeal to Authority;Without Evidence;DOLE;6 10 1996;T130;22_1996.ann;14015 14101
1996;06Oct;3;First of all, remember that in this campaign season, since Senator Dole's been a candidate, he has bragged about the fact that he voted against Medicare in the beginning, in 1965, one of only 12 members.;Appeal to Emotion;Appeal to Emotion;CLINTON;6 10 1996;T108;22_1996.ann;11859 12033
1996;06Oct;3;But it was simply wrong to finance their last scheme to cut Medicare $270 billion to run the risk of it withering on the vine.;Appeal to Emotion;Loaded Language;CLINTON;6 10 1996;T117;22_1996.ann;13071 13192
1996;06Oct;3;But it was simply wrong to finance their last scheme to cut Medicare $270 billion to run the risk of it withering on the vine.;Appeal to Emotion;Loaded Language;CLINTON;6 10 1996;T117;22_1996.ann;13071 13192
1996;06Oct;3;tearing me apart;Appeal to Emotion;Loaded Language;DOLE;6 10 1996;T135;22_1996.ann;14456 14525
1996;06Oct;3;But it won't be possible to do, if his tax scheme passes because even his own campaign co-chair, Senator D'Amato, says he'll have to cut Medicare even more than was cut in the bill that I vetoed.;False Cause;False Cause;CLINTON;6 10 1996;T139;22_1996.ann;14826 14950
1996;06Oct;3;But it won't be possible to do, if his tax scheme passes because even his own campaign co-chair, Senator D'Amato, says he'll have to cut Medicare even more than was cut in the bill that I vetoed.;False Cause;False Cause;CLINTON;6 10 1996;T139;22_1996.ann;14826 14950
1996;06Oct;4;Well, here's the problem with it: It sounds very good, but there's a reason that 500 economists, including seven Nobel prize winners and business periodicals like Business Week, and even Senator Dole's friends, Senator Warren Rudman, former Republican senator from New Hampshire, says it's not a practical program.;Appeal to Authority;Popular Opinion;CLINTON;6 10 1996;T166;22_1996.ann;16967 17199
1996;06Oct;4;Well, here's the problem with it: It sounds very good, but there's a reason that 500 economists, including seven Nobel prize winners and business periodicals like Business Week, and even Senator Dole's friends, Senator Warren Rudman, former Republican senator from New Hampshire, says it's not a practical program.;Appeal to Authority;Popular Opinion;CLINTON;6 10 1996;T166;22_1996.ann;16967 17199
1996;06Oct;4;He twisted arms and got six Democrats to vote the other way, but we lost by one vote.;Appeal to Emotion;Loaded Language;DOLE;6 10 1996;T155;22_1996.ann;16134 16218
1996;06Oct;5;It seems to me that you have a selective memory.;Ad Hominem;Ad Hominem;DOLE;6 10 1996;T247;22_1996.ann;24724 24751
1996;06Oct;5;It seems to me that you have a selective memory.;Ad Hominem;Ad Hominem;DOLE;6 10 1996;T247;22_1996.ann;24724 24751
1996;06Oct;5;I strongly supported it. And members of Senator Dole's own party in the Senate killed it. And he was not out there urging them to vote for the McCain-Feingold bill.;Ad Hominem;Circumstantial Ad Hominem;CLINTON;6 10 1996;T258;22_1996.ann;25728 25797
1996;06Oct;5;I strongly supported it. And members of Senator Dole's own party in the Senate killed it. And he was not out there urging them to vote for the McCain-Feingold bill.;Ad Hominem;Circumstantial Ad Hominem;CLINTON;6 10 1996;T258;22_1996.ann;25728 25797
1996;06Oct;5;I strongly supported it. And members of Senator Dole's own party in the Senate killed it. And he was not out there urging them to vote for the McCain-Feingold bill.;Ad Hominem;Circumstantial Ad Hominem;CLINTON;6 10 1996;T258;22_1996.ann;25728 25797
1996;06Oct;5;Secondly, Senator Dole had some pretty harsh comments about special interest money, but it wasn't me who opposed what we tried to do to save the lives of children who were subject to tobacco and then went to the tobacco growers and bragged about standing up for the Federal government when we tried to stop the advertising, marketing, and sales of tobacco to children. And it wasn't me that let the polluters actually come into the halls of Congress, into the rooms, and rewrite the environmental laws. That's what Speaker Gingrich and Senator Dole did, not me.;Ad Hominem;Tu quoque;CLINTON;6 10 1996;T213;22_1996.ann;22076 22355
1996;06Oct;5;Secondly, Senator Dole had some pretty harsh comments about special interest money, but it wasn't me who opposed what we tried to do to save the lives of children who were subject to tobacco and then went to the tobacco growers and bragged about standing up for the Federal government when we tried to stop the advertising, marketing, and sales of tobacco to children. And it wasn't me that let the polluters actually come into the halls of Congress, into the rooms, and rewrite the environmental laws. That's what Speaker Gingrich and Senator Dole did, not me.;Ad Hominem;Tu quoque;CLINTON;6 10 1996;T213;22_1996.ann;22076 22355
1996;06Oct;5;Secondly, Senator Dole had some pretty harsh comments about special interest money, but it wasn't me who opposed what we tried to do to save the lives of children who were subject to tobacco and then went to the tobacco growers and bragged about standing up for the Federal government when we tried to stop the advertising, marketing, and sales of tobacco to children. And it wasn't me that let the polluters actually come into the halls of Congress, into the rooms, and rewrite the environmental laws. That's what Speaker Gingrich and Senator Dole did, not me.;Ad Hominem;Tu quoque;CLINTON;6 10 1996;T213;22_1996.ann;22076 22355
1996;06Oct;5;So I think the American people, including the Perot supporters, know that I have had a consistent record in favor of campaign finance reform, and I will continue to have.;Appeal to Authority;Popular Opinion;CLINTON;6 10 1996;T248;22_1996.ann;25802 25939
1996;06Oct;5;So I think the American people, including the Perot supporters, know that I have had a consistent record in favor of campaign finance reform, and I will continue to have.;Appeal to Authority;Popular Opinion;CLINTON;6 10 1996;T248;22_1996.ann;25802 25939
1996;06Oct;5;They know the Republican Party hasn't done it. They know the Democratic party won't do it. We ought to agree that somebody else should do it. And we have to vote it up or down, Mr. President.;Appeal to Authority;Popular Opinion;DOLE;6 10 1996;T265;22_1996.ann;26571 26620
1996;06Oct;5;They know the Republican Party hasn't done it. They know the Democratic party won't do it. We ought to agree that somebody else should do it. And we have to vote it up or down, Mr. President.;Appeal to Authority;Popular Opinion;DOLE;6 10 1996;T265;22_1996.ann;26571 26620
1996;06Oct;5;They know the Republican Party hasn't done it. They know the Democratic party won't do it. We ought to agree that somebody else should do it. And we have to vote it up or down, Mr. President.;Appeal to Authority;Popular Opinion;DOLE;6 10 1996;T265;22_1996.ann;26571 26620
1996;06Oct;5;You're putting a lot of business people out of business. Small businessmen and businesswomen who paid 70 percent of your ninteen , your$265 billion tax increase, the largest tax increase in the history of America. I said that one day and Pat Moynihan, a Democrat, say, no, he said, in the history of the world. So I modified it, the largest tax increase in the history of the world.;Appeal to Authority;Without Evidence;DOLE;6 10 1996;T204;22_1996.ann;21304 21459
1996;06Oct;5;You're putting a lot of business people out of business. Small businessmen and businesswomen who paid 70 percent of your ninteen , your$265 billion tax increase, the largest tax increase in the history of America. I said that one day and Pat Moynihan, a Democrat, say, no, he said, in the history of the world. So I modified it, the largest tax increase in the history of the world.;Appeal to Authority;Without Evidence;DOLE;6 10 1996;T204;22_1996.ann;21304 21459
1996;06Oct;5;You're putting a lot of business people out of business. Small businessmen and businesswomen who paid 70 percent of your ninteen , your$265 billion tax increase, the largest tax increase in the history of America. I said that one day and Pat Moynihan, a Democrat, say, no, he said, in the history of the world. So I modified it, the largest tax increase in the history of the world.;Appeal to Authority;Without Evidence;DOLE;6 10 1996;T204;22_1996.ann;21304 21459
1996;06Oct;5;I had a person in the Oval Office who lost a child in a school bus accident where a drunk driver caused the accident directly, but there were problems with the school bus. The drunk driver had no money. Under the new bill, if I had signed it, a person like that could never have had any recovery. I thought that was wrong.;Appeal to Emotion;Appeal to pity;CLINTON;6 10 1996;T197;22_1996.ann;19529 19699
1996;06Oct;5;I had a person in the Oval Office who lost a child in a school bus accident where a drunk driver caused the accident directly, but there were problems with the school bus. The drunk driver had no money. Under the new bill, if I had signed it, a person like that could never have had any recovery. I thought that was wrong.;Appeal to Emotion;Appeal to pity;CLINTON;6 10 1996;T197;22_1996.ann;19529 19699
1996;06Oct;5;I had a person in the Oval Office who lost a child in a school bus accident where a drunk driver caused the accident directly, but there were problems with the school bus. The drunk driver had no money. Under the new bill, if I had signed it, a person like that could never have had any recovery. I thought that was wrong.;Appeal to Emotion;Appeal to pity;CLINTON;6 10 1996;T197;22_1996.ann;19529 19699
1996;06Oct;5;I had a person in the Oval Office who lost a child in a school bus accident where a drunk driver caused the accident directly, but there were problems with the school bus. The drunk driver had no money. Under the new bill, if I had signed it, a person like that could never have had any recovery. I thought that was wrong.;Appeal to Emotion;Appeal to pity;CLINTON;6 10 1996;T197;22_1996.ann;19529 19699
1996;06Oct;5;So after Speaker Gingrich and Senator Dole took over the Congress, I went to New Hampshire and a man suggested -- a gentleman that unfortunately just passed away a couple of days ago, suggested that we appoint a commission. And I shook hands with him on it and I appointed my members, and the commission never met.;Appeal to Emotion;Appeal to pity;CLINTON;6 10 1996;T253;22_1996.ann;25151 25373
1996;06Oct;5;So after Speaker Gingrich and Senator Dole took over the Congress, I went to New Hampshire and a man suggested -- a gentleman that unfortunately just passed away a couple of days ago, suggested that we appoint a commission. And I shook hands with him on it and I appointed my members, and the commission never met.;Appeal to Emotion;Appeal to pity;CLINTON;6 10 1996;T253;22_1996.ann;25151 25373
1996;06Oct;5;Now, we're now kidding anybody, Mr. President. These are sophisticated people watching tonight. Millions and millions of Americans.;Appeal to Emotion;Loaded Language;DOLE;6 10 1996;T263;22_1996.ann;26395 26442
1996;06Oct;5;Now, we're now kidding anybody, Mr. President. These are sophisticated people watching tonight. Millions and millions of Americans.;Appeal to Emotion;Loaded Language;DOLE;6 10 1996;T263;22_1996.ann;26395 26442
1996;06Oct;6;Again, well it's, you are very selective, Mr. President.;Ad Hominem;Name-Calling, Labeling;DOLE;6 10 1996;T287;22_1996.ann;28577 28614
1996;06Oct;6;But let me remind you, my family has suffered from drug abuse. I know what it's like to see somebody you love nearly lose their lives, and I hate drugs, Senator. We need to do this together and we can.;Appeal to Emotion;Appeal to pity;CLINTON;6 10 1996;T309;22_1996.ann;30379 30449
1996;06Oct;6;But let me remind you, my family has suffered from drug abuse. I know what it's like to see somebody you love nearly lose their lives, and I hate drugs, Senator. We need to do this together and we can.;Appeal to Emotion;Appeal to pity;CLINTON;6 10 1996;T309;22_1996.ann;30379 30449
1996;06Oct;6;But let me remind you, my family has suffered from drug abuse. I know what it's like to see somebody you love nearly lose their lives, and I hate drugs, Senator. We need to do this together and we can.;Appeal to Emotion;Appeal to pity;CLINTON;6 10 1996;T309;22_1996.ann;30379 30449
1996;06Oct;6;But let me remind you, my family has suffered from drug abuse. I know what it's like to see somebody you love nearly lose their lives, and I hate drugs, Senator. We need to do this together and we can.;Appeal to Emotion;Appeal to pity;CLINTON;6 10 1996;T309;22_1996.ann;30379 30449
1996;06Oct;6;our nation's drug czar;Appeal to Emotion;Loaded Language;CLINTON;6 10 1996;T274;22_1996.ann;27316 27456
1996;06Oct;6;We have dramatically increased control and enforcement at the border.;Appeal to Emotion;Loaded Language;CLINTON;6 10 1996;T277;22_1996.ann;27573 27641
1996;06Oct;6;You resisted the appointment of a drug czar there because you thought it might interfere with treatment.;False Cause;False Cause;DOLE;6 10 1996;T294;22_1996.ann;29008 29111
1996;06Oct;6;Then when we had the assault weapons ban in the Senate, Senator Dole fought it bitterly and opposed the entire crime bill and almost brought the entire crime bill down because the National Rifle Association didn't want the assault weapons ban, just like they didn't want the Brady Bill.;False Cause;False Cause;CLINTON;6 10 1996;T347;22_1996.ann;33081 33361
1996;06Oct;7;So Congress passes the law, the President signs it, like he does a lot of things. But he, like welfare reform, I'm going to sign it but I'm going to try to change it next year.;Ad Hominem;Circumstantial Ad Hominem;DOLE;6 10 1996;T489;22_1996.ann;44481 44570
1996;06Oct;7;So Congress passes the law, the President signs it, like he does a lot of things. But he, like welfare reform, I'm going to sign it but I'm going to try to change it next year.;Ad Hominem;Circumstantial Ad Hominem;DOLE;6 10 1996;T489;22_1996.ann;44481 44570
1996;06Oct;7;Senator Dole remembers well that we actually offered not to even put in a healthcare bill in 1994, uh '93, but instead to work with the Senate Republicans and write a joint bill. And they said no because they got a memo from one of their political advisers saying that instead they should characterize whatever we did as big government and make sure nothing was done to aid healthcare before the '94 elections so they could make that claim.;Ad Hominem;Circumstantial Ad Hominem;CLINTON;6 10 1996;T524;22_1996.ann;47787 48022
1996;06Oct;7;Senator Dole remembers well that we actually offered not to even put in a healthcare bill in 1994, uh '93, but instead to work with the Senate Republicans and write a joint bill. And they said no because they got a memo from one of their political advisers saying that instead they should characterize whatever we did as big government and make sure nothing was done to aid healthcare before the '94 elections so they could make that claim.;Ad Hominem;Circumstantial Ad Hominem;CLINTON;6 10 1996;T524;22_1996.ann;47787 48022
1996;06Oct;7;Senator Dole remembers well that we actually offered not to even put in a healthcare bill in 1994, uh '93, but instead to work with the Senate Republicans and write a joint bill. And they said no because they got a memo from one of their political advisers saying that instead they should characterize whatever we did as big government and make sure nothing was done to aid healthcare before the '94 elections so they could make that claim.;Ad Hominem;Circumstantial Ad Hominem;CLINTON;6 10 1996;T524;22_1996.ann;47787 48022
1996;06Oct;7;Senator Dole remembers well that we actually offered not to even put in a healthcare bill in 1994, uh '93, but instead to work with the Senate Republicans and write a joint bill. And they said no because they got a memo from one of their political advisers saying that instead they should characterize whatever we did as big government and make sure nothing was done to aid healthcare before the '94 elections so they could make that claim.;Ad Hominem;Circumstantial Ad Hominem;CLINTON;6 10 1996;T524;22_1996.ann;47787 48022
1996;06Oct;7;And everybody knows, including the Wall Street Journal, hardly a friend of the Democratic party of this administration, that the '82 tax increase he sponsored in inflation-adjusted dollars was the biggest tax increase in American history.;Appeal to Authority;Popular Opinion;CLINTON;6 10 1996;T499;22_1996.ann;45421 45654
1996;06Oct;7;And everybody knows, including the Wall Street Journal, hardly a friend of the Democratic party of this administration, that the '82 tax increase he sponsored in inflation-adjusted dollars was the biggest tax increase in American history.;Appeal to Authority;Popular Opinion;CLINTON;6 10 1996;T499;22_1996.ann;45421 45654
1996;06Oct;7;His running mate Jack Kemp once said that Bob Dole never met a tax he didn't hike.;Appeal to Authority;Without Evidence;CLINTON;6 10 1996;T498;22_1996.ann;45334 45415
1996;06Oct;7;Well, the president's own CIA director says Saddam is stronger now than he was.;Appeal to Authority;Without Evidence;DOLE;6 10 1996;T554;22_1996.ann;51041 51113
1996;06Oct;7;Well, the president's own CIA director says Saddam is stronger now than he was.;Appeal to Authority;Without Evidence;DOLE;6 10 1996;T554;22_1996.ann;51041 51113
1996;06Oct;7;Prime Minister Rabin gave his life because someone in his own country literally hated him for trying to bring peace. I would like to have had a big, organized summit, but those people were killing each other, rapidly, innocent Arab children, innocent Israeli people, they were dying.;Appeal to Emotion;Appeal to pity;CLINTON;6 10 1996;T601;22_1996.ann;54838 55003
1996;06Oct;7;Prime Minister Rabin gave his life because someone in his own country literally hated him for trying to bring peace. I would like to have had a big, organized summit, but those people were killing each other, rapidly, innocent Arab children, innocent Israeli people, they were dying.;Appeal to Emotion;Appeal to pity;CLINTON;6 10 1996;T601;22_1996.ann;54838 55003
1996;06Oct;7;Thirdly, in Bosnia it's a virtual miracle that there has been no return to war and at least there has now been an election.;Appeal to Emotion;Loaded Language;CLINTON;6 10 1996;T407;22_1996.ann;38064 38177
1996;06Oct;7;Thirdly, in Bosnia it's a virtual miracle that there has been no return to war and at least there has now been an election.;Appeal to Emotion;Loaded Language;CLINTON;6 10 1996;T407;22_1996.ann;38064 38177
1996;06Oct;7;We provide the leadership and we're going to have to continue to provide the leadership, but let's do it on our terms when our interests are involved and not when somebody blows the whistle at the United Nations.;Appeal to Emotion;Loaded Language;DOLE;6 10 1996;T431;22_1996.ann;40323 40441
1996;06Oct;7;We provide the leadership and we're going to have to continue to provide the leadership, but let's do it on our terms when our interests are involved and not when somebody blows the whistle at the United Nations.;Appeal to Emotion;Loaded Language;DOLE;6 10 1996;T431;22_1996.ann;40323 40441
1996;06Oct;7;We provide the leadership and we're going to have to continue to provide the leadership, but let's do it on our terms when our interests are involved and not when somebody blows the whistle at the United Nations.;Appeal to Emotion;Loaded Language;DOLE;6 10 1996;T431;22_1996.ann;40323 40441
1996;06Oct;7;We provide the leadership and we're going to have to continue to provide the leadership, but let's do it on our terms when our interests are involved and not when somebody blows the whistle at the United Nations.;Appeal to Emotion;Loaded Language;DOLE;6 10 1996;T431;22_1996.ann;40323 40441
1996;06Oct;7;Our military is the strongest military in the world. It is the strongest, best prepared, best equipped it has ever been.;Appeal to Emotion;Loaded Language;CLINTON;6 10 1996;T440;22_1996.ann;40454 40505
1996;06Oct;7;Our military is the strongest military in the world. It is the strongest, best prepared, best equipped it has ever been.;Appeal to Emotion;Loaded Language;CLINTON;6 10 1996;T440;22_1996.ann;40454 40505
1996;06Oct;7;Our military is the strongest military in the world. It is the strongest, best prepared, best equipped it has ever been.;Appeal to Emotion;Loaded Language;CLINTON;6 10 1996;T440;22_1996.ann;40454 40505
1996;06Oct;7;Our military is the strongest military in the world. It is the strongest, best prepared, best equipped it has ever been.;Appeal to Emotion;Loaded Language;CLINTON;6 10 1996;T440;22_1996.ann;40454 40505
1996;06Oct;7;I believe the United States is at peace tonight in part because of the disciplined, careful, effective deployment of our military resources.;Appeal to Emotion;Loaded Language;CLINTON;6 10 1996;T444;22_1996.ann;41504 41643
1996;06Oct;7;In 1992, before I became President, the Congress passed the Cuba Democracy Act and I enforced it vigorously.;Appeal to Emotion;Loaded Language;CLINTON;6 10 1996;T469;22_1996.ann;42906 43013
1996;06Oct;7;Most people want to see their own doctor. They're going to see their own doctor when Bob Dole is president. We won't threaten anybody.;Appeal to Emotion;Loaded Language;DOLE;6 10 1996;T506;22_1996.ann;46608 46672
1996;06Oct;7;Most people want to see their own doctor. They're going to see their own doctor when Bob Dole is president. We won't threaten anybody.;Appeal to Emotion;Loaded Language;DOLE;6 10 1996;T506;22_1996.ann;46608 46672
1996;06Oct;7;Most people want to see their own doctor. They're going to see their own doctor when Bob Dole is president. We won't threaten anybody.;Appeal to Emotion;Loaded Language;DOLE;6 10 1996;T506;22_1996.ann;46608 46672
1996;06Oct;7;Most people want to see their own doctor. They're going to see their own doctor when Bob Dole is president. We won't threaten anybody.;Appeal to Emotion;Loaded Language;DOLE;6 10 1996;T506;22_1996.ann;46608 46672
1996;06Oct;7;this massive, massive takeover by the Federal government;Appeal to Emotion;Loaded Language;DOLE;6 10 1996;T515;22_1996.ann;47113 47251
1996;06Oct;7;withering on the vine;Appeal to Emotion;Loaded Language;CLINTON;6 10 1996;T529;22_1996.ann;48471 48618
1996;06Oct;7;But, let's start with Somalia, where they dragged Americans through the streets, and where 18 Americans were killed one day, because they didn't have, they were pinned down for eight hours, the rangers.;False Cause;False Cause;DOLE;6 10 1996;T388;22_1996.ann;36393 36589
1996;06Oct;8;So it seems to me that we can talk about what we call Kenny, the great exaggerator. He just liked to make it sound exager, a little better, made him feel better.;Ad Hominem;Name-Calling, Labeling;DOLE;6 10 1996;T1146;22_1996.ann;58613 58695
1996;06Oct;8;So it seems to me that we can talk about what we call Kenny, the great exaggerator. He just liked to make it sound exager, a little better, made him feel better.;Ad Hominem;Name-Calling, Labeling;DOLE;6 10 1996;T1146;22_1996.ann;58613 58695
1996;06Oct;8;The American people can make up their mind about whether that's a liberal record or a record that's good for America. Liberal, conservative, you put whatever label you want on it.;Appeal to Authority;Popular Opinion;CLINTON;6 10 1996;T794;22_1996.ann;71206 71322
1996;06Oct;8;The American people can make up their mind about whether that's a liberal record or a record that's good for America. Liberal, conservative, you put whatever label you want on it.;Appeal to Authority;Popular Opinion;CLINTON;6 10 1996;T794;22_1996.ann;71206 71322
1996;06Oct;8;Go back to the time he was, what, Texas director for George McGovern. George McGovern is a friend of mine, so I don't mean, but he was a liberal, proud liberal.;Appeal to Authority;Without Evidence;DOLE;6 10 1996;T835;22_1996.ann;73967 74056
1996;06Oct;8;Go back to the time he was, what, Texas director for George McGovern. George McGovern is a friend of mine, so I don't mean, but he was a liberal, proud liberal.;Appeal to Authority;Without Evidence;DOLE;6 10 1996;T835;22_1996.ann;73967 74056
1996;06Oct;8;But I believe America is the greatest country in human history because we have maintained freedom and increasing prosperity by relentlessly pushing the barriers of knowledge, the barriers of the present, always moving into the future.;Appeal to Emotion;Flag waving;CLINTON;6 10 1996;T610;22_1996.ann;56817 56979
1996;06Oct;8;But I believe America is the greatest country in human history because we have maintained freedom and increasing prosperity by relentlessly pushing the barriers of knowledge, the barriers of the present, always moving into the future.;Appeal to Emotion;Flag waving;CLINTON;6 10 1996;T610;22_1996.ann;56817 56979
1996;06Oct;8;But I believe America is the greatest country in human history because we have maintained freedom and increasing prosperity by relentlessly pushing the barriers of knowledge, the barriers of the present, always moving into the future.;Appeal to Emotion;Flag waving;CLINTON;6 10 1996;T610;22_1996.ann;56817 56979
1996;06Oct;8;The American people should make up their own mind.;Appeal to Emotion;Flag waving;CLINTON;6 10 1996;T786;22_1996.ann;70603 70652
1996;06Oct;8;I've worked on the food stamp program, proudly.;Appeal to Emotion;Loaded Language;DOLE;6 10 1996;T658;22_1996.ann;60631 60677
1996;06Oct;8;It's going to be a big, big opportunity for a lot of people.;Appeal to Emotion;Loaded Language;DOLE;6 10 1996;T668;22_1996.ann;61758 61817
1996;06Oct;8;Some schools aren't safe. Some schools aren't even safe. Your choice is nothing.;Appeal to Emotion;Loaded Language;DOLE;6 10 1996;T741;22_1996.ann;66648 66677
1996;06Oct;8;Some schools aren't safe. Some schools aren't even safe. Your choice is nothing.;Appeal to Emotion;Loaded Language;DOLE;6 10 1996;T741;22_1996.ann;66648 66677
1996;06Oct;8;Some schools aren't safe. Some schools aren't even safe. Your choice is nothing.;Appeal to Emotion;Loaded Language;DOLE;6 10 1996;T741;22_1996.ann;66648 66677
1996;06Oct;8;And you know this liberal charge, that's what their party always drags out when they get in a tight race. It's sort of their golden oldie, you know.;Appeal to Emotion;Loaded Language;CLINTON;6 10 1996;T783;22_1996.ann;70345 70436
1996;06Oct;8;And you know this liberal charge, that's what their party always drags out when they get in a tight race. It's sort of their golden oldie, you know.;Appeal to Emotion;Loaded Language;CLINTON;6 10 1996;T783;22_1996.ann;70345 70436
1996;06Oct;8;And you know this liberal charge, that's what their party always drags out when they get in a tight race. It's sort of their golden oldie, you know.;Appeal to Emotion;Loaded Language;CLINTON;6 10 1996;T783;22_1996.ann;70345 70436
1996;06Oct;8;If he gets elected president, we'll start the new century without anyone in the cabinet of the President representing education in our children.;Slippery Slope;Slippery Slope;CLINTON;6 10 1996;T644;22_1996.ann;59747 59860
1996;06Oct;8;If he gets elected president, we'll start the new century without anyone in the cabinet of the President representing education in our children.;Slippery Slope;Slippery Slope;CLINTON;6 10 1996;T644;22_1996.ann;59747 59860
1996;06Oct;9;He talks about a smaller government. There are actually more people in government except for people in defense related jobs. They're gone. The government's bigger than it was when President Kennedy was around, even though he says it's not.;Ad Hominem;Circumstantial Ad Hominem;DOLE;6 10 1996;T1006;22_1996.ann;88497 88583
1996;06Oct;9;He talks about a smaller government. There are actually more people in government except for people in defense related jobs. They're gone. The government's bigger than it was when President Kennedy was around, even though he says it's not.;Ad Hominem;Circumstantial Ad Hominem;DOLE;6 10 1996;T1006;22_1996.ann;88497 88583
1996;06Oct;9;He talks about a smaller government. There are actually more people in government except for people in defense related jobs. They're gone. The government's bigger than it was when President Kennedy was around, even though he says it's not.;Ad Hominem;Circumstantial Ad Hominem;DOLE;6 10 1996;T1006;22_1996.ann;88497 88583
1996;06Oct;9;He talks about a smaller government. There are actually more people in government except for people in defense related jobs. They're gone. The government's bigger than it was when President Kennedy was around, even though he says it's not.;Ad Hominem;Circumstantial Ad Hominem;DOLE;6 10 1996;T1006;22_1996.ann;88497 88583
1996;06Oct;9;He talks about a smaller government. There are actually more people in government except for people in defense related jobs. They're gone. The government's bigger than it was when President Kennedy was around, even though he says it's not.;Ad Hominem;Circumstantial Ad Hominem;DOLE;6 10 1996;T1006;22_1996.ann;88497 88583
1996;06Oct;9;He talks about a smaller government. There are actually more people in government except for people in defense related jobs. They're gone. The government's bigger than it was when President Kennedy was around, even though he says it's not.;Ad Hominem;Circumstantial Ad Hominem;DOLE;6 10 1996;T1006;22_1996.ann;88497 88583
1996;06Oct;9;Everybody who's looked at it, 500 economists, seven Nobel prize winners, say it's bad for the economy.;Appeal to Authority;Popular Opinion;CLINTON;6 10 1996;T875;22_1996.ann;78829 78853
1996;06Oct;9;And you folks out there are going to have to choose who you think is right.;Appeal to Authority;Popular Opinion;CLINTON;6 10 1996;T950;22_1996.ann;84821 84891
1996;06Oct;9;Now, remember, folks, even Senator Dole's campaign co-chair here, Senator D'Amato, says he's got to cut Medicare to pay for this.;Appeal to Authority;Without Evidence;CLINTON;6 10 1996;T889;22_1996.ann;78644 78750
1996;06Oct;9;I remember one day on the floor I said now, gentlemen, let me tax your memories, and Kennedy jumped up and said, why haven't we thought of that before. You know, so one of your liberal friends.;Appeal to Authority;Without Evidence;DOLE;6 10 1996;T908;22_1996.ann;81434 81584
1996;06Oct;9;I remember one day on the floor I said now, gentlemen, let me tax your memories, and Kennedy jumped up and said, why haven't we thought of that before. You know, so one of your liberal friends.;Appeal to Authority;Without Evidence;DOLE;6 10 1996;T908;22_1996.ann;81434 81584
1996;06Oct;9;I used to sign welfare checks for my grandparents. I know all about poverty and all about need and all about taking care of people, and that's been my career in the United States Senate.;Appeal to Emotion;Appeal to pity;DOLE;6 10 1996;T929;22_1996.ann;83098 83177
1996;06Oct;9;I used to sign welfare checks for my grandparents. I know all about poverty and all about need and all about taking care of people, and that's been my career in the United States Senate.;Appeal to Emotion;Appeal to pity;DOLE;6 10 1996;T929;22_1996.ann;83098 83177
1996;06Oct;9;I used to sign welfare checks for my grandparents. I know all about poverty and all about need and all about taking care of people, and that's been my career in the United States Senate.;Appeal to Emotion;Appeal to pity;DOLE;6 10 1996;T929;22_1996.ann;83098 83177
1996;06Oct;9;The biggest tax increase in history. The biggest crime increase in history, the biggest drug increase in history in Arkansas.;Appeal to Emotion;Loaded Language;DOLE;6 10 1996;T873;22_1996.ann;77745 77793
1996;06Oct;9;The biggest tax increase in history. The biggest crime increase in history, the biggest drug increase in history in Arkansas.;Appeal to Emotion;Loaded Language;DOLE;6 10 1996;T873;22_1996.ann;77745 77793
1996;06Oct;9;The biggest tax increase in history. The biggest crime increase in history, the biggest drug increase in history in Arkansas.;Appeal to Emotion;Loaded Language;DOLE;6 10 1996;T873;22_1996.ann;77745 77793
1996;06Oct;9;You're spending millions and millions of dollars in negative ads frightening senior citizens.;Appeal to Emotion;Loaded Language;DOLE;6 10 1996;T922;22_1996.ann;82732 82824
1996;06Oct;9;So I rolled the dice, I put my career on the line because I really believe the future of America is on the line.;Appeal to Emotion;Loaded Language;DOLE;6 10 1996;T966;22_1996.ann;85644 85697
1996;06Oct;9;So I rolled the dice, I put my career on the line because I really believe the future of America is on the line.;Appeal to Emotion;Loaded Language;DOLE;6 10 1996;T966;22_1996.ann;85644 85697
1996;06Oct;9;Republicans talk about it, but we're the first the first administration in anybody's lifetime looking at this program to bring that deficit down four years in a row.;Appeal to Emotion;Loaded Language;CLINTON;6 10 1996;T990;22_1996.ann;87252 87385
1996;06Oct;9;It's going to blow a hole in the deficit It's going to raise taxes on nine million people and require bigger cuts than the one I vetoed.;Slippery Slope;Slippery Slope;CLINTON;6 10 1996;T879;22_1996.ann;78896 78990
1996;06Oct;9;It's going to blow a hole in the deficit It's going to raise taxes on nine million people and require bigger cuts than the one I vetoed.;Slippery Slope;Slippery Slope;CLINTON;6 10 1996;T879;22_1996.ann;78896 78990
1996;06Oct;10;"You're not going to have the opportunities; there are going to be more deficits, more drugs, more crime, and less confidence in the American people.";Appeal to Emotion;Appeal to fear;DOLE;6 10 1996;T1044;22_1996.ann;92160 92263
1996;06Oct;10;"You're not going to have the opportunities; there are going to be more deficits, more drugs, more crime, and less confidence in the American people.";Appeal to Emotion;Appeal to fear;DOLE;6 10 1996;T1044;22_1996.ann;92160 92263
1996;06Oct;10;I think of the man who grabbed me by the shoulder once with tears in his eyes and said his daughter was dying of cancer and he thanked me for giving him a chance to spend some time with her without losing his job because of the Family and Medical Leave Act.;Appeal to Emotion;Appeal to pity;CLINTON;6 10 1996;T1039;22_1996.ann;91095 91351
1996;06Oct;10;Folks, we can build that bridge to the 21st Century, big enough and strong enough for all of us to walk across, and I hope you will help me build it.;Appeal to Emotion;Flag waving;CLINTON;6 10 1996;T1042;22_1996.ann;91598 91655
1996;06Oct;10;Folks, we can build that bridge to the 21st Century, big enough and strong enough for all of us to walk across, and I hope you will help me build it.;Appeal to Emotion;Flag waving;CLINTON;6 10 1996;T1042;22_1996.ann;91598 91655
1996;06Oct;10;Folks, we can build that bridge to the 21st Century, big enough and strong enough for all of us to walk across, and I hope you will help me build it.;Appeal to Emotion;Flag waving;CLINTON;6 10 1996;T1042;22_1996.ann;91598 91655
1996;06Oct;10;We are the greatest country on the face of the earth. We do more good things for more people in our communities, our neighborhoods, than anywhere that I know of.;Appeal to Emotion;Flag waving;DOLE;6 10 1996;T1055;22_1996.ann;92983 93089
1996;06Oct;10;We are the greatest country on the face of the earth. We do more good things for more people in our communities, our neighborhoods, than anywhere that I know of.;Appeal to Emotion;Flag waving;DOLE;6 10 1996;T1055;22_1996.ann;92983 93089
1996;06Oct;10;We are the greatest country on the face of the earth. We do more good things for more people in our communities, our neighborhoods, than anywhere that I know of.;Appeal to Emotion;Flag waving;DOLE;6 10 1996;T1055;22_1996.ann;92983 93089
1996;06Oct;10;I'm proud of the fact that America is stronger and more prosperous and more secure than we were four years ago.;Appeal to Emotion;Loaded Language;CLINTON;6 10 1996;T1030;22_1996.ann;90303 90386
1996;09Oct;1;This is the greatest democracy in the world.;Appeal to Emotion;Flag waving;KEMP;9 10 1996;T3;23_1996.ann;1406 1449
1996;09Oct;1;Our education is not up to the standards that the American family and the American people want for their children.;Appeal to Emotion;Flag waving;KEMP;9 10 1996;T31;23_1996.ann;5813 5926
1996;09Oct;1;the freest press and the greatest First Amendment rights in the history of mankind;Appeal to Emotion;Loaded Language;KEMP;9 10 1996;T11;23_1996.ann;2215 2334
1996;09Oct;1;you serve your party best by serving the nation first;Slogans;Slogan;KEMP;9 10 1996;T9;23_1996.ann;1875 1978
1996;09Oct;2;With all due respect, I do not believe that Abraham Lincoln would have adopted Bob Dole's position to end all affirmative action.;Appeal to Authority;False Authority;GORE;9 10 1996;T93;23_1996.ann;13430 13536
1996;09Oct;2;Now, I want to congratulate Mr. Kemp for being a lonely voice in the Republican party over the years on this question. It is -- it is with some sadness that I refer to the fact that the day after he joined Senator Dole's ticket, he announced that he was changing his position and was hereto, thereafter going to adopt Senator Dole's position to end all affirmative action.;Appeal to Emotion;Appeal to pity;GORE;9 10 1996;T594;23_1996.ann;11781 12024
1996;09Oct;2;That when people own something, they have a stake in the American dream. That is Affirmative Action in America.;Appeal to Emotion;Flag waving;KEMP;9 10 1996;T91;23_1996.ann;13260 13331
1996;09Oct;2;That when people own something, they have a stake in the American dream. That is Affirmative Action in America.;Appeal to Emotion;Flag waving;KEMP;9 10 1996;T91;23_1996.ann;13260 13331
1996;09Oct;2;tremendous progress;Appeal to Emotion;Loaded Language;GORE;9 10 1996;T77;23_1996.ann;11298 11328
1996;09Oct;3;Folks, they have no plan. They have absolutely no plan.;Ad Hominem;Ad Hominem;KEMP;9 10 1996;T220;23_1996.ann;31622 31650
1996;09Oct;3;Folks, they have no plan. They have absolutely no plan.;Ad Hominem;Ad Hominem;KEMP;9 10 1996;T220;23_1996.ann;31622 31650
1996;09Oct;3;It is extremely risky.;Appeal to Emotion;Appeal to fear;GORE;9 10 1996;T161;23_1996.ann;23201 23222
1996;09Oct;3;"A commission is fine, but a commission would not do any good if we adopted this risky $550-billion tax scheme. The word ""scary"" has been used.";Appeal to Emotion;Appeal to fear;GORE;9 10 1996;T200;23_1996.ann;28806 28889
1996;09Oct;3;"A commission is fine, but a commission would not do any good if we adopted this risky $550-billion tax scheme. The word ""scary"" has been used.";Appeal to Emotion;Appeal to fear;GORE;9 10 1996;T200;23_1996.ann;28806 28889
1996;09Oct;3;Before I answer that, Jim, let me just say it is disgraceful, the campaign being waged to scare the American senior citizens, in this state and my home state of, well, New York and California, about Medicare.;Appeal to Emotion;Appeal to pity;KEMP;9 10 1996;T616;23_1996.ann;27381 27526
1996;09Oct;3;The problems between races in America must be addressed.;Appeal to Emotion;Flag waving;GORE;9 10 1996;T103;23_1996.ann;15992 16047
1996;09Oct;3;We have people getting access to capital. Small businessmen and women, African-American, Asian Americans, Latino Americans, female Americans would be able to start their businesses.;Appeal to Emotion;Flag waving;KEMP;9 10 1996;T152;23_1996.ann;22164 22302
1996;09Oct;3;We have people getting access to capital. Small businessmen and women, African-American, Asian Americans, Latino Americans, female Americans would be able to start their businesses.;Appeal to Emotion;Flag waving;KEMP;9 10 1996;T152;23_1996.ann;22164 22302
1996;09Oct;3;the world's greatest democratic free-enterprise system;Appeal to Emotion;Loaded Language;KEMP;9 10 1996;T102;23_1996.ann;15682 15840
1996;09Oct;3;Drop dead. Drop dead.;Appeal to Emotion;Loaded Language;KEMP;9 10 1996;;23_1996.txt;19783 19804
1996;09Oct;3;much harsher language;Appeal to Emotion;Loaded Language;GORE;9 10 1996;T212;23_1996.ann;30425 30484
1996;09Oct;3;The American Dream;Slogans;Slogan;KEMP;9 10 1996;T602;23_1996.ann;15016 15358
1996;09Oct;4;The platform on which Mr. Kemp and Senator Dole are running pledges a constitutional amendment to take away a woman's right to choose and to have the government come in and order that woman to do what the government says, no matter what the circumstances. Mr. Kemp has voted 47 out of 47 times to have such an amendment and to restrict this completely, no matter what the circumstances, even where rape and incest is involved.;Appeal to Authority;Without Evidence;GORE;9 10 1996;T237;23_1996.ann;35095 35349
1996;09Oct;4;The platform on which Mr. Kemp and Senator Dole are running pledges a constitutional amendment to take away a woman's right to choose and to have the government come in and order that woman to do what the government says, no matter what the circumstances. Mr. Kemp has voted 47 out of 47 times to have such an amendment and to restrict this completely, no matter what the circumstances, even where rape and incest is involved.;Appeal to Authority;Without Evidence;GORE;9 10 1996;T237;23_1996.ann;35095 35349
1996;09Oct;4;But even worse than that, as ugly as that might be -- and I know it's a tragedy to many people both on the pro-choice and pro-life position -- we have a President who vetoed a congressional ban on the ugly and gruesome practice of snatching life away from a child just moments before he or she enters the world. That is unacceptable.;Appeal to Emotion;Appeal to pity;KEMP;9 10 1996;T234;23_1996.ann;34487 34654
1996;09Oct;4;But even worse than that, as ugly as that might be -- and I know it's a tragedy to many people both on the pro-choice and pro-life position -- we have a President who vetoed a congressional ban on the ugly and gruesome practice of snatching life away from a child just moments before he or she enters the world. That is unacceptable.;Appeal to Emotion;Appeal to pity;KEMP;9 10 1996;T234;23_1996.ann;34487 34654
1996;09Oct;4;But even worse than that, as ugly as that might be -- and I know it's a tragedy to many people both on the pro-choice and pro-life position -- we have a President who vetoed a congressional ban on the ugly and gruesome practice of snatching life away from a child just moments before he or she enters the world. That is unacceptable.;Appeal to Emotion;Appeal to pity;KEMP;9 10 1996;T234;23_1996.ann;34487 34654
1996;09Oct;4;This country is split between those who call themselves pro-choice, and I'm sure, very sincerely, and those of us who call ourselves pro-life, this is a very emotional issue.;Appeal to Emotion;Flag waving;KEMP;9 10 1996;T230;23_1996.ann;33560 33701
1996;09Oct;4;This country is split between those who call themselves pro-choice, and I'm sure, very sincerely, and those of us who call ourselves pro-life, this is a very emotional issue.;Appeal to Emotion;Flag waving;KEMP;9 10 1996;T230;23_1996.ann;33560 33701
1996;09Oct;4;We will never allow a woman's right to choose to be taken away.;Appeal to Emotion;Flag waving;GORE;9 10 1996;T239;23_1996.ann;35522 35584
1996;09Oct;4;Bob Dole and Jack Kemp will try to remind the American people of what a tremendous asset our children are and why there should be protection for innocent human life, including that of the unborn.;Appeal to Emotion;Flag waving;KEMP;9 10 1996;T242;23_1996.ann;35701 35895
1996;09Oct;4;This country should not be torn asunder over this debate;Appeal to Emotion;Loaded Language;KEMP;9 10 1996;T626;23_1996.ann;33975 34116
1996;09Oct;4;the ugly and gruesome practice;Appeal to Emotion;Loaded Language;KEMP;9 10 1996;T234;23_1996.ann;34487 34654
1996;09Oct;4;the ugly and gruesome practice;Appeal to Emotion;Loaded Language;KEMP;9 10 1996;T234;23_1996.ann;34487 34654
1996;09Oct;4;gruesome practice;Appeal to Emotion;Loaded Language;KEMP;9 10 1996;T631;23_1996.ann;35901 36154
1996;09Oct;5;To think that Sam Nunn of Georgia or Colin Powell helped put together the coalition in the Persian Gulf were not even consulted. It was not only precipitous, it was a sign, not of strength, but of weakness.;Appeal to Emotion;Appeal to fear;KEMP;9 10 1996;T256;23_1996.ann;37925 38052
1996;09Oct;5;To think that Sam Nunn of Georgia or Colin Powell helped put together the coalition in the Persian Gulf were not even consulted. It was not only precipitous, it was a sign, not of strength, but of weakness.;Appeal to Emotion;Appeal to fear;KEMP;9 10 1996;T256;23_1996.ann;37925 38052
1996;09Oct;5;As the President said the other night, there will always be troubles in this ol' world, but the United States of America can be counted on to provide the vision that the world looks for from the United States of America.;Appeal to Authority;Without Evidence;GORE;9 10 1996;T634;23_1996.ann;37274 37493
1996;09Oct;5;It's unbelievable that we could cause a drop in the standard of living of a friendly country like Mexico by nearly 40 to 50 percent.;Appeal to Emotion;Flag waving;KEMP;9 10 1996;T291;23_1996.ann;43261 43392
1996;09Oct;5;The United States of America shouldn't be blamed for the management of Mexico's monetary policy. We helped our neighbor in an hour of need, and they survived. They're stronger. They're coming back. They paid us back, and we got a dividend in the process.;Appeal to Emotion;Flag waving;GORE;9 10 1996;T295;23_1996.ann;44445 44540
1996;09Oct;5;The United States of America shouldn't be blamed for the management of Mexico's monetary policy. We helped our neighbor in an hour of need, and they survived. They're stronger. They're coming back. They paid us back, and we got a dividend in the process.;Appeal to Emotion;Flag waving;GORE;9 10 1996;T295;23_1996.ann;44445 44540
1996;09Oct;5;The United States of America shouldn't be blamed for the management of Mexico's monetary policy. We helped our neighbor in an hour of need, and they survived. They're stronger. They're coming back. They paid us back, and we got a dividend in the process.;Appeal to Emotion;Flag waving;GORE;9 10 1996;T295;23_1996.ann;44445 44540
1996;09Oct;5;The United States of America shouldn't be blamed for the management of Mexico's monetary policy. We helped our neighbor in an hour of need, and they survived. They're stronger. They're coming back. They paid us back, and we got a dividend in the process.;Appeal to Emotion;Flag waving;GORE;9 10 1996;T295;23_1996.ann;44445 44540
1996;09Oct;5;The United States of America shouldn't be blamed for the management of Mexico's monetary policy. We helped our neighbor in an hour of need, and they survived. They're stronger. They're coming back. They paid us back, and we got a dividend in the process.;Appeal to Emotion;Flag waving;GORE;9 10 1996;T295;23_1996.ann;44445 44540
1996;09Oct;5;The United States of America shouldn't be blamed for the management of Mexico's monetary policy. We helped our neighbor in an hour of need, and they survived. They're stronger. They're coming back. They paid us back, and we got a dividend in the process.;Appeal to Emotion;Flag waving;GORE;9 10 1996;T295;23_1996.ann;44445 44540
1996;09Oct;5;tremendous courage, vision, wisdom, and leadership;Appeal to Emotion;Loaded Language;GORE;9 10 1996;T245;23_1996.ann;36457 36722
1996;09Oct;5;Bill Clinton, as President, has provided that kind of leadership. We are more secure and stronger today because of Bill Clinton's handling of foreign policy.;False Cause;False Cause;GORE;9 10 1996;T250;23_1996.ann;37561 37651
1996;09Oct;5;Bill Clinton, as President, has provided that kind of leadership. We are more secure and stronger today because of Bill Clinton's handling of foreign policy.;False Cause;False Cause;GORE;9 10 1996;T250;23_1996.ann;37561 37651
1996;09Oct;5;We caused problems in the first place by denying Caribbean countries and third-world countries a chance to trade freely in the United States. It causes economic problems and turmoil, and then we turn around, as we did in Mexico, having to bail them out.;False Cause;False Cause;KEMP;9 10 1996;T264;23_1996.ann;39624 39764
1996;09Oct;5;We caused problems in the first place by denying Caribbean countries and third-world countries a chance to trade freely in the United States. It causes economic problems and turmoil, and then we turn around, as we did in Mexico, having to bail them out.;False Cause;False Cause;KEMP;9 10 1996;T264;23_1996.ann;39624 39764
1996;09Oct;5;"""To do unto others to have them do unto you.""";Slogans;Slogan;KEMP;9 10 1996;T275;23_1996.ann;41475 41780
1996;09Oct;5;Diplomacy first, and don't bomb before breakfast.;Slogans;Slogan;KEMP;9 10 1996;T275;23_1996.ann;41475 41780
1996;09Oct;5;"""Blame America First""";Slogans;Slogan;GORE;9 10 1996;T650;23_1996.ann;44236 44443
1996;09Oct;5;"""Blame America First""";Slogans;Slogan;GORE;9 10 1996;T650;23_1996.ann;44236 44443
1996;09Oct;6;That's dangerous and it's provocative.;Appeal to Emotion;Appeal to fear;KEMP;9 10 1996;T302;23_1996.ann;45212 45249
1996;09Oct;6;Well, first of all, there are virtually no large differences in the defense budgets put forward by President Clinton and put forward by the majority in the Congress in the last two years.;Appeal to Authority;Popular Opinion;GORE;9 10 1996;T308;23_1996.ann;45915 46095
1996;09Oct;6;This risky $550-billion tax scheme that I talked about earlier is said by the Concord Coalition, including Republicans like Pete Peterson and Warren Rudman, to pose a threat to our nation's ability to have a sensible defense budget in the future.;Appeal to Authority;Without Evidence;GORE;9 10 1996;T310;23_1996.ann;46174 46419
1996;09Oct;6;I believe, and Bob Dole believes, is causing not only problems for this country throughout the world, but particularly here at home.;Appeal to Emotion;Flag waving;KEMP;9 10 1996;T303;23_1996.ann;45255 45455
1996;09Oct;7;Franklin Roosevelt said in 1932 that the only thing we have to fear is fear itself.;Appeal to Emotion;Appeal to fear;KEMP;9 10 1996;T659;23_1996.ann;49214 49296
1996;09Oct;7;The only thing, Jim, they have to offer is fear.;Appeal to Emotion;Appeal to fear;KEMP;9 10 1996;T660;23_1996.ann;49298 49497
1996;09Oct;7;They want them to be able to drink clean water and breathe clean air. They don't want them to live next to toxic waste sites.;Appeal to Emotion;Appeal to fear;GORE;9 10 1996;T340;23_1996.ann;50347 50415
1996;09Oct;7;They want them to be able to drink clean water and breathe clean air. They don't want them to live next to toxic waste sites.;Appeal to Emotion;Appeal to fear;GORE;9 10 1996;T340;23_1996.ann;50347 50415
1996;09Oct;7;That is a reign of terror. It's happening.;Appeal to Emotion;Appeal to fear;KEMP;9 10 1996;T343;23_1996.ann;51183 51208
1996;09Oct;7;That is a reign of terror. It's happening.;Appeal to Emotion;Appeal to fear;KEMP;9 10 1996;T343;23_1996.ann;51183 51208
1996;09Oct;7;And to call a businessman or woman who sits down and has a chance to express his or her interest in how to make these laws work and call them a polluter is just outrageous.;Appeal to Emotion;Appeal to pity;KEMP;9 10 1996;T336;23_1996.ann;49849 50016
1996;09Oct;7;President Clinton stopped them dead in their tracks.;Appeal to Emotion;Loaded Language;GORE;9 10 1996;T320;23_1996.ann;48346 48397
1996;09Oct;7;overly litigated economy;Appeal to Emotion;Loaded Language;KEMP;9 10 1996;T335;23_1996.ann;49763 49843
1996;09Oct;7;that polluters;Appeal to Emotion;Loaded Language;GORE;9 10 1996;T357;23_1996.ann;53084 53228
1996;09Oct;7;our children and our future;Slogans;Slogan;GORE;9 10 1996;T322;23_1996.ann;48452 48518
1996;09Oct;7;build a better America;Slogans;Slogan;KEMP;9 10 1996;T346;23_1996.ann;52048 52232
1996;09Oct;8;That's just unacceptable, and for Al Gore to keep suggesting that we can't afford to reduce the tax rates across-the-board on the American people and on the formation of the capital necessary to create the new jobs for America is just totally at odds with the experience of both Ronald Reagan, John F. Kennedy and other times in this century.;Appeal to Authority;Without Evidence;KEMP;9 10 1996;T395;23_1996.ann;58135 58446
1996;09Oct;8;That's just unacceptable, and for Al Gore to keep suggesting that we can't afford to reduce the tax rates across-the-board on the American people and on the formation of the capital necessary to create the new jobs for America is just totally at odds with the experience of both Ronald Reagan, John F. Kennedy and other times in this century.;Appeal to Authority;Without Evidence;KEMP;9 10 1996;T395;23_1996.ann;58135 58446
1996;09Oct;8;That's just unacceptable, and for Al Gore to keep suggesting that we can't afford to reduce the tax rates across-the-board on the American people and on the formation of the capital necessary to create the new jobs for America is just totally at odds with the experience of both Ronald Reagan, John F. Kennedy and other times in this century.;Appeal to Authority;Without Evidence;KEMP;9 10 1996;T395;23_1996.ann;58135 58446
1996;09Oct;8;Well, to say that this is the best economy in 30 years just staggers the imagination. We have a growth rate of the last four years of about two and a half percent. My friend Al Gore says it  's better than the Reagan years. It isn't.;Appeal to Authority;Without Evidence;KEMP;9 10 1996;T430;23_1996.ann;62112 62190
1996;09Oct;8;Well, to say that this is the best economy in 30 years just staggers the imagination. We have a growth rate of the last four years of about two and a half percent. My friend Al Gore says it  's better than the Reagan years. It isn't.;Appeal to Authority;Without Evidence;KEMP;9 10 1996;T430;23_1996.ann;62112 62190
1996;09Oct;8;Well, to say that this is the best economy in 30 years just staggers the imagination. We have a growth rate of the last four years of about two and a half percent. My friend Al Gore says it  's better than the Reagan years. It isn't.;Appeal to Authority;Without Evidence;KEMP;9 10 1996;T430;23_1996.ann;62112 62190
1996;09Oct;8;Well, to say that this is the best economy in 30 years just staggers the imagination. We have a growth rate of the last four years of about two and a half percent. My friend Al Gore says it  's better than the Reagan years. It isn't.;Appeal to Authority;Without Evidence;KEMP;9 10 1996;T430;23_1996.ann;62112 62190
1996;09Oct;8;That is morally and socially unacceptable in a modern day economy.;Appeal to Emotion;Appeal to pity;KEMP;9 10 1996;T414;23_1996.ann;60553 60618
1996;09Oct;8;We're treading water. We have families that are hurting. We have people who are unemployed. We have people with no property. We have an administration that is demolishing public housing in our inner cities and not providing anything else but more public housing.;Appeal to Emotion;Appeal to pity;KEMP;9 10 1996;T436;23_1996.ann;62661 62797
1996;09Oct;8;We're treading water. We have families that are hurting. We have people who are unemployed. We have people with no property. We have an administration that is demolishing public housing in our inner cities and not providing anything else but more public housing.;Appeal to Emotion;Appeal to pity;KEMP;9 10 1996;T436;23_1996.ann;62661 62797
1996;09Oct;8;We're treading water. We have families that are hurting. We have people who are unemployed. We have people with no property. We have an administration that is demolishing public housing in our inner cities and not providing anything else but more public housing.;Appeal to Emotion;Appeal to pity;KEMP;9 10 1996;T436;23_1996.ann;62661 62797
1996;09Oct;8;We're treading water. We have families that are hurting. We have people who are unemployed. We have people with no property. We have an administration that is demolishing public housing in our inner cities and not providing anything else but more public housing.;Appeal to Emotion;Appeal to pity;KEMP;9 10 1996;T436;23_1996.ann;62661 62797
1996;09Oct;8;We're treading water. We have families that are hurting. We have people who are unemployed. We have people with no property. We have an administration that is demolishing public housing in our inner cities and not providing anything else but more public housing.;Appeal to Emotion;Appeal to pity;KEMP;9 10 1996;T436;23_1996.ann;62661 62797
1996;09Oct;9;Civility, responsibility, racial reconciliation, healing the wounds of our country has to be one of the greatest, most singularly important goals for this country here on the edge of the 21st Century.;Appeal to Emotion;Flag waving;KEMP;9 10 1996;T688;23_1996.ann;64031 64230
1996;09Oct;9;the American dream;Slogans;Slogan;KEMP;9 10 1996;T602;23_1996.ann;15016 15358
1996;09Oct;9;the American dream;Slogans;Slogan;KEMP;9 10 1996;T602;23_1996.ann;15016 15358
1996;09Oct;10;Families are under tremendous pressure. People do not -- do not feel safe in their homes. A mother doesn't feel safe sending her child to school. Our schools are not educating.;Appeal to Emotion;Appeal to fear;KEMP;9 10 1996;T511;23_1996.ann;74790 74844
1996;09Oct;10;Families are under tremendous pressure. People do not -- do not feel safe in their homes. A mother doesn't feel safe sending her child to school. Our schools are not educating.;Appeal to Emotion;Appeal to fear;KEMP;9 10 1996;T511;23_1996.ann;74790 74844
1996;09Oct;10;Families are under tremendous pressure. People do not -- do not feel safe in their homes. A mother doesn't feel safe sending her child to school. Our schools are not educating.;Appeal to Emotion;Appeal to fear;KEMP;9 10 1996;T511;23_1996.ann;74790 74844
1996;09Oct;10;Families are under tremendous pressure. People do not -- do not feel safe in their homes. A mother doesn't feel safe sending her child to school. Our schools are not educating.;Appeal to Emotion;Appeal to fear;KEMP;9 10 1996;T511;23_1996.ann;74790 74844
1996;09Oct;10;We need somebody who understands the potential of the American people, who are not just doing well for ourselves, we need to do well for the rest of the world, because they're looking at us.;Appeal to Emotion;Flag waving;KEMP;9 10 1996;T519;23_1996.ann;75273 75462
1996;09Oct;10;We need somebody who understands the potential of the American people, who are not just doing well for ourselves, we need to do well for the rest of the world, because they're looking at us.;Appeal to Emotion;Flag waving;KEMP;9 10 1996;T519;23_1996.ann;75273 75462
1996;09Oct;10;We need somebody who understands the potential of the American people, who are not just doing well for ourselves, we need to do well for the rest of the world, because they're looking at us.;Appeal to Emotion;Flag waving;KEMP;9 10 1996;T519;23_1996.ann;75273 75462
1996;09Oct;10;We need somebody who understands the potential of the American people, who are not just doing well for ourselves, we need to do well for the rest of the world, because they're looking at us.;Appeal to Emotion;Flag waving;KEMP;9 10 1996;T519;23_1996.ann;75273 75462
1996;09Oct;10;the bloodiest century in mankind's history;Appeal to Emotion;Loaded Language;KEMP;9 10 1996;T572;23_1996.ann;73636 73728
1996;09Oct;10;We have defeated in this system of ours fascism, Nazism, communism, socialism is defunct or debunked around the world, the evil of apartheid has ended.;Appeal to Emotion;Loaded Language;KEMP;9 10 1996;T573;23_1996.ann;73730 73880
1996;09Oct;10;this terrible century of war and recession and inflations;Appeal to Emotion;Loaded Language;KEMP;9 10 1996;T518;23_1996.ann;75135 75255
1996;09Oct;10;a serious risk;Appeal to Emotion;Loaded Language;GORE;9 10 1996;T591;23_1996.ann;78214 78240
2000;03Oct;1;. I think it's the hard-working people of America's money and I want to share some of that money with you so you have more money to build and save and dream for your families;Appeal to Emotion;Flag waving;BUSH;3 10 2000;T51;25_2000.ann;6695 6763
2000;03Oct;1;. I think it's the hard-working people of America's money and I want to share some of that money with you so you have more money to build and save and dream for your families;Appeal to Emotion;Flag waving;BUSH;3 10 2000;T51;25_2000.ann;6695 6763
2000;03Oct;1;. I think it's the hard-working people of America's money and I want to share some of that money with you so you have more money to build and save and dream for your families;Appeal to Emotion;Flag waving;BUSH;3 10 2000;T51;25_2000.ann;6695 6763
2000;03Oct;1;extraordinary;Appeal to Emotion;Loaded Language;GORE;3 10 2000;T772;26_2000.ann;71401 71653
2000;03Oct;1;some phony numbers;Appeal to Emotion;Loaded Language;BUSH;3 10 2000;T67;25_2000.ann;5985 6074
2000;03Oct;2;It's a scaring -- he's trying to scare people in the voting booth.;Ad Hominem;Ad Hominem;BUSH;3 10 2000;T146;25_2000.ann;15859 15906
2000;03Oct;2;Medi-scare;Appeal to Emotion;Loaded Language;BUSH;3 10 2000;T101;25_2000.ann;11923 11955
2000;03Oct;2;squabbling and finger pointing;Appeal to Emotion;Loaded Language;BUSH;3 10 2000;T142;25_2000.ann;15446 15511
2000;03Oct;4;Surely we can fight off these laws that will encourage doctors to -- to allow doctors to take the lives of our seniors.;Slippery Slope;Slippery Slope;BUSH;3 10 2000;T265;25_2000.ann;26738 26856
2000;03Oct;4;Surely we can work together to create a cultural life so some of these youngsters who feel like they can take a neighbor's life with a gun will understand that that's not the way America is meant to be.;Slippery Slope;Slippery Slope;BUSH;3 10 2000;T266;25_2000.ann;26858 27059
2000;03Oct;4;a culture of life;Slogans;Slogan;BUSH;3 10 2000;T254;25_2000.ann;25822 25908
2000;03Oct;6;The other day I was honored to be flanked by Colin Powell and General Norman Schwartzkopf recently stood by me side and agreed with me.;Appeal to Authority;Without Evidence;BUSH;3 10 2000;T417;25_2000.ann;41392 41526
2000;03Oct;6;Tonight in the audience there's one elected state senator who is a Democrat, a former state-wide officer who is a Democrat, a lot of Democrats who are here in the debate to -- because they want to show their support that shows I know how to lead.;Appeal to Authority;Without Evidence;BUSH;3 10 2000;T451;25_2000.ann;44392 44561
2000;03Oct;6;Tonight in the audience there's one elected state senator who is a Democrat, a former state-wide officer who is a Democrat, a lot of Democrats who are here in the debate to -- because they want to show their support that shows I know how to lead.;Appeal to Authority;Without Evidence;BUSH;3 10 2000;T451;25_2000.ann;44392 44561
2000;03Oct;6;My uncle was a victim of poisonous gas there.;Appeal to Emotion;Appeal to pity;GORE;3 10 2000;T427;25_2000.ann;43124 43168
2000;03Oct;6;First of all Â I want to make it clear, our military is the strongest, best-trained, best-equipped, best-led fighting force in the world and in the history of the world.;Appeal to Emotion;Flag waving;GORE;3 10 2000;T398;25_2000.ann;39586 39714
2000;03Oct;7;He has a 15-year-old daughter named Caley, who is in Sarasota High School. Her science class was supposed to be for 24 students. She's the 36th student in that classroom. They sent me a picture of her in the classroom. They can't squeeze another desk in for her, so she has to stand during class.;Appeal to Emotion;Appeal to pity;GORE;3 10 2000;T589;25_2000.ann;56699 56775
2000;03Oct;7;He has a 15-year-old daughter named Caley, who is in Sarasota High School. Her science class was supposed to be for 24 students. She's the 36th student in that classroom. They sent me a picture of her in the classroom. They can't squeeze another desk in for her, so she has to stand during class.;Appeal to Emotion;Appeal to pity;GORE;3 10 2000;T589;25_2000.ann;56699 56775
2000;03Oct;7;He has a 15-year-old daughter named Caley, who is in Sarasota High School. Her science class was supposed to be for 24 students. She's the 36th student in that classroom. They sent me a picture of her in the classroom. They can't squeeze another desk in for her, so she has to stand during class.;Appeal to Emotion;Appeal to pity;GORE;3 10 2000;T589;25_2000.ann;56699 56775
2000;03Oct;7;He has a 15-year-old daughter named Caley, who is in Sarasota High School. Her science class was supposed to be for 24 students. She's the 36th student in that classroom. They sent me a picture of her in the classroom. They can't squeeze another desk in for her, so she has to stand during class.;Appeal to Emotion;Appeal to pity;GORE;3 10 2000;T589;25_2000.ann;56699 56775
2000;03Oct;7;He has a 15-year-old daughter named Caley, who is in Sarasota High School. Her science class was supposed to be for 24 students. She's the 36th student in that classroom. They sent me a picture of her in the classroom. They can't squeeze another desk in for her, so she has to stand during class.;Appeal to Emotion;Appeal to pity;GORE;3 10 2000;T589;25_2000.ann;56699 56775
2000;03Oct;7;fuzzy math;Appeal to Emotion;Loaded Language;BUSH;3 10 2000;T971;25_2000.ann;52044 52117
2000;03Oct;7;phony;Appeal to Emotion;Loaded Language;GORE;3 10 2000;T67;25_2000.ann;5985 6074
2000;03Oct;7;fuzzy;Appeal to Emotion;Loaded Language;GORE;3 10 2000;T971;25_2000.ann;52044 52117
2000;03Oct;7;the marriage penalty;Appeal to Emotion;Loaded Language;BUSH;3 10 2000;T525;25_2000.ann;51565 51602
2000;03Oct;7;marriage penalty;Appeal to Emotion;Loaded Language;BUSH;3 10 2000;T526;25_2000.ann;51604 51670
2000;03Oct;7;disparaging;Appeal to Emotion;Loaded Language;BUSH;3 10 2000;T971;25_2000.ann;52044 52117
2000;03Oct;7;fuzzy math;Appeal to Emotion;Loaded Language;BUSH;3 10 2000;T971;25_2000.ann;52044 52117
2000;03Oct;7;illusion;Appeal to Emotion;Loaded Language;GORE;3 10 2000;T626;25_2000.ann;60768 60784
2000;03Oct;8;The big drug companies support Governor Bush's prescription drug proposal.;Ad Hominem;Circumstantial Ad Hominem;GORE;3 10 2000;T637;25_2000.ann;63563 63636
2000;03Oct;8;They oppose mine because they don't want to get Medicare involved because they're afraid that Medicare will negotiate lower prices for seniors who currently pay the highest prices of all.;Ad Hominem;Circumstantial Ad Hominem;GORE;3 10 2000;T640;25_2000.ann;63712 63824
2000;03Oct;8;They oppose mine because they don't want to get Medicare involved because they're afraid that Medicare will negotiate lower prices for seniors who currently pay the highest prices of all.;Ad Hominem;Circumstantial Ad Hominem;GORE;3 10 2000;T640;25_2000.ann;63712 63824
2000;03Oct;8;They oppose mine because they don't want to get Medicare involved because they're afraid that Medicare will negotiate lower prices for seniors who currently pay the highest prices of all.;Ad Hominem;Circumstantial Ad Hominem;GORE;3 10 2000;T640;25_2000.ann;63712 63824
2000;03Oct;8;I cast my lot with the people even when it means that you have to stand up to some powerful interests who are trying to turn the -- the policies and the laws to their advantage.;Appeal to Authority;Popular Opinion;GORE;3 10 2000;T645;25_2000.ann;63352 63528
2000;03Oct;8;It broke my heart to go to the flood scene in Del Rio where a fellow and his family got completely uprooted.;Appeal to Emotion;Appeal to pity;BUSH;3 10 2000;T659;25_2000.ann;64565 64672
2000;03Oct;9;"I remember the vice president saying, ""Just give us a chance to get up there, we're going to make sure you get tax cuts."" It didn't happen.";Ad Hominem;Tu quoque;BUSH;3 10 2000;T702;25_2000.ann;69471 69592
2000;03Oct;9;"I remember the vice president saying, ""Just give us a chance to get up there, we're going to make sure you get tax cuts."" It didn't happen.";Ad Hominem;Tu quoque;BUSH;3 10 2000;T702;25_2000.ann;69471 69592
2000;03Oct;9;You know, I think the American people deserve credit for the great economy that we have.;Appeal to Emotion;Flag waving;GORE;3 10 2000;T682;25_2000.ann;67928 68005
2000;03Oct;9;We have gone from the biggest deficits to the biggest surpluses.;False Cause;False Cause;GORE;3 10 2000;T695;25_2000.ann;68426 68489
2000;03Oct;9;We have gone from a triple-dip recession during the previous 12 years to a tripling of the stock market.;False Cause;False Cause;GORE;3 10 2000;T694;25_2000.ann;68491 68594
2000;03Oct;9;Instead of a high unemployment, we have the lowest African-American and Latin American unemployment rates in history and 22 million new jobs.;False Cause;False Cause;GORE;3 10 2000;T693;25_2000.ann;68596 68736
2000;03Oct;10;For those of you who he wants to scare into the voting booth to vote for him, hear me loud and clear.;Ad Hominem;Ad Hominem;BUSH;3 10 2000;T939;25_2000.ann;74541 74641
2000;03Oct;10;tremendous;Appeal to Emotion;Loaded Language;BUSH;3 10 2000;T60;27_2000.ann;6284 6523
2000;03Oct;10;A promise made will be a promise kept.;Slogans;Slogan;BUSH;3 10 2000;T940;25_2000.ann;74643 74680
2000;03Oct;10;the promise made will be a promise kept;Slogans;Slogan;BUSH;3 10 2000;T785;25_2000.ann;77805 77953
2000;03Oct;11;You know, this man has no credibility on the issue.;Ad Hominem;Ad Hominem;BUSH;3 10 2000;T854;25_2000.ann;83319 83359
2000;03Oct;11;will fight for middle-class families and working men and women and I will never let you down.;Appeal to Emotion;Flag waving;GORE;3 10 2000;T832;25_2000.ann;81108 81133
2000;03Oct;11;will fight for middle-class families and working men and women and I will never let you down.;Appeal to Emotion;Flag waving;GORE;3 10 2000;T832;25_2000.ann;81108 81133
2000;03Oct;11;cynicism;Appeal to Emotion;Loaded Language;BUSH;3 10 2000;T598;28_2000.ann;62533 62570
2000;03Oct;12;She gets a small pension, but in order to pay for her prescription drug benefits, she has to go out seven days a week several hours a day picking up cans;Appeal to Emotion;Appeal to pity;GORE;3 10 2000;T905;25_2000.ann;89908 90061
2000;03Oct;12;Throughout my career in public service, I have fought for the working men and women of this country, middle-class families.;Appeal to Emotion;Flag waving;GORE;3 10 2000;T915;25_2000.ann;88758 88880
2000;03Oct;12;Throughout my career in public service, I have fought for the working men and women of this country, middle-class families.;Appeal to Emotion;Flag waving;GORE;3 10 2000;T915;25_2000.ann;88758 88880
2000;03Oct;12;I want to make sure the seniors have the promise made will be a promise kept;Slogans;Slogan;BUSH;3 10 2000;T884;25_2000.ann;86860 86936
2000;03Oct;12;no child is left behind;Slogans;Slogan;BUSH;3 10 2000;T893;25_2000.ann;87725 87837
2000;05Oct;1;We've graduated 15 million kids from high school in the last few years who can't read at a significant level. They are permanently sentenced to a lifetime of failure.;Appeal to Emotion;Appeal to pity;CHENEY;5 10 2000;T28;26_2000.ann;5927 6035
2000;05Oct;1;We've graduated 15 million kids from high school in the last few years who can't read at a significant level. They are permanently sentenced to a lifetime of failure.;Appeal to Emotion;Appeal to pity;CHENEY;5 10 2000;T28;26_2000.ann;5927 6035
2000;05Oct;1;an extraordinarily important decision;Appeal to Emotion;Loaded Language;CHENEY;5 10 2000;T4;26_2000.ann;3574 3654
2000;05Oct;1;crumbling classrooms;Appeal to Emotion;Loaded Language;LIEBERMAN;5 10 2000;T45;26_2000.ann;8312 8419
2000;05Oct;1;a tremendous life-saving change;Appeal to Emotion;Loaded Language;LIEBERMAN;5 10 2000;T54;26_2000.ann;8597 8684
2000;05Oct;2;The fact of the matter is the plan is so complex that the ordinary American is never going to ever figure out what they even qualify for.;Appeal to Emotion;Appeal to pity;CHENEY;5 10 2000;T128;26_2000.ann;19076 19212
2000;05Oct;2;The fact of the matter is the plan is so complex that the ordinary American is never going to ever figure out what they even qualify for.;Appeal to Emotion;Appeal to pity;CHENEY;5 10 2000;T128;26_2000.ann;19076 19212
2000;05Oct;2;The fact of the matter is the plan is so complex that the ordinary American is never going to ever figure out what they even qualify for.;Appeal to Emotion;Appeal to pity;CHENEY;5 10 2000;T128;26_2000.ann;19076 19212
2000;05Oct;2;The fact of the matter is the plan is so complex that the ordinary American is never going to ever figure out what they even qualify for.;Appeal to Emotion;Appeal to pity;CHENEY;5 10 2000;T128;26_2000.ann;19076 19212
2000;05Oct;2;a significant bread earner;Appeal to Emotion;Loaded Language;LIEBERMAN;5 10 2000;T94;26_2000.ann;14736 14811
2000;05Oct;2;the only bread earner;Appeal to Emotion;Loaded Language;LIEBERMAN;5 10 2000;T94;26_2000.ann;14736 14811
2000;05Oct;4;It's the end of a reign of terror.;Appeal to Emotion;Appeal to fear;LIEBERMAN;5 10 2000;T165;26_2000.ann;23964 23997
2000;05Oct;4;It's the end of a reign of terror.;Appeal to Emotion;Appeal to fear;LIEBERMAN;5 10 2000;T165;26_2000.ann;23964 23997
2000;05Oct;4;I think this is an opportunity for the United States to test President Putin of Russia.;Appeal to Emotion;Flag waving;CHENEY;5 10 2000;T179;26_2000.ann;26986 27072
2000;05Oct;4;That is a very happy ending to a terrible story. It's the end of a reign of terror.;Appeal to Emotion;Loaded Language;LIEBERMAN;5 10 2000;T166;26_2000.ann;23915 23962
2000;05Oct;4;That is a very happy ending to a terrible story. It's the end of a reign of terror.;Appeal to Emotion;Loaded Language;LIEBERMAN;5 10 2000;T166;26_2000.ann;23915 23962
2000;05Oct;4;reign of terror;Appeal to Emotion;Loaded Language;LIEBERMAN;5 10 2000;T160;26_2000.ann;24050 24280
2000;05Oct;4;the old guard;Appeal to Emotion;Loaded Language;CHENEY;5 10 2000;T202;26_2000.ann;27292 27367
2000;05Oct;5;That is a legitimate concern, this is a very important area.;Appeal to Emotion;Appeal to fear;CHENEY;5 10 2000;T215;26_2000.ann;29298 29357
2000;05Oct;5;Secretary Bill Cohen, a good republican, and Gen. Shelton the chairman of the Joint Chiefs of Staff, will both tell you the American military is ready to meet any threat we may face in the world today.;Appeal to Authority;False Authority;LIEBERMAN;5 10 2000;T227;26_2000.ann;30159 30359
2000;05Oct;5;enormous regard;Appeal to Emotion;Loaded Language;CHENEY;5 10 2000;T238;26_2000.ann;31650 31715
2000;05Oct;5;There's still fewer people in uniform today, but person-to-person, person-by-person, unit-by-unit, this is the most powerful and effective military, not only in the world today, but in the history of the world.;Slippery Slope;Slippery Slope;LIEBERMAN;5 10 2000;T281;26_2000.ann;35656 35754
2000;05Oct;5;There's still fewer people in uniform today, but person-to-person, person-by-person, unit-by-unit, this is the most powerful and effective military, not only in the world today, but in the history of the world.;Slippery Slope;Slippery Slope;LIEBERMAN;5 10 2000;T281;26_2000.ann;35656 35754
2000;05Oct;5;There's still fewer people in uniform today, but person-to-person, person-by-person, unit-by-unit, this is the most powerful and effective military, not only in the world today, but in the history of the world.;Slippery Slope;Slippery Slope;LIEBERMAN;5 10 2000;T281;26_2000.ann;35656 35754
2000;05Oct;5;There's still fewer people in uniform today, but person-to-person, person-by-person, unit-by-unit, this is the most powerful and effective military, not only in the world today, but in the history of the world.;Slippery Slope;Slippery Slope;LIEBERMAN;5 10 2000;T281;26_2000.ann;35656 35754
2000;05Oct;5;There's still fewer people in uniform today, but person-to-person, person-by-person, unit-by-unit, this is the most powerful and effective military, not only in the world today, but in the history of the world.;Slippery Slope;Slippery Slope;LIEBERMAN;5 10 2000;T281;26_2000.ann;35656 35754
2000;05Oct;5;person-to-person, person-by-person, unit-by-unit;Slogans;Slogan;LIEBERMAN;5 10 2000;T281;26_2000.ann;35656 35754
2000;05Oct;5;person-to-person, person-by-person, unit-by-unit;Slogans;Slogan;LIEBERMAN;5 10 2000;T281;26_2000.ann;35656 35754
2000;05Oct;6;to fish in troubled waters;Appeal to Emotion;Loaded Language;CHENEY;5 10 2000;T312;26_2000.ann;38436 38525
2000;05Oct;6;Numerous administrations going back certainly to World War II have had to wrestle with the problem of what should happen to the Middle East.;Slippery Slope;Slippery Slope;CHENEY;5 10 2000;T304;26_2000.ann;37962 38101
2000;05Oct;7;We might have no other choice. We'll have to see if that happens.;Appeal to Emotion;Appeal to fear;CHENEY;5 10 2000;T316;26_2000.ann;40143 40176
2000;05Oct;7;We might have no other choice. We'll have to see if that happens.;Appeal to Emotion;Appeal to fear;CHENEY;5 10 2000;T316;26_2000.ann;40143 40176
2000;05Oct;7;We are supporting them in their efforts and will continue to support them until the Iraqi people rise up and do what the people of Serbia have done in the last few days, get rid of a despot. We'll welcome you back into the family of nations where you belong.;Appeal to Emotion;Flag waving;LIEBERMAN;5 10 2000;T852;26_2000.ann;43395 43584
2000;05Oct;7;We are supporting them in their efforts and will continue to support them until the Iraqi people rise up and do what the people of Serbia have done in the last few days, get rid of a despot. We'll welcome you back into the family of nations where you belong.;Appeal to Emotion;Flag waving;LIEBERMAN;5 10 2000;T852;26_2000.ann;43395 43584
2000;05Oct;7;pretty well decimated;Appeal to Emotion;Loaded Language;CHENEY;5 10 2000;T329;26_2000.ann;40215 40280
2000;05Oct;7;a good job of stripping out the capacity;Appeal to Emotion;Loaded Language;CHENEY;5 10 2000;T850;26_2000.ann;40494 40724
2000;05Oct;7;if we had evidence, credible evidence;Appeal to Emotion;Loaded Language;LIEBERMAN;5 10 2000;T336;26_2000.ann;41937 42038
2000;05Oct;8;more crude available;Appeal to Emotion;Loaded Language;CHENEY;5 10 2000;T855;26_2000.ann;46807 46837
2000;05Oct;8;a million acres of wilderness;Appeal to Emotion;Loaded Language;CHENEY;5 10 2000;T858;26_2000.ann;48502 48687
2000;05Oct;9;a fantastic program;Appeal to Emotion;Loaded Language;CHENEY;5 10 2000;T468;26_2000.ann;54162 54295
2000;05Oct;10;If you look back over the last eight years, the most significant accomplishments of this administration in which Al Gore was centrally involved were the result, most of them, of bipartisan agreements.;Appeal to Authority;Popular Opinion;LIEBERMAN;5 10 2000;T522;26_2000.ann;59708 59863
2000;05Oct;10;People are fed up. They've had enough with the bickering and the partisanship that seems to characterize the debate that goes on in the nation's capital.;Appeal to Emotion;Appeal to pity;CHENEY;5 10 2000;T748;26_2000.ann;57055 57188
2000;05Oct;10;People are fed up. They've had enough with the bickering and the partisanship that seems to characterize the debate that goes on in the nation's capital.;Appeal to Emotion;Appeal to pity;CHENEY;5 10 2000;T748;26_2000.ann;57055 57188
2000;05Oct;10;The fact is the Medicare problems have not been addressed. We have had eight years of problems with prescription drugs not being addressed. Social Security problem  's not been addressed. The educational problem has not been addressed. We  've had eight years of talk but no action.;Appeal to Emotion;Appeal to pity;CHENEY;5 10 2000;T535;26_2000.ann;60723 60802
2000;05Oct;10;The fact is the Medicare problems have not been addressed. We have had eight years of problems with prescription drugs not being addressed. Social Security problem  's not been addressed. The educational problem has not been addressed. We  've had eight years of talk but no action.;Appeal to Emotion;Appeal to pity;CHENEY;5 10 2000;T535;26_2000.ann;60723 60802
2000;05Oct;10;The fact is the Medicare problems have not been addressed. We have had eight years of problems with prescription drugs not being addressed. Social Security problem  's not been addressed. The educational problem has not been addressed. We  've had eight years of talk but no action.;Appeal to Emotion;Appeal to pity;CHENEY;5 10 2000;T535;26_2000.ann;60723 60802
2000;05Oct;10;The fact is the Medicare problems have not been addressed. We have had eight years of problems with prescription drugs not being addressed. Social Security problem  's not been addressed. The educational problem has not been addressed. We  've had eight years of talk but no action.;Appeal to Emotion;Appeal to pity;CHENEY;5 10 2000;T535;26_2000.ann;60723 60802
2000;05Oct;10;The fact is the Medicare problems have not been addressed. We have had eight years of problems with prescription drugs not being addressed. Social Security problem  's not been addressed. The educational problem has not been addressed. We  've had eight years of talk but no action.;Appeal to Emotion;Appeal to pity;CHENEY;5 10 2000;T535;26_2000.ann;60723 60802
2000;05Oct;10;so tremendously impressed;Appeal to Emotion;Loaded Language;CHENEY;5 10 2000;T490;26_2000.ann;57380 57460
2000;05Oct;10;the finger of blame looking for scapegoats;Appeal to Emotion;Loaded Language;CHENEY;5 10 2000;T495;26_2000.ann;57720 57811
2000;05Oct;10;After all, the Welfare Reform Act, which Al Gore promised to lead the effort on to get people off of welfare to set time limits, to get people to enjoy the dignity of work. That was a bipartisan act that was adopted. The Anti-Crime Act that has helped to lower crime more than 20% in our country was also bipartisan. The Balanced Budget Act of 1997 which was critical to getting our economy to the point and our government to the point of unprecedented surplus we enjoy today also was bipartisan, and Al Gore was involved.;False Cause;False Cause;LIEBERMAN;5 10 2000;T750;26_2000.ann;60182 60386
2000;05Oct;10;After all, the Welfare Reform Act, which Al Gore promised to lead the effort on to get people off of welfare to set time limits, to get people to enjoy the dignity of work. That was a bipartisan act that was adopted. The Anti-Crime Act that has helped to lower crime more than 20% in our country was also bipartisan. The Balanced Budget Act of 1997 which was critical to getting our economy to the point and our government to the point of unprecedented surplus we enjoy today also was bipartisan, and Al Gore was involved.;False Cause;False Cause;LIEBERMAN;5 10 2000;T750;26_2000.ann;60182 60386
2000;05Oct;10;After all, the Welfare Reform Act, which Al Gore promised to lead the effort on to get people off of welfare to set time limits, to get people to enjoy the dignity of work. That was a bipartisan act that was adopted. The Anti-Crime Act that has helped to lower crime more than 20% in our country was also bipartisan. The Balanced Budget Act of 1997 which was critical to getting our economy to the point and our government to the point of unprecedented surplus we enjoy today also was bipartisan, and Al Gore was involved.;False Cause;False Cause;LIEBERMAN;5 10 2000;T750;26_2000.ann;60182 60386
2000;05Oct;10;After all, the Welfare Reform Act, which Al Gore promised to lead the effort on to get people off of welfare to set time limits, to get people to enjoy the dignity of work. That was a bipartisan act that was adopted. The Anti-Crime Act that has helped to lower crime more than 20% in our country was also bipartisan. The Balanced Budget Act of 1997 which was critical to getting our economy to the point and our government to the point of unprecedented surplus we enjoy today also was bipartisan, and Al Gore was involved.;False Cause;False Cause;LIEBERMAN;5 10 2000;T750;26_2000.ann;60182 60386
2000;05Oct;11;I have a few African-American friends who have gone through this horror and, you know, it makes me want to kind of hit the wall because it's such an assault on their humanity and their citizenship. We can't tolerate it anymore.;Appeal to Emotion;Appeal to fear;LIEBERMAN;5 10 2000;T562;26_2000.ann;63206 63277
2000;05Oct;11;I have a few African-American friends who have gone through this horror and, you know, it makes me want to kind of hit the wall because it's such an assault on their humanity and their citizenship. We can't tolerate it anymore.;Appeal to Emotion;Appeal to fear;LIEBERMAN;5 10 2000;T562;26_2000.ann;63206 63277
2000;05Oct;11;I have a few African-American friends who have gone through this horror and, you know, it makes me want to kind of hit the wall because it's such an assault on their humanity and their citizenship. We can't tolerate it anymore.;Appeal to Emotion;Appeal to fear;LIEBERMAN;5 10 2000;T562;26_2000.ann;63206 63277
2000;05Oct;11;I have a few African-American friends who have gone through this horror and, you know, it makes me want to kind of hit the wall because it's such an assault on their humanity and their citizenship. We can't tolerate it anymore.;Appeal to Emotion;Appeal to fear;LIEBERMAN;5 10 2000;T562;26_2000.ann;63206 63277
2000;05Oct;11;It is such an assault on the basic promise that America makes that the law will treat individuals as individuals regardless of their status.;Appeal to Emotion;Appeal to pity;LIEBERMAN;5 10 2000;T567;26_2000.ann;62899 63038
2000;05Oct;11;I had a friend a while ago who works in the government, works at the White House, African-American, stopped, surrounded by police for no other cause that anyone can determine than the color of his skin. That can't be in America anymore.;Appeal to Emotion;Flag waving;LIEBERMAN;5 10 2000;T569;26_2000.ann;64311 64512
2000;05Oct;11;I had a friend a while ago who works in the government, works at the White House, African-American, stopped, surrounded by police for no other cause that anyone can determine than the color of his skin. That can't be in America anymore.;Appeal to Emotion;Flag waving;LIEBERMAN;5 10 2000;T569;26_2000.ann;64311 64512
2000;05Oct;11;It is unAmerican;Appeal to Emotion;Loaded Language;LIEBERMAN;5 10 2000;T557;26_2000.ann;63968 63984
2000;05Oct;12;You're human, like we are.;Slogans;Slogan;LIEBERMAN;5 10 2000;;26_2000.txt;69523 69549
2000;05Oct;12;You're human, like we are.;Slogans;Slogan;LIEBERMAN;5 10 2000;;26_2000.txt;69523 69549
2000;05Oct;13;That a lot of your good friends like Bill Bennett and others of us who had admired your firmness of purpose over the years have felt that you're not quite the crusader for that cause that you once were.;Appeal to Emotion;Appeal to pity;CHENEY;5 10 2000;T633;26_2000.ann;74317 74504
2000;05Oct;13;very distasteful;Appeal to Emotion;Loaded Language;LIEBERMAN;5 10 2000;T773;26_2000.ann;74582 74654
2000;05Oct;13;a consistent crusader;Appeal to Emotion;Loaded Language;LIEBERMAN;5 10 2000;T641;26_2000.ann;75340 75386
2000;05Oct;14;It's not the government's money, it's your money. You're entitled to it, and we would like to see to it that we provide tax relief for everybody who pays taxes.;Appeal to Authority;Popular Opinion;CHENEY;5 10 2000;T687;26_2000.ann;80181 80263
2000;05Oct;14;It's not the government's money, it's your money. You're entitled to it, and we would like to see to it that we provide tax relief for everybody who pays taxes.;Appeal to Authority;Popular Opinion;CHENEY;5 10 2000;T687;26_2000.ann;80181 80263
2000;05Oct;14;It's not the government's money, it's your money. You're entitled to it, and we would like to see to it that we provide tax relief for everybody who pays taxes.;Appeal to Authority;Popular Opinion;CHENEY;5 10 2000;T687;26_2000.ann;80181 80263
2000;05Oct;14;It's not the government's money, it's your money. You're entitled to it, and we would like to see to it that we provide tax relief for everybody who pays taxes.;Appeal to Authority;Popular Opinion;CHENEY;5 10 2000;T687;26_2000.ann;80181 80263
2000;11Oct;1;We have the strongest military, and I'll do whatever is necessary, if I'm president, to make sure that it stays that way.;Appeal to Emotion;Loaded Language;GORE;11 10 2000;T33;27_2000.ann;4433 4517
2000;11Oct;1;We have the strongest military, and I'll do whatever is necessary, if I'm president, to make sure that it stays that way.;Appeal to Emotion;Loaded Language;GORE;11 10 2000;T33;27_2000.ann;4433 4517
2000;11Oct;1;I think that one of the problems that we have faced in the world is that we are so much more powerful than any single nation has been in relationship to the rest of the world than at any time in history, that I know about, anyway.;Appeal to Emotion;Loaded Language;GORE;11 10 2000;T55;27_2000.ann;5712 5973
2000;11Oct;1;You know, in the last, or two decades ago, it was routine for leaders of foreign countries to come over here and say you guys have got to do something about these horrendous deficits because it's causing tremendous problems for the rest of the world, and we were lectured to all the time.;Appeal to Emotion;Loaded Language;GORE;11 10 2000;T60;27_2000.ann;6284 6523
2000;11Oct;1;You know, in the last, or two decades ago, it was routine for leaders of foreign countries to come over here and say you guys have got to do something about these horrendous deficits because it's causing tremendous problems for the rest of the world, and we were lectured to all the time.;Appeal to Emotion;Loaded Language;GORE;11 10 2000;T60;27_2000.ann;6284 6523
2000;11Oct;1;The power of example is America's greatest power in the world. And that means, for example, standing up for human rights. It means addressing the problems of injustice and inequity, along the lines of race and ethnicity here at home, because in all these other places around the world where they're having these terrible problems, when they feel hope, it is often because they see in us a reflection of their potential.;False Cause;False Cause;GORE;11 10 2000;T29;27_2000.ann;4078 4254
2000;11Oct;1;The power of example is America's greatest power in the world. And that means, for example, standing up for human rights. It means addressing the problems of injustice and inequity, along the lines of race and ethnicity here at home, because in all these other places around the world where they're having these terrible problems, when they feel hope, it is often because they see in us a reflection of their potential.;False Cause;False Cause;GORE;11 10 2000;T29;27_2000.ann;4078 4254
2000;11Oct;1;The power of example is America's greatest power in the world. And that means, for example, standing up for human rights. It means addressing the problems of injustice and inequity, along the lines of race and ethnicity here at home, because in all these other places around the world where they're having these terrible problems, when they feel hope, it is often because they see in us a reflection of their potential.;False Cause;False Cause;GORE;11 10 2000;T29;27_2000.ann;4078 4254
2000;11Oct;1;The power of example is America's greatest power in the world. And that means, for example, standing up for human rights. It means addressing the problems of injustice and inequity, along the lines of race and ethnicity here at home, because in all these other places around the world where they're having these terrible problems, when they feel hope, it is often because they see in us a reflection of their potential.;False Cause;False Cause;GORE;11 10 2000;T29;27_2000.ann;4078 4254
2000;11Oct;2;We don't know whether he's developing weapons of mass destruction.;Appeal to Emotion;Appeal to fear;BUSH;11 10 2000;T102;27_2000.ann;10459 10524
2000;11Oct;2;He is a danger.;Appeal to Emotion;Appeal to fear;BUSH;11 10 2000;T134;27_2000.ann;13484 13498
2000;11Oct;2;We don't know whether he's developing weapons of mass destruction;Appeal to Emotion;Appeal to fear;BUSH;11 10 2000;T102;27_2000.ann;10459 10524
2000;11Oct;2;He is a danger.;Appeal to Emotion;Appeal to fear;BUSH;11 10 2000;T134;27_2000.ann;13484 13498
2000;11Oct;2;I know the governor's not necessarily saying that but, you know, all of these flights that have come in, all of them have been in accordance with the sanctions regime, I'm told, except for three where they notified, and they're trying to break out of the box, there's no question about it.;Appeal to Authority;False Authority;GORE;11 10 2000;T147;27_2000.ann;15031 15180
2000;11Oct;2;I know the governor's not necessarily saying that but, you know, all of these flights that have come in, all of them have been in accordance with the sanctions regime, I'm told, except for three where they notified, and they're trying to break out of the box, there's no question about it.;Appeal to Authority;False Authority;GORE;11 10 2000;T147;27_2000.ann;15031 15180
2000;11Oct;2;Our bonds with Israel are larger than agreements or disagreements on some details of diplomatic initiatives.;Appeal to Emotion;Flag waving;GORE;11 10 2000;T83;27_2000.ann;9160 9267
2000;11Oct;2;They are historic, they are strong, and they are enduring.;Appeal to Emotion;Flag waving;GORE;11 10 2000;T84;27_2000.ann;9269 9286
2000;11Oct;2;They are historic, they are strong, and they are enduring.;Appeal to Emotion;Flag waving;GORE;11 10 2000;T84;27_2000.ann;9269 9286
2000;11Oct;2;They are historic, they are strong, and they are enduring.;Appeal to Emotion;Flag waving;GORE;11 10 2000;T84;27_2000.ann;9269 9286
2000;11Oct;2;I want everybody to know should I be the president Israel's going to be our friend.;Appeal to Emotion;Flag waving;BUSH;11 10 2000;T94;27_2000.ann;9853 9910
2000;11Oct;2;I'm going to stand by Israel;Appeal to Emotion;Flag waving;BUSH;11 10 2000;T95;27_2000.ann;9912 9940
2000;11Oct;2;I want everybody to know should I be the president Israel's going to be our friend. I'm going to stand by Israel.;Appeal to Emotion;Flag waving;BUSH;11 10 2000;T94;27_2000.ann;9853 9910
2000;11Oct;2;I want everybody to know should I be the president Israel's going to be our friend. I'm going to stand by Israel.;Appeal to Emotion;Flag waving;BUSH;11 10 2000;T94;27_2000.ann;9853 9910
2000;11Oct;2;They are historic, they are strong, and they are enduring.;Appeal to Emotion;Flag waving;GORE;11 10 2000;T84;27_2000.ann;9269 9286
2000;11Oct;2;They are historic, they are strong, and they are enduring.;Appeal to Emotion;Flag waving;GORE;11 10 2000;T84;27_2000.ann;9269 9286
2000;11Oct;2;They are historic, they are strong, and they are enduring.;Appeal to Emotion;Flag waving;GORE;11 10 2000;T84;27_2000.ann;9269 9286
2000;11Oct;2;I want everybody to know should I be the president Israel's going to be our friend.;Appeal to Emotion;Flag waving;BUSH;11 10 2000;T94;27_2000.ann;9853 9910
2000;11Oct;2;I'm going to stand by Israel;Appeal to Emotion;Flag waving;BUSH;11 10 2000;T95;27_2000.ann;9912 9940
2000;11Oct;2;The use of diplomacy in this situation has already, well, it goes hour-by-hour and day-by-day now. It's a very tense situation there.;Appeal to Emotion;Loaded Language;GORE;11 10 2000;T90;27_2000.ann;8712 8745
2000;11Oct;2;They are historic, they are strong, and they are enduring.;Appeal to Emotion;Loaded Language;GORE;11 10 2000;T84;27_2000.ann;9269 9286
2000;11Oct;2;They are historic, they are strong, and they are enduring.;Appeal to Emotion;Loaded Language;GORE;11 10 2000;T84;27_2000.ann;9269 9286
2000;11Oct;2;They are historic, they are strong, and they are enduring.;Appeal to Emotion;Loaded Language;GORE;11 10 2000;T84;27_2000.ann;9269 9286
2000;11Oct;2;fishing in troubled waters;Appeal to Emotion;Loaded Language;BUSH;11 10 2000;T135;27_2000.ann;13500 13563
2000;11Oct;3;My wife Tipper, who is here, actually went on a military plane with General Sholicatchvieli on one of those flights.;Appeal to Authority;False Authority;GORE;11 10 2000;T240;27_2000.ann;23106 23221
2000;11Oct;3;The administration, seems like we're having a great love fest tonight, but the administration made the right decision on training Nigerian troops for situations just such as this in Rwanda, and so I thought they made the right decision not to send U.S. troops into Rwanda.;Appeal to Emotion;Loaded Language;BUSH;11 10 2000;T231;27_2000.ann;22594 22707
2000;11Oct;3;The administration, seems like we're having a great love fest tonight, but the administration made the right decision on training Nigerian troops for situations just such as this in Rwanda, and so I thought they made the right decision not to send U.S. troops into Rwanda.;Appeal to Emotion;Loaded Language;BUSH;11 10 2000;T231;27_2000.ann;22594 22707
2000;11Oct;3;But if you have a situation like that right in our backyard with chaos about to break out and flotillas forming to come across the water, and all kinds of violence there, right in one of our neighboring countries there, then I think that we did the right thing there.;Appeal to Emotion;Loaded Language;GORE;11 10 2000;T328;27_2000.ann;30667 30881
2000;11Oct;3;But if you have a situation like that right in our backyard with chaos about to break out and flotillas forming to come across the water, and all kinds of violence there, right in one of our neighboring countries there, then I think that we did the right thing there.;Appeal to Emotion;Loaded Language;GORE;11 10 2000;T328;27_2000.ann;30667 30881
2000;11Oct;3;I think a lot of times we just spend aid and say we feel better about it and it ends up being spent the wrong way, and there's some pretty egregious examples recently.;Appeal to Emotion;Loaded Language;BUSH;11 10 2000;T340;27_2000.ann;32508 32621
2000;11Oct;3;I think a lot of times we just spend aid and say we feel better about it and it ends up being spent the wrong way, and there's some pretty egregious examples recently.;Appeal to Emotion;Loaded Language;BUSH;11 10 2000;T340;27_2000.ann;32508 32621
2000;11Oct;3;I thought the President did the right thing with Mexico and was very strongly supportive of the administration in Mexico.;Appeal to Emotion;Loaded Language;BUSH;11 10 2000;T346;27_2000.ann;33018 33138
2000;11Oct;3;I just think, Jim, that this is an absolutely unique period in world history. The worldâ€™s coming together, as I said, they're looking to us.;Appeal to Emotion;Loaded Language;GORE;11 10 2000;T361;27_2000.ann;34284 34360
2000;11Oct;3;I just think, Jim, that this is an absolutely unique period in world history. The worldâ€™s coming together, as I said, they're looking to us.;Appeal to Emotion;Loaded Language;GORE;11 10 2000;T361;27_2000.ann;34284 34360
2000;11Oct;3;I just think, Jim, that this is an absolutely unique period in world history. The worldâ€™s coming together, as I said, they're looking to us.;Appeal to Emotion;Loaded Language;GORE;11 10 2000;T361;27_2000.ann;34284 34360
2000;11Oct;3;Are we going to step up to the plate as a nation the way we did after World War II, the way that generation of heroes said okay, the United States is going to be the leader. And the world benefitted tremendously from the courage that they showed in those post-war years.;Appeal to Emotion;Loaded Language;GORE;11 10 2000;T367;27_2000.ann;34469 34641
2000;11Oct;3;Are we going to step up to the plate as a nation the way we did after World War II, the way that generation of heroes said okay, the United States is going to be the leader. And the world benefitted tremendously from the courage that they showed in those post-war years.;Appeal to Emotion;Loaded Language;GORE;11 10 2000;T367;27_2000.ann;34469 34641
2000;11Oct;3;the ugly American;Appeal to Emotion;Loaded Language;BUSH;11 10 2000;T391;27_2000.ann;36529 36672
2000;11Oct;3;We know freedom is a powerful, powerful, powerful force, much bigger than the United States of America, as we saw recently in the Balkans.;Appeal to Emotion;Loaded Language;BUSH;11 10 2000;T394;27_2000.ann;36700 36837
2000;11Oct;4;My friend, Phyllis Hunter, is here. She had one of the greatest lines of all lines. She said, reading is the new civil right. She's right.;Appeal to Authority;False Authority;BUSH;11 10 2000;T461;27_2000.ann;42421 42467
2000;11Oct;4;My friend, Phyllis Hunter, is here. She had one of the greatest lines of all lines. She said, reading is the new civil right. She's right.;Appeal to Authority;False Authority;BUSH;11 10 2000;T461;27_2000.ann;42421 42467
2000;11Oct;4;My friend, Phyllis Hunter, is here. She had one of the greatest lines of all lines. She said, reading is the new civil right. She's right.;Appeal to Authority;False Authority;BUSH;11 10 2000;T461;27_2000.ann;42421 42467
2000;11Oct;4;My friend, Phyllis Hunter, is here. She had one of the greatest lines of all lines. She said, reading is the new civil right. She's right.;Appeal to Authority;False Authority;BUSH;11 10 2000;T461;27_2000.ann;42421 42467
2000;11Oct;4;I talked to an African-American police officer in Springfield, Massachusetts not long ago who raised this question and said that in his opinion one of the biggest solutions is in the training.;Appeal to Authority;Without Evidence;GORE;11 10 2000;T428;27_2000.ann;39925 40116
2000;11Oct;4;And as for singling people out because of race, you know, James Byrd was singled out because of his race in Texas.;Appeal to Emotion;Appeal to pity;GORE;11 10 2000;T431;27_2000.ann;40342 40397
2000;11Oct;4;I believe, though -- I believe, as sure as I'm sitting here, that most Americans really care. They're tolerant people. They're good, tolerant people.;Appeal to Emotion;Flag waving;BUSH;11 10 2000;T454;27_2000.ann;41767 41838
2000;11Oct;4;I believe, though -- I believe, as sure as I'm sitting here, that most Americans really care. They're tolerant people. They're good, tolerant people.;Appeal to Emotion;Flag waving;BUSH;11 10 2000;T454;27_2000.ann;41767 41838
2000;11Oct;4;I believe, though -- I believe, as sure as I'm sitting here, that most Americans really care. They're tolerant people. They're good, tolerant people.;Appeal to Emotion;Flag waving;BUSH;11 10 2000;T454;27_2000.ann;41767 41838
2000;11Oct;4;But it's very important that we not overstep our bounds and I think most people -- most police officers are good, dedicated, honorable citizens who are doing their job, putting their lives at risk who aren't bigoted or aren't prejudiced.;Appeal to Emotion;Loaded Language;BUSH;11 10 2000;T420;27_2000.ann;39321 39474
2000;11Oct;4;But it's very important that we not overstep our bounds and I think most people -- most police officers are good, dedicated, honorable citizens who are doing their job, putting their lives at risk who aren't bigoted or aren't prejudiced.;Appeal to Emotion;Loaded Language;BUSH;11 10 2000;T420;27_2000.ann;39321 39474
2000;11Oct;4;And to make sure our society is as hopeful as it possibly can be, every single child in America must be educated. I mean every child.;Appeal to Emotion;Loaded Language;BUSH;11 10 2000;T464;27_2000.ann;42528 42636
2000;11Oct;4;And to make sure our society is as hopeful as it possibly can be, every single child in America must be educated. I mean every child.;Appeal to Emotion;Loaded Language;BUSH;11 10 2000;T464;27_2000.ann;42528 42636
2000;11Oct;4;There is nothing more prejudiced than not educating a child.;Appeal to Emotion;Loaded Language;BUSH;11 10 2000;T482;27_2000.ann;43779 43838
2000;11Oct;5;But I think that we should find a way to allow some kind of civic unions, and I basically agree with Dick Cheney and Joe Lieberman.;Appeal to Authority;Without Evidence;GORE;11 10 2000;T515;27_2000.ann;47862 47930
2000;11Oct;5;But I think that we should find a way to allow some kind of civic unions, and I basically agree with Dick Cheney and Joe Lieberman.;Appeal to Authority;Without Evidence;GORE;11 10 2000;T515;27_2000.ann;47862 47930
2000;11Oct;6;Look, this is the year -- this is in the aftermath of Columbine, and Paducah, and all the places in our country where the nation has been shocked by these weapons in the hands of the wrong people.;Appeal to Emotion;Appeal to fear;GORE;11 10 2000;T593;27_2000.ann;54819 54988
2000;11Oct;6;Tipper and I have worked on the problem of violence in entertainment aimed at children. She's worked on it longer than I have.;Appeal to Authority;False Authority;GORE;11 10 2000;T620;27_2000.ann;56883 56969
2000;11Oct;6;Tipper and I have worked on the problem of violence in entertainment aimed at children. She's worked on it longer than I have.;Appeal to Authority;False Authority;GORE;11 10 2000;T620;27_2000.ann;56883 56969
2000;11Oct;6;"And the ""Los Angeles Times"" spent a lot of ink going into that.";Appeal to Authority;Without Evidence;GORE;11 10 2000;T588;27_2000.ann;54560 54618
2000;11Oct;6;The woman who bought the guns for the two boys who did that killing at Columbine said that if she had had to give her name and fill out a form there, she would not have bought those guns.;Appeal to Emotion;Appeal to pity;GORE;11 10 2000;T591;27_2000.ann;54990 55176
2000;11Oct;6;Some desperate child needs to have somebody put their arm around them and say, we love you.;Appeal to Emotion;Appeal to pity;BUSH;11 10 2000;T607;27_2000.ann;56194 56284
2000;11Oct;6;I will not do anything to affect the rights of hunters or sportsmen.;Appeal to Emotion;Flag waving;GORE;11 10 2000;T542;27_2000.ann;50663 50730
2000;11Oct;6;I will not do anything to affect the rights of hunters or sportsmen.;Appeal to Emotion;Flag waving;GORE;11 10 2000;T542;27_2000.ann;50663 50730
2000;11Oct;6;Some desperate child needs to have somebody put their arm around them and say, we love you.;Appeal to Emotion;Loaded Language;BUSH;11 10 2000;T607;27_2000.ann;56194 56284
2000;11Oct;6;a flood of cheap handguns;Appeal to Emotion;Loaded Language;GORE;11 10 2000;T260;27_2000.ann;57413 57546
2000;11Oct;6;Love your neighbor like you would like to be loved yourself.;Slogans;Slogan;BUSH;11 10 2000;T612;27_2000.ann;56569 56628
2000;11Oct;6;Love your neighbor like you would like to be loved yourself.;Slogans;Slogan;BUSH;11 10 2000;T612;27_2000.ann;56569 56628
2000;11Oct;7;First of all, let me say he's not for a government-run health care system? I thought that's exactly what he and Mrs. Clinton and them fought for in 1993 was a government-run health care system.;Ad Hominem;Circumstantial Ad Hominem;BUSH;11 10 2000;T678;27_2000.ann;62525 62632
2000;11Oct;7;Let me just tell you who the jury is. The people of Texas.;Appeal to Authority;Popular Opinion;BUSH;11 10 2000;T712;27_2000.ann;65943 65979
2000;11Oct;7;Let me just tell you who the jury is. The people of Texas.;Appeal to Authority;Popular Opinion;BUSH;11 10 2000;T712;27_2000.ann;65943 65979
2000;11Oct;7;"And the budget plan that I've put out, according to the ""Los Angeles Times"" again, the way these things are typically measured as a percentage of the GDP, will bring government spending down to the lowest level in 50 years.";Appeal to Authority;Without Evidence;GORE;11 10 2000;T666;27_2000.ann;61344 61562
2000;11Oct;7;There is now a federal judge's opinion about the current management of this program ordering the State of Texas to do -- you should read that judge's language about this.;Appeal to Authority;Without Evidence;GORE;11 10 2000;T696;27_2000.ann;64635 64752
2000;11Oct;7;And I was able to do so with a lot of Democrat votes, nearly 50% of the Hispanic vote, about 27% of the African-American vote, because people know I'm a conservative person and a compassionate person.;Appeal to Authority;Without Evidence;BUSH;11 10 2000;T709;27_2000.ann;66100 66221
2000;11Oct;7;And I was able to do so with a lot of Democrat votes, nearly 50% of the Hispanic vote, about 27% of the African-American vote, because people know I'm a conservative person and a compassionate person.;Appeal to Authority;Without Evidence;BUSH;11 10 2000;T709;27_2000.ann;66100 66221
2000;11Oct;7;It will be a huge down payment for a pretty darn good system.;Appeal to Emotion;Loaded Language;BUSH;11 10 2000;T651;27_2000.ann;60025 60085
2000;11Oct;7;And my case to the American people is, if you're happy with inactivity, stay with the horse.;Appeal to Emotion;Loaded Language;BUSH;11 10 2000;T753;27_2000.ann;69470 69522
2000;11Oct;8;You know the Japanese are breathing down our necks on this.;Appeal to Emotion;Loaded Language;GORE;11 10 2000;T762;27_2000.ann;70773 70822
2000;11Oct;8;"In my faith tradition, it is -- it's written in the book of Matthew, ""Where your heart is, there is your treasure also.""";Slogans;Slogan;GORE;11 10 2000;T845;27_2000.ann;78071 78191
2000;11Oct;9;I read a report, or a memo, from somebody in his 1988 campaign -- I forgot the fellow's name -- warning then Senator Gore to be careful about exaggerating claims. I thought during his debate with Senator Bradley saying he authored the EITC when it didn't happen.;Appeal to Authority;Without Evidence;BUSH;11 10 2000;T861;27_2000.ann;81069 81230
2000;11Oct;9;I read a report, or a memo, from somebody in his 1988 campaign -- I forgot the fellow's name -- warning then Senator Gore to be careful about exaggerating claims. I thought during his debate with Senator Bradley saying he authored the EITC when it didn't happen.;Appeal to Authority;Without Evidence;BUSH;11 10 2000;T861;27_2000.ann;81069 81230
2000;11Oct;9;I read a report, or a memo, from somebody in his 1988 campaign -- I forgot the fellow's name -- warning then Senator Gore to be careful about exaggerating claims. I thought during his debate with Senator Bradley saying he authored the EITC when it didn't happen.;Appeal to Authority;Without Evidence;BUSH;11 10 2000;T861;27_2000.ann;81069 81230
2000;11Oct;9;But I will promise you this with all the confidence in my heart and in the world, that I will do my best if I'm elected president, I'll work my heart out to get the big things right for the American people.;Appeal to Emotion;Loaded Language;GORE;11 10 2000;T886;27_2000.ann;83312 83513
2000;11Oct;9;I think that what -- I think the point of that is that anybody would have a hard time trying to make a tax cut plan that is so large, that would put us into such big deficits, that gives almost half the benefits to the wealthiest of the wealthy.;Slippery Slope;Slippery Slope;GORE;11 10 2000;T888;27_2000.ann;84532 84755
2000;17Oct;1;And I would just like to say that this debate in a way is a living tribute to Mel Carnahan because he loved the vigorous discussion of ideas in our democracy. He was a fantastic governor of Missouri.;Appeal to Emotion;Loaded Language;GORE;17 10 2000;T5;28_2000.ann;3311 3397
2000;17Oct;1;And I would just like to say that this debate in a way is a living tribute to Mel Carnahan because he loved the vigorous discussion of ideas in our democracy. He was a fantastic governor of Missouri.;Appeal to Emotion;Loaded Language;GORE;17 10 2000;T5;28_2000.ann;3311 3397
2000;17Oct;1;And I would just like to say that this debate in a way is a living tribute to Mel Carnahan because he loved the vigorous discussion of ideas in our democracy. He was a fantastic governor of Missouri.;Appeal to Emotion;Loaded Language;GORE;17 10 2000;T5;28_2000.ann;3311 3397
2000;17Oct;2;And if you pass the big drug companies' bill, nothing will happen.;Slippery Slope;Slippery Slope;GORE;17 10 2000;T79;28_2000.ann;13169 13230
2000;17Oct;4;One of the things the next president must do is to remind people that if we are going to have a responsible period in America, that each of us must love our children with all our heart and all our soul.;Appeal to Emotion;Loaded Language;BUSH;17 10 2000;T161;28_2000.ann;18655 18856
2000;17Oct;4;Now, you're -- and the way it would happen is that under his plan, if a school was designated as failing, the kids would be trapped there for another three years and then some of them would get federal vouchers and the state would be forced to match those, that money.;Slippery Slope;Slippery Slope;GORE;17 10 2000;T221;28_2000.ann;24266 24466
2000;17Oct;5;Now you judge for yourselves whether or not that's fair.;Appeal to Authority;Popular Opinion;GORE;17 10 2000;T319;28_2000.ann;34856 34911
2000;17Oct;5;That was in an ad, Jim, that was knocked down by the journalists who analyzed the ad and said it was misleading.;Appeal to Authority;False Authority;GORE;17 10 2000;T894;28_2000.ann;31461 31573
2000;17Oct;5;It's ironic that there are now -- there is now a smaller percentage of the voters made up of parents with children than ever in American history because of the aging of our population, but at the same time we've got the largest generation of students in public schools ever.;Appeal to Emotion;Loaded Language;GORE;17 10 2000;T888;28_2000.ann;26084 26233
2000;17Oct;5;It's ironic that there are now -- there is now a smaller percentage of the voters made up of parents with children than ever in American history because of the aging of our population, but at the same time we've got the largest generation of students in public schools ever.;Appeal to Emotion;Loaded Language;GORE;17 10 2000;T888;28_2000.ann;26084 26233
2000;17Oct;5;Now, because the governor has all this money for a tax cut mostly to the wealthy, there is no money left over, so schools get testing and lawsuit reform and not much else.;Slippery Slope;Slippery Slope;GORE;17 10 2000;T281;28_2000.ann;30974 31078
2000;17Oct;5;Now, because the governor has all this money for a tax cut mostly to the wealthy, there is no money left over, so schools get testing and lawsuit reform and not much else.;Slippery Slope;Slippery Slope;GORE;17 10 2000;T281;28_2000.ann;30974 31078
2000;17Oct;6;Right now our military is the strongest in the entire history of the world.;Appeal to Emotion;Loaded Language;GORE;17 10 2000;T361;28_2000.ann;38107 38181
2000;17Oct;7;See, I think the mission has somewhat become fuzzy.;Appeal to Emotion;Loaded Language;BUSH;17 10 2000;T398;28_2000.ann;42834 42879
2000;17Oct;8;And it's now the smallest number that we have had since the -- the smallest in size since John Kennedy's administration.;Appeal to Authority;Without Evidence;GORE;17 10 2000;T910;28_2000.ann;48162 48281
2000;17Oct;9;And you guys have been having a hard time, and I want to fight for you.;Appeal to Emotion;Flag waving;GORE;17 10 2000;T462;28_2000.ann;49535 49572
2000;17Oct;9;And you guys have been having a hard time, and I want to fight for you.;Appeal to Emotion;Flag waving;GORE;17 10 2000;T462;28_2000.ann;49535 49572
2000;17Oct;9;In the last several years, the so-called Freedom To Farm Law has, in my view, been mostly a failure.;Appeal to Emotion;Loaded Language;GORE;17 10 2000;T464;28_2000.ann;49170 49269
2000;17Oct;9;I'm for getting rid of the death tax, completely getting rid of the death tax.;Appeal to Emotion;Loaded Language;BUSH;17 10 2000;T480;28_2000.ann;51842 51919
2000;17Oct;9;I'm for getting rid of the death tax, completely getting rid of the death tax.;Appeal to Emotion;Loaded Language;BUSH;17 10 2000;T480;28_2000.ann;51842 51919
2000;17Oct;9;This is a bad tax.;Appeal to Emotion;Loaded Language;BUSH;17 10 2000;T497;28_2000.ann;52001 52018
2000;17Oct;9;And the vast majority of all family businesses would be completely exempt, and all of the others would have sharply reduced.;Appeal to Emotion;Loaded Language;GORE;17 10 2000;T508;28_2000.ann;52966 53035
2000;17Oct;9;And the vast majority of all family businesses would be completely exempt, and all of the others would have sharply reduced.;Appeal to Emotion;Loaded Language;GORE;17 10 2000;T508;28_2000.ann;52966 53035
2000;17Oct;10;Government ought to stand on the side of parents.;Appeal to Emotion;Flag waving;BUSH;17 10 2000;T526;28_2000.ann;55131 55179
2000;17Oct;10;Ours is a great land, and one of the reasons why is because we're free.;Appeal to Emotion;Flag waving;BUSH;17 10 2000;T535;28_2000.ann;56264 56284
2000;17Oct;10;Ours is a great land, and one of the reasons why is because we're free.;Appeal to Emotion;Flag waving;BUSH;17 10 2000;T535;28_2000.ann;56264 56284
2000;17Oct;10;Ours is a great land, and one of the reasons why is because we're free.;Appeal to Emotion;Flag waving;BUSH;17 10 2000;T535;28_2000.ann;56264 56284
2000;17Oct;11;We're America, and we believe in our future and we know we have the ability to shape our future.;Appeal to Emotion;Flag waving;GORE;17 10 2000;T580;28_2000.ann;60273 60320
2000;17Oct;11;We're America, and we believe in our future and we know we have the ability to shape our future.;Appeal to Emotion;Flag waving;GORE;17 10 2000;T580;28_2000.ann;60273 60320
2000;17Oct;11;But thank goodness we've always had enough people who have been willing in every generation to push past the fear of a broken heart and become deeply involved in forming a more perfect union.;Appeal to Emotion;Loaded Language;GORE;17 10 2000;T584;28_2000.ann;60037 60223
2000;17Oct;11;And we can renew and rekindle the American spirit and make our future what our founders dreamed it could be. We can.;Appeal to Emotion;Loaded Language;GORE;17 10 2000;T565;28_2000.ann;61557 61660
2000;17Oct;11;And we can renew and rekindle the American spirit and make our future what our founders dreamed it could be. We can.;Appeal to Emotion;Loaded Language;GORE;17 10 2000;T565;28_2000.ann;61557 61660
2000;17Oct;11;A lot of people are sick and tired of the bitterness in Washington, D.C. and therefore they don't want any part of politics.;Appeal to Emotion;Loaded Language;BUSH;17 10 2000;T590;28_2000.ann;61739 61811
2000;17Oct;11;A lot of people are sick and tired of the bitterness in Washington, D.C. and therefore they don't want any part of politics.;Appeal to Emotion;Loaded Language;BUSH;17 10 2000;T590;28_2000.ann;61739 61811
2000;17Oct;11;think it's a cynicism in Washington and it doesn't have to be that way.;Appeal to Emotion;Loaded Language;BUSH;17 10 2000;T599;28_2000.ann;62575 62605
2000;17Oct;11;think it's a cynicism in Washington and it doesn't have to be that way.;Appeal to Emotion;Loaded Language;BUSH;17 10 2000;T599;28_2000.ann;62575 62605
2000;17Oct;11;think it's a cynicism in Washington and it doesn't have to be that way.;Appeal to Emotion;Loaded Language;BUSH;17 10 2000;T599;28_2000.ann;62575 62605
2000;17Oct;12;I'm against quotas. This is, with all due respect, Governor, that's a red herring.;Ad Hominem;Name-Calling, Labeling;GORE;17 10 2000;T656;28_2000.ann;67162 67182
2000;17Oct;12;I'm against quotas. This is, with all due respect, Governor, that's a red herring.;Ad Hominem;Name-Calling, Labeling;GORE;17 10 2000;T656;28_2000.ann;67162 67182
2000;17Oct;12;And incidentally, Mel Carnahan in Missouri had the finest record on diversity in any governor in the entire history of the State of Missouri. And I want to honor that among his other achievements here.;Appeal to Authority;Without Evidence;GORE;17 10 2000;T654;28_2000.ann;66839 66961
2000;17Oct;12;And incidentally, Mel Carnahan in Missouri had the finest record on diversity in any governor in the entire history of the State of Missouri. And I want to honor that among his other achievements here.;Appeal to Authority;Without Evidence;GORE;17 10 2000;T654;28_2000.ann;66839 66961
2000;17Oct;12;I know what a hate crime statute pending at the national level is all about in the aftermath of James Byrd's death.;Appeal to Emotion;Appeal to pity;GORE;17 10 2000;T651;28_2000.ann;66240 66354
2000;17Oct;12;I've worked hard in the State of Texas to make sure our institutions reflect the state with good, smart policy.;Appeal to Emotion;Loaded Language;BUSH;17 10 2000;T624;28_2000.ann;64021 64131
2000;17Oct;14;But I support the death penalty in the most heinous cases.;Appeal to Emotion;Loaded Language;GORE;17 10 2000;T732;28_2000.ann;74317 74370
2000;17Oct;15;But if you're a younger worker, if you're younger, you better hope this country thinks differently, otherwise you're gonna be faced with huge payroll taxes or reduced benefits.;Appeal to Emotion;Appeal to fear;BUSH;17 10 2000;T788;28_2000.ann;78052 78223
2000;17Oct;15;And I had the will of the people in my state behind me.;Appeal to Emotion;Flag waving;BUSH;17 10 2000;T776;28_2000.ann;77458 77508
2000;17Oct;15;We have gone from the biggest deficits eight years ago to the biggest surpluses in history today.;Appeal to Emotion;Loaded Language;GORE;17 10 2000;T753;28_2000.ann;75390 75486
2000;17Oct;15;There's too much bitterness in Washington. There's too much wrangling.;Appeal to Emotion;Loaded Language;BUSH;17 10 2000;T765;28_2000.ann;77006 77047
2000;17Oct;15;There's too much bitterness in Washington. There's too much wrangling.;Appeal to Emotion;Loaded Language;BUSH;17 10 2000;T765;28_2000.ann;77006 77047
2000;17Oct;16;If you want somebody who is willing to fight for you, I am asking for your support and your vote and, yes, your confidence and your willingness to believe that we can do the right thing in America, and be the better for it.;Appeal to Authority;Popular Opinion;GORE;17 10 2000;T828;28_2000.ann;81728 81950
2004;30Sep;1;First of all, he made the misjudgment of saying to America that he was going to build a true alliance, that he would exhaust the remedies of the United Nations and go through the inspections.  In fact, he first didn't even want to do that.;Ad Hominem;Circumstantial Ad Hominem;KERRY;30 9 2004;T881;29_2004.ann;8575 8751
2004;30Sep;1;First of all, he made the misjudgment of saying to America that he was going to build a true alliance, that he would exhaust the remedies of the United Nations and go through the inspections.  In fact, he first didn't even want to do that.;Ad Hominem;Circumstantial Ad Hominem;KERRY;30 9 2004;T881;29_2004.ann;8575 8751
2004;30Sep;1;The president just talked about Iraq as a center of the war on terror. Iraq was not even close to the center of the war on terror before the president invaded it.;Ad Hominem;Circumstantial Ad Hominem;KERRY;30 9 2004;T165;29_2004.ann;14232 14322
2004;30Sep;1;The president just talked about Iraq as a center of the war on terror. Iraq was not even close to the center of the war on terror before the president invaded it.;Ad Hominem;Circumstantial Ad Hominem;KERRY;30 9 2004;T165;29_2004.ann;14232 14322
2004;30Sep;1;The president just talked about Iraq as a center of the war on terror. Iraq was not even close to the center of the war on terror before the president invaded it.;Ad Hominem;Circumstantial Ad Hominem;KERRY;30 9 2004;T165;29_2004.ann;14232 14322
2004;30Sep;1;The president just talked about Iraq as a center of the war on terror. Iraq was not even close to the center of the war on terror before the president invaded it.;Ad Hominem;Circumstantial Ad Hominem;KERRY;30 9 2004;T165;29_2004.ann;14232 14322
2004;30Sep;1;First of all, what my opponent wants you to forget is that he voted to authorize the use of force and now says it's the wrong war at the wrong time at the wrong place.;Ad Hominem;Tu quoque;BUSH;30 9 2004;T186;29_2004.ann;15768 15846
2004;30Sep;1;First of all, what my opponent wants you to forget is that he voted to authorize the use of force and now says it's the wrong war at the wrong time at the wrong place.;Ad Hominem;Tu quoque;BUSH;30 9 2004;T186;29_2004.ann;15768 15846
2004;30Sep;1;First of all, what my opponent wants you to forget is that he voted to authorize the use of force and now says it's the wrong war at the wrong time at the wrong place.;Ad Hominem;Tu quoque;BUSH;30 9 2004;T186;29_2004.ann;15768 15846
2004;30Sep;1;First of all, what my opponent wants you to forget is that he voted to authorize the use of force and now says it's the wrong war at the wrong time at the wrong place.;Ad Hominem;Tu quoque;BUSH;30 9 2004;T186;29_2004.ann;15768 15846
2004;30Sep;1;This is a group of killers who will not only kill here, but kill children in Russia, that'll attack unmercifully in Iraq, hoping to shake our will.;Appeal to Emotion;Appeal to fear;BUSH;30 9 2004;T57;29_2004.ann;5688 5771
2004;30Sep;1;This is a group of killers who will not only kill here, but kill children in Russia, that'll attack unmercifully in Iraq, hoping to shake our will.;Appeal to Emotion;Appeal to fear;BUSH;30 9 2004;T57;29_2004.ann;5688 5771
2004;30Sep;1;This is a group of killers who will not only kill here, but kill children in Russia, that'll attack unmercifully in Iraq, hoping to shake our will.;Appeal to Emotion;Appeal to fear;BUSH;30 9 2004;T57;29_2004.ann;5688 5771
2004;30Sep;1;This is a group of killers who will not only kill here, but kill children in Russia, that'll attack unmercifully in Iraq, hoping to shake our will.;Appeal to Emotion;Appeal to fear;BUSH;30 9 2004;T57;29_2004.ann;5688 5771
2004;30Sep;1;I believe I'm going to win, because the American people know I know how to lead.;Appeal to Authority;Popular Opinion;BUSH;30 9 2004;T35;29_2004.ann;5239 5282
2004;30Sep;1;I believe I'm going to win, because the American people know I know how to lead.;Appeal to Authority;Popular Opinion;BUSH;30 9 2004;T35;29_2004.ann;5239 5282
2004;30Sep;1;But people know where I stand.;Appeal to Authority;Popular Opinion;BUSH;30 9 2004;T39;29_2004.ann;5465 5490
2004;30Sep;1;People out there listening know what I believe.;Appeal to Authority;Popular Opinion;BUSH;30 9 2004;T40;29_2004.ann;5493 5539
2004;30Sep;1;"I'm proud that important military figures who are supporting me in this race: former Chairman of the Joint Chiefs of Staff John Shalikashvili; just yesterday, General Eisenhower's son, General John Eisenhower, endorsed me; General Admiral William Crown; General Tony McBeak, who ran the Air Force war so effectively for his father -- all believe I would make a stronger commander in chief.";Appeal to Authority;Without Evidence;KERRY;30 9 2004;T88;29_2004.ann;7618 7948
2004;30Sep;1;"I'm proud that important military figures who are supporting me in this race: former Chairman of the Joint Chiefs of Staff John Shalikashvili; just yesterday, General Eisenhower's son, General John Eisenhower, endorsed me; General Admiral William Crown; General Tony McBeak, who ran the Air Force war so effectively for his father -- all believe I would make a stronger commander in chief.";Appeal to Authority;Without Evidence;KERRY;30 9 2004;T88;29_2004.ann;7618 7948
2004;30Sep;1;"I'm proud that important military figures who are supporting me in this race: former Chairman of the Joint Chiefs of Staff John Shalikashvili; just yesterday, General Eisenhower's son, General John Eisenhower, endorsed me; General Admiral William Crown; General Tony McBeak, who ran the Air Force war so effectively for his father -- all believe I would make a stronger commander in chief.";Appeal to Authority;Without Evidence;KERRY;30 9 2004;T88;29_2004.ann;7618 7948
2004;30Sep;1;"I'm proud that important military figures who are supporting me in this race: former Chairman of the Joint Chiefs of Staff John Shalikashvili; just yesterday, General Eisenhower's son, General John Eisenhower, endorsed me; General Admiral William Crown; General Tony McBeak, who ran the Air Force war so effectively for his father -- all believe I would make a stronger commander in chief.";Appeal to Authority;Without Evidence;KERRY;30 9 2004;T88;29_2004.ann;7618 7948
2004;30Sep;1;I've met kids in Ohio, parents in Wisconsin places, Iowa, where they're going out on the Internet to get the state-of-the-art body gear to send to their kids. Some of them got it for a birthday present.;Appeal to Emotion;Appeal to pity;KERRY;30 9 2004;T171;29_2004.ann;14786 14943
2004;30Sep;1;I've met kids in Ohio, parents in Wisconsin places, Iowa, where they're going out on the Internet to get the state-of-the-art body gear to send to their kids. Some of them got it for a birthday present.;Appeal to Emotion;Appeal to pity;KERRY;30 9 2004;T171;29_2004.ann;14786 14943
2004;30Sep;1;And you go visit some of those kids in the hospitals today who were maimed because they don't have the armament.;Appeal to Emotion;Appeal to pity;KERRY;30 9 2004;T175;29_2004.ann;15092 15199
2004;30Sep;1;This president has made, I regret to say, a colossal error of judgment.;Appeal to Emotion;Loaded Language;KERRY;30 9 2004;T885;29_2004.ann;7462 7532
2004;30Sep;2;But the president made a mistake in invading Iraq.;Ad Hominem;Ad Hominem;KERRY;30 9 2004;T305;29_2004.ann;26082 26127
2004;30Sep;2;As well, help is on the way, but it's certainly hard to tell it when he voted against the $87-billion supplemental to provide equipment for our troops, and then said he actually did vote for it before he voted against it.;Ad Hominem;Circumstantial Ad Hominem;BUSH;30 9 2004;T302;29_2004.ann;25674 25791
2004;30Sep;2;As well, help is on the way, but it's certainly hard to tell it when he voted against the $87-billion supplemental to provide equipment for our troops, and then said he actually did vote for it before he voted against it.;Ad Hominem;Circumstantial Ad Hominem;BUSH;30 9 2004;T302;29_2004.ann;25674 25791
2004;30Sep;2;"And meanwhile, North Korea has got nuclear weapons. Talk about mixed messages. The president is the one that said, ""We can't allow countries to get nuclear weapons."" They have.";Ad Hominem;Tu quoque;KERRY;30 9 2004;T423;29_2004.ann;34711 34797
2004;30Sep;2;"And meanwhile, North Korea has got nuclear weapons. Talk about mixed messages. The president is the one that said, ""We can't allow countries to get nuclear weapons."" They have.";Ad Hominem;Tu quoque;KERRY;30 9 2004;T423;29_2004.ann;34711 34797
2004;30Sep;2;"And meanwhile, North Korea has got nuclear weapons. Talk about mixed messages. The president is the one that said, ""We can't allow countries to get nuclear weapons."" They have.";Ad Hominem;Tu quoque;KERRY;30 9 2004;T423;29_2004.ann;34711 34797
2004;30Sep;2;"And meanwhile, North Korea has got nuclear weapons. Talk about mixed messages. The president is the one that said, ""We can't allow countries to get nuclear weapons."" They have.";Ad Hominem;Tu quoque;KERRY;30 9 2004;T423;29_2004.ann;34711 34797
2004;30Sep;2;What I think troubles a lot of people in our country is that the president has just sort of described one kind of mistake.;Appeal to Authority;Popular Opinion;KERRY;30 9 2004;T409;29_2004.ann;33393 33509
2004;30Sep;2;Prime Minister Allawi believes they want to.;Appeal to Authority;Without Evidence;BUSH;30 9 2004;T262;29_2004.ann;22231 22274
2004;30Sep;2;"The terrorism czar, who has worked for every president since Ronald Reagan, said, ""Invading Iraq in response to 9/11 would be like Franklin Roosevelt invading Mexico in response to Pearl Harbor.""";Appeal to Authority;Without Evidence;KERRY;30 9 2004;T329;29_2004.ann;27754 27949
2004;30Sep;2;When I was in a rope line just the other day, coming out here from Wisconsin, a couple of young returnees were in the line, one active duty, one from the Guard. And they both looked at me and said: We need you. You've got to help us over there.;Appeal to Emotion;Appeal to pity;KERRY;30 9 2004;T896;29_2004.ann;23984 24222
2004;30Sep;2;"My message to our troops is, ""Thank you for what you're doing. We're standing with you strong. We'll give you all the equipment you need. And we'll get you home as soon as the mission's done, because this is a vital mission.""";Appeal to Emotion;Flag waving;BUSH;30 9 2004;T273;29_2004.ann;23273 23321
2004;30Sep;2;"My message to our troops is, ""Thank you for what you're doing. We're standing with you strong. We'll give you all the equipment you need. And we'll get you home as soon as the mission's done, because this is a vital mission.""";Appeal to Emotion;Flag waving;BUSH;30 9 2004;T273;29_2004.ann;23273 23321
2004;30Sep;2;"My message to our troops is, ""Thank you for what you're doing. We're standing with you strong. We'll give you all the equipment you need. And we'll get you home as soon as the mission's done, because this is a vital mission.""";Appeal to Emotion;Flag waving;BUSH;30 9 2004;T273;29_2004.ann;23273 23321
2004;30Sep;2;"My message to our troops is, ""Thank you for what you're doing. We're standing with you strong. We'll give you all the equipment you need. And we'll get you home as soon as the mission's done, because this is a vital mission.""";Appeal to Emotion;Flag waving;BUSH;30 9 2004;T273;29_2004.ann;23273 23321
2004;30Sep;2;these extraordinarily difficult missions;Appeal to Emotion;Loaded Language;KERRY;30 9 2004;T294;29_2004.ann;24891 24990
2004;30Sep;2;That's totally absurd.;Appeal to Emotion;Loaded Language;BUSH;30 9 2004;T341;29_2004.ann;28882 28903
2004;30Sep;2;And I don't appreciate it when a candidate for president denigrates the contributions of these brave soldiers.;Appeal to Emotion;Loaded Language;BUSH;30 9 2004;T369;29_2004.ann;31048 31153
2004;30Sep;2;He called them coerced and the bribed.;Appeal to Emotion;Loaded Language;BUSH;30 9 2004;T371;29_2004.ann;31246 31283
2004;30Sep;2;such a great job;Appeal to Emotion;Loaded Language;BUSH;30 9 2004;T379;29_2004.ann;31793 31853
2004;30Sep;3;I think what is misleading is to say you can lead and succeed in Iraq if you keep changing your positions on this war. And he has.;Ad Hominem;Ad Hominem;BUSH;30 9 2004;T464;29_2004.ann;38077 38194
2004;30Sep;3;As the politics change, his positions change.;Ad Hominem;Circumstantial Ad Hominem;BUSH;30 9 2004;T465;29_2004.ann;38208 38252
2004;30Sep;3;Osama bin Laden uses the invasion of Iraq in order to go out to people and say that America has declared war on Islam.;Appeal to Emotion;Appeal to fear;KERRY;30 9 2004;T444;29_2004.ann;36811 36928
2004;30Sep;3;Now, Prime Minister Allawi came here, and he said the terrorists are pouring over the border. That's Allawi's assessment.;Appeal to Emotion;Appeal to fear;KERRY;30 9 2004;T567;29_2004.ann;47898 47985
2004;30Sep;3;Now, Prime Minister Allawi came here, and he said the terrorists are pouring over the border. That's Allawi's assessment.;Appeal to Emotion;Appeal to fear;KERRY;30 9 2004;T567;29_2004.ann;47898 47985
2004;30Sep;3;"The national intelligence assessment that was given to the president in July said, best-case scenario, more of the same of what we see today; worst-case scenario, civil war.";Appeal to Emotion;Appeal to fear;KERRY;30 9 2004;T569;29_2004.ann;48016 48188
2004;30Sep;3;I believe that Ronald Reagan, John Kennedy, and the others did that more effectively, and I'm going to try to follow in their footsteps.;Appeal to Authority;Without Evidence;KERRY;30 9 2004;T449;29_2004.ann;37096 37180
2004;30Sep;3;I believe that Ronald Reagan, John Kennedy, and the others did that more effectively, and I'm going to try to follow in their footsteps.;Appeal to Authority;Without Evidence;KERRY;30 9 2004;T449;29_2004.ann;37096 37180
2004;30Sep;3;You know, I think about Missy Johnson. She's a fantastic lady I met in Charlotte, North Carolina. She and her son Bryan, they came to see me. Her husband PJ got killed. He'd been in Afghanistan, went to Iraq.  You know, it's hard work to try to love her as best as I can, knowing full well that the decision I made caused her loved one to be in harm's way.  I told her after we prayed and teared up and laughed some that I thought her husband's sacrifice was noble and worthy.;Appeal to Emotion;Appeal to pity;BUSH;30 9 2004;T912;29_2004.ann;39990 40187
2004;30Sep;3;You know, I think about Missy Johnson. She's a fantastic lady I met in Charlotte, North Carolina. She and her son Bryan, they came to see me. Her husband PJ got killed. He'd been in Afghanistan, went to Iraq.  You know, it's hard work to try to love her as best as I can, knowing full well that the decision I made caused her loved one to be in harm's way.  I told her after we prayed and teared up and laughed some that I thought her husband's sacrifice was noble and worthy.;Appeal to Emotion;Appeal to pity;BUSH;30 9 2004;T912;29_2004.ann;39990 40187
2004;30Sep;3;You know, I think about Missy Johnson. She's a fantastic lady I met in Charlotte, North Carolina. She and her son Bryan, they came to see me. Her husband PJ got killed. He'd been in Afghanistan, went to Iraq.  You know, it's hard work to try to love her as best as I can, knowing full well that the decision I made caused her loved one to be in harm's way.  I told her after we prayed and teared up and laughed some that I thought her husband's sacrifice was noble and worthy.;Appeal to Emotion;Appeal to pity;BUSH;30 9 2004;T912;29_2004.ann;39990 40187
2004;30Sep;3;You know, I think about Missy Johnson. She's a fantastic lady I met in Charlotte, North Carolina. She and her son Bryan, they came to see me. Her husband PJ got killed. He'd been in Afghanistan, went to Iraq.  You know, it's hard work to try to love her as best as I can, knowing full well that the decision I made caused her loved one to be in harm's way.  I told her after we prayed and teared up and laughed some that I thought her husband's sacrifice was noble and worthy.;Appeal to Emotion;Appeal to pity;BUSH;30 9 2004;T912;29_2004.ann;39990 40187
2004;30Sep;3;You know, I think about Missy Johnson. She's a fantastic lady I met in Charlotte, North Carolina. She and her son Bryan, they came to see me. Her husband PJ got killed. He'd been in Afghanistan, went to Iraq.  You know, it's hard work to try to love her as best as I can, knowing full well that the decision I made caused her loved one to be in harm's way.  I told her after we prayed and teared up and laughed some that I thought her husband's sacrifice was noble and worthy.;Appeal to Emotion;Appeal to pity;BUSH;30 9 2004;T912;29_2004.ann;39990 40187
2004;30Sep;3;The American people decide.;Appeal to Emotion;Flag waving;BUSH;30 9 2004;T454;29_2004.ann;37520 37546
2004;30Sep;3;He cut if off, sort of arbitrarily.;Appeal to Emotion;Loaded Language;KERRY;30 9 2004;T431;29_2004.ann;35824 35858
2004;30Sep;3;The only thing consistent about my opponent's position is that he's been inconsistent.;Appeal to Emotion;Loaded Language;BUSH;30 9 2004;T473;29_2004.ann;39127 39212
2004;30Sep;3;That's the most noble thing that anybody can do.;Appeal to Emotion;Loaded Language;KERRY;30 9 2004;T498;29_2004.ann;41853 41900
2004;30Sep;3;He's a brave, brave man.;Appeal to Emotion;Loaded Language;BUSH;30 9 2004;T557;29_2004.ann;46690 46872
2004;30Sep;3;I disagree, strongly disagree with that.;Appeal to Emotion;Loaded Language;BUSH;30 9 2004;T564;29_2004.ann;47611 47650
2004;30Sep;3;So we use diplomacy every chance we get, believe me.;Appeal to Emotion;Loaded Language;BUSH;30 9 2004;T593;29_2004.ann;50038 50086
2004;30Sep;3;And secondly, to think that another round of resolutions would have caused Saddam Hussein to disarm, disclose, is ludicrous, in my judgment.;Appeal to Emotion;Loaded Language;BUSH;30 9 2004;T616;29_2004.ann;52206 52382
2004;30Sep;3;They're fighting us because they're fighting freedom.;False Cause;False Cause;BUSH;30 9 2004;T574;29_2004.ann;48442 48466
2004;30Sep;3;They're fighting us because they're fighting freedom.;False Cause;False Cause;BUSH;30 9 2004;T574;29_2004.ann;48442 48466
2004;30Sep;3;"And if he had been in power, in other words, if we would have said, ""Let the inspectors work, or let's, you know, hope to talk him out. Maybe an 18th resolution would work,"" he would have been stronger and tougher, and the world would have been a lot worse off. There's just no doubt in my mind we would rue the day, had Saddam Hussein been in power.";Slippery Slope;Slippery Slope;BUSH;30 9 2004;T589;29_2004.ann;49687 49856
2004;30Sep;3;"And if he had been in power, in other words, if we would have said, ""Let the inspectors work, or let's, you know, hope to talk him out. Maybe an 18th resolution would work,"" he would have been stronger and tougher, and the world would have been a lot worse off. There's just no doubt in my mind we would rue the day, had Saddam Hussein been in power.";Slippery Slope;Slippery Slope;BUSH;30 9 2004;T589;29_2004.ann;49687 49856
2004;30Sep;3;"And if he had been in power, in other words, if we would have said, ""Let the inspectors work, or let's, you know, hope to talk him out. Maybe an 18th resolution would work,"" he would have been stronger and tougher, and the world would have been a lot worse off. There's just no doubt in my mind we would rue the day, had Saddam Hussein been in power.";Slippery Slope;Slippery Slope;BUSH;30 9 2004;T589;29_2004.ann;49687 49856
2004;30Sep;3;"And if he had been in power, in other words, if we would have said, ""Let the inspectors work, or let's, you know, hope to talk him out. Maybe an 18th resolution would work,"" he would have been stronger and tougher, and the world would have been a lot worse off. There's just no doubt in my mind we would rue the day, had Saddam Hussein been in power.";Slippery Slope;Slippery Slope;BUSH;30 9 2004;T589;29_2004.ann;49687 49856
2004;30Sep;3;"And if he had been in power, in other words, if we would have said, ""Let the inspectors work, or let's, you know, hope to talk him out. Maybe an 18th resolution would work,"" he would have been stronger and tougher, and the world would have been a lot worse off. There's just no doubt in my mind we would rue the day, had Saddam Hussein been in power.";Slippery Slope;Slippery Slope;BUSH;30 9 2004;T589;29_2004.ann;49687 49856
2004;30Sep;4;I just think trying to be popular, kind of, in the global sense, if it's not in our best interest makes no sense.;Appeal to Emotion;Loaded Language;BUSH;30 9 2004;T645;29_2004.ann;56311 56374
2004;30Sep;4;I just think trying to be popular, kind of, in the global sense, if it's not in our best interest makes no sense.;Appeal to Emotion;Loaded Language;BUSH;30 9 2004;T645;29_2004.ann;56311 56374
2004;30Sep;5;The president did nothing.;Ad Hominem;Ad Hominem;KERRY;30 9 2004;T670;29_2004.ann;59091 59116
2004;30Sep;5;"Right now the president is spending hundreds of millions of dollars to research bunker-busting nuclear weapons. The United States is pursuing a new set of nuclear weapons. It doesn't make sense.  You talk about mixed messages. We're telling other people, ""You can't have nuclear weapons,"" but we're pursuing a new nuclear weapon that we might even contemplate using.";Ad Hominem;Tu quoque;KERRY;30 9 2004;T760;29_2004.ann;70888 71026
2004;30Sep;5;"Right now the president is spending hundreds of millions of dollars to research bunker-busting nuclear weapons. The United States is pursuing a new set of nuclear weapons. It doesn't make sense.  You talk about mixed messages. We're telling other people, ""You can't have nuclear weapons,"" but we're pursuing a new nuclear weapon that we might even contemplate using.";Ad Hominem;Tu quoque;KERRY;30 9 2004;T760;29_2004.ann;70888 71026
2004;30Sep;5;"Right now the president is spending hundreds of millions of dollars to research bunker-busting nuclear weapons. The United States is pursuing a new set of nuclear weapons. It doesn't make sense.  You talk about mixed messages. We're telling other people, ""You can't have nuclear weapons,"" but we're pursuing a new nuclear weapon that we might even contemplate using.";Ad Hominem;Tu quoque;KERRY;30 9 2004;T760;29_2004.ann;70888 71026
2004;30Sep;5;"Right now the president is spending hundreds of millions of dollars to research bunker-busting nuclear weapons. The United States is pursuing a new set of nuclear weapons. It doesn't make sense.  You talk about mixed messages. We're telling other people, ""You can't have nuclear weapons,"" but we're pursuing a new nuclear weapon that we might even contemplate using.";Ad Hominem;Tu quoque;KERRY;30 9 2004;T760;29_2004.ann;70888 71026
2004;30Sep;5;"Right now the president is spending hundreds of millions of dollars to research bunker-busting nuclear weapons. The United States is pursuing a new set of nuclear weapons. It doesn't make sense.  You talk about mixed messages. We're telling other people, ""You can't have nuclear weapons,"" but we're pursuing a new nuclear weapon that we might even contemplate using.";Ad Hominem;Tu quoque;KERRY;30 9 2004;T760;29_2004.ann;70888 71026
2004;30Sep;5;Ask the people in the armed forces today.;Appeal to Authority;Popular Opinion;KERRY;30 9 2004;T941;29_2004.ann;62857 62897
2004;30Sep;5;It's not what the American people thought they were getting when they voted.;Appeal to Authority;Popular Opinion;KERRY;30 9 2004;T824;29_2004.ann;78859 78934
2004;30Sep;5;And Colin Powell so stated.;Appeal to Authority;Without Evidence;BUSH;30 9 2004;T718;29_2004.ann;64123 64145
2004;30Sep;5;"As George Will said the other day, ""Freedom on the march; not in Russia right now.""";Appeal to Authority;Without Evidence;KERRY;30 9 2004;T817;29_2004.ann;77095 77175
2004;30Sep;5;Now, that, I think, is one of the most serious, sort of, reversals or mixed messages that you could possibly send.;Appeal to Emotion;Loaded Language;KERRY;30 9 2004;T682;29_2004.ann;60062 60164
2004;30Sep;5;He changes positions on something as fundamental as what you believe in your core, in your heart of hearts, is right in Iraq.;Appeal to Emotion;Loaded Language;BUSH;30 9 2004;T945;29_2004.ann;66007 66131
2004;30Sep;5;I have no intention of wilting. I've never wilted in my life. And I've never wavered in my life.;Appeal to Emotion;Loaded Language;KERRY;30 9 2004;T738;29_2004.ann;68898 68928
2004;30Sep;5;I have no intention of wilting. I've never wilted in my life. And I've never wavered in my life.;Appeal to Emotion;Loaded Language;KERRY;30 9 2004;T738;29_2004.ann;68898 68928
2004;30Sep;5;I have no intention of wilting. I've never wilted in my life. And I've never wavered in my life.;Appeal to Emotion;Loaded Language;KERRY;30 9 2004;T738;29_2004.ann;68898 68928
2004;30Sep;5;Again, I can't tell you how big a mistake I think that is, to have bilateral talks with North Korea.;Appeal to Emotion;Loaded Language;BUSH;30 9 2004;T784;29_2004.ann;73754 73846
2004;30Sep;5;Again, I can't tell you how big a mistake I think that is, to have bilateral talks with North Korea.;Appeal to Emotion;Loaded Language;BUSH;30 9 2004;T784;29_2004.ann;73754 73846
2004;30Sep;5;The minute we have bilateral talks, the six-party talks will unwind.;Slippery Slope;Slippery Slope;BUSH;30 9 2004;T683;29_2004.ann;60740 60807
2004;30Sep;5;And it is one of the things I've learned in the White House, is that there's enormous pressure on the president, and he cannot wilt under that pressure. Otherwise, the world won't be better off.;Slippery Slope;Slippery Slope;BUSH;30 9 2004;T947;29_2004.ann;68673 68780
2004;30Sep;5;And it is one of the things I've learned in the White House, is that there's enormous pressure on the president, and he cannot wilt under that pressure. Otherwise, the world won't be better off.;Slippery Slope;Slippery Slope;BUSH;30 9 2004;T947;29_2004.ann;68673 68780
2004;30Sep;5;And it is one of the things I've learned in the White House, is that there's enormous pressure on the president, and he cannot wilt under that pressure. Otherwise, the world won't be better off.;Slippery Slope;Slippery Slope;BUSH;30 9 2004;T947;29_2004.ann;68673 68780
2004;30Sep;5;It will cause the six-party talks to evaporate. It will mean that China no longer is involved in convincing, along with us, for Kim Jong Il to get rid of his weapons.;Slippery Slope;Slippery Slope;BUSH;30 9 2004;T787;29_2004.ann;73935 74052
2004;30Sep;5;It will cause the six-party talks to evaporate. It will mean that China no longer is involved in convincing, along with us, for Kim Jong Il to get rid of his weapons.;Slippery Slope;Slippery Slope;BUSH;30 9 2004;T787;29_2004.ann;73935 74052
2004;30Sep;5;And if you enter bilateral talks, they'll be happy to walk away from the table.;Slippery Slope;Slippery Slope;BUSH;30 9 2004;T790;29_2004.ann;74155 74229
2004;30Sep;6;I believe America's best days are ahead of us because I believe that the future belongs to freedom, not to fear.  That's the country that I'm going to fight for.;Appeal to Emotion;Flag waving;KERRY;30 9 2004;T835;29_2004.ann;80621 80678
2004;30Sep;6;I believe America's best days are ahead of us because I believe that the future belongs to freedom, not to fear.  That's the country that I'm going to fight for.;Appeal to Emotion;Flag waving;KERRY;30 9 2004;T835;29_2004.ann;80621 80678
2004;30Sep;6;If America shows uncertainty or weakness in this decade, the world will drift toward tragedy.;Slippery Slope;Slippery Slope;BUSH;30 9 2004;T836;29_2004.ann;81096 81188
2004;05Oct;1;Your rhetoric, Senator, would be a lot more credible if there was a record to back it up. There isn't.;Ad Hominem;Ad Hominem;CHENEY;5 10 2004;T196;30_2004.ann;21551 21639
2004;05Oct;1;Your rhetoric, Senator, would be a lot more credible if there was a record to back it up. There isn't.;Ad Hominem;Ad Hominem;CHENEY;5 10 2004;T196;30_2004.ann;21551 21639
2004;05Oct;1;Your rhetoric, Senator, would be a lot more credible if there was a record to back it up. There isn't.;Ad Hominem;Ad Hominem;CHENEY;5 10 2004;T196;30_2004.ann;21551 21639
2004;05Oct;1;The biggest threat we faced today is the possibility of terrorists smuggling a nuclear weapon or a biological agent into one of our own cities and threatening the lives of hundreds of thousands of Americans.;Appeal to Emotion;Appeal to fear;CHENEY;5 10 2004;T973;30_2004.ann;3652 3858
2004;05Oct;1;this is the man who masterminded the greatest mass murder and terrorist attack in American history.;Appeal to Emotion;Appeal to fear;EDWARDS;5 10 2004;T61;30_2004.ann;8252 8363
2004;05Oct;1;And the point is that that's the place where you're most likely to see the terrorists come together with weapons of mass destruction, the deadly technologies that Saddam Hussein had developed and used over the years.;Appeal to Emotion;Appeal to fear;CHENEY;5 10 2004;T961;30_2004.ann;9524 9735
2004;05Oct;1;They're more dangerous today than they were four years ago.;Appeal to Emotion;Appeal to fear;EDWARDS;5 10 2004;T140;30_2004.ann;15984 16042
2004;05Oct;1;This vice president has been an advocate for over a decade for lifting sanctions against Iran, the largest state sponsor of terrorism on the planet.;Appeal to Emotion;Appeal to fear;EDWARDS;5 10 2004;T144;30_2004.ann;16180 16273
2004;05Oct;1;They saw a man who was strong, who had conviction, who is resolute, who made it very clear that he will do everything that has to be done to find terrorists, to keep the American people safe.;Appeal to Authority;Popular Opinion;EDWARDS;5 10 2004;T190;30_2004.ann;21156 21278
2004;05Oct;1;They saw a man who was strong, who had conviction, who is resolute, who made it very clear that he will do everything that has to be done to find terrorists, to keep the American people safe.;Appeal to Authority;Popular Opinion;EDWARDS;5 10 2004;T190;30_2004.ann;21156 21278
2004;05Oct;1;They saw a man who was strong, who had conviction, who is resolute, who made it very clear that he will do everything that has to be done to find terrorists, to keep the American people safe.;Appeal to Authority;Popular Opinion;EDWARDS;5 10 2004;T190;30_2004.ann;21156 21278
2004;05Oct;1;They saw a man who was strong, who had conviction, who is resolute, who made it very clear that he will do everything that has to be done to find terrorists, to keep the American people safe.;Appeal to Authority;Popular Opinion;EDWARDS;5 10 2004;T190;30_2004.ann;21156 21278
2004;05Oct;1;Specifically, look at George Tenet, the CIA director's testimony before the Committee on Foreign Relations two years ago when he talked about a 10-year relationship.;Appeal to Authority;Without Evidence;CHENEY;5 10 2004;T971;30_2004.ann;3301 3465
2004;05Oct;1;There are Republican leaders, like John McCain, like Richard Lugar, like Chuck Hagel, who have said Iraq is a mess and it's getting worse.;Appeal to Authority;Without Evidence;EDWARDS;5 10 2004;T23;30_2004.ann;4967 5104
2004;05Oct;1;the deadly technologies;Appeal to Emotion;Loaded Language;CHENEY;5 10 2004;T961;30_2004.ann;9524 9735
2004;05Oct;1;the deadly technologies;Appeal to Emotion;Loaded Language;CHENEY;5 10 2004;T961;30_2004.ann;9524 9735
2004;05Oct;1;chaotic;Appeal to Emotion;Loaded Language;CHENEY;5 10 2004;T981;30_2004.ann;11904 12217
2004;05Oct;1;deteriorating;Appeal to Emotion;Loaded Language;CHENEY;5 10 2004;T981;30_2004.ann;11904 12217
2004;05Oct;1;this rosy scenario;Appeal to Emotion;Loaded Language;EDWARDS;5 10 2004;T984;30_2004.ann;14530 14663
2004;05Oct;1;dead wrong;Appeal to Emotion;Loaded Language;CHENEY;5 10 2004;T165;30_2004.ann;19212 19252
2004;05Oct;1;a complete distortion;Appeal to Emotion;Loaded Language;EDWARDS;5 10 2004;T184;30_2004.ann;20884 20951
2004;05Oct;1;We heard Senator Kerry say the other night that there ought to be some kind of global test before U.S. troops are deployed preemptively to protect the United States. That's part of a track record that goes back to the 1970s when he ran for Congress the first time and said troops should not be deployed without U.N. approval. Then, in the mid-'80s, he ran on the basis of cutting most of our major defense programs. In 1991, he voted against Desert Storm.  It's a consistent pattern over time of always being on the wrong side of defense issues.;Slippery Slope;Slippery Slope;CHENEY;5 10 2004;T76;30_2004.ann;9957 10121
2004;05Oct;1;We heard Senator Kerry say the other night that there ought to be some kind of global test before U.S. troops are deployed preemptively to protect the United States. That's part of a track record that goes back to the 1970s when he ran for Congress the first time and said troops should not be deployed without U.N. approval. Then, in the mid-'80s, he ran on the basis of cutting most of our major defense programs. In 1991, he voted against Desert Storm.  It's a consistent pattern over time of always being on the wrong side of defense issues.;Slippery Slope;Slippery Slope;CHENEY;5 10 2004;T76;30_2004.ann;9957 10121
2004;05Oct;1;We heard Senator Kerry say the other night that there ought to be some kind of global test before U.S. troops are deployed preemptively to protect the United States. That's part of a track record that goes back to the 1970s when he ran for Congress the first time and said troops should not be deployed without U.N. approval. Then, in the mid-'80s, he ran on the basis of cutting most of our major defense programs. In 1991, he voted against Desert Storm.  It's a consistent pattern over time of always being on the wrong side of defense issues.;Slippery Slope;Slippery Slope;CHENEY;5 10 2004;T76;30_2004.ann;9957 10121
2004;05Oct;1;We heard Senator Kerry say the other night that there ought to be some kind of global test before U.S. troops are deployed preemptively to protect the United States. That's part of a track record that goes back to the 1970s when he ran for Congress the first time and said troops should not be deployed without U.N. approval. Then, in the mid-'80s, he ran on the basis of cutting most of our major defense programs. In 1991, he voted against Desert Storm.  It's a consistent pattern over time of always being on the wrong side of defense issues.;Slippery Slope;Slippery Slope;CHENEY;5 10 2004;T76;30_2004.ann;9957 10121
2004;05Oct;1;We heard Senator Kerry say the other night that there ought to be some kind of global test before U.S. troops are deployed preemptively to protect the United States. That's part of a track record that goes back to the 1970s when he ran for Congress the first time and said troops should not be deployed without U.N. approval. Then, in the mid-'80s, he ran on the basis of cutting most of our major defense programs. In 1991, he voted against Desert Storm.  It's a consistent pattern over time of always being on the wrong side of defense issues.;Slippery Slope;Slippery Slope;CHENEY;5 10 2004;T76;30_2004.ann;9957 10121
2004;05Oct;2;The problem we have is that, if you look at his record, he doesn't display the qualities of somebody who has conviction.;Ad Hominem;Ad Hominem;CHENEY;5 10 2004;T204;30_2004.ann;23419 23509
2004;05Oct;2;This is relevant, because he was pushing for lifting sanctions when he was CEO of Halliburton.;Ad Hominem;Circumstantial Ad Hominem;EDWARDS;5 10 2004;T344;30_2004.ann;40393 40460
2004;05Oct;2;This is relevant, because he was pushing for lifting sanctions when he was CEO of Halliburton.;Ad Hominem;Circumstantial Ad Hominem;EDWARDS;5 10 2004;T344;30_2004.ann;40393 40460
2004;05Oct;2;While he was CEO of Halliburton, they paid millions of dollars in fines for providing false information on their company, just like Enron and Ken Lay.;Ad Hominem;Circumstantial Ad Hominem;EDWARDS;5 10 2004;T352;30_2004.ann;40533 40653
2004;05Oct;2;We need to battle them overseas so we don't have to battle them here at home.;Appeal to Emotion;Appeal to fear;CHENEY;5 10 2004;T206;30_2004.ann;22588 22629
2004;05Oct;2;We need to battle them overseas so we don't have to battle them here at home.;Appeal to Emotion;Appeal to fear;CHENEY;5 10 2004;T206;30_2004.ann;22588 22629
2004;05Oct;2;He is responsible for most of the major car bombings that have killed or maimed thousands of people.;Appeal to Emotion;Appeal to fear;CHENEY;5 10 2004;T322;30_2004.ann;36409 36508
2004;05Oct;2;He's the one you will see on the evening news beheading hostages.;Appeal to Emotion;Appeal to fear;CHENEY;5 10 2004;T1007;30_2004.ann;36510 36574
2004;05Oct;3;The reason they keep trying to attack Halliburton is because they want to obscure their own record.;Ad Hominem;Tu quoque;CHENEY;5 10 2004;T382;30_2004.ann;44901 44939
2004;05Oct;3;The reason they keep trying to attack Halliburton is because they want to obscure their own record.;Ad Hominem;Tu quoque;CHENEY;5 10 2004;T382;30_2004.ann;44901 44939
2004;05Oct;3;The vice president, I'm surprised to hear him talk about records.;Ad Hominem;Tu quoque;EDWARDS;5 10 2004;T1019;30_2004.ann;46633 46677
2004;05Oct;3;The vice president, I'm surprised to hear him talk about records.;Ad Hominem;Tu quoque;EDWARDS;5 10 2004;T1019;30_2004.ann;46633 46677
2004;05Oct;3;The vice president, I'm surprised to hear him talk about records.;Ad Hominem;Tu quoque;EDWARDS;5 10 2004;T1019;30_2004.ann;46633 46677
2004;05Oct;3;And it's important for America to confront the situation in Iran, because Iran is an enormous threat to Israel and to the Israeli people.;Appeal to Emotion;Appeal to fear;EDWARDS;5 10 2004;T370;30_2004.ann;44686 44748
2004;05Oct;3;And it's important for America to confront the situation in Iran, because Iran is an enormous threat to Israel and to the Israeli people.;Appeal to Emotion;Appeal to fear;EDWARDS;5 10 2004;T370;30_2004.ann;44686 44748
2004;05Oct;3;How can they continue to watch Israeli children killed by suicide bombers, killed by terrorists?;Appeal to Emotion;Appeal to pity;EDWARDS;5 10 2004;T1021;30_2004.ann;43395 43917
2004;05Oct;3;I personally think one of the reasons that we don't have as many suicide attacks today in Israel as we've had in the past is because Saddam is no longer in business.;False Cause;False Cause;CHENEY;5 10 2004;T381;30_2004.ann;45815 45979
2004;05Oct;4;One out of almost two children in Cleveland are now living in poverty.;Appeal to Emotion;Appeal to pity;EDWARDS;5 10 2004;T433;30_2004.ann;50916 50985
2004;05Oct;4;In the time that they have been in office, in the last four years, 1.6 million private sector jobs have been lost, 2.7 million manufacturing jobs have been lost. And it's had real consequences in places like Cleveland.;False Cause;False Cause;EDWARDS;5 10 2004;T430;30_2004.ann;50607 50724
2004;05Oct;4;In the time that they have been in office, in the last four years, 1.6 million private sector jobs have been lost, 2.7 million manufacturing jobs have been lost. And it's had real consequences in places like Cleveland.;False Cause;False Cause;EDWARDS;5 10 2004;T430;30_2004.ann;50607 50724
2004;05Oct;4;In the time that they have been in office, in the last four years, 1.6 million private sector jobs have been lost, 2.7 million manufacturing jobs have been lost. And it's had real consequences in places like Cleveland.;False Cause;False Cause;EDWARDS;5 10 2004;T430;30_2004.ann;50607 50724
2004;05Oct;4;During the time that the vice president and the president have been in office, 4 million more Americans have fallen into poverty.;False Cause;False Cause;EDWARDS;5 10 2004;T434;30_2004.ann;51119 51247
2004;05Oct;4;During the time that the vice president and the president have been in office, 4 million more Americans have fallen into poverty.;False Cause;False Cause;EDWARDS;5 10 2004;T434;30_2004.ann;51119 51247
2004;05Oct;4;During the time that the vice president and the president have been in office, 4 million more Americans have fallen into poverty.;False Cause;False Cause;EDWARDS;5 10 2004;T434;30_2004.ann;51119 51247
2004;05Oct;4;During the time that the vice president and the president have been in office, 4 million more Americans have fallen into poverty.;False Cause;False Cause;EDWARDS;5 10 2004;T434;30_2004.ann;51119 51247
2004;05Oct;5;marriage penalty;Appeal to Emotion;Loaded Language;CHENEY;5 10 2004;T1033;30_2004.ann;58045 58209
2004;05Oct;5;we have gone from a $5 trillion projected surplus when George Bush took office to a $3 trillion projected deficit.;False Cause;False Cause;EDWARDS;5 10 2004;T462;30_2004.ann;53660 53790
2004;05Oct;6;marriage penalty;Appeal to Emotion;Loaded Language;CHENEY;5 10 2004;T1033;30_2004.ann;58045 58209
2004;05Oct;6;we have gone from a $5 trillion projected surplus when George Bush took office to a $3 trillion projected deficit.;False Cause;False Cause;EDWARDS;5 10 2004;T462;30_2004.ann;53660 53790
2004;05Oct;8;When the vice president was CEO of Halliburton, they took advantage of every offshore loophole available.;Ad Hominem;Circumstantial Ad Hominem;EDWARDS;5 10 2004;T622;30_2004.ann;71327 71431
2004;05Oct;8;frivolous;Appeal to Emotion;Loaded Language;CHENEY;5 10 2004;T1056;30_2004.ann;64347 64640
2004;05Oct;11;They were with the drug companies.;Ad Hominem;Circumstantial Ad Hominem;EDWARDS;5 10 2004;T837;30_2004.ann;95076 95109
2004;05Oct;11;They were with the drug companies.;Ad Hominem;Circumstantial Ad Hominem;EDWARDS;5 10 2004;T837;30_2004.ann;95076 95109
2004;05Oct;11;They're with the insurance companies.;Ad Hominem;Circumstantial Ad Hominem;EDWARDS;5 10 2004;T839;30_2004.ann;95511 95547
2004;05Oct;11;And the vice president didn't say much about it in your earlier question, but Paul Bremer has now made clear that they didn't have enough troops and they didn't have a plan.;Appeal to Authority;Without Evidence;EDWARDS;5 10 2004;T747;30_2004.ann;85223 85291
2004;05Oct;11;And the vice president didn't say much about it in your earlier question, but Paul Bremer has now made clear that they didn't have enough troops and they didn't have a plan.;Appeal to Authority;Without Evidence;EDWARDS;5 10 2004;T747;30_2004.ann;85223 85291
2004;05Oct;11;And the vice president didn't say much about it in your earlier question, but Paul Bremer has now made clear that they didn't have enough troops and they didn't have a plan.;Appeal to Authority;Without Evidence;EDWARDS;5 10 2004;T747;30_2004.ann;85223 85291
2004;05Oct;11;John Kerry and I will always fight for the American people.;Appeal to Emotion;Flag waving;EDWARDS;5 10 2004;T832;30_2004.ann;95550 95608
2004;05Oct;11;John Kerry and I will always fight for the American people.;Appeal to Emotion;Flag waving;EDWARDS;5 10 2004;T832;30_2004.ann;95550 95608
2004;05Oct;11;John Kerry and I will always fight for the American people.;Appeal to Emotion;Flag waving;EDWARDS;5 10 2004;T832;30_2004.ann;95550 95608
2004;05Oct;11;our boys;Appeal to Emotion;Loaded Language;CHENEY;5 10 2004;T771;30_2004.ann;87897 88055
2004;05Oct;11;Have you ever seen America more divided? Have you ever seen Washington more divided?  The reality is it is not an accident.;False Cause;False Cause;EDWARDS;5 10 2004;T813;30_2004.ann;92715 92757
2004;05Oct;11;Have you ever seen America more divided? Have you ever seen Washington more divided?  The reality is it is not an accident.;False Cause;False Cause;EDWARDS;5 10 2004;T813;30_2004.ann;92715 92757
2004;05Oct;11;Have you ever seen America more divided? Have you ever seen Washington more divided?  The reality is it is not an accident.;False Cause;False Cause;EDWARDS;5 10 2004;T813;30_2004.ann;92715 92757
2004;08Oct;1;That's not wishy- washy.;Appeal to Emotion;Loaded Language;KERRY;8 10 2004;T33;31_2004.ann;3684 3707
2004;08Oct;1;That's not wishy- washy.;Appeal to Emotion;Loaded Language;KERRY;8 10 2004;T33;31_2004.ann;3684 3707
2004;08Oct;1;That's not wishy-washy, and that's what I'm fighting for, you.;Appeal to Emotion;Loaded Language;KERRY;8 10 2004;T15;31_2004.ann;4128 4161
2004;08Oct;1;That's not wishy-washy, and that's what I'm fighting for, you.;Appeal to Emotion;Loaded Language;KERRY;8 10 2004;T15;31_2004.ann;4128 4161
2004;08Oct;1;a grave threat;Appeal to Emotion;Loaded Language;BUSH;8 10 2004;T37;31_2004.ann;4557 4679
2004;08Oct;2;the serious, serious threat;Appeal to Emotion;Loaded Language;BUSH;8 10 2004;T56;31_2004.ann;7430 7466
2004;08Oct;2;a grave threat;Appeal to Emotion;Loaded Language;BUSH;8 10 2004;T37;31_2004.ann;4557 4679
2004;08Oct;3;They're going from tyranny to elections.;Appeal to Emotion;Loaded Language;BUSH;8 10 2004;T153;31_2004.ann;13612 13667
2004;08Oct;3;Join me in the wrong war at the wrong time at the wrong place.;Appeal to Emotion;Loaded Language;BUSH;8 10 2004;T170;31_2004.ann;14396 14525
2004;08Oct;4;Somebody called that stubborn.;Appeal to Emotion;Loaded Language;BUSH;8 10 2004;T197;31_2004.ann;17020 17049
2004;08Oct;4;And now our kids are being killed with ammos right out of that dump;Appeal to Emotion;Loaded Language;KERRY;8 10 2004;T256;31_2004.ann;21467 21530
2004;08Oct;5;But you're absolutely correct, it is a threat, it's a huge threat.;Appeal to Emotion;Appeal to fear;KERRY;8 10 2004;T264;31_2004.ann;22053 22071
2004;08Oct;5;But you're absolutely correct, it is a threat, it's a huge threat.;Appeal to Emotion;Appeal to fear;KERRY;8 10 2004;T264;31_2004.ann;22053 22071
2004;08Oct;5;We were safer before President Bush came to office. Now they have the bombs and we're less safe.;Appeal to Emotion;Appeal to fear;KERRY;8 10 2004;T270;31_2004.ann;22887 22937
2004;08Oct;5;We were safer before President Bush came to office. Now they have the bombs and we're less safe.;Appeal to Emotion;Appeal to fear;KERRY;8 10 2004;T270;31_2004.ann;22887 22937
2004;08Oct;5;We were safer before President Bush came to office. Now they have the bombs and we're less safe.;Appeal to Emotion;Appeal to fear;KERRY;8 10 2004;T270;31_2004.ann;22887 22937
2004;08Oct;5;We were safer before President Bush came to office. Now they have the bombs and we're less safe.;Appeal to Emotion;Appeal to fear;KERRY;8 10 2004;T270;31_2004.ann;22887 22937
2004;08Oct;5;For two years, the president didn't even engage with North Korea, did nothing at all, while it was growing more dangerous, despite the warnings of former Secretary of Defense William Perry, who negotiated getting television cameras and inspectors into that reactor.;Appeal to Authority;Without Evidence;KERRY;8 10 2004;T269;31_2004.ann;22620 22884
2004;08Oct;7;And if Iraq were to fail, it'd be a haven for terrorists, and there would be money and the world would be much more dangerous.;Appeal to Emotion;Appeal to fear;BUSH;8 10 2004;T409;31_2004.ann;33829 33892
2004;08Oct;7;And if Iraq were to fail, it'd be a haven for terrorists, and there would be money and the world would be much more dangerous.;Appeal to Emotion;Appeal to fear;BUSH;8 10 2004;T409;31_2004.ann;33829 33892
2004;08Oct;7;These terrorists are serious, they're deadly, and they know nothing except trying to kill.;Appeal to Emotion;Appeal to fear;KERRY;8 10 2004;T431;31_2004.ann;34976 35015
2004;08Oct;7;These terrorists are serious, they're deadly, and they know nothing except trying to kill.;Appeal to Emotion;Appeal to fear;KERRY;8 10 2004;T431;31_2004.ann;34976 35015
2004;08Oct;7;These terrorists are serious, they're deadly, and they know nothing except trying to kill.;Appeal to Emotion;Appeal to fear;KERRY;8 10 2004;T431;31_2004.ann;34976 35015
2004;08Oct;7;But yes, I'm worried. I'm worried. I'm worried about our country.;Appeal to Emotion;Appeal to fear;BUSH;8 10 2004;T434;31_2004.ann;35520 35549
2004;08Oct;7;But yes, I'm worried. I'm worried. I'm worried about our country.;Appeal to Emotion;Appeal to fear;BUSH;8 10 2004;T434;31_2004.ann;35520 35549
2004;08Oct;7;But yes, I'm worried. I'm worried. I'm worried about our country.;Appeal to Emotion;Appeal to fear;BUSH;8 10 2004;T434;31_2004.ann;35520 35549
2004;08Oct;7;terrorist safe havens;Appeal to Emotion;Loaded Language;BUSH;8 10 2004;T412;31_2004.ann;34327 34501
2004;08Oct;8;the catastrophic cases;Appeal to Emotion;Loaded Language;KERRY;8 10 2004;T523;31_2004.ann;42464 42549
2004;08Oct;8;the frivolous lawsuits;Appeal to Emotion;Loaded Language;BUSH;8 10 2004;T541;31_2004.ann;43832 43949
2004;08Oct;9;I think if you raise taxes during a recession, you head to depression.;Appeal to Emotion;Appeal to fear;BUSH;8 10 2004;T573;31_2004.ann;47385 47454
2004;08Oct;9;He's just not credible when he talks about being fiscally conservative. He's just not credible. If you look at his record in the Senate, he voted to break the caps -- the spending caps -- over 200 times. And here he says he's going to be a fiscal conservative, all of a sudden. It's just not credible. You cannot believe it.  And of course he's going to raise your taxes.;Appeal to Authority;False Authority;BUSH;8 10 2004;T655;31_2004.ann;53796 53902
2004;08Oct;9;He's just not credible when he talks about being fiscally conservative. He's just not credible. If you look at his record in the Senate, he voted to break the caps -- the spending caps -- over 200 times. And here he says he's going to be a fiscal conservative, all of a sudden. It's just not credible. You cannot believe it.  And of course he's going to raise your taxes.;Appeal to Authority;False Authority;BUSH;8 10 2004;T655;31_2004.ann;53796 53902
2004;08Oct;9;He's just not credible when he talks about being fiscally conservative. He's just not credible. If you look at his record in the Senate, he voted to break the caps -- the spending caps -- over 200 times. And here he says he's going to be a fiscal conservative, all of a sudden. It's just not credible. You cannot believe it.  And of course he's going to raise your taxes.;Appeal to Authority;False Authority;BUSH;8 10 2004;T655;31_2004.ann;53796 53902
2004;08Oct;9;He's just not credible when he talks about being fiscally conservative. He's just not credible. If you look at his record in the Senate, he voted to break the caps -- the spending caps -- over 200 times. And here he says he's going to be a fiscal conservative, all of a sudden. It's just not credible. You cannot believe it.  And of course he's going to raise your taxes.;Appeal to Authority;False Authority;BUSH;8 10 2004;T655;31_2004.ann;53796 53902
2004;08Oct;9;He's just not credible when he talks about being fiscally conservative. He's just not credible. If you look at his record in the Senate, he voted to break the caps -- the spending caps -- over 200 times. And here he says he's going to be a fiscal conservative, all of a sudden. It's just not credible. You cannot believe it.  And of course he's going to raise your taxes.;Appeal to Authority;False Authority;BUSH;8 10 2004;T655;31_2004.ann;53796 53902
2004;08Oct;9;He's just not credible when he talks about being fiscally conservative. He's just not credible. If you look at his record in the Senate, he voted to break the caps -- the spending caps -- over 200 times. And here he says he's going to be a fiscal conservative, all of a sudden. It's just not credible. You cannot believe it.  And of course he's going to raise your taxes.;Appeal to Authority;False Authority;BUSH;8 10 2004;T655;31_2004.ann;53796 53902
2004;08Oct;9;He's just not credible when he talks about being fiscally conservative. He's just not credible. If you look at his record in the Senate, he voted to break the caps -- the spending caps -- over 200 times. And here he says he's going to be a fiscal conservative, all of a sudden. It's just not credible. You cannot believe it.  And of course he's going to raise your taxes.;Appeal to Authority;False Authority;BUSH;8 10 2004;T655;31_2004.ann;53796 53902
2004;08Oct;9;He's just not credible when he talks about being fiscally conservative. He's just not credible. If you look at his record in the Senate, he voted to break the caps -- the spending caps -- over 200 times. And here he says he's going to be a fiscal conservative, all of a sudden. It's just not credible. You cannot believe it.  And of course he's going to raise your taxes.;Appeal to Authority;False Authority;BUSH;8 10 2004;T655;31_2004.ann;53796 53902
2004;08Oct;9;We've got battling green eye shades.;Appeal to Emotion;Loaded Language;BUSH;8 10 2004;T666;31_2004.ann;54340 54375
2004;08Oct;10;an aggressive brown field program;Appeal to Emotion;Loaded Language;BUSH;8 10 2004;T704;31_2004.ann;57024 57131
2004;08Oct;11;Ladies and gentlemen, that's just not true what he said. The Wall Street Journal said 96 percent of small businesses are not affected at all by my plan.  And you know why he gets that count? The president got $84 from a timber company that owns, and he's counted as a small business. Dick Cheney's counted as a small business. That's how they do things.;Ad Hominem;Tu quoque;KERRY;8 10 2004;T818;31_2004.ann;66557 66681
2004;08Oct;11;Ladies and gentlemen, that's just not true what he said. The Wall Street Journal said 96 percent of small businesses are not affected at all by my plan.  And you know why he gets that count? The president got $84 from a timber company that owns, and he's counted as a small business. Dick Cheney's counted as a small business. That's how they do things.;Ad Hominem;Tu quoque;KERRY;8 10 2004;T818;31_2004.ann;66557 66681
2004;08Oct;11;Ladies and gentlemen, that's just not true what he said. The Wall Street Journal said 96 percent of small businesses are not affected at all by my plan.  And you know why he gets that count? The president got $84 from a timber company that owns, and he's counted as a small business. Dick Cheney's counted as a small business. That's how they do things.;Ad Hominem;Tu quoque;KERRY;8 10 2004;T818;31_2004.ann;66557 66681
2004;08Oct;11;Ladies and gentlemen, that's just not true what he said. The Wall Street Journal said 96 percent of small businesses are not affected at all by my plan.  And you know why he gets that count? The president got $84 from a timber company that owns, and he's counted as a small business. Dick Cheney's counted as a small business. That's how they do things.;Ad Hominem;Tu quoque;KERRY;8 10 2004;T818;31_2004.ann;66557 66681
2004;08Oct;11;Ladies and gentlemen, that's just not true what he said. The Wall Street Journal said 96 percent of small businesses are not affected at all by my plan.  And you know why he gets that count? The president got $84 from a timber company that owns, and he's counted as a small business. Dick Cheney's counted as a small business. That's how they do things.;Ad Hominem;Tu quoque;KERRY;8 10 2004;T818;31_2004.ann;66557 66681
2004;08Oct;11;Ladies and gentlemen, that's just not true what he said. The Wall Street Journal said 96 percent of small businesses are not affected at all by my plan.  And you know why he gets that count? The president got $84 from a timber company that owns, and he's counted as a small business. Dick Cheney's counted as a small business. That's how they do things.;Ad Hominem;Tu quoque;KERRY;8 10 2004;T818;31_2004.ann;66557 66681
2004;08Oct;11;He's talking about his plan to keep jobs here. You know he calls it an outsourcing to keep -- stop outsourcing.;Appeal to Authority;Without Evidence;BUSH;8 10 2004;T796;31_2004.ann;64848 64911
2004;08Oct;11;He's talking about his plan to keep jobs here. You know he calls it an outsourcing to keep -- stop outsourcing.;Appeal to Authority;Without Evidence;BUSH;8 10 2004;T796;31_2004.ann;64848 64911
2004;08Oct;11;a catastrophic plan;Appeal to Emotion;Loaded Language;BUSH;8 10 2004;T792;31_2004.ann;64672 64717
2004;08Oct;11;a catastrophic plan;Appeal to Emotion;Loaded Language;BUSH;8 10 2004;T792;31_2004.ann;64672 64717
2004;08Oct;11;be pandering;Appeal to Emotion;Loaded Language;KERRY;8 10 2004;T813;31_2004.ann;66220 66243
2004;08Oct;11;"Five million Americans have lost their health care; 620,000 Missourians have no health care at all; 96,000 Missourians have lost their health care under President Bush.";False Cause;False Cause;KERRY;8 10 2004;T770;31_2004.ann;63108 63175
2004;08Oct;11;"Five million Americans have lost their health care; 620,000 Missourians have no health care at all; 96,000 Missourians have lost their health care under President Bush.";False Cause;False Cause;KERRY;8 10 2004;T770;31_2004.ann;63108 63175
2004;08Oct;11;"Five million Americans have lost their health care; 620,000 Missourians have no health care at all; 96,000 Missourians have lost their health care under President Bush.";False Cause;False Cause;KERRY;8 10 2004;T770;31_2004.ann;63108 63175
2004;08Oct;12;I'm wishy-washy;Ad Hominem;Ad Hominem;KERRY;8 10 2004;T856;31_2004.ann;70222 70374
2004;08Oct;12;I'm a flip-flopper;Ad Hominem;Ad Hominem;KERRY;8 10 2004;T856;31_2004.ann;70222 70374
2004;08Oct;12;white-collar criminals;Appeal to Emotion;Loaded Language;BUSH;8 10 2004;T832;31_2004.ann;67957 68091
2004;08Oct;14;The future of things that matter to you -- in terms of civil rights, what kind of Justice Department you'll have, whether we'll enforce the law. Will we have equal opportunity? Will women's rights be protected? Will we have equal pay for women, which is going backwards? Will a woman's right to choose be protected?;Appeal to Emotion;Flag waving;KERRY;8 10 2004;T920;31_2004.ann;77837 77980
2004;08Oct;14;The future of things that matter to you -- in terms of civil rights, what kind of Justice Department you'll have, whether we'll enforce the law. Will we have equal opportunity? Will women's rights be protected? Will we have equal pay for women, which is going backwards? Will a woman's right to choose be protected?;Appeal to Emotion;Flag waving;KERRY;8 10 2004;T920;31_2004.ann;77837 77980
2004;08Oct;14;The future of things that matter to you -- in terms of civil rights, what kind of Justice Department you'll have, whether we'll enforce the law. Will we have equal opportunity? Will women's rights be protected? Will we have equal pay for women, which is going backwards? Will a woman's right to choose be protected?;Appeal to Emotion;Flag waving;KERRY;8 10 2004;T920;31_2004.ann;77837 77980
2004;08Oct;14;The future of things that matter to you -- in terms of civil rights, what kind of Justice Department you'll have, whether we'll enforce the law. Will we have equal opportunity? Will women's rights be protected? Will we have equal pay for women, which is going backwards? Will a woman's right to choose be protected?;Appeal to Emotion;Flag waving;KERRY;8 10 2004;T920;31_2004.ann;77837 77980
2004;08Oct;14;The future of things that matter to you -- in terms of civil rights, what kind of Justice Department you'll have, whether we'll enforce the law. Will we have equal opportunity? Will women's rights be protected? Will we have equal pay for women, which is going backwards? Will a woman's right to choose be protected?;Appeal to Emotion;Flag waving;KERRY;8 10 2004;T920;31_2004.ann;77837 77980
2004;08Oct;14;The future of things that matter to you -- in terms of civil rights, what kind of Justice Department you'll have, whether we'll enforce the law. Will we have equal opportunity? Will women's rights be protected? Will we have equal pay for women, which is going backwards? Will a woman's right to choose be protected?;Appeal to Emotion;Flag waving;KERRY;8 10 2004;T920;31_2004.ann;77837 77980
2004;08Oct;14;The future of things that matter to you -- in terms of civil rights, what kind of Justice Department you'll have, whether we'll enforce the law. Will we have equal opportunity? Will women's rights be protected? Will we have equal pay for women, which is going backwards? Will a woman's right to choose be protected?;Appeal to Emotion;Flag waving;KERRY;8 10 2004;T920;31_2004.ann;77837 77980
2004;08Oct;14;The future of things that matter to you -- in terms of civil rights, what kind of Justice Department you'll have, whether we'll enforce the law. Will we have equal opportunity? Will women's rights be protected? Will we have equal pay for women, which is going backwards? Will a woman's right to choose be protected?;Appeal to Emotion;Flag waving;KERRY;8 10 2004;T920;31_2004.ann;77837 77980
2004;08Oct;14;The future of things that matter to you -- in terms of civil rights, what kind of Justice Department you'll have, whether we'll enforce the law. Will we have equal opportunity? Will women's rights be protected? Will we have equal pay for women, which is going backwards? Will a woman's right to choose be protected?;Appeal to Emotion;Flag waving;KERRY;8 10 2004;T920;31_2004.ann;77837 77980
2004;08Oct;15;But I can't take what is an article of faith for me and legislate it for someone who doesn't share that article of faith, whether they be agnostic, atheist, Jew, Protestant, whatever. I can't do that.;Appeal to Emotion;Flag waving;KERRY;8 10 2004;T932;31_2004.ann;78989 79167
2004;08Oct;15;But I can't take what is an article of faith for me and legislate it for someone who doesn't share that article of faith, whether they be agnostic, atheist, Jew, Protestant, whatever. I can't do that.;Appeal to Emotion;Flag waving;KERRY;8 10 2004;T932;31_2004.ann;78989 79167
2004;08Oct;15;a brutal practice;Appeal to Emotion;Loaded Language;BUSH;8 10 2004;T956;31_2004.ann;80769 80791
2004;08Oct;16;"There is no bigger judgment for a president of the United states than how you take a nation to war. And you can't say, because Saddam might have done it 10 years from now, that's a reason; that's an excuse.";Appeal to Authority;Without Evidence;KERRY;8 10 2004;T1011;31_2004.ann;86094 86192
2004;08Oct;16;"There is no bigger judgment for a president of the United states than how you take a nation to war. And you can't say, because Saddam might have done it 10 years from now, that's a reason; that's an excuse.";Appeal to Authority;Without Evidence;KERRY;8 10 2004;T1011;31_2004.ann;86094 86192
2004;08Oct;16;"There is no bigger judgment for a president of the United states than how you take a nation to war. And you can't say, because Saddam might have done it 10 years from now, that's a reason; that's an excuse.";Appeal to Authority;Without Evidence;KERRY;8 10 2004;T1011;31_2004.ann;86094 86192
2004;08Oct;16;beyond pitiful, beyond embarrassing, in the zone of dangerous;Appeal to Emotion;Appeal to pity;KERRY;8 10 2004;T1004;31_2004.ann;85619 85734
2004;08Oct;16;I visited some of those kids with no limbs today, because they didn't have the armor on those vehicles. They didn't have the right body armor.;Appeal to Emotion;Appeal to pity;KERRY;8 10 2004;T1008;31_2004.ann;85872 85974
2004;08Oct;16;I visited some of those kids with no limbs today, because they didn't have the armor on those vehicles. They didn't have the right body armor.;Appeal to Emotion;Appeal to pity;KERRY;8 10 2004;T1008;31_2004.ann;85872 85974
2004;08Oct;16;a catastrophic mistake;Appeal to Emotion;Loaded Language;KERRY;8 10 2004;T1000;31_2004.ann;85041 85306
2004;08Oct;16;a slush fund;Appeal to Emotion;Loaded Language;KERRY;8 10 2004;T1021;31_2004.ann;87258 87307
2004;08Oct;16;"The truth of that matter is, if you listen carefully, Saddam would still be in power if he were the president of the United States, ""And the world would be a lot better off.""";Slippery Slope;Slippery Slope;BUSH;8 10 2004;T1014;31_2004.ann;86800 86876
2004;08Oct;16;"The truth of that matter is, if you listen carefully, Saddam would still be in power if he were the president of the United States, ""And the world would be a lot better off.""";Slippery Slope;Slippery Slope;BUSH;8 10 2004;T1014;31_2004.ann;86800 86876
2004;08Oct;17;The 9/11 Commission put out a report that said America is safer but not yet safe.;Appeal to Emotion;Appeal to fear;BUSH;8 10 2004;T1060;31_2004.ann;90954 91034
2004;08Oct;17;The great threat to our country is that these haters end up with weapons of mass destruction.;Appeal to Emotion;Appeal to fear;BUSH;8 10 2004;T1066;31_2004.ann;91237 91329
2004;08Oct;17;I believe America's best days are ahead of us. I'm an optimist, but we have to make the right choices, to be fiscally responsible and to create the new jobs of the future.;Appeal to Emotion;Flag waving;KERRY;8 10 2004;T1044;31_2004.ann;89544 89646
2004;08Oct;17;I believe America's best days are ahead of us. I'm an optimist, but we have to make the right choices, to be fiscally responsible and to create the new jobs of the future.;Appeal to Emotion;Flag waving;KERRY;8 10 2004;T1044;31_2004.ann;89544 89646
2004;08Oct;17;I believe America's best days are ahead of us. I'm an optimist, but we have to make the right choices, to be fiscally responsible and to create the new jobs of the future.;Appeal to Emotion;Flag waving;KERRY;8 10 2004;T1044;31_2004.ann;89544 89646
2004;08Oct;17;I believe America's best days are ahead of us. I'm an optimist, but we have to make the right choices, to be fiscally responsible and to create the new jobs of the future.;Appeal to Emotion;Flag waving;KERRY;8 10 2004;T1044;31_2004.ann;89544 89646
2004;08Oct;17;We're on the move.;Appeal to Emotion;Flag waving;BUSH;8 10 2004;T1046;31_2004.ann;90335 90352
2004;08Oct;17;that fateful day;Appeal to Emotion;Loaded Language;BUSH;8 10 2004;T1059;31_2004.ann;90827 90951
2004;08Oct;17;It's the great nexus.;Appeal to Emotion;Loaded Language;BUSH;8 10 2004;T1065;31_2004.ann;91215 91235
2004;08Oct;17;Tomorrow, Afghanistan will be voting for a president. In Iraq, we'll be having free elections, and a free society will make this world more peaceful.;Slippery Slope;Slippery Slope;BUSH;8 10 2004;T1069;31_2004.ann;91479 91531
2004;08Oct;17;Tomorrow, Afghanistan will be voting for a president. In Iraq, we'll be having free elections, and a free society will make this world more peaceful.;Slippery Slope;Slippery Slope;BUSH;8 10 2004;T1069;31_2004.ann;91479 91531
2004;08Oct;17;Tomorrow, Afghanistan will be voting for a president. In Iraq, we'll be having free elections, and a free society will make this world more peaceful.;Slippery Slope;Slippery Slope;BUSH;8 10 2004;T1069;31_2004.ann;91479 91531
2004;08Oct;17;We can do this.;Slogans;Slogan;KERRY;8 10 2004;T1045;31_2004.ann;89648 89662
2004;08Oct;17;Freedom is on the march.;Slogans;Slogan;BUSH;8 10 2004;T1068;31_2004.ann;91454 91477
2004;08Oct;17;Freedom is on the march.;Slogans;Slogan;BUSH;8 10 2004;T1068;31_2004.ann;91454 91477
2004;13Oct;1;But I pledge this to you, America: I will do it in the way that Franklin Roosevelt and Ronald Reagan and John Kennedy and others did, where we build the strongest alliances, where the world joins together, where we have the best intelligence and where we are able, ultimately, to be more safe and secure.;Appeal to Authority;False Authority;KERRY;13 10 2004;T11;32_2004.ann;3486 3583
2004;13Oct;1;But I pledge this to you, America: I will do it in the way that Franklin Roosevelt and Ronald Reagan and John Kennedy and others did, where we build the strongest alliances, where the world joins together, where we have the best intelligence and where we are able, ultimately, to be more safe and secure.;Appeal to Authority;False Authority;KERRY;13 10 2004;T11;32_2004.ann;3486 3583
2004;13Oct;1;But I pledge this to you, America: I will do it in the way that Franklin Roosevelt and Ronald Reagan and John Kennedy and others did, where we build the strongest alliances, where the world joins together, where we have the best intelligence and where we are able, ultimately, to be more safe and secure.;Appeal to Authority;False Authority;KERRY;13 10 2004;T11;32_2004.ann;3486 3583
2004;13Oct;1;But I pledge this to you, America: I will do it in the way that Franklin Roosevelt and Ronald Reagan and John Kennedy and others did, where we build the strongest alliances, where the world joins together, where we have the best intelligence and where we are able, ultimately, to be more safe and secure.;Appeal to Authority;False Authority;KERRY;13 10 2004;T11;32_2004.ann;3486 3583
2004;13Oct;1;But I pledge this to you, America: I will do it in the way that Franklin Roosevelt and Ronald Reagan and John Kennedy and others did, where we build the strongest alliances, where the world joins together, where we have the best intelligence and where we are able, ultimately, to be more safe and secure.;Appeal to Authority;False Authority;KERRY;13 10 2004;T11;32_2004.ann;3486 3583
2004;13Oct;1;And, as a result, America is now bearing this extraordinary burden where we are not as safe as we ought to be.;Appeal to Emotion;Loaded Language;KERRY;13 10 2004;T5;32_2004.ann;2469 2560
2004;13Oct;2;82,000 Arizonians lost their health insurance under President Bush's watch.;Appeal to Emotion;Loaded Language;KERRY;13 10 2004;T1044;32_2004.ann;8468 8542
2004;13Oct;2;This president has turned his back on the wellness of America.;Appeal to Emotion;Loaded Language;KERRY;13 10 2004;T64;32_2004.ann;8796 8857
2004;13Oct;2;We're the richest country on the face of the planet, the only industrialized nation in the world not to do it.;Appeal to Emotion;Loaded Language;KERRY;13 10 2004;T68;32_2004.ann;9145 9254
2004;13Oct;2;If every family in America signed up, like the senator suggested, if would cost us $5 trillion over 10 years.  It's an empty promise. It's called bait and switch.;Appeal to Emotion;Loaded Language;BUSH;13 10 2004;T79;32_2004.ann;9837 9945
2004;13Oct;2;If every family in America signed up, like the senator suggested, if would cost us $5 trillion over 10 years.  It's an empty promise. It's called bait and switch.;Appeal to Emotion;Loaded Language;BUSH;13 10 2004;T79;32_2004.ann;9837 9945
2004;13Oct;2;If every family in America signed up, like the senator suggested, if would cost us $5 trillion over 10 years.  It's an empty promise. It's called bait and switch.;Appeal to Emotion;Loaded Language;BUSH;13 10 2004;T79;32_2004.ann;9837 9945
2004;13Oct;2;In fact, it's starting to fall apart not because of lawsuits -- though they are a problem, and John Edwards and I are committed to fixing them -- but because of the larger issue that we don't cover Americans.;False Cause;False Cause;KERRY;13 10 2004;T1040;32_2004.ann;8892 8943
2004;13Oct;2;In fact, it's starting to fall apart not because of lawsuits -- though they are a problem, and John Edwards and I are committed to fixing them -- but because of the larger issue that we don't cover Americans.;False Cause;False Cause;KERRY;13 10 2004;T1040;32_2004.ann;8892 8943
2004;13Oct;2;In fact, it's starting to fall apart not because of lawsuits -- though they are a problem, and John Edwards and I are committed to fixing them -- but because of the larger issue that we don't cover Americans.;False Cause;False Cause;KERRY;13 10 2004;T1040;32_2004.ann;8892 8943
2004;13Oct;2;In fact, it's starting to fall apart not because of lawsuits -- though they are a problem, and John Edwards and I are committed to fixing them -- but because of the larger issue that we don't cover Americans.;False Cause;False Cause;KERRY;13 10 2004;T1040;32_2004.ann;8892 8943
2004;13Oct;2;In fact, it's starting to fall apart not because of lawsuits -- though they are a problem, and John Edwards and I are committed to fixing them -- but because of the larger issue that we don't cover Americans.;False Cause;False Cause;KERRY;13 10 2004;T1040;32_2004.ann;8892 8943
2004;13Oct;3;"President Bush has taken -- he's the only president in history to do this. He's also the only president in 72 years to lose jobs -- 1. 6 million jobs lost. He's the only president to have incomes of families go down for the last three years; the only president to see exports go down; the only president to see the lowest level of business investment in our country as it is today.";Appeal to Emotion;Appeal to Emotion;KERRY;13 10 2004;T101;32_2004.ann;11739 11834
2004;13Oct;3;"President Bush has taken -- he's the only president in history to do this. He's also the only president in 72 years to lose jobs -- 1. 6 million jobs lost. He's the only president to have incomes of families go down for the last three years; the only president to see exports go down; the only president to see the lowest level of business investment in our country as it is today.";Appeal to Emotion;Appeal to Emotion;KERRY;13 10 2004;T101;32_2004.ann;11739 11834
2004;13Oct;3;"President Bush has taken -- he's the only president in history to do this. He's also the only president in 72 years to lose jobs -- 1. 6 million jobs lost. He's the only president to have incomes of families go down for the last three years; the only president to see exports go down; the only president to see the lowest level of business investment in our country as it is today.";Appeal to Emotion;Appeal to Emotion;KERRY;13 10 2004;T101;32_2004.ann;11739 11834
2004;13Oct;3;"President Bush has taken -- he's the only president in history to do this. He's also the only president in 72 years to lose jobs -- 1. 6 million jobs lost. He's the only president to have incomes of families go down for the last three years; the only president to see exports go down; the only president to see the lowest level of business investment in our country as it is today.";Appeal to Emotion;Appeal to Emotion;KERRY;13 10 2004;T101;32_2004.ann;11739 11834
2004;13Oct;3;"President Bush has taken -- he's the only president in history to do this. He's also the only president in 72 years to lose jobs -- 1. 6 million jobs lost. He's the only president to have incomes of families go down for the last three years; the only president to see exports go down; the only president to see the lowest level of business investment in our country as it is today.";Appeal to Emotion;Appeal to Emotion;KERRY;13 10 2004;T101;32_2004.ann;11739 11834
2004;13Oct;3;"President Bush has taken -- he's the only president in history to do this. He's also the only president in 72 years to lose jobs -- 1. 6 million jobs lost. He's the only president to have incomes of families go down for the last three years; the only president to see exports go down; the only president to see the lowest level of business investment in our country as it is today.";Appeal to Emotion;Appeal to Emotion;KERRY;13 10 2004;T101;32_2004.ann;11739 11834
2004;13Oct;3;"President Bush has taken -- he's the only president in history to do this. He's also the only president in 72 years to lose jobs -- 1. 6 million jobs lost. He's the only president to have incomes of families go down for the last three years; the only president to see exports go down; the only president to see the lowest level of business investment in our country as it is today.";Appeal to Emotion;Appeal to Emotion;KERRY;13 10 2004;T101;32_2004.ann;11739 11834
2004;13Oct;3;"This president has never once vetoed one bill; the first president in a hundred years not to do that.";Appeal to Emotion;Loaded Language;KERRY;13 10 2004;T107;32_2004.ann;13124 13177
2004;13Oct;3;"This president has never once vetoed one bill; the first president in a hundred years not to do that.";Appeal to Emotion;Loaded Language;KERRY;13 10 2004;T107;32_2004.ann;13124 13177
2004;13Oct;4;My opponent talks about fiscal sanity. His record in the United States Senate does not match his rhetoric.  He voted to increase taxes 98 times and to bust the budget 277 times.;Ad Hominem;Circumstantial Ad Hominem;BUSH;13 10 2004;T213;32_2004.ann;21746 21814
2004;13Oct;4;My opponent talks about fiscal sanity. His record in the United States Senate does not match his rhetoric.  He voted to increase taxes 98 times and to bust the budget 277 times.;Ad Hominem;Circumstantial Ad Hominem;BUSH;13 10 2004;T213;32_2004.ann;21746 21814
2004;13Oct;4;My opponent talks about fiscal sanity. His record in the United States Senate does not match his rhetoric.  He voted to increase taxes 98 times and to bust the budget 277 times.;Ad Hominem;Circumstantial Ad Hominem;BUSH;13 10 2004;T213;32_2004.ann;21746 21814
2004;13Oct;4;I broke with my party in order to balance the budget, and Ronald Reagan signed into law the tax cut that we voted for.;Appeal to Authority;False Authority;KERRY;13 10 2004;T231;32_2004.ann;22027 22086
2004;13Oct;4;I broke with my party in order to balance the budget, and Ronald Reagan signed into law the tax cut that we voted for.;Appeal to Authority;False Authority;KERRY;13 10 2004;T231;32_2004.ann;22027 22086
2004;13Oct;4;And when I'm president, we're going to shut that loophole in a nanosecond and we're going to use that money to lower corporate tax rates in America for all corporations, 5 percent.;Appeal to Emotion;Loaded Language;KERRY;13 10 2004;T187;32_2004.ann;19404 19505
2004;13Oct;4;And when I'm president, we're going to shut that loophole in a nanosecond and we're going to use that money to lower corporate tax rates in America for all corporations, 5 percent.;Appeal to Emotion;Loaded Language;KERRY;13 10 2004;T187;32_2004.ann;19404 19505
2004;13Oct;4;But you know why the Pell Grants have gone up in their numbers? Because more people qualify for them because they don't have money.  But they're not getting the $5,100 the president promised them. They're getting less money.;False Cause;False Cause;KERRY;13 10 2004;T234;32_2004.ann;22156 22214
2004;13Oct;4;But you know why the Pell Grants have gone up in their numbers? Because more people qualify for them because they don't have money.  But they're not getting the $5,100 the president promised them. They're getting less money.;False Cause;False Cause;KERRY;13 10 2004;T234;32_2004.ann;22156 22214
2004;13Oct;4;But you know why the Pell Grants have gone up in their numbers? Because more people qualify for them because they don't have money.  But they're not getting the $5,100 the president promised them. They're getting less money.;False Cause;False Cause;KERRY;13 10 2004;T234;32_2004.ann;22156 22214
2004;13Oct;4;But you know why the Pell Grants have gone up in their numbers? Because more people qualify for them because they don't have money.  But they're not getting the $5,100 the president promised them. They're getting less money.;False Cause;False Cause;KERRY;13 10 2004;T234;32_2004.ann;22156 22214
2004;13Oct;4;But you know why the Pell Grants have gone up in their numbers? Because more people qualify for them because they don't have money.  But they're not getting the $5,100 the president promised them. They're getting less money.;False Cause;False Cause;KERRY;13 10 2004;T234;32_2004.ann;22156 22214
2004;13Oct;4;But you know why the Pell Grants have gone up in their numbers? Because more people qualify for them because they don't have money.  But they're not getting the $5,100 the president promised them. They're getting less money.;False Cause;False Cause;KERRY;13 10 2004;T234;32_2004.ann;22156 22214
2004;13Oct;5;The president has never said whether or not he would do that. But we know from the people he's tried to appoint to the court he wants to.;Ad Hominem;Circumstantial Ad Hominem;KERRY;13 10 2004;T306;32_2004.ann;27078 27138
2004;13Oct;5;The president has never said whether or not he would do that. But we know from the people he's tried to appoint to the court he wants to.;Ad Hominem;Circumstantial Ad Hominem;KERRY;13 10 2004;T306;32_2004.ann;27078 27138
2004;13Oct;5;The president has never said whether or not he would do that. But we know from the people he's tried to appoint to the court he wants to.;Ad Hominem;Circumstantial Ad Hominem;KERRY;13 10 2004;T306;32_2004.ann;27078 27138
2004;13Oct;5;The president has never said whether or not he would do that. But we know from the people he's tried to appoint to the court he wants to.;Ad Hominem;Circumstantial Ad Hominem;KERRY;13 10 2004;T306;32_2004.ann;27078 27138
2004;13Oct;5;But I disagree with them, as do many.;Appeal to Authority;Popular Opinion;KERRY;13 10 2004;T301;32_2004.ann;26639 26671
2004;13Oct;5;And I think if you were to talk to Dick Cheney's daughter, who is a lesbian, she would tell you that she's being who she was, she's being who she was born as.;Appeal to Authority;False Authority;KERRY;13 10 2004;T274;32_2004.ann;24830 24975
2004;13Oct;5;But I know this, that President Kennedy in his inaugural address told all of us that here on Earth, God's work must truly be our own.;Appeal to Authority;False Authority;KERRY;13 10 2004;T317;32_2004.ann;28235 28345
2004;13Oct;5;I've met people who struggled with this for years, people who were in a marriage because they were living a sort of convention, and they struggled with it.;Appeal to Emotion;Appeal to pity;KERRY;13 10 2004;T278;32_2004.ann;25026 25106
2004;13Oct;5;I've met people who struggled with this for years, people who were in a marriage because they were living a sort of convention, and they struggled with it.;Appeal to Emotion;Appeal to pity;KERRY;13 10 2004;T278;32_2004.ann;25026 25106
2004;13Oct;5;I've met people who struggled with this for years, people who were in a marriage because they were living a sort of convention, and they struggled with it.;Appeal to Emotion;Appeal to pity;KERRY;13 10 2004;T278;32_2004.ann;25026 25106
2004;13Oct;5;And I've met wives who are supportive of their husbands or vice versa when they finally sort of broke out and allowed themselves to live who they were, who they felt God had made them.;Appeal to Emotion;Appeal to pity;KERRY;13 10 2004;T282;32_2004.ann;25187 25366
2004;13Oct;5;But I also believe that because we are the United States of America, we're a country with a great, unbelievable Constitution, with rights that we afford people, that you can't discriminate in the workplace.;Appeal to Emotion;Flag waving;KERRY;13 10 2004;T281;32_2004.ann;25582 25755
2004;13Oct;5;a great, unbelievable Constitution;Appeal to Emotion;Loaded Language;KERRY;13 10 2004;T281;32_2004.ann;25582 25755
2004;13Oct;5;a great, unbelievable Constitution;Appeal to Emotion;Loaded Language;KERRY;13 10 2004;T281;32_2004.ann;25582 25755
2004;13Oct;6;People tell me that when the health-care field is fully integrated with information technology, it'll wring some 20 percent of the cost out of the system.;Appeal to Authority;Without Evidence;BUSH;13 10 2004;T356;32_2004.ann;31936 32089
2004;13Oct;6;We got to have health care for all Americans.;Appeal to Emotion;Flag waving;KERRY;13 10 2004;T370;32_2004.ann;33719 33763
2004;13Oct;6;It's like if you looked at the -- it's the equivalent of the buggy and horse days, compared to other industries here in America.;Appeal to Emotion;Loaded Language;BUSH;13 10 2004;T355;32_2004.ann;31626 31719
2004;13Oct;6;Medicare belongs to you.;Appeal to Emotion;Loaded Language;KERRY;13 10 2004;T376;32_2004.ann;32948 32971
2004;13Oct;6;Once again, the president is misleading America.;Appeal to Emotion;Loaded Language;KERRY;13 10 2004;T392;32_2004.ann;34356 34391
2004;13Oct;6;So the president's wrong.;Appeal to Emotion;Loaded Language;KERRY;13 10 2004;T393;32_2004.ann;34827 34848
2004;13Oct;7;Well, two leading national news networks have both said the president's characterization of my health-care plan is incorrect. One called it fiction. The other called it untrue.;Appeal to Authority;Without Evidence;KERRY;13 10 2004;T397;32_2004.ann;35508 35626
2004;13Oct;7;Well, two leading national news networks have both said the president's characterization of my health-care plan is incorrect. One called it fiction. The other called it untrue.;Appeal to Authority;Without Evidence;KERRY;13 10 2004;T397;32_2004.ann;35508 35626
2004;13Oct;7;Well, two leading national news networks have both said the president's characterization of my health-care plan is incorrect. One called it fiction. The other called it untrue.;Appeal to Authority;Without Evidence;KERRY;13 10 2004;T397;32_2004.ann;35508 35626
2004;13Oct;7;Our health-care system is the envy of the world because we believe in making sure that the decisions are made by doctors and patients, not by officials in the nation's capital.;Appeal to Emotion;Loaded Language;BUSH;13 10 2004;T441;32_2004.ann;38931 39050
2004;13Oct;7;Our health-care system is the envy of the world because we believe in making sure that the decisions are made by doctors and patients, not by officials in the nation's capital.;Appeal to Emotion;Loaded Language;BUSH;13 10 2004;T441;32_2004.ann;38931 39050
2004;13Oct;7;And just look at other countries that have tried to have federally controlled health care. They have poor-quality health care.;False Cause;False Cause;BUSH;13 10 2004;T438;32_2004.ann;38751 38836
2004;13Oct;7;And just look at other countries that have tried to have federally controlled health care. They have poor-quality health care.;False Cause;False Cause;BUSH;13 10 2004;T438;32_2004.ann;38751 38836
2004;13Oct;8;He forgot to tell you he voted to tax Social Security benefits more than one time. I didn't hear any plan to fix Social Security.;Ad Hominem;Circumstantial Ad Hominem;BUSH;13 10 2004;T527;32_2004.ann;46597 46678
2004;13Oct;8;He forgot to tell you he voted to tax Social Security benefits more than one time. I didn't hear any plan to fix Social Security.;Ad Hominem;Circumstantial Ad Hominem;BUSH;13 10 2004;T527;32_2004.ann;46597 46678
2004;13Oct;8;But I want to warn my fellow citizens: The cost of doing nothing, the cost of saying the current system is OK, far exceeds the costs of trying to make sure we save the system for our children.;Appeal to Emotion;Appeal to fear;BUSH;13 10 2004;T479;32_2004.ann;42283 42435
2004;13Oct;8;"The CBO said very clearly that if you were to adopt the president's plan, there would be a $2 trillion hole in Social Security, because today's workers pay in to the system for today's retirees. And the CBO said -- that's the Congressional Budget Office; it's bipartisan -- they said that there would have to be a cut in benefits of 25 percent to 40 percent.";Appeal to Authority;Without Evidence;KERRY;13 10 2004;T482;32_2004.ann;42704 42799
2004;13Oct;8;"The CBO said very clearly that if you were to adopt the president's plan, there would be a $2 trillion hole in Social Security, because today's workers pay in to the system for today's retirees. And the CBO said -- that's the Congressional Budget Office; it's bipartisan -- they said that there would have to be a cut in benefits of 25 percent to 40 percent.";Appeal to Authority;Without Evidence;KERRY;13 10 2004;T482;32_2004.ann;42704 42799
2004;13Oct;8;"The CBO said very clearly that if you were to adopt the president's plan, there would be a $2 trillion hole in Social Security, because today's workers pay in to the system for today's retirees. And the CBO said -- that's the Congressional Budget Office; it's bipartisan -- they said that there would have to be a cut in benefits of 25 percent to 40 percent.";Appeal to Authority;Without Evidence;KERRY;13 10 2004;T482;32_2004.ann;42704 42799
2004;13Oct;8;He's already got $3 trillion, according to The Washington Post, of expenses that he's put on the line from his convention and the promises of this campaign, none of which are paid for. Not one of them are paid for.;Appeal to Authority;Without Evidence;KERRY;13 10 2004;T487;32_2004.ann;43179 43362
2004;13Oct;8;He's already got $3 trillion, according to The Washington Post, of expenses that he's put on the line from his convention and the promises of this campaign, none of which are paid for. Not one of them are paid for.;Appeal to Authority;Without Evidence;KERRY;13 10 2004;T487;32_2004.ann;43179 43362
2004;13Oct;8;Now, my fellow Americans, that's an invitation to disaster.;Appeal to Emotion;Loaded Language;KERRY;13 10 2004;T481;32_2004.ann;42638 42670
2004;13Oct;8;Now, my fellow Americans, that's an invitation to disaster.;Appeal to Emotion;Loaded Language;KERRY;13 10 2004;T481;32_2004.ann;42638 42670
2004;13Oct;8;The fact is that the president is driving the largest deficits in American history.;Appeal to Emotion;Loaded Language;KERRY;13 10 2004;T488;32_2004.ann;43412 43477
2004;13Oct;8;"And this is the first president in 72 years to preside over an economy in America that has lost jobs, 1. 6 million jobs.  Eleven other presidents -- six Democrats and five Republicans -- had wars, had recessions, had great difficulties; none of them lost jobs the way this president has.";Appeal to Emotion;Loaded Language;KERRY;13 10 2004;T1073;32_2004.ann;46134 46249
2004;13Oct;8;"And this is the first president in 72 years to preside over an economy in America that has lost jobs, 1. 6 million jobs.  Eleven other presidents -- six Democrats and five Republicans -- had wars, had recessions, had great difficulties; none of them lost jobs the way this president has.";Appeal to Emotion;Loaded Language;KERRY;13 10 2004;T1073;32_2004.ann;46134 46249
2004;13Oct;8;"And this is the first president in 72 years to preside over an economy in America that has lost jobs, 1. 6 million jobs.  Eleven other presidents -- six Democrats and five Republicans -- had wars, had recessions, had great difficulties; none of them lost jobs the way this president has.";Appeal to Emotion;Loaded Language;KERRY;13 10 2004;T1073;32_2004.ann;46134 46249
2004;13Oct;8;And if we don't act today, the problem will be valued in the trillions.;Slippery Slope;Slippery Slope;BUSH;13 10 2004;T469;32_2004.ann;41091 41157
2004;13Oct;9;He just doesn't understand how the borders work, evidently, to say that. That is an outrageous claim.;Appeal to Emotion;Loaded Language;BUSH;13 10 2004;T616;32_2004.ann;52636 52683
2004;13Oct;9;He just doesn't understand how the borders work, evidently, to say that. That is an outrageous claim.;Appeal to Emotion;Loaded Language;BUSH;13 10 2004;T616;32_2004.ann;52636 52683
2004;13Oct;10;The president has denied 9. 2 million women $3,800 a year, but he doesn't hesitate to fight for $136,000 to a millionaire.;Ad Hominem;Circumstantial Ad Hominem;KERRY;13 10 2004;T638;32_2004.ann;54416 54474
2004;13Oct;10;The president has denied 9. 2 million women $3,800 a year, but he doesn't hesitate to fight for $136,000 to a millionaire.;Ad Hominem;Circumstantial Ad Hominem;KERRY;13 10 2004;T638;32_2004.ann;54416 54474
2004;13Oct;10;One, he clearly has a litmus test for his judges, which I disagree with.;Ad Hominem;Name-Calling, Labeling;BUSH;13 10 2004;T693;32_2004.ann;59456 59499
2004;13Oct;10;One, he clearly has a litmus test for his judges, which I disagree with.;Ad Hominem;Name-Calling, Labeling;BUSH;13 10 2004;T693;32_2004.ann;59456 59499
2004;13Oct;10;"I remember a lady in Houston, Texas, told me, ""Reading is the new civil right,"" and she's right.";Appeal to Authority;Without Evidence;BUSH;13 10 2004;T1030;32_2004.ann;56645 56740
2004;13Oct;10;I'm tired of politicians who talk about family values and don't value families.;Appeal to Emotion;Appeal to Emotion;KERRY;13 10 2004;T639;32_2004.ann;54688 54766
2004;13Oct;10;They've cut it off. They've stopped it. They don't enforce these kinds of things.;Appeal to Emotion;Loaded Language;KERRY;13 10 2004;T648;32_2004.ann;55063 55103
2004;13Oct;10;They've cut it off. They've stopped it. They don't enforce these kinds of things.;Appeal to Emotion;Loaded Language;KERRY;13 10 2004;T648;32_2004.ann;55063 55103
2004;13Oct;10;They've cut it off. They've stopped it. They don't enforce these kinds of things.;Appeal to Emotion;Loaded Language;KERRY;13 10 2004;T648;32_2004.ann;55063 55103
2004;13Oct;10;I will fight tooth and nail to pass the minimum wage.;Appeal to Emotion;Loaded Language;KERRY;13 10 2004;T651;32_2004.ann;55493 55545
2004;13Oct;10;You see, we'll never be able to compete in the 21st century unless we have an education system that doesn't quit on children, an education system that raises standards, an education that makes sure there's excellence in every classroom.;Appeal to Emotion;Loaded Language;BUSH;13 10 2004;T653;32_2004.ann;56925 57040
2004;13Oct;10;You see, we'll never be able to compete in the 21st century unless we have an education system that doesn't quit on children, an education system that raises standards, an education that makes sure there's excellence in every classroom.;Appeal to Emotion;Loaded Language;BUSH;13 10 2004;T653;32_2004.ann;56925 57040
2004;13Oct;10;You see, we'll never be able to compete in the 21st century unless we have an education system that doesn't quit on children, an education system that raises standards, an education that makes sure there's excellence in every classroom.;Appeal to Emotion;Loaded Language;BUSH;13 10 2004;T653;32_2004.ann;56925 57040
2004;13Oct;10;I don't know how you can govern in this country when you look at New York City and you see that 50 percent of the black males there are unemployed, when you see 40 percent of Hispanic children -- of black children in some cities -- dropping out of high school.;Appeal to Emotion;Loaded Language;KERRY;13 10 2004;T688;32_2004.ann;58539 58685
2004;13Oct;10;I don't know how you can govern in this country when you look at New York City and you see that 50 percent of the black males there are unemployed, when you see 40 percent of Hispanic children -- of black children in some cities -- dropping out of high school.;Appeal to Emotion;Loaded Language;KERRY;13 10 2004;T688;32_2004.ann;58539 58685
2004;13Oct;10;And secondly, only a liberal senator from Massachusetts would say that a 49 percent increase in funding for education was not enough.;Appeal to Emotion;Loaded Language;BUSH;13 10 2004;T696;32_2004.ann;59538 59656
2004;13Oct;10;And secondly, only a liberal senator from Massachusetts would say that a 49 percent increase in funding for education was not enough.;Appeal to Emotion;Loaded Language;BUSH;13 10 2004;T696;32_2004.ann;59538 59656
2004;13Oct;11;But I think it makes sense, I think most Americans in their guts know, that we ought to pass a sort of truth standard.;Appeal to Authority;Popular Opinion;KERRY;13 10 2004;T749;32_2004.ann;64787 64876
2004;13Oct;11;But I think it makes sense, I think most Americans in their guts know, that we ought to pass a sort of truth standard.;Appeal to Authority;Popular Opinion;KERRY;13 10 2004;T749;32_2004.ann;64787 64876
2004;13Oct;11;But the most important thing to relieve the pressure on all of the armed forces is frankly to run a foreign policy that recognizes that America is strongest when we are working with real alliances, when we are sharing the burdens of the world by working through our statesmanship at the highest levels and our diplomacy to bring other nations to our side.;Appeal to Emotion;Loaded Language;KERRY;13 10 2004;T1032;32_2004.ann;62333 62525
2004;13Oct;11;But the most important thing to relieve the pressure on all of the armed forces is frankly to run a foreign policy that recognizes that America is strongest when we are working with real alliances, when we are sharing the burdens of the world by working through our statesmanship at the highest levels and our diplomacy to bring other nations to our side.;Appeal to Emotion;Loaded Language;KERRY;13 10 2004;T1032;32_2004.ann;62333 62525
2004;13Oct;11;But I'll never fail to protect the United States of America.;Appeal to Emotion;Loaded Language;KERRY;13 10 2004;T753;32_2004.ann;64993 65048
2004;13Oct;12;"I was hunting in Iowa last year with a sheriff from one of the counties there, and he pointed to a house in back of us, and said, ""See the house over? We just did a drug bust a week earlier, and the guy we arrested had an AK-47 lying on the bed right beside him. """;Appeal to Emotion;Appeal to fear;KERRY;13 10 2004;T1037;32_2004.ann;67365 67626
2004;13Oct;12;I believe it was a failure of presidential leadership not to reauthorize the assault weapons ban.;Appeal to Emotion;Loaded Language;KERRY;13 10 2004;T771;32_2004.ann;66667 66763
2004;13Oct;12;Because of the president's decision today, law enforcement officers will walk into a place that will be more dangerous.;False Cause;False Cause;KERRY;13 10 2004;T772;32_2004.ann;67642 67749
2004;13Oct;13;an aggressive effort;Appeal to Emotion;Loaded Language;BUSH;13 10 2004;T820;32_2004.ann;70923 70993
2004;13Oct;13;And that's hopeful, and that's positive.;Appeal to Emotion;Loaded Language;BUSH;13 10 2004;T825;32_2004.ann;72110 72125
2004;13Oct;13;And that's hopeful, and that's positive.;Appeal to Emotion;Loaded Language;BUSH;13 10 2004;T825;32_2004.ann;72110 72125
2004;13Oct;14;I think people understand what she's saying.  But they see a compassionate, strong, great first lady in Laura Bush.;Appeal to Authority;Popular Opinion;BUSH;13 10 2004;T890;32_2004.ann;80451 80515
2004;13Oct;14;I think people understand what she's saying.  But they see a compassionate, strong, great first lady in Laura Bush.;Appeal to Authority;Popular Opinion;BUSH;13 10 2004;T890;32_2004.ann;80451 80515
2004;13Oct;14;John McCain is for me for president because he understands I have the right view in winning the war on terror and that my plan will succeed in Iraq.;Appeal to Authority;Without Evidence;BUSH;13 10 2004;T874;32_2004.ann;79300 79403
2004;13Oct;14;John McCain is for me for president because he understands I have the right view in winning the war on terror and that my plan will succeed in Iraq.;Appeal to Authority;Without Evidence;BUSH;13 10 2004;T874;32_2004.ann;79300 79403
2004;13Oct;14;I regret to say that the president who called himself a uniter, not a divider, is now presiding over the most divided America in the recent memory of our country.;Appeal to Emotion;Loaded Language;KERRY;13 10 2004;T856;32_2004.ann;76590 76730
2004;13Oct;14;I've never seen such ideological squabbles in the Congress of the United States. I've never seen members of a party locked out of meetings the way they're locked out today.;Appeal to Emotion;Loaded Language;KERRY;13 10 2004;T858;32_2004.ann;76813 76903
2004;13Oct;14;I've never seen such ideological squabbles in the Congress of the United States. I've never seen members of a party locked out of meetings the way they're locked out today.;Appeal to Emotion;Loaded Language;KERRY;13 10 2004;T858;32_2004.ann;76813 76903
2004;13Oct;14;the most significant effort;Appeal to Emotion;Loaded Language;KERRY;13 10 2004;T867;32_2004.ann;77375 77479
2004;13Oct;14;My biggest disappointment in Washington is how partisan the town is.;Appeal to Emotion;Loaded Language;BUSH;13 10 2004;T872;32_2004.ann;78039 78106
2004;13Oct;14;incredibly enough;Appeal to Emotion;Loaded Language;BUSH;13 10 2004;T877;32_2004.ann;78279 78410
2004;13Oct;15;I think the greatest possibilities of our country, our dreams and our hopes, are out there just waiting for us to grab onto them.;Appeal to Emotion;Loaded Language;KERRY;13 10 2004;T900;32_2004.ann;83272 83400
2008;26Sep;1;the evils;Ad Hominem;Name-Calling, Labeling;MCCAIN;26 9 2008;T99;33_2008.ann;12650 12703
2008;26Sep;1;And over time, that, I think, is going to be a better recipe for economic growth than the -- the policies of President Bush that John McCain wants to -- wants to follow.;Appeal to Authority;False Authority;OBAMA;26 9 2008;T118;33_2008.ann;14963 15127
2008;26Sep;1;Now, we also have to recognize that this is a final verdict on eight years of failed economic policies promoted by George Bush, supported by Senator McCain, a theory that basically says that we can shred regulations and consumer protections and give more and more to the most, and somehow prosperity will trickle down.  It hasn't worked.;Appeal to Authority;Without Evidence;OBAMA;26 9 2008;T11;33_2008.ann;3359 3519
2008;26Sep;1;Now, we also have to recognize that this is a final verdict on eight years of failed economic policies promoted by George Bush, supported by Senator McCain, a theory that basically says that we can shred regulations and consumer protections and give more and more to the most, and somehow prosperity will trickle down.  It hasn't worked.;Appeal to Authority;Without Evidence;OBAMA;26 9 2008;T11;33_2008.ann;3359 3519
2008;26Sep;1;And when you look at your tax policies that are directed primarily at those who are doing well, and you are neglecting people who are really struggling right now, I think that is a continuation of the last eight years, and we can't afford another four.;Appeal to Emotion;Appeal to pity;OBAMA;26 9 2008;T147;33_2008.ann;17339 17429
2008;26Sep;1;And when you look at your tax policies that are directed primarily at those who are doing well, and you are neglecting people who are really struggling right now, I think that is a continuation of the last eight years, and we can't afford another four.;Appeal to Emotion;Appeal to pity;OBAMA;26 9 2008;T147;33_2008.ann;17339 17429
2008;26Sep;1;And when you look at your tax policies that are directed primarily at those who are doing well, and you are neglecting people who are really struggling right now, I think that is a continuation of the last eight years, and we can't afford another four.;Appeal to Emotion;Appeal to pity;OBAMA;26 9 2008;T147;33_2008.ann;17339 17429
2008;26Sep;1;And when you look at your tax policies that are directed primarily at those who are doing well, and you are neglecting people who are really struggling right now, I think that is a continuation of the last eight years, and we can't afford another four.;Appeal to Emotion;Appeal to pity;OBAMA;26 9 2008;T147;33_2008.ann;17339 17429
2008;26Sep;1;And the -- the worst symptom on this disease is what my friend, Tom Coburn, calls earmarking as a gateway drug, because it's a gateway.;Appeal to Emotion;Loaded Language;MCCAIN;26 9 2008;T95;33_2008.ann;12385 12484
2008;26Sep;1;And the -- the worst symptom on this disease is what my friend, Tom Coburn, calls earmarking as a gateway drug, because it's a gateway.;Appeal to Emotion;Loaded Language;MCCAIN;26 9 2008;T95;33_2008.ann;12385 12484
2008;26Sep;1;out-of-control spending and corruption;Appeal to Emotion;Loaded Language;MCCAIN;26 9 2008;T97;33_2008.ann;12510 12566
2008;26Sep;1;And we have former members of Congress now residing in federal prison because of the evils of this earmarking and pork-barrel spending.;Appeal to Emotion;Loaded Language;MCCAIN;26 9 2008;T98;33_2008.ann;12573 12638
2008;26Sep;1;And we have former members of Congress now residing in federal prison because of the evils of this earmarking and pork-barrel spending.;Appeal to Emotion;Loaded Language;MCCAIN;26 9 2008;T98;33_2008.ann;12573 12638
2008;26Sep;1;look at them, my friends. Look at them. You'll be appalled.;Appeal to Emotion;Loaded Language;MCCAIN;26 9 2008;;33_2008.txt;18665 18724
2008;26Sep;1;wasteful and earmark spending;Appeal to Emotion;Loaded Language;MCCAIN;26 9 2008;T187;33_2008.ann;21558 21606
2008;26Sep;1;unnecessary and wasteful spending;Appeal to Emotion;Loaded Language;MCCAIN;26 9 2008;T318;33_2008.ann;34534 34603
2008;26Sep;1;orgy of spending and enormous deficits;Appeal to Emotion;Loaded Language;OBAMA;26 9 2008;T321;33_2008.ann;34954 35037
2008;26Sep;2;Senator McCain opposed funding for troops in legislation that had a timetable, because he didn't believe in a timetable.;Appeal to Authority;Without Evidence;OBAMA;26 9 2008;T423;33_2008.ann;43907 43984
2008;26Sep;2;Senator McCain opposed funding for troops in legislation that had a timetable, because he didn't believe in a timetable.;Appeal to Authority;Without Evidence;OBAMA;26 9 2008;T423;33_2008.ann;43907 43984
2008;26Sep;2;Admiral Mullen suggests that Senator Obama's plan is dangerous for America.;Appeal to Authority;Without Evidence;MCCAIN;26 9 2008;T448;33_2008.ann;45664 45738
2008;26Sep;2;Our initial military success, we went in to Baghdad and everybody celebrated. And then the war was very badly mishandled. I went to Iraq in 2003 and came back and said, we've got to change this strategy. This strategy requires additional troops, it requires a fundamental change in strategy and I fought for it. And finally, we came up with a great general and a strategy that has succeeded. This strategy has succeeded. And we are winning in Iraq.;False Cause;False Cause;MCCAIN;26 9 2008;T334;33_2008.ann;36304 36384
2008;26Sep;2;Our initial military success, we went in to Baghdad and everybody celebrated. And then the war was very badly mishandled. I went to Iraq in 2003 and came back and said, we've got to change this strategy. This strategy requires additional troops, it requires a fundamental change in strategy and I fought for it. And finally, we came up with a great general and a strategy that has succeeded. This strategy has succeeded. And we are winning in Iraq.;False Cause;False Cause;MCCAIN;26 9 2008;T334;33_2008.ann;36304 36384
2008;26Sep;2;Our initial military success, we went in to Baghdad and everybody celebrated. And then the war was very badly mishandled. I went to Iraq in 2003 and came back and said, we've got to change this strategy. This strategy requires additional troops, it requires a fundamental change in strategy and I fought for it. And finally, we came up with a great general and a strategy that has succeeded. This strategy has succeeded. And we are winning in Iraq.;False Cause;False Cause;MCCAIN;26 9 2008;T334;33_2008.ann;36304 36384
2008;26Sep;2;Our initial military success, we went in to Baghdad and everybody celebrated. And then the war was very badly mishandled. I went to Iraq in 2003 and came back and said, we've got to change this strategy. This strategy requires additional troops, it requires a fundamental change in strategy and I fought for it. And finally, we came up with a great general and a strategy that has succeeded. This strategy has succeeded. And we are winning in Iraq.;False Cause;False Cause;MCCAIN;26 9 2008;T334;33_2008.ann;36304 36384
2008;26Sep;2;Our initial military success, we went in to Baghdad and everybody celebrated. And then the war was very badly mishandled. I went to Iraq in 2003 and came back and said, we've got to change this strategy. This strategy requires additional troops, it requires a fundamental change in strategy and I fought for it. And finally, we came up with a great general and a strategy that has succeeded. This strategy has succeeded. And we are winning in Iraq.;False Cause;False Cause;MCCAIN;26 9 2008;T334;33_2008.ann;36304 36384
2008;26Sep;2;Our initial military success, we went in to Baghdad and everybody celebrated. And then the war was very badly mishandled. I went to Iraq in 2003 and came back and said, we've got to change this strategy. This strategy requires additional troops, it requires a fundamental change in strategy and I fought for it. And finally, we came up with a great general and a strategy that has succeeded. This strategy has succeeded. And we are winning in Iraq.;False Cause;False Cause;MCCAIN;26 9 2008;T334;33_2008.ann;36304 36384
2008;26Sep;2;Our initial military success, we went in to Baghdad and everybody celebrated. And then the war was very badly mishandled. I went to Iraq in 2003 and came back and said, we've got to change this strategy. This strategy requires additional troops, it requires a fundamental change in strategy and I fought for it. And finally, we came up with a great general and a strategy that has succeeded. This strategy has succeeded. And we are winning in Iraq.;False Cause;False Cause;MCCAIN;26 9 2008;T334;33_2008.ann;36304 36384
2008;26Sep;2;Our initial military success, we went in to Baghdad and everybody celebrated. And then the war was very badly mishandled. I went to Iraq in 2003 and came back and said, we've got to change this strategy. This strategy requires additional troops, it requires a fundamental change in strategy and I fought for it. And finally, we came up with a great general and a strategy that has succeeded. This strategy has succeeded. And we are winning in Iraq.;False Cause;False Cause;MCCAIN;26 9 2008;T334;33_2008.ann;36304 36384
2008;26Sep;2;We have lost over 4,000 lives. We have seen 30,000 wounded, and most importantly, from a strategic national security perspective, al Qaeda is resurgent, stronger now than at any time since 2001.;False Cause;False Cause;OBAMA;26 9 2008;T369;33_2008.ann;38558 38621
2008;26Sep;2;We have lost over 4,000 lives. We have seen 30,000 wounded, and most importantly, from a strategic national security perspective, al Qaeda is resurgent, stronger now than at any time since 2001.;False Cause;False Cause;OBAMA;26 9 2008;T369;33_2008.ann;38558 38621
2008;26Sep;2;We have lost over 4,000 lives. We have seen 30,000 wounded, and most importantly, from a strategic national security perspective, al Qaeda is resurgent, stronger now than at any time since 2001.;False Cause;False Cause;OBAMA;26 9 2008;T369;33_2008.ann;38558 38621
2008;26Sep;3;Senator Obama doesn't seem to understand there is a connected between the two.;Ad Hominem;Ad Hominem;MCCAIN;26 9 2008;T599;33_2008.ann;58690 58767
2008;26Sep;3;I don't think that Senator Obama understands that there was a failed state in Pakistan when Musharraf came to power.;Appeal to Authority;Appeal to Authority;MCCAIN;26 9 2008;T538;33_2008.ann;53526 53641
2008;26Sep;3;Tragically, I was right: Nearly 300 Marines lost their lives in the bombing of the barracks.;Appeal to Emotion;Appeal to fear;MCCAIN;26 9 2008;T545;33_2008.ann;54275 54341
2008;26Sep;3;Tragically, I was right: Nearly 300 Marines lost their lives in the bombing of the barracks.;Appeal to Emotion;Appeal to fear;MCCAIN;26 9 2008;T545;33_2008.ann;54275 54341
2008;26Sep;3;She asked me, can you please make sure another mother is not going through what I'm going through.;Appeal to Emotion;Appeal to fear;OBAMA;26 9 2008;T579;33_2008.ann;56601 56698
2008;26Sep;3;And until we do, Americans here at home are not going to be safe.;Appeal to Emotion;Appeal to fear;OBAMA;26 9 2008;T484;33_2008.ann;49199 49246
2008;26Sep;3;It's a strategy that will succeed. And Pakistan is a very important element in this. And I know how to work with them. And I guarantee you I would not publicly state that I'm going to attack them.;Appeal to Authority;False Authority;MCCAIN;26 9 2008;T487;33_2008.ann;51817 51889
2008;26Sep;3;It's a strategy that will succeed. And Pakistan is a very important element in this. And I know how to work with them. And I guarantee you I would not publicly state that I'm going to attack them.;Appeal to Authority;False Authority;MCCAIN;26 9 2008;T487;33_2008.ann;51817 51889
2008;26Sep;3;It's a strategy that will succeed. And Pakistan is a very important element in this. And I know how to work with them. And I guarantee you I would not publicly state that I'm going to attack them.;Appeal to Authority;False Authority;MCCAIN;26 9 2008;T487;33_2008.ann;51817 51889
2008;26Sep;3;It's a strategy that will succeed. And Pakistan is a very important element in this. And I know how to work with them. And I guarantee you I would not publicly state that I'm going to attack them.;Appeal to Authority;False Authority;MCCAIN;26 9 2008;T487;33_2008.ann;51817 51889
2008;26Sep;3;Now, on this issue of aiding Pakistan, if you're going to aim a gun at somebody, George Shultz, our great secretary of state, told me once, you'd better be prepared to pull the trigger.;Appeal to Authority;False Authority;MCCAIN;26 9 2008;T493;33_2008.ann;49707 49852
2008;26Sep;3;I'm not prepared at this time to cut off aid to Pakistan. So I'm not prepared to threaten it, as Senator Obama apparently wants to do, as he has said that he would announce military strikes into Pakistan.;Appeal to Authority;Without Evidence;MCCAIN;26 9 2008;T495;33_2008.ann;49916 49988
2008;26Sep;3;I'm not prepared at this time to cut off aid to Pakistan. So I'm not prepared to threaten it, as Senator Obama apparently wants to do, as he has said that he would announce military strikes into Pakistan.;Appeal to Authority;Without Evidence;MCCAIN;26 9 2008;T495;33_2008.ann;49916 49988
2008;26Sep;3;I'm not prepared at this time to cut off aid to Pakistan. So I'm not prepared to threaten it, as Senator Obama apparently wants to do, as he has said that he would announce military strikes into Pakistan.;Appeal to Authority;Without Evidence;MCCAIN;26 9 2008;T495;33_2008.ann;49916 49988
2008;26Sep;3;But the important thing is, if we suffer defeat in Iraq, which General Petraeus predicts we will, if we adopted Senator Obama's set date for withdrawal, then that will have a calamitous effect in Afghanistan and American national security interests in the region.;Appeal to Authority;Without Evidence;MCCAIN;26 9 2008;T605;33_2008.ann;58579 58688
2008;26Sep;3;But the important thing is, if we suffer defeat in Iraq, which General Petraeus predicts we will, if we adopted Senator Obama's set date for withdrawal, then that will have a calamitous effect in Afghanistan and American national security interests in the region.;Appeal to Authority;Without Evidence;MCCAIN;26 9 2008;T605;33_2008.ann;58579 58688
2008;26Sep;3;But the important thing is, if we suffer defeat in Iraq, which General Petraeus predicts we will, if we adopted Senator Obama's set date for withdrawal, then that will have a calamitous effect in Afghanistan and American national security interests in the region.;Appeal to Authority;Without Evidence;MCCAIN;26 9 2008;T605;33_2008.ann;58579 58688
2008;26Sep;3;General Petraeus;Appeal to Authority;Without Evidence;MCCAIN;26 9 2008;T321;34_2008.ann;39821 39986
2008;26Sep;3;First of all, I won't repeat the mistake that I regret enormously, and that is, after we were able to help the Afghan freedom fighters and drive the Russians out of Afghanistan, we basically washed our hands of the region.;Appeal to Emotion;Appeal to pity;MCCAIN;26 9 2008;T490;33_2008.ann;49382 49517
2008;26Sep;3;First of all, I won't repeat the mistake that I regret enormously, and that is, after we were able to help the Afghan freedom fighters and drive the Russians out of Afghanistan, we basically washed our hands of the region.;Appeal to Emotion;Appeal to pity;MCCAIN;26 9 2008;T490;33_2008.ann;49382 49517
2008;26Sep;3;"And I'll tell you, I had a town hall meeting in Wolfeboro, New Hampshire, and a woman stood up and she said, ""Senator McCain, I want you to do me the honor of wearing a bracelet with my son's name on it.""  He was 22 years old and he was killed in combat outside of Baghdad, Matthew Stanley, before Christmas last year. This was last August, a year ago. And I said, ""I will -- I will wear his bracelet with honor.""  And this was August, a year ago. And then she said, ""But, Senator McCain, I want you to do everything -- promise me one thing, that you'll do everything in your power to make sure that my son's death was not in vain.""  That means that that mission succeeds, just like those young people who re-enlisted in Baghdad, just like the mother I met at the airport the other day whose son was killed. And they all say to me that we don't want defeat.";Appeal to Emotion;Appeal to pity;MCCAIN;26 9 2008;T566;33_2008.ann;55650 55828
2008;26Sep;3;"And I'll tell you, I had a town hall meeting in Wolfeboro, New Hampshire, and a woman stood up and she said, ""Senator McCain, I want you to do me the honor of wearing a bracelet with my son's name on it.""  He was 22 years old and he was killed in combat outside of Baghdad, Matthew Stanley, before Christmas last year. This was last August, a year ago. And I said, ""I will -- I will wear his bracelet with honor.""  And this was August, a year ago. And then she said, ""But, Senator McCain, I want you to do everything -- promise me one thing, that you'll do everything in your power to make sure that my son's death was not in vain.""  That means that that mission succeeds, just like those young people who re-enlisted in Baghdad, just like the mother I met at the airport the other day whose son was killed. And they all say to me that we don't want defeat.";Appeal to Emotion;Appeal to pity;MCCAIN;26 9 2008;T566;33_2008.ann;55650 55828
2008;26Sep;3;"And I'll tell you, I had a town hall meeting in Wolfeboro, New Hampshire, and a woman stood up and she said, ""Senator McCain, I want you to do me the honor of wearing a bracelet with my son's name on it.""  He was 22 years old and he was killed in combat outside of Baghdad, Matthew Stanley, before Christmas last year. This was last August, a year ago. And I said, ""I will -- I will wear his bracelet with honor.""  And this was August, a year ago. And then she said, ""But, Senator McCain, I want you to do everything -- promise me one thing, that you'll do everything in your power to make sure that my son's death was not in vain.""  That means that that mission succeeds, just like those young people who re-enlisted in Baghdad, just like the mother I met at the airport the other day whose son was killed. And they all say to me that we don't want defeat.";Appeal to Emotion;Appeal to pity;MCCAIN;26 9 2008;T566;33_2008.ann;55650 55828
2008;26Sep;3;"And I'll tell you, I had a town hall meeting in Wolfeboro, New Hampshire, and a woman stood up and she said, ""Senator McCain, I want you to do me the honor of wearing a bracelet with my son's name on it.""  He was 22 years old and he was killed in combat outside of Baghdad, Matthew Stanley, before Christmas last year. This was last August, a year ago. And I said, ""I will -- I will wear his bracelet with honor.""  And this was August, a year ago. And then she said, ""But, Senator McCain, I want you to do everything -- promise me one thing, that you'll do everything in your power to make sure that my son's death was not in vain.""  That means that that mission succeeds, just like those young people who re-enlisted in Baghdad, just like the mother I met at the airport the other day whose son was killed. And they all say to me that we don't want defeat.";Appeal to Emotion;Appeal to pity;MCCAIN;26 9 2008;T566;33_2008.ann;55650 55828
2008;26Sep;3;"And I'll tell you, I had a town hall meeting in Wolfeboro, New Hampshire, and a woman stood up and she said, ""Senator McCain, I want you to do me the honor of wearing a bracelet with my son's name on it.""  He was 22 years old and he was killed in combat outside of Baghdad, Matthew Stanley, before Christmas last year. This was last August, a year ago. And I said, ""I will -- I will wear his bracelet with honor.""  And this was August, a year ago. And then she said, ""But, Senator McCain, I want you to do everything -- promise me one thing, that you'll do everything in your power to make sure that my son's death was not in vain.""  That means that that mission succeeds, just like those young people who re-enlisted in Baghdad, just like the mother I met at the airport the other day whose son was killed. And they all say to me that we don't want defeat.";Appeal to Emotion;Appeal to pity;MCCAIN;26 9 2008;T566;33_2008.ann;55650 55828
2008;26Sep;3;"And I'll tell you, I had a town hall meeting in Wolfeboro, New Hampshire, and a woman stood up and she said, ""Senator McCain, I want you to do me the honor of wearing a bracelet with my son's name on it.""  He was 22 years old and he was killed in combat outside of Baghdad, Matthew Stanley, before Christmas last year. This was last August, a year ago. And I said, ""I will -- I will wear his bracelet with honor.""  And this was August, a year ago. And then she said, ""But, Senator McCain, I want you to do everything -- promise me one thing, that you'll do everything in your power to make sure that my son's death was not in vain.""  That means that that mission succeeds, just like those young people who re-enlisted in Baghdad, just like the mother I met at the airport the other day whose son was killed. And they all say to me that we don't want defeat.";Appeal to Emotion;Appeal to pity;MCCAIN;26 9 2008;T566;33_2008.ann;55650 55828
2008;26Sep;3;"And I'll tell you, I had a town hall meeting in Wolfeboro, New Hampshire, and a woman stood up and she said, ""Senator McCain, I want you to do me the honor of wearing a bracelet with my son's name on it.""  He was 22 years old and he was killed in combat outside of Baghdad, Matthew Stanley, before Christmas last year. This was last August, a year ago. And I said, ""I will -- I will wear his bracelet with honor.""  And this was August, a year ago. And then she said, ""But, Senator McCain, I want you to do everything -- promise me one thing, that you'll do everything in your power to make sure that my son's death was not in vain.""  That means that that mission succeeds, just like those young people who re-enlisted in Baghdad, just like the mother I met at the airport the other day whose son was killed. And they all say to me that we don't want defeat.";Appeal to Emotion;Appeal to pity;MCCAIN;26 9 2008;T566;33_2008.ann;55650 55828
2008;26Sep;3;"And I'll tell you, I had a town hall meeting in Wolfeboro, New Hampshire, and a woman stood up and she said, ""Senator McCain, I want you to do me the honor of wearing a bracelet with my son's name on it.""  He was 22 years old and he was killed in combat outside of Baghdad, Matthew Stanley, before Christmas last year. This was last August, a year ago. And I said, ""I will -- I will wear his bracelet with honor.""  And this was August, a year ago. And then she said, ""But, Senator McCain, I want you to do everything -- promise me one thing, that you'll do everything in your power to make sure that my son's death was not in vain.""  That means that that mission succeeds, just like those young people who re-enlisted in Baghdad, just like the mother I met at the airport the other day whose son was killed. And they all say to me that we don't want defeat.";Appeal to Emotion;Appeal to pity;MCCAIN;26 9 2008;T566;33_2008.ann;55650 55828
2008;26Sep;3;"And I'll tell you, I had a town hall meeting in Wolfeboro, New Hampshire, and a woman stood up and she said, ""Senator McCain, I want you to do me the honor of wearing a bracelet with my son's name on it.""  He was 22 years old and he was killed in combat outside of Baghdad, Matthew Stanley, before Christmas last year. This was last August, a year ago. And I said, ""I will -- I will wear his bracelet with honor.""  And this was August, a year ago. And then she said, ""But, Senator McCain, I want you to do everything -- promise me one thing, that you'll do everything in your power to make sure that my son's death was not in vain.""  That means that that mission succeeds, just like those young people who re-enlisted in Baghdad, just like the mother I met at the airport the other day whose son was killed. And they all say to me that we don't want defeat.";Appeal to Emotion;Appeal to pity;MCCAIN;26 9 2008;T566;33_2008.ann;55650 55828
2008;26Sep;3;I've got a bracelet, too, from Sergeant - from the mother of Sergeant Ryan David Jopeck (ph), given to me in green bay. She asked me, can you please make sure another mother is not going through what I'm going through.;Appeal to Emotion;Appeal to pity;OBAMA;26 9 2008;T579;33_2008.ann;56601 56698
2008;26Sep;3;I've got a bracelet, too, from Sergeant - from the mother of Sergeant Ryan David Jopeck (ph), given to me in green bay. She asked me, can you please make sure another mother is not going through what I'm going through.;Appeal to Emotion;Appeal to pity;OBAMA;26 9 2008;T579;33_2008.ann;56601 56698
2008;26Sep;3;I've got a bracelet, too, from Sergeant - from the mother of Sergeant Ryan David Jopeck (ph), given to me in green bay. She asked me, can you please make sure another mother is not going through what I'm going through.;Appeal to Emotion;Appeal to pity;OBAMA;26 9 2008;T579;33_2008.ann;56601 56698
2008;26Sep;3;a brazen fashion;Appeal to Emotion;Loaded Language;OBAMA;26 9 2008;T466;33_2008.ann;47523 47656
2008;26Sep;3;those safe havens;Appeal to Emotion;Loaded Language;OBAMA;26 9 2008;T483;33_2008.ann;49107 49179
2008;26Sep;3;enormous problems;Appeal to Emotion;Loaded Language;OBAMA;26 9 2008;T588;33_2008.ann;57320 57366
2008;26Sep;3;a calamitous effect;Appeal to Emotion;Loaded Language;MCCAIN;26 9 2008;T605;33_2008.ann;58579 58688
2008;26Sep;3;such an enormous;Appeal to Emotion;Loaded Language;OBAMA;26 9 2008;T15;35_2008.ann;3938 4024
2008;26Sep;3;"And I'll tell you, I had a town hall meeting in Wolfeboro, New Hampshire, and a woman stood up and she said, ""Senator McCain, I want you to do me the honor of wearing a bracelet with my son's name on it.""  He was 22 years old and he was killed in combat outside of Baghdad, Matthew Stanley, before Christmas last year. This was last August, a year ago. And I said, ""I will -- I will wear his bracelet with honor.""  And this was August, a year ago. And then she said, ""But, Senator McCain, I want you to do everything -- promise me one thing, that you'll do everything in your power to make sure that my son's death was not in vain.""  That means that that mission succeeds, just like those young people who re-enlisted in Baghdad, just like the mother I met at the airport the other day whose son was killed. And they all say to me that we don't want defeat.";False Cause;False Cause;MCCAIN;26 9 2008;T566;33_2008.ann;55650 55828
2008;26Sep;3;"And I'll tell you, I had a town hall meeting in Wolfeboro, New Hampshire, and a woman stood up and she said, ""Senator McCain, I want you to do me the honor of wearing a bracelet with my son's name on it.""  He was 22 years old and he was killed in combat outside of Baghdad, Matthew Stanley, before Christmas last year. This was last August, a year ago. And I said, ""I will -- I will wear his bracelet with honor.""  And this was August, a year ago. And then she said, ""But, Senator McCain, I want you to do everything -- promise me one thing, that you'll do everything in your power to make sure that my son's death was not in vain.""  That means that that mission succeeds, just like those young people who re-enlisted in Baghdad, just like the mother I met at the airport the other day whose son was killed. And they all say to me that we don't want defeat.";False Cause;False Cause;MCCAIN;26 9 2008;T566;33_2008.ann;55650 55828
2008;26Sep;3;"And I'll tell you, I had a town hall meeting in Wolfeboro, New Hampshire, and a woman stood up and she said, ""Senator McCain, I want you to do me the honor of wearing a bracelet with my son's name on it.""  He was 22 years old and he was killed in combat outside of Baghdad, Matthew Stanley, before Christmas last year. This was last August, a year ago. And I said, ""I will -- I will wear his bracelet with honor.""  And this was August, a year ago. And then she said, ""But, Senator McCain, I want you to do everything -- promise me one thing, that you'll do everything in your power to make sure that my son's death was not in vain.""  That means that that mission succeeds, just like those young people who re-enlisted in Baghdad, just like the mother I met at the airport the other day whose son was killed. And they all say to me that we don't want defeat.";False Cause;False Cause;MCCAIN;26 9 2008;T566;33_2008.ann;55650 55828
2008;26Sep;3;"And I'll tell you, I had a town hall meeting in Wolfeboro, New Hampshire, and a woman stood up and she said, ""Senator McCain, I want you to do me the honor of wearing a bracelet with my son's name on it.""  He was 22 years old and he was killed in combat outside of Baghdad, Matthew Stanley, before Christmas last year. This was last August, a year ago. And I said, ""I will -- I will wear his bracelet with honor.""  And this was August, a year ago. And then she said, ""But, Senator McCain, I want you to do everything -- promise me one thing, that you'll do everything in your power to make sure that my son's death was not in vain.""  That means that that mission succeeds, just like those young people who re-enlisted in Baghdad, just like the mother I met at the airport the other day whose son was killed. And they all say to me that we don't want defeat.";False Cause;False Cause;MCCAIN;26 9 2008;T566;33_2008.ann;55650 55828
2008;26Sep;3;"And I'll tell you, I had a town hall meeting in Wolfeboro, New Hampshire, and a woman stood up and she said, ""Senator McCain, I want you to do me the honor of wearing a bracelet with my son's name on it.""  He was 22 years old and he was killed in combat outside of Baghdad, Matthew Stanley, before Christmas last year. This was last August, a year ago. And I said, ""I will -- I will wear his bracelet with honor.""  And this was August, a year ago. And then she said, ""But, Senator McCain, I want you to do everything -- promise me one thing, that you'll do everything in your power to make sure that my son's death was not in vain.""  That means that that mission succeeds, just like those young people who re-enlisted in Baghdad, just like the mother I met at the airport the other day whose son was killed. And they all say to me that we don't want defeat.";False Cause;False Cause;MCCAIN;26 9 2008;T566;33_2008.ann;55650 55828
2008;26Sep;3;"And I'll tell you, I had a town hall meeting in Wolfeboro, New Hampshire, and a woman stood up and she said, ""Senator McCain, I want you to do me the honor of wearing a bracelet with my son's name on it.""  He was 22 years old and he was killed in combat outside of Baghdad, Matthew Stanley, before Christmas last year. This was last August, a year ago. And I said, ""I will -- I will wear his bracelet with honor.""  And this was August, a year ago. And then she said, ""But, Senator McCain, I want you to do everything -- promise me one thing, that you'll do everything in your power to make sure that my son's death was not in vain.""  That means that that mission succeeds, just like those young people who re-enlisted in Baghdad, just like the mother I met at the airport the other day whose son was killed. And they all say to me that we don't want defeat.";False Cause;False Cause;MCCAIN;26 9 2008;T566;33_2008.ann;55650 55828
2008;26Sep;3;"And I'll tell you, I had a town hall meeting in Wolfeboro, New Hampshire, and a woman stood up and she said, ""Senator McCain, I want you to do me the honor of wearing a bracelet with my son's name on it.""  He was 22 years old and he was killed in combat outside of Baghdad, Matthew Stanley, before Christmas last year. This was last August, a year ago. And I said, ""I will -- I will wear his bracelet with honor.""  And this was August, a year ago. And then she said, ""But, Senator McCain, I want you to do everything -- promise me one thing, that you'll do everything in your power to make sure that my son's death was not in vain.""  That means that that mission succeeds, just like those young people who re-enlisted in Baghdad, just like the mother I met at the airport the other day whose son was killed. And they all say to me that we don't want defeat.";False Cause;False Cause;MCCAIN;26 9 2008;T566;33_2008.ann;55650 55828
2008;26Sep;3;"And I'll tell you, I had a town hall meeting in Wolfeboro, New Hampshire, and a woman stood up and she said, ""Senator McCain, I want you to do me the honor of wearing a bracelet with my son's name on it.""  He was 22 years old and he was killed in combat outside of Baghdad, Matthew Stanley, before Christmas last year. This was last August, a year ago. And I said, ""I will -- I will wear his bracelet with honor.""  And this was August, a year ago. And then she said, ""But, Senator McCain, I want you to do everything -- promise me one thing, that you'll do everything in your power to make sure that my son's death was not in vain.""  That means that that mission succeeds, just like those young people who re-enlisted in Baghdad, just like the mother I met at the airport the other day whose son was killed. And they all say to me that we don't want defeat.";False Cause;False Cause;MCCAIN;26 9 2008;T566;33_2008.ann;55650 55828
2008;26Sep;3;"And I'll tell you, I had a town hall meeting in Wolfeboro, New Hampshire, and a woman stood up and she said, ""Senator McCain, I want you to do me the honor of wearing a bracelet with my son's name on it.""  He was 22 years old and he was killed in combat outside of Baghdad, Matthew Stanley, before Christmas last year. This was last August, a year ago. And I said, ""I will -- I will wear his bracelet with honor.""  And this was August, a year ago. And then she said, ""But, Senator McCain, I want you to do everything -- promise me one thing, that you'll do everything in your power to make sure that my son's death was not in vain.""  That means that that mission succeeds, just like those young people who re-enlisted in Baghdad, just like the mother I met at the airport the other day whose son was killed. And they all say to me that we don't want defeat.";False Cause;False Cause;MCCAIN;26 9 2008;T566;33_2008.ann;55650 55828
2008;26Sep;3;But the important thing is, if we suffer defeat in Iraq, which General Petraeus predicts we will, if we adopted Senator Obama's set date for withdrawal, then that will have a calamitous effect in Afghanistan and American national security interests in the region.;Slippery Slope;Slippery Slope;MCCAIN;26 9 2008;T605;33_2008.ann;58579 58688
2008;26Sep;3;But the important thing is, if we suffer defeat in Iraq, which General Petraeus predicts we will, if we adopted Senator Obama's set date for withdrawal, then that will have a calamitous effect in Afghanistan and American national security interests in the region.;Slippery Slope;Slippery Slope;MCCAIN;26 9 2008;T605;33_2008.ann;58579 58688
2008;26Sep;3;But the important thing is, if we suffer defeat in Iraq, which General Petraeus predicts we will, if we adopted Senator Obama's set date for withdrawal, then that will have a calamitous effect in Afghanistan and American national security interests in the region.;Slippery Slope;Slippery Slope;MCCAIN;26 9 2008;T605;33_2008.ann;58579 58688
2008;26Sep;4;So this is a serious threat.;Appeal to Emotion;Appeal to fear;MCCAIN;26 9 2008;T631;33_2008.ann;61117 61141
2008;26Sep;4;"This is dangerous. It isn't just naive; it's dangerous.";Appeal to Emotion;Appeal to fear;MCCAIN;26 9 2008;T717;33_2008.ann;68198 68217
2008;26Sep;4;"This is dangerous. It isn't just naive; it's dangerous.";Appeal to Emotion;Appeal to fear;MCCAIN;26 9 2008;T717;33_2008.ann;68198 68217
2008;26Sep;4;"This is dangerous. It isn't just naive; it's dangerous.";Appeal to Emotion;Appeal to fear;MCCAIN;26 9 2008;T717;33_2008.ann;68198 68217
2008;26Sep;4;Again, it may not work, but if it doesn't work, then we have strengthened our ability to form alliances to impose the tough sanctions that Senator McCain just mentioned.;Appeal to Authority;Without Evidence;OBAMA;26 9 2008;T692;33_2008.ann;66046 66186
2008;26Sep;4;Again, it may not work, but if it doesn't work, then we have strengthened our ability to form alliances to impose the tough sanctions that Senator McCain just mentioned.;Appeal to Authority;Without Evidence;OBAMA;26 9 2008;T692;33_2008.ann;66046 66186
2008;26Sep;4;most repressive and brutal regime probably on Earth;Appeal to Emotion;Loaded Language;MCCAIN;26 9 2008;T719;33_2008.ann;68406 68470
2008;26Sep;6;I think it -- that we have a safer nation, but we are a long way from safe.;Appeal to Emotion;Appeal to fear;MCCAIN;26 9 2008;T834;33_2008.ann;81106 81133
2008;26Sep;6;I think it -- that we have a safer nation, but we are a long way from safe.;Appeal to Emotion;Appeal to fear;MCCAIN;26 9 2008;T834;33_2008.ann;81106 81133
2008;26Sep;6;In the meantime, bin Laden is still out there. He is not captured. He is not killed.;Appeal to Emotion;Appeal to fear;OBAMA;26 9 2008;T910;33_2008.ann;86831 86859
2008;26Sep;6;In the meantime, bin Laden is still out there. He is not captured. He is not killed.;Appeal to Emotion;Appeal to fear;OBAMA;26 9 2008;T910;33_2008.ann;86831 86859
2008;26Sep;6;In the meantime, bin Laden is still out there. He is not captured. He is not killed.;Appeal to Emotion;Appeal to fear;OBAMA;26 9 2008;T910;33_2008.ann;86831 86859
2008;26Sep;6;And I -- and I honestly don't believe that Senator Obama has the knowledge or experience and has made the wrong judgments in a number of areas, including his initial reaction to Russian invasion -- aggression in Georgia;Appeal to Authority;False Authority;MCCAIN;26 9 2008;T929;33_2008.ann;88704 88833
2008;26Sep;6;We are less respected now than we were eight years ago or even four years ago.;Appeal to Emotion;Appeal to pity;OBAMA;26 9 2008;T882;33_2008.ann;84665 84742
2008;26Sep;6;this stubbornness;Appeal to Emotion;Loaded Language;MCCAIN;26 9 2008;T930;33_2008.ann;88932 89113
2008;26Sep;6;this is the greatest country on Earth;Slogans;Slogan;OBAMA;26 9 2008;T883;33_2008.ann;84757 84794
2008;07Oct;1;And that's why, for example, on tax policy, what I want to do is provide a middle class tax cut to 95 percent of working Americans, those who are working two jobs, people who are not spending enough time with their kids, because they are struggling to make ends meet.;Appeal to Emotion;Appeal to pity;OBAMA;7 10 2008;T75;35_2008.ann;8509 8699
2008;07Oct;1;And that's why, for example, on tax policy, what I want to do is provide a middle class tax cut to 95 percent of working Americans, those who are working two jobs, people who are not spending enough time with their kids, because they are struggling to make ends meet.;Appeal to Emotion;Appeal to pity;OBAMA;7 10 2008;T75;35_2008.ann;8509 8699
2008;07Oct;1;an enormous burden;Appeal to Emotion;Loaded Language;OBAMA;7 10 2008;T15;35_2008.ann;3938 4024
2008;07Oct;1;Americans are angry, they're upset, and they're a little fearful.;Appeal to Emotion;Loaded Language;MCCAIN;7 10 2008;T26;35_2008.ann;4489 4513
2008;07Oct;1;Americans are angry, they're upset, and they're a little fearful.;Appeal to Emotion;Loaded Language;MCCAIN;7 10 2008;T26;35_2008.ann;4489 4513
2008;07Oct;1;Americans are angry, they're upset, and they're a little fearful.;Appeal to Emotion;Loaded Language;MCCAIN;7 10 2008;T26;35_2008.ann;4489 4513
2008;07Oct;1;Americans are angry, they're upset, and they're a little fearful.;Appeal to Emotion;Loaded Language;MCCAIN;7 10 2008;T26;35_2008.ann;4489 4513
2008;07Oct;1;Americans are angry, they're upset, and they're a little fearful.;Appeal to Emotion;Loaded Language;MCCAIN;7 10 2008;T26;35_2008.ann;4489 4513
2008;15Oct;1;They're innocent victims of greed and excess on Wall Street and as well as Washington, D.C. And they're angry, and they have every reason to be angry.;Appeal to Emotion;Flag waving;MCCAIN;15 10 2008;T6;36_2008.ann;3136 3227
2008;15Oct;1;They're innocent victims of greed and excess on Wall Street and as well as Washington, D.C. And they're angry, and they have every reason to be angry.;Appeal to Emotion;Flag waving;MCCAIN;15 10 2008;T6;36_2008.ann;3136 3227
2008;15Oct;1;They're innocent victims of greed and excess on Wall Street and as well as Washington, D.C. And they're angry, and they have every reason to be angry.;Appeal to Emotion;Flag waving;MCCAIN;15 10 2008;T6;36_2008.ann;3136 3227
2008;15Oct;1;We need to cut the business tax rate in America. We need to encourage business.  Now, of all times in America, we need to cut people's taxes. We need to encourage business, create jobs, not spread the wealth around.;Appeal to Emotion;Flag waving;MCCAIN;15 10 2008;T824;36_2008.ann;12479 12551
2008;15Oct;1;We need to cut the business tax rate in America. We need to encourage business.  Now, of all times in America, we need to cut people's taxes. We need to encourage business, create jobs, not spread the wealth around.;Appeal to Emotion;Flag waving;MCCAIN;15 10 2008;T824;36_2008.ann;12479 12551
2008;15Oct;1;We need to cut the business tax rate in America. We need to encourage business.  Now, of all times in America, we need to cut people's taxes. We need to encourage business, create jobs, not spread the wealth around.;Appeal to Emotion;Flag waving;MCCAIN;15 10 2008;T824;36_2008.ann;12479 12551
2008;15Oct;1;We need to cut the business tax rate in America. We need to encourage business.  Now, of all times in America, we need to cut people's taxes. We need to encourage business, create jobs, not spread the wealth around.;Appeal to Emotion;Flag waving;MCCAIN;15 10 2008;T824;36_2008.ann;12479 12551
2008;15Oct;1;Americans are hurting right now, and they're angry. They're hurting, and they're angry.;Appeal to Emotion;Loaded Language;MCCAIN;15 10 2008;T2;36_2008.ann;3048 3079
2008;15Oct;1;Americans are hurting right now, and they're angry. They're hurting, and they're angry.;Appeal to Emotion;Loaded Language;MCCAIN;15 10 2008;T2;36_2008.ann;3048 3079
2008;15Oct;1;Americans are hurting right now, and they're angry. They're hurting, and they're angry.;Appeal to Emotion;Loaded Language;MCCAIN;15 10 2008;T2;36_2008.ann;3048 3079
2008;15Oct;1;Americans are hurting right now, and they're angry. They're hurting, and they're angry.;Appeal to Emotion;Loaded Language;MCCAIN;15 10 2008;T2;36_2008.ann;3048 3079
2008;15Oct;1;the worst financial crisis;Appeal to Emotion;Loaded Language;OBAMA;15 10 2008;T291;36_2008.ann;34142 34229
2008;15Oct;1;The catalyst for this housing crisis was the Fannie and Freddie Mae that caused subprime lending situation that now caused the housing market in America to collapse.;False Cause;False Cause;MCCAIN;15 10 2008;T11;36_2008.ann;3563 3727
2008;15Oct;1;the American dream;Slogans;Slogan;MCCAIN;15 10 2008;T13;36_2008.ann;3751 3947
2008;15Oct;2;Now, look, Americans are hurting tonight and they're angry and I understand that, and they want a new direction.;Appeal to Emotion;Flag waving;MCCAIN;15 10 2008;T833;36_2008.ann;20985 21085
2008;15Oct;2;But what is absolutely true is that, once we get through this economic crisis and some of the specific proposals to get us out of this slump, that we're not going to be able to go back to our profligate ways.;Appeal to Emotion;Loaded Language;OBAMA;15 10 2008;T115;36_2008.ann;15462 15522
2008;15Oct;2;That's not the way we cut -- we'll cut out all the pork.;Appeal to Emotion;Loaded Language;MCCAIN;15 10 2008;T147;36_2008.ann;18328 18383
2008;15Oct;2;a lot of screwy things;Appeal to Emotion;Loaded Language;OBAMA;15 10 2008;T160;36_2008.ann;18998 19113
2008;15Oct;2;the other watchdog organizations;Appeal to Emotion;Loaded Language;MCCAIN;15 10 2008;T835;36_2008.ann;21481 21618
2008;15Oct;2;a vigorous supporter;Appeal to Emotion;Loaded Language;OBAMA;15 10 2008;T197;36_2008.ann;22935 23108
2008;15Oct;3;one of the greatest frauds in voter history in this country, maybe destroying the fabric of democracy;Ad Hominem;Ad Hominem;MCCAIN;15 10 2008;T301;36_2008.ann;35156 35303
2008;15Oct;3;an old washed-up terrorist;Ad Hominem;Name-Calling, Labeling;MCCAIN;15 10 2008;T298;36_2008.ann;34926 34971
2008;15Oct;3;And I think the fact that this has become such an important part of your campaign, Senator McCain, says more about your campaign than it says about me.;Appeal to Authority;Without Evidence;OBAMA;15 10 2008;T325;36_2008.ann;37864 38010
2008;15Oct;3;Well, this has been a tough campaign. It's been a very tough campaign.;Appeal to Emotion;Loaded Language;MCCAIN;15 10 2008;T838;36_2008.ann;25210 25241
2008;15Oct;3;Well, this has been a tough campaign. It's been a very tough campaign.;Appeal to Emotion;Loaded Language;MCCAIN;15 10 2008;T838;36_2008.ann;25210 25241
2008;15Oct;3;That, to me, was so hurtful.;Appeal to Emotion;Loaded Language;MCCAIN;15 10 2008;T225;36_2008.ann;26227 26254
2008;15Oct;3;our hurt feelings;Appeal to Emotion;Loaded Language;OBAMA;15 10 2008;T244;36_2008.ann;27917 28076
2008;15Oct;3;the most dedicated, patriotic men and women that are in this nation and they're great citizens;Appeal to Emotion;Loaded Language;MCCAIN;15 10 2008;T287;36_2008.ann;33002 33194
2008;15Oct;4;Now, Joe, you're rich, congratulations, and you will then fall into the category where you'll have to pay a fine if you don't provide health insurance that Senator Obama mandates, not the kind that you think is best for your family, your children, your employees, but the kind that he mandates for you.;Ad Hominem;Circumstantial Ad Hominem;MCCAIN;15 10 2008;T549;36_2008.ann;61831 62088
2008;15Oct;4;And the last president of the United States that tried that was Herbert Hoover, and we went from a deep recession into a depression.;Appeal to Emotion;Appeal to fear;MCCAIN;15 10 2008;T472;36_2008.ann;54099 54173
2008;15Oct;4;And the last president of the United States that tried that was Herbert Hoover, and we went from a deep recession into a depression.;Appeal to Emotion;Appeal to fear;MCCAIN;15 10 2008;T472;36_2008.ann;54099 54173
2008;15Oct;4;In fact, what, Joe, if you want to do the right thing with your employees and you want to provide them health insurance, we'll give you a 50 percent credit so that you will actually be able to afford it.;Appeal to Authority;False Authority;OBAMA;15 10 2008;T531;36_2008.ann;59666 59765
2008;15Oct;4;In fact, what, Joe, if you want to do the right thing with your employees and you want to provide them health insurance, we'll give you a 50 percent credit so that you will actually be able to afford it.;Appeal to Authority;False Authority;OBAMA;15 10 2008;T531;36_2008.ann;59666 59765
2008;15Oct;4;That, I think, is a mistake and I think that this is a fundamental difference in our campaign and how we would approach health care.;Appeal to Authority;False Authority;OBAMA;15 10 2008;T548;36_2008.ann;61360 61459
2008;15Oct;4;That, I think, is a mistake and I think that this is a fundamental difference in our campaign and how we would approach health care.;Appeal to Authority;False Authority;OBAMA;15 10 2008;T548;36_2008.ann;61360 61459
2008;15Oct;4;Senator Obama doesn't want a free trade agreement with our best ally in the region but wants to sit down across the table without precondition to -- with Hugo Chavez, the guy who has been helping FARC, the terrorist organization.;Appeal to Authority;Without Evidence;MCCAIN;15 10 2008;T470;36_2008.ann;53499 53727
2008;15Oct;4;Last point about Senator McCain's plan is that insurers right now, the main restrictions on what they do is primarily state law and, under Senator McCain's plan, those rules would be stripped away and you would start seeing a lot more insurance companies cherry-picking and excluding people from coverage.;Appeal to Authority;Without Evidence;OBAMA;15 10 2008;T546;36_2008.ann;61068 61325
2008;15Oct;4;Well, it is a terribly painful situation for Americans.;Appeal to Emotion;Flag waving;MCCAIN;15 10 2008;T498;36_2008.ann;56624 56672
2008;15Oct;4;get a leg up;Appeal to Emotion;Loaded Language;OBAMA;15 10 2008;T344;36_2008.ann;40152 40253
2008;15Oct;4;the old-boy network and the cronyism;Appeal to Emotion;Loaded Language;MCCAIN;15 10 2008;T364;36_2008.ann;41995 42226
2008;15Oct;4;this cockamamie idea;Appeal to Emotion;Loaded Language;MCCAIN;15 10 2008;T384;36_2008.ann;44148 44225
2008;15Oct;4;a terribly painful situation;Appeal to Emotion;Loaded Language;MCCAIN;15 10 2008;T498;36_2008.ann;56624 56672
2008;15Oct;4;a terribly painful situation;Appeal to Emotion;Loaded Language;MCCAIN;15 10 2008;T498;36_2008.ann;56624 56672
2008;15Oct;4;a kitty;Appeal to Emotion;Loaded Language;OBAMA;15 10 2008;T525;36_2008.ann;59078 59135
2008;15Oct;5;Senator Obama, as a member of the Illinois State Senate, voted in the Judiciary Committee against a law that would provide immediate medical attention to a child born of a failed abortion. He voted against that.  And then, on the floor of the State Senate, as he did 130 times as a state senator, he voted present.  Then there was another bill before the Senate Judiciary Committee in the state of Illinois not that long ago, where he voted against a ban on partial-birth abortion, one of the late-term abortion, a really -- one of the bad procedures, a terrible. And then, on the floor of the Illinois State Senate, he voted present.;Ad Hominem;Tu quoque;MCCAIN;15 10 2008;T635;36_2008.ann;69723 69969
2008;15Oct;5;Senator Obama, as a member of the Illinois State Senate, voted in the Judiciary Committee against a law that would provide immediate medical attention to a child born of a failed abortion. He voted against that.  And then, on the floor of the State Senate, as he did 130 times as a state senator, he voted present.  Then there was another bill before the Senate Judiciary Committee in the state of Illinois not that long ago, where he voted against a ban on partial-birth abortion, one of the late-term abortion, a really -- one of the bad procedures, a terrible. And then, on the floor of the Illinois State Senate, he voted present.;Ad Hominem;Tu quoque;MCCAIN;15 10 2008;T635;36_2008.ann;69723 69969
2008;15Oct;5;Senator Obama, as a member of the Illinois State Senate, voted in the Judiciary Committee against a law that would provide immediate medical attention to a child born of a failed abortion. He voted against that.  And then, on the floor of the State Senate, as he did 130 times as a state senator, he voted present.  Then there was another bill before the Senate Judiciary Committee in the state of Illinois not that long ago, where he voted against a ban on partial-birth abortion, one of the late-term abortion, a really -- one of the bad procedures, a terrible. And then, on the floor of the Illinois State Senate, he voted present.;Ad Hominem;Tu quoque;MCCAIN;15 10 2008;T635;36_2008.ann;69723 69969
2008;15Oct;5;Senator Obama, as a member of the Illinois State Senate, voted in the Judiciary Committee against a law that would provide immediate medical attention to a child born of a failed abortion. He voted against that.  And then, on the floor of the State Senate, as he did 130 times as a state senator, he voted present.  Then there was another bill before the Senate Judiciary Committee in the state of Illinois not that long ago, where he voted against a ban on partial-birth abortion, one of the late-term abortion, a really -- one of the bad procedures, a terrible. And then, on the floor of the Illinois State Senate, he voted present.;Ad Hominem;Tu quoque;MCCAIN;15 10 2008;T635;36_2008.ann;69723 69969
2008;15Oct;5;Senator Obama, as a member of the Illinois State Senate, voted in the Judiciary Committee against a law that would provide immediate medical attention to a child born of a failed abortion. He voted against that.  And then, on the floor of the State Senate, as he did 130 times as a state senator, he voted present.  Then there was another bill before the Senate Judiciary Committee in the state of Illinois not that long ago, where he voted against a ban on partial-birth abortion, one of the late-term abortion, a really -- one of the bad procedures, a terrible. And then, on the floor of the Illinois State Senate, he voted present.;Ad Hominem;Tu quoque;MCCAIN;15 10 2008;T635;36_2008.ann;69723 69969
2008;15Oct;5;Senator Obama voted against Justice Breyer and Justice Roberts on the grounds that they didn't meet his ideological standards. That's not the way we should judge these nominees.;Appeal to Authority;False Authority;MCCAIN;15 10 2008;T594;36_2008.ann;65878 66003
2008;15Oct;5;Senator Obama voted against Justice Breyer and Justice Roberts on the grounds that they didn't meet his ideological standards. That's not the way we should judge these nominees.;Appeal to Authority;False Authority;MCCAIN;15 10 2008;T594;36_2008.ann;65878 66003
2008;15Oct;5;We have to change the culture of America.;Appeal to Emotion;Flag waving;MCCAIN;15 10 2008;T627;36_2008.ann;69191 69231
2008;15Oct;5;a tragic situation;Appeal to Emotion;Loaded Language;OBAMA;15 10 2008;T654;36_2008.ann;72537 72567
2008;15Oct;5;The D.C. school system is in terrible shape, and it has been for a very long time.;Appeal to Emotion;Loaded Language;OBAMA;15 10 2008;T760;36_2008.ann;83188 83220
2008;15Oct;5;The D.C. school system is in terrible shape, and it has been for a very long time.;Appeal to Emotion;Loaded Language;OBAMA;15 10 2008;T760;36_2008.ann;83188 83220
2008;15Oct;6;All of these things and all the promises and commitments that Senator Obama and I made (inaudible) made to you tonight will base -- will be based on whether you can trust us or not to be careful stewards of your tax dollar, to make sure America is safe and secure and prosperous, to make sure we reform the institutions of government.;Appeal to Authority;Popular Opinion;MCCAIN;15 10 2008;T789;36_2008.ann;85566 85788
2008;15Oct;6;All of these things and all the promises and commitments that Senator Obama and I made (inaudible) made to you tonight will base -- will be based on whether you can trust us or not to be careful stewards of your tax dollar, to make sure America is safe and secure and prosperous, to make sure we reform the institutions of government.;Appeal to Authority;Popular Opinion;MCCAIN;15 10 2008;T789;36_2008.ann;85566 85788
2008;15Oct;6;All of these things and all the promises and commitments that Senator Obama and I made (inaudible) made to you tonight will base -- will be based on whether you can trust us or not to be careful stewards of your tax dollar, to make sure America is safe and secure and prosperous, to make sure we reform the institutions of government.;Appeal to Authority;Popular Opinion;MCCAIN;15 10 2008;T789;36_2008.ann;85566 85788
2008;15Oct;6;America needs a new direction.;Appeal to Emotion;Flag waving;MCCAIN;15 10 2008;T774;36_2008.ann;84857 84886
2008;15Oct;6;I think we all know America is going through tough times right now.;Appeal to Emotion;Flag waving;OBAMA;15 10 2008;T794;36_2008.ann;86447 86505
2008;15Oct;6;a very healthy discussion;Appeal to Emotion;Loaded Language;MCCAIN;15 10 2008;T773;36_2008.ann;84654 84697
2008;15Oct;6;the great honor of my life;Appeal to Emotion;Loaded Language;MCCAIN;15 10 2008;T787;36_2008.ann;86194 86260
2008;15Oct;6;the worst economic crisis;Appeal to Emotion;Loaded Language;OBAMA;15 10 2008;T795;36_2008.ann;86507 86690
2008;15Oct;6;our brighter days;Appeal to Emotion;Loaded Language;OBAMA;15 10 2008;T802;36_2008.ann;87194 87241
2008;15Oct;6;the extraordinary honor;Appeal to Emotion;Loaded Language;OBAMA;15 10 2008;T815;36_2008.ann;87980 88172
2012;16Oct;1;And Governor Romney's says he's got a five-point plan? Governor Romney doesn't have a five-point plan. He has a one-point plan. And that plan is to make sure that folks at the top play by a different set of rules. That's been his philosophy in the private sector, that's been his philosophy as governor, that's been his philosophy as a presidential candidate.;Appeal to Authority;False Authority;OBAMA;16 10 2012;T94;39_2012.ann;9314 9394
2012;16Oct;1;And Governor Romney's says he's got a five-point plan? Governor Romney doesn't have a five-point plan. He has a one-point plan. And that plan is to make sure that folks at the top play by a different set of rules. That's been his philosophy in the private sector, that's been his philosophy as governor, that's been his philosophy as a presidential candidate.;Appeal to Authority;False Authority;OBAMA;16 10 2012;T94;39_2012.ann;9314 9394
2012;16Oct;1;And Governor Romney's says he's got a five-point plan? Governor Romney doesn't have a five-point plan. He has a one-point plan. And that plan is to make sure that folks at the top play by a different set of rules. That's been his philosophy in the private sector, that's been his philosophy as governor, that's been his philosophy as a presidential candidate.;Appeal to Authority;False Authority;OBAMA;16 10 2012;T94;39_2012.ann;9314 9394
2012;16Oct;1;And Governor Romney's says he's got a five-point plan? Governor Romney doesn't have a five-point plan. He has a one-point plan. And that plan is to make sure that folks at the top play by a different set of rules. That's been his philosophy in the private sector, that's been his philosophy as governor, that's been his philosophy as a presidential candidate.;Appeal to Authority;False Authority;OBAMA;16 10 2012;T94;39_2012.ann;9314 9394
2012;16Oct;1;And Governor Romney's says he's got a five-point plan? Governor Romney doesn't have a five-point plan. He has a one-point plan. And that plan is to make sure that folks at the top play by a different set of rules. That's been his philosophy in the private sector, that's been his philosophy as governor, that's been his philosophy as a presidential candidate.;Appeal to Authority;False Authority;OBAMA;16 10 2012;T94;39_2012.ann;9314 9394
2012;16Oct;1;And Governor Romney's says he's got a five-point plan? Governor Romney doesn't have a five-point plan. He has a one-point plan. And that plan is to make sure that folks at the top play by a different set of rules. That's been his philosophy in the private sector, that's been his philosophy as governor, that's been his philosophy as a presidential candidate.;Appeal to Authority;False Authority;OBAMA;16 10 2012;T94;39_2012.ann;9314 9394
2012;16Oct;1;And Governor Romney's says he's got a five-point plan? Governor Romney doesn't have a five-point plan. He has a one-point plan. And that plan is to make sure that folks at the top play by a different set of rules. That's been his philosophy in the private sector, that's been his philosophy as governor, that's been his philosophy as a presidential candidate.;Appeal to Authority;False Authority;OBAMA;16 10 2012;T94;39_2012.ann;9314 9394
2012;16Oct;1;And let's take the money that we've been spending on war over the last decade to rebuild America, roads, bridges schools. We do those things, not only is your future going to be bright but America's future is going to bright as well.;Slippery Slope;Slippery Slope;OBAMA;16 10 2012;T62;39_2012.ann;6450 6566
2012;16Oct;1;And let's take the money that we've been spending on war over the last decade to rebuild America, roads, bridges schools. We do those things, not only is your future going to be bright but America's future is going to bright as well.;Slippery Slope;Slippery Slope;OBAMA;16 10 2012;T62;39_2012.ann;6450 6566
2012;16Oct;1;And let's take the money that we've been spending on war over the last decade to rebuild America, roads, bridges schools. We do those things, not only is your future going to be bright but America's future is going to bright as well.;Slippery Slope;Slippery Slope;OBAMA;16 10 2012;T62;39_2012.ann;6450 6566
2012;16Oct;1;And let's take the money that we've been spending on war over the last decade to rebuild America, roads, bridges schools. We do those things, not only is your future going to be bright but America's future is going to bright as well.;Slippery Slope;Slippery Slope;OBAMA;16 10 2012;T62;39_2012.ann;6450 6566
2012;16Oct;3;such a sketchy deal;Appeal to Emotion;Loaded Language;OBAMA;16 10 2012;T339;39_2012.ann;33922 34003
2012;16Oct;3;I want to get America's economy going again.;Slogans;Slogan;ROMNEY;16 10 2012;T297;39_2012.ann;30926 30969
2012;16Oct;4;"Katherine, I just want to point out that when Governor Romney's campaign was asked about the Lilly Ledbetter bill, whether he supported it? He said, ""I'll get back to you."" And that's not the kind of advocacy that women need in any economy.";Appeal to Authority;False Authority;OBAMA;16 10 2012;T412;39_2012.ann;42710 42807
2012;16Oct;4;"Katherine, I just want to point out that when Governor Romney's campaign was asked about the Lilly Ledbetter bill, whether he supported it? He said, ""I'll get back to you."" And that's not the kind of advocacy that women need in any economy.";Appeal to Authority;False Authority;OBAMA;16 10 2012;T412;39_2012.ann;42710 42807
2012;16Oct;4;"Katherine, I just want to point out that when Governor Romney's campaign was asked about the Lilly Ledbetter bill, whether he supported it? He said, ""I'll get back to you."" And that's not the kind of advocacy that women need in any economy.";Appeal to Authority;False Authority;OBAMA;16 10 2012;T412;39_2012.ann;42710 42807
2012;16Oct;4;This is not just a women's issue, this is a family issue, this is a middle-class issue, and that's why we've got to fight for it.;Appeal to Emotion;Flag waving;OBAMA;16 10 2012;T381;39_2012.ann;38333 38365
2012;16Oct;4;This is not just a women's issue, this is a family issue, this is a middle-class issue, and that's why we've got to fight for it.;Appeal to Emotion;Flag waving;OBAMA;16 10 2012;T381;39_2012.ann;38333 38365
2012;16Oct;4;This is not just a women's issue, this is a family issue, this is a middle-class issue, and that's why we've got to fight for it.;Appeal to Emotion;Flag waving;OBAMA;16 10 2012;T381;39_2012.ann;38333 38365
2012;16Oct;4;This is not just a women's issue, this is a family issue, this is a middle-class issue, and that's why we've got to fight for it.;Appeal to Emotion;Flag waving;OBAMA;16 10 2012;T381;39_2012.ann;38333 38365
2012;16Oct;5;outrageous;Appeal to Emotion;Loaded Language;ROMNEY;16 10 2012;T464;39_2012.ann;47351 47483
2012;16Oct;6;And that's why the plan that I've put forward for manufacturing and education, and reducing our deficit in a sensible way, using the savings from ending wars, to rebuild America and putting people back to work.;Appeal to Emotion;Flag waving;OBAMA;16 10 2012;T519;39_2012.ann;52478 52672
2012;16Oct;6;Five million jobs doesn't even keep up with our population growth. And the only reason the unemployment rate seems a little lower today is because of all the people that have dropped out of the workforce.  The president has tried, but his policies haven't worked.;False Cause;False Cause;ROMNEY;16 10 2012;T557;39_2012.ann;57240 57293
2012;16Oct;6;Five million jobs doesn't even keep up with our population growth. And the only reason the unemployment rate seems a little lower today is because of all the people that have dropped out of the workforce.  The president has tried, but his policies haven't worked.;False Cause;False Cause;ROMNEY;16 10 2012;T557;39_2012.ann;57240 57293
2012;16Oct;6;Five million jobs doesn't even keep up with our population growth. And the only reason the unemployment rate seems a little lower today is because of all the people that have dropped out of the workforce.  The president has tried, but his policies haven't worked.;False Cause;False Cause;ROMNEY;16 10 2012;T557;39_2012.ann;57240 57293
2012;16Oct;6;Five million jobs doesn't even keep up with our population growth. And the only reason the unemployment rate seems a little lower today is because of all the people that have dropped out of the workforce.  The president has tried, but his policies haven't worked.;False Cause;False Cause;ROMNEY;16 10 2012;T557;39_2012.ann;57240 57293
2012;16Oct;7;But first of all, this is a nation of immigrants. We welcome people coming to this country as immigrants.;Appeal to Emotion;Flag waving;ROMNEY;16 10 2012;T593;39_2012.ann;58935 58965
2012;16Oct;8;those terrible things;Appeal to Emotion;Loaded Language;ROMNEY;16 10 2012;T709;39_2012.ann;72498 72553
2012;16Oct;9;You know, just a couple of weeks ago, actually, probably about a month, I saw a mother, who I had met at the bedside of her son, who had been shot in that theater.  And her son had been shot through the head.;Appeal to Emotion;Appeal to fear;OBAMA;16 10 2012;T768;39_2012.ann;79088 79235
2012;16Oct;9;But there were a lot of families who didn't have that good fortune and whose sons or daughters or husbands didn't survive.;Appeal to Emotion;Appeal to pity;OBAMA;16 10 2012;T766;39_2012.ann;79452 79569
2012;16Oct;9;the greatest failure;Appeal to Emotion;Loaded Language;ROMNEY;16 10 2012;T797;39_2012.ann;82597 82724
2012;16Oct;9;the greatest failure;Appeal to Emotion;Loaded Language;ROMNEY;16 10 2012;T797;39_2012.ann;82597 82724
2012;16Oct;10;What I will do as president is make sure it's more attractive to come to America again.;Appeal to Emotion;Flag waving;ROMNEY;16 10 2012;T841;39_2012.ann;88545 88631
2012;16Oct;10;I want to make America the most attractive place in the world for entrepreneurs, for small business, for big business, to invest and grow in America.;Appeal to Emotion;Flag waving;ROMNEY;16 10 2012;T845;39_2012.ann;88939 89087
2012;16Oct;11;I care about 100 percent of the American people. I want 100 percent of the American people to have a bright and prosperous future.;Appeal to Emotion;Flag waving;ROMNEY;16 10 2012;T930;39_2012.ann;96925 97005
2012;16Oct;11;I care about 100 percent of the American people. I want 100 percent of the American people to have a bright and prosperous future.;Appeal to Emotion;Flag waving;ROMNEY;16 10 2012;T930;39_2012.ann;96925 97005
2012;16Oct;11;I care about 100 percent of the American people. I want 100 percent of the American people to have a bright and prosperous future.;Appeal to Emotion;Flag waving;ROMNEY;16 10 2012;T930;39_2012.ann;96925 97005
2012;16Oct;11;the greatest engine of prosperity the world's ever known;Appeal to Emotion;Loaded Language;OBAMA;16 10 2012;T961;39_2012.ann;99194 99295
2012;16Oct;11;If I become president, I'll get America working again.;Slogans;Slogan;ROMNEY;16 10 2012;T936;39_2012.ann;98497 98550
2016;26Sep;1;Donald, I know you live in your own reality, but that is not the facts.;Ad Hominem;Ad Hominem;CLINTON;26 9 2016;T215;41_2016.ann;18452 18480
2016;26Sep;1;Donald, I know you live in your own reality, but that is not the facts.;Ad Hominem;Ad Hominem;CLINTON;26 9 2016;T215;41_2016.ann;18452 18480
2016;26Sep;1;You know, Donald was very fortunate in his life, and that's all to his benefit. He started his business with $14 million, borrowed from his father, and he really believes that the more you help wealthy people, the better off we'll be and that everything will work out from there. I don't buy that.;Ad Hominem;Circumstantial Ad Hominem;CLINTON;26 9 2016;T97;41_2016.ann;7660 7786
2016;26Sep;1;You know, Donald was very fortunate in his life, and that's all to his benefit. He started his business with $14 million, borrowed from his father, and he really believes that the more you help wealthy people, the better off we'll be and that everything will work out from there. I don't buy that.;Ad Hominem;Circumstantial Ad Hominem;CLINTON;26 9 2016;T97;41_2016.ann;7660 7786
2016;26Sep;1;You know, Donald was very fortunate in his life, and that's all to his benefit. He started his business with $14 million, borrowed from his father, and he really believes that the more you help wealthy people, the better off we'll be and that everything will work out from there. I don't buy that.;Ad Hominem;Circumstantial Ad Hominem;CLINTON;26 9 2016;T97;41_2016.ann;7660 7786
2016;26Sep;1;You know, Donald was very fortunate in his life, and that's all to his benefit. He started his business with $14 million, borrowed from his father, and he really believes that the more you help wealthy people, the better off we'll be and that everything will work out from there. I don't buy that.;Ad Hominem;Circumstantial Ad Hominem;CLINTON;26 9 2016;T97;41_2016.ann;7660 7786
2016;26Sep;1;You know, Donald was very fortunate in his life, and that's all to his benefit. He started his business with $14 million, borrowed from his father, and he really believes that the more you help wealthy people, the better off we'll be and that everything will work out from there. I don't buy that.;Ad Hominem;Circumstantial Ad Hominem;CLINTON;26 9 2016;T97;41_2016.ann;7660 7786
2016;26Sep;1;You know, Donald was very fortunate in his life, and that's all to his benefit. He started his business with $14 million, borrowed from his father, and he really believes that the more you help wealthy people, the better off we'll be and that everything will work out from there. I don't buy that.;Ad Hominem;Circumstantial Ad Hominem;CLINTON;26 9 2016;T97;41_2016.ann;7660 7786
2016;26Sep;1;You know, Donald was very fortunate in his life, and that's all to his benefit. He started his business with $14 million, borrowed from his father, and he really believes that the more you help wealthy people, the better off we'll be and that everything will work out from there. I don't buy that.;Ad Hominem;Circumstantial Ad Hominem;CLINTON;26 9 2016;T97;41_2016.ann;7660 7786
2016;26Sep;1;Donald was very fortunate in his life, and that's all to his benefit. He started his business with $14 million, borrowed from his father, and he really believes that the more you help wealthy people, the better off we'll be and that everything will work out from there.I don't buy that.;Ad Hominem;Circumstantial Ad Hominem;CLINTON;26 9 2016;T97;41_2016.ann;7660 7786
2016;26Sep;1;Donald was very fortunate in his life, and that's all to his benefit. He started his business with $14 million, borrowed from his father, and he really believes that the more you help wealthy people, the better off we'll be and that everything will work out from there.I don't buy that.;Ad Hominem;Circumstantial Ad Hominem;CLINTON;26 9 2016;T97;41_2016.ann;7660 7786
2016;26Sep;1;Donald was very fortunate in his life, and that's all to his benefit. He started his business with $14 million, borrowed from his father, and he really believes that the more you help wealthy people, the better off we'll be and that everything will work out from there.I don't buy that.;Ad Hominem;Circumstantial Ad Hominem;CLINTON;26 9 2016;T97;41_2016.ann;7660 7786
2016;26Sep;1;Donald was very fortunate in his life, and that's all to his benefit. He started his business with $14 million, borrowed from his father, and he really believes that the more you help wealthy people, the better off we'll be and that everything will work out from there.I don't buy that.;Ad Hominem;Circumstantial Ad Hominem;CLINTON;26 9 2016;T97;41_2016.ann;7660 7786
2016;26Sep;1;Donald was very fortunate in his life, and that's all to his benefit. He started his business with $14 million, borrowed from his father, and he really believes that the more you help wealthy people, the better off we'll be and that everything will work out from there.I don't buy that.;Ad Hominem;Circumstantial Ad Hominem;CLINTON;26 9 2016;T97;41_2016.ann;7660 7786
2016;26Sep;1;Donald was very fortunate in his life, and that's all to his benefit. He started his business with $14 million, borrowed from his father, and he really believes that the more you help wealthy people, the better off we'll be and that everything will work out from there.I don't buy that.;Ad Hominem;Circumstantial Ad Hominem;CLINTON;26 9 2016;T97;41_2016.ann;7660 7786
2016;26Sep;1;Secretary Clinton and others, politicians, should have been doing this for years, not right now, because of the fact that we've created a movement. They should have been doing this for years.;Ad Hominem;Circumstantial Ad Hominem;TRUMP;26 9 2016;T124;41_2016.ann;10230 10376
2016;26Sep;1;Secretary Clinton and others, politicians, should have been doing this for years, not right now, because of the fact that we've created a movement. They should have been doing this for years.;Ad Hominem;Circumstantial Ad Hominem;TRUMP;26 9 2016;T124;41_2016.ann;10230 10376
2016;26Sep;1;He started his business with $14 million, borrowed from his father, and he really believes that the more you help wealthy people, the better off we'll be and that everything will work out from there.I;Ad Hominem;Circumstantial Ad Hominem;CLINTON;26 9 2016;T97;41_2016.ann;7660 7786
2016;26Sep;1;He started his business with $14 million, borrowed from his father, and he really believes that the more you help wealthy people, the better off we'll be and that everything will work out from there.I;Ad Hominem;Circumstantial Ad Hominem;CLINTON;26 9 2016;T97;41_2016.ann;7660 7786
2016;26Sep;1;He started his business with $14 million, borrowed from his father, and he really believes that the more you help wealthy people, the better off we'll be and that everything will work out from there.I;Ad Hominem;Circumstantial Ad Hominem;CLINTON;26 9 2016;T97;41_2016.ann;7660 7786
2016;26Sep;1;He started his business with $14 million, borrowed from his father, and he really believes that the more you help wealthy people, the better off we'll be and that everything will work out from there.I;Ad Hominem;Circumstantial Ad Hominem;CLINTON;26 9 2016;T97;41_2016.ann;7660 7786
2016;26Sep;1;storm.In fact, Donald was one of the people who rooted for the housing crisis.;Ad Hominem;Circumstantial Ad Hominem;CLINTON;26 9 2016;T142;41_2016.ann;11975 12037
2016;26Sep;1;storm.In fact, Donald was one of the people who rooted for the housing crisis.;Ad Hominem;Circumstantial Ad Hominem;CLINTON;26 9 2016;T142;41_2016.ann;11975 12037
2016;26Sep;1;trumped-up trickle-down;Ad Hominem;Name-Calling, Labeling;CLINTON;26 9 2016;T89;41_2016.ann;7167 7200
2016;26Sep;1;trumped-up trickle-down;Ad Hominem;Name-Calling, Labeling;CLINTON;26 9 2016;T89;41_2016.ann;7167 7200
2016;26Sep;1;needs.Our country's in deep trouble.;Appeal to Emotion;Appeal to fear;TRUMP;26 9 2016;T109;41_2016.ann;8972 9001
2016;26Sep;1;needs.Our country's in deep trouble.;Appeal to Emotion;Appeal to fear;TRUMP;26 9 2016;T109;41_2016.ann;8972 9001
2016;26Sep;1;I don't think General Douglas MacArthur would like that too much.;Appeal to Authority;False Authority;CLINTON;26 9 2016;T256;41_2016.ann;22732 22796
2016;26Sep;1;I don't think General Douglas MacArthur would like that too much.;Appeal to Authority;False Authority;TRUMP;26 9 2016;T256;41_2016.ann;22732 22796
2016;26Sep;1;I don't think General Douglas MacArthur would like that too much.;Appeal to Authority;False Authority;TRUMP;26 9 2016;T256;41_2016.ann;22732 22796
2016;26Sep;1;When you look at what's happening in Mexico, a friend of mine who builds plants said it's the eighth wonder of the world.;Appeal to Authority;Without Evidence;TRUMP;26 9 2016;T56;41_2016.ann;5007 5127
2016;26Sep;1;I've heard from so many of you about the difficult choices you face and the stresses that you're under.;Appeal to Emotion;Appeal to pity;CLINTON;26 9 2016;T41;41_2016.ann;3545 3647
2016;26Sep;1;I've heard from so many of you about the difficult choices you face and the stresses that you're under.;Appeal to Emotion;Appeal to pity;CLINTON;26 9 2016;T41;41_2016.ann;3545 3647
2016;26Sep;1;I want us to invest in you. I want us to invest in your future.;Appeal to Emotion;Flag waving;CLINTON;26 9 2016;T33;41_2016.ann;2918 2952
2016;26Sep;1;I want us to invest in you. I want us to invest in your future.;Appeal to Emotion;Flag waving;CLINTON;26 9 2016;T33;41_2016.ann;2918 2952
2016;26Sep;1;I want us to invest in you. I want us to invest in your future.;Appeal to Emotion;Flag waving;CLINTON;26 9 2016;T33;41_2016.ann;2918 2952
2016;26Sep;1;I've heard from so many of you about the difficult choices you face and the stresses that you're under;Appeal to Emotion;Flag waving;CLINTON;26 9 2016;T41;41_2016.ann;3545 3647
2016;26Sep;1;I've heard from so many of you about the difficult choices you face and the stresses that you're under;Appeal to Emotion;Flag waving;CLINTON;26 9 2016;T41;41_2016.ann;3545 3647
2016;26Sep;1;incomes.I want us to invest in you.;Appeal to Emotion;Flag waving;CLINTON;26 9 2016;T32;41_2016.ann;2890 2916
2016;26Sep;1;incomes.I want us to invest in you.;Appeal to Emotion;Flag waving;CLINTON;26 9 2016;T32;41_2016.ann;2890 2916
2016;26Sep;1;incomes.I want us to invest in you.;Appeal to Emotion;Flag waving;CLINTON;26 9 2016;T32;41_2016.ann;2890 2916
2016;26Sep;1;I want us to invest in your future.;Appeal to Emotion;Flag waving;CLINTON;26 9 2016;T33;41_2016.ann;2918 2952
2016;26Sep;1;a beautiful thing to watch;Appeal to Emotion;Loaded Language;TRUMP;26 9 2016;T74;41_2016.ann;6289 6332
2016;26Sep;1;a beautiful thing to watch;Appeal to Emotion;Loaded Language;TRUMP;26 9 2016;T74;41_2016.ann;6289 6332
2016;26Sep;1;trumped-up trickle-down;Appeal to Emotion;Loaded Language;CLINTON;26 9 2016;T89;41_2016.ann;7167 7200
2016;26Sep;1;a beautiful thing;Appeal to Emotion;Loaded Language;TRUMP;26 9 2016;T502;41_2016.ann;46968 47148
2016;26Sep;1;a very, very sad thing.So;Appeal to Emotion;Loaded Language;TRUMP;26 9 2016;;41_2016.txt;9198 9223
2016;26Sep;1;a very, very sad thing.So;Appeal to Emotion;Loaded Language;TRUMP;26 9 2016;;41_2016.txt;9198 9223
2016;26Sep;1;stolen;Appeal to Emotion;Loaded Language;TRUMP;26 9 2016;T65;41_2016.ann;5718 5768
2016;26Sep;1;tremendously;Appeal to Emotion;Loaded Language;TRUMP;26 9 2016;T73;41_2016.ann;6091 6212
2016;26Sep;1;a beautiful thing to watch.Companies;Appeal to Emotion;Loaded Language;TRUMP;26 9 2016;;41_2016.txt;6309 6345
2016;26Sep;1;a beautiful thing to watch.Companies;Appeal to Emotion;Loaded Language;TRUMP;26 9 2016;;41_2016.txt;6309 6345
2016;26Sep;1;stealing;Appeal to Emotion;Loaded Language;TRUMP;26 9 2016;T80;41_2016.ann;6508 6580
2016;26Sep;1;a very, very sad thing.So;Appeal to Emotion;Loaded Language;TRUMP;26 9 2016;;41_2016.txt;9198 9223
2016;26Sep;1;a very, very sad thing.So;Appeal to Emotion;Loaded Language;TRUMP;26 9 2016;;41_2016.txt;9198 9223
2016;26Sep;1;disaster;Appeal to Emotion;Loaded Language;TRUMP;26 9 2016;T1046;41_2016.ann;69346 69544
2016;26Sep;1;disaster;Appeal to Emotion;Loaded Language;TRUMP;26 9 2016;T1046;41_2016.ann;69346 69544
2016;26Sep;1;disaster;Appeal to Emotion;Loaded Language;TRUMP;26 9 2016;T1046;41_2016.ann;69346 69544
2016;26Sep;1;disaster;Appeal to Emotion;Loaded Language;TRUMP;26 9 2016;T1046;41_2016.ann;69346 69544
2016;26Sep;1;tremendous;Appeal to Emotion;Loaded Language;TRUMP;26 9 2016;T313;42_2016.ann;4758 4946
2016;26Sep;1;They're building some of the biggest plants anywhere in the world, some of the most sophisticated, some of the best plants. With the United States, as he said, not so much.So Ford is leaving.;False Cause;False Cause;TRUMP;26 9 2016;T61;41_2016.ann;5129 5251
2016;26Sep;1;They're building some of the biggest plants anywhere in the world, some of the most sophisticated, some of the best plants. With the United States, as he said, not so much.So Ford is leaving.;False Cause;False Cause;TRUMP;26 9 2016;T61;41_2016.ann;5129 5251
2016;26Sep;1;They're building some of the biggest plants anywhere in the world, some of the most sophisticated, some of the best plants. With the United States, as he said, not so much.So Ford is leaving.;False Cause;False Cause;TRUMP;26 9 2016;T61;41_2016.ann;5129 5251
2016;26Sep;1;debt.The Obama administration, from the time they've come in, is over 230 years' worth of debt, and he's topped it. He's doubled it in a course of almost eight years, seven-and-a-half years, to be semi- exact.So;False Cause;False Cause;TRUMP;26 9 2016;T176;41_2016.ann;14535 14644
2016;26Sep;1;debt.The Obama administration, from the time they've come in, is over 230 years' worth of debt, and he's topped it. He's doubled it in a course of almost eight years, seven-and-a-half years, to be semi- exact.So;False Cause;False Cause;TRUMP;26 9 2016;T176;41_2016.ann;14535 14644
2016;26Sep;1;debt.The Obama administration, from the time they've come in, is over 230 years' worth of debt, and he's topped it. He's doubled it in a course of almost eight years, seven-and-a-half years, to be semi- exact.So;False Cause;False Cause;TRUMP;26 9 2016;T176;41_2016.ann;14535 14644
2016;26Sep;2;beautiful.But we have no leadership. And honestly, that starts with Secretary Clinton.;Ad Hominem;Ad Hominem;TRUMP;26 9 2016;T281;41_2016.ann;25534 25568
2016;26Sep;2;beautiful.But we have no leadership. And honestly, that starts with Secretary Clinton.;Ad Hominem;Ad Hominem;TRUMP;26 9 2016;T281;41_2016.ann;25534 25568
2016;26Sep;2;beautiful.But we have no leadership. And honestly, that starts with Secretary Clinton.;Ad Hominem;Ad Hominem;TRUMP;26 9 2016;T281;41_2016.ann;25534 25568
2016;26Sep;2;Typical politician. All talk, no action.;Ad Hominem;Ad Hominem;TRUMP;26 9 2016;T295;41_2016.ann;27936 27955
2016;26Sep;2;Typical politician. All talk, no action.;Ad Hominem;Ad Hominem;TRUMP;26 9 2016;T295;41_2016.ann;27936 27955
2016;26Sep;2;Typical politician. All talk, no action.;Ad Hominem;Ad Hominem;TRUMP;26 9 2016;T295;41_2016.ann;27936 27955
2016;26Sep;2;First, maybe he's not as rich as he says he is.;Ad Hominem;Ad Hominem;CLINTON;26 9 2016;T337;41_2016.ann;32352 32391
2016;26Sep;2;Second, maybe he's not as charitable as he claims to be.Third;Ad Hominem;Ad Hominem;CLINTON;26 9 2016;T338;41_2016.ann;32401 32448
2016;26Sep;2;the King of Debt;Ad Hominem;Name-Calling, Labeling;CLINTON;26 9 2016;T411;41_2016.ann;38762 38796
2016;26Sep;2;Donald. I've met dishwashers, painters, architects, glass installers, marble installers, drapery installers, like my dad was, who you refused to pay when they finished the work that you asked them to do.We;Appeal to Emotion;Appeal to pity;CLINTON;26 9 2016;T399;41_2016.ann;37573 37767
2016;26Sep;2;Donald. I've met dishwashers, painters, architects, glass installers, marble installers, drapery installers, like my dad was, who you refused to pay when they finished the work that you asked them to do.We;Appeal to Emotion;Appeal to pity;CLINTON;26 9 2016;T399;41_2016.ann;37573 37767
2016;26Sep;2;do.We have an architect in the audience who designed one of your clubhouses at one of your golf courses. It's a beautiful facility. It immediately was put to use. And you wouldn't pay what the man needed to be paid, what he was charging you to do…;Appeal to Emotion;Appeal to pity;CLINTON;26 9 2016;T398;41_2016.ann;37769 37869
2016;26Sep;2;do.We have an architect in the audience who designed one of your clubhouses at one of your golf courses. It's a beautiful facility. It immediately was put to use. And you wouldn't pay what the man needed to be paid, what he was charging you to do…;Appeal to Emotion;Appeal to pity;CLINTON;26 9 2016;T398;41_2016.ann;37769 37869
2016;26Sep;2;do.We have an architect in the audience who designed one of your clubhouses at one of your golf courses. It's a beautiful facility. It immediately was put to use. And you wouldn't pay what the man needed to be paid, what he was charging you to do…;Appeal to Emotion;Appeal to pity;CLINTON;26 9 2016;T398;41_2016.ann;37769 37869
2016;26Sep;2;do.We have an architect in the audience who designed one of your clubhouses at one of your golf courses. It's a beautiful facility. It immediately was put to use. And you wouldn't pay what the man needed to be paid, what he was charging you to do…;Appeal to Emotion;Appeal to pity;CLINTON;26 9 2016;T398;41_2016.ann;37769 37869
2016;26Sep;2;do.We have an architect in the audience who designed one of your clubhouses at one of your golf courses. It's a beautiful facility. It immediately was put to use. And you wouldn't pay what the man needed to be paid, what he was charging you to do…;Appeal to Emotion;Appeal to pity;CLINTON;26 9 2016;T398;41_2016.ann;37769 37869
2016;26Sep;2;tremendous;Appeal to Emotion;Loaded Language;TRUMP;26 9 2016;T313;42_2016.ann;4758 4946
2016;26Sep;2;a tremendous job.I'm;Appeal to Emotion;Loaded Language;TRUMP;26 9 2016;;41_2016.txt;23885 23905
2016;26Sep;2;a tremendous job.I'm;Appeal to Emotion;Loaded Language;TRUMP;26 9 2016;;41_2016.txt;23885 23905
2016;26Sep;2;down.We are in a big, fat, ugly bubble.;Appeal to Emotion;Loaded Language;TRUMP;26 9 2016;T302;41_2016.ann;28420 28453
2016;26Sep;2;down.We are in a big, fat, ugly bubble.;Appeal to Emotion;Loaded Language;TRUMP;26 9 2016;T302;41_2016.ann;28420 28453
2016;26Sep;2;ripped off;Appeal to Emotion;Loaded Language;TRUMP;26 9 2016;T139;43_2016.ann;16367 16482
2016;26Sep;2;disgraceful;Appeal to Emotion;Loaded Language;TRUMP;26 9 2016;T362;41_2016.ann;34745 34800
2016;26Sep;2;mess;Appeal to Emotion;Loaded Language;TRUMP;26 9 2016;T378;41_2016.ann;35766 35974
2016;26Sep;2;mess;Appeal to Emotion;Loaded Language;TRUMP;26 9 2016;T378;41_2016.ann;35766 35974
2016;26Sep;2;tremendous;Appeal to Emotion;Loaded Language;TRUMP;26 9 2016;T313;42_2016.ann;4758 4946
2016;26Sep;2;an unbelievable company;Appeal to Emotion;Loaded Language;TRUMP;26 9 2016;T418;41_2016.ann;39292 39323
2016;26Sep;2;an unbelievable company;Appeal to Emotion;Loaded Language;TRUMP;26 9 2016;T418;41_2016.ann;39292 39323
2016;26Sep;3;he has a long record of engaging in racist behavior.;Ad Hominem;Ad Hominem;CLINTON;26 9 2016;T639;41_2016.ann;59799 59850
2016;26Sep;3;the whole racist birther lie;Ad Hominem;Name-Calling, Labeling;CLINTON;26 9 2016;T633;41_2016.ann;58881 59065
2016;26Sep;3;this racist lie;Ad Hominem;Name-Calling, Labeling;CLINTON;26 9 2016;T635;41_2016.ann;59106 59234
2016;26Sep;3;the birther lie;Ad Hominem;Name-Calling, Labeling;CLINTON;26 9 2016;T641;41_2016.ann;59856 59894
2016;26Sep;3;strongly.I do want to bring up the fact that you were the one that brought up the words super-predator about young black youth.;Ad Hominem;Tu quoque;TRUMP;26 9 2016;T558;41_2016.ann;51974 52091
2016;26Sep;3;strongly.I do want to bring up the fact that you were the one that brought up the words super-predator about young black youth.;Ad Hominem;Tu quoque;TRUMP;26 9 2016;T558;41_2016.ann;51974 52091
2016;26Sep;3;country.I just got today the, as you know, the endorsement of the Fraternal Order of Police, we just—just came in.;Appeal to Authority;Without Evidence;TRUMP;26 9 2016;T456;41_2016.ann;44042 44147
2016;26Sep;3;country.I just got today the, as you know, the endorsement of the Fraternal Order of Police, we just—just came in.;Appeal to Authority;Without Evidence;TRUMP;26 9 2016;T456;41_2016.ann;44042 44147
2016;26Sep;3;We have endorsements from, I think, almost every police group, very—I mean, a large percentage of them in the United States.We;Appeal to Authority;Without Evidence;TRUMP;26 9 2016;T457;41_2016.ann;44149 44272
2016;26Sep;3;We have endorsements from, I think, almost every police group, very—I mean, a large percentage of them in the United States.We;Appeal to Authority;Without Evidence;TRUMP;26 9 2016;T457;41_2016.ann;44149 44272
2016;26Sep;3;I have the endorsement of the NRA, which I'm very proud of.;Appeal to Authority;Without Evidence;TRUMP;26 9 2016;T562;41_2016.ann;51526 51639
2016;26Sep;3;the plague of gun violence;Appeal to Emotion;Loaded Language;CLINTON;26 9 2016;T450;41_2016.ann;43233 43277
2016;26Sep;3;a beautiful thing;Appeal to Emotion;Loaded Language;Unknown;26 9 2016;T502;41_2016.ann;46968 47148
2016;26Sep;3;a tremendous impact;Appeal to Emotion;Loaded Language;TRUMP;26 9 2016;T565;41_2016.ann;53085 53154
2016;26Sep;3;Tremendous beyond belief.;Appeal to Emotion;Loaded Language;TRUMP;26 9 2016;T568;41_2016.ann;52998 53022
2016;26Sep;3;a tremendously successful club;Appeal to Emotion;Loaded Language;TRUMP;26 9 2016;T663;41_2016.ann;62014 62049
2016;26Sep;3;In a place like Chicago, where thousands of people have been killed, thousands over the last number of years, in fact, almost 4,000 have been killed since Barack Obama became president, over—almost 4,000 people in Chicago have been killed.;False Cause;False Cause;TRUMP;26 9 2016;T464;41_2016.ann;44691 44929
2016;26Sep;3;These are people that are bad people that shouldn't be—when you have 3,000 shootings in Chicago from January 1st, when you have 4,000 people killed in Chicago by guns, from the beginning of the presidency of Barack Obama, his hometown, you have to have stop-and-frisk.;False Cause;False Cause;TRUMP;26 9 2016;T489;41_2016.ann;46267 46446
2016;26Sep;3;These are people that are bad people that shouldn't be—when you have 3,000 shootings in Chicago from January 1st, when you have 4,000 people killed in Chicago by guns, from the beginning of the presidency of Barack Obama, his hometown, you have to have stop-and-frisk.;False Cause;False Cause;TRUMP;26 9 2016;T489;41_2016.ann;46267 46446
2016;26Sep;3;These are people that are bad people that shouldn't be—when you have 3,000 shootings in Chicago from January 1st, when you have 4,000 people killed in Chicago by guns, from the beginning of the presidency of Barack Obama, his hometown, you have to have stop-and-frisk.;False Cause;False Cause;TRUMP;26 9 2016;T489;41_2016.ann;46267 46446
2016;26Sep;3;law and order;Slogans;Slogan;TRUMP;26 9 2016;T505;41_2016.ann;47292 47333
2016;26Sep;3;law and order;Slogans;Slogan;TRUMP;26 9 2016;T505;41_2016.ann;47292 47333
2016;26Sep;3;We have to bring back law and order.;Slogans;Slogan;TRUMP;26 9 2016;T463;41_2016.ann;44787 44822
2016;26Sep;3;We have to bring back law and order.Now;Slogans;Slogan;TRUMP;26 9 2016;T463;41_2016.ann;44787 44822
2016;26Sep;3;we need law and order;Slogans;Slogan;TRUMP;26 9 2016;T505;41_2016.ann;47292 47333
2016;26Sep;4;it was actually covered very accurately in the New York Times, which is unusual for the New York Times;Ad Hominem;Ad Hominem;TRUMP;26 9 2016;T787;41_2016.ann;73535 73596
2016;26Sep;4;I also have a much better temperament than she has;Ad Hominem;Ad Hominem;TRUMP;26 9 2016;T837;41_2016.ann;77741 77791
2016;26Sep;4;you were totally out of control;Ad Hominem;Ad Hominem;TRUMP;26 9 2016;T842;41_2016.ann;78186 78329
2016;26Sep;4;you were totally out of control;Ad Hominem;Ad Hominem;TRUMP;26 9 2016;T842;41_2016.ann;78186 78329
2016;26Sep;4;It's lies.;Ad Hominem;Ad Hominem;TRUMP;26 9 2016;T867;41_2016.ann;80669 80678
2016;26Sep;4;I said, there's a person with a temperament that's got a problem.;Ad Hominem;Name-Calling, Labeling;TRUMP;26 9 2016;T843;41_2016.ann;78331 78395
2016;26Sep;4;his cavalier attitude;Ad Hominem;Name-Calling, Labeling;CLINTON;26 9 2016;T870;41_2016.ann;80703 80769
2016;26Sep;4;That's why we're losing—we're losing—we lose on everything.;Appeal to Emotion;Appeal to fear;TRUMP;26 9 2016;T883;41_2016.ann;81926 81947
2016;26Sep;4;have said that Donald is unfit to be the commander- in-chief.;Appeal to Authority;Without Evidence;CLINTON;26 9 2016;T692;41_2016.ann;"64556 64670;64726 64786"
2016;26Sep;4;I do want to say that I was just endorsed—and more are coming next week—it will be over 200 admirals, many of them here—admirals and generals endorsed me to lead this country.;Appeal to Authority;Without Evidence;TRUMP;26 9 2016;T694;41_2016.ann;64989 65163
2016;26Sep;4;it.In addition, I was just endorsed by ICE.;Appeal to Authority;Without Evidence;TRUMP;26 9 2016;T696;41_2016.ann;65104 65130
2016;26Sep;4;it.In addition, I was just endorsed by ICE.;Appeal to Authority;Without Evidence;TRUMP;26 9 2016;T696;41_2016.ann;65104 65130
2016;26Sep;4;I was just endorsed by ICE.;Appeal to Authority;Without Evidence;TRUMP;26 9 2016;T696;41_2016.ann;65104 65130
2016;26Sep;4;mess;Appeal to Emotion;Loaded Language;TRUMP;26 9 2016;T378;41_2016.ann;35766 35974
2016;26Sep;4;mess;Appeal to Emotion;Loaded Language;TRUMP;26 9 2016;T378;41_2016.ann;35766 35974
2016;26Sep;4;disaster;Appeal to Emotion;Loaded Language;TRUMP;26 9 2016;T1046;41_2016.ann;69346 69544
2016;26Sep;4;another one of her disasters;Appeal to Emotion;Loaded Language;TRUMP;26 9 2016;T750;41_2016.ann;69955 69993
2016;26Sep;4;mess;Appeal to Emotion;Loaded Language;TRUMP;26 9 2016;T378;41_2016.ann;35766 35974
2016;26Sep;4;a total mess;Appeal to Emotion;Loaded Language;TRUMP;26 9 2016;T776;41_2016.ann;72495 72541
2016;26Sep;4;beauty;Appeal to Emotion;Loaded Language;TRUMP;26 9 2016;T1104;41_2016.ann;72584 72747
2016;26Sep;4;choking;Appeal to Emotion;Loaded Language;TRUMP;26 9 2016;T1105;41_2016.ann;72749 72783
2016;26Sep;4;disaster;Appeal to Emotion;Loaded Language;TRUMP;26 9 2016;T1046;41_2016.ann;69346 69544
2016;26Sep;4;tremendous;Appeal to Emotion;Loaded Language;TRUMP;26 9 2016;T313;42_2016.ann;4758 4946
2016;26Sep;5;she's got no business ability;Ad Hominem;Ad Hominem;TRUMP;26 9 2016;T948;41_2016.ann;87920 87949
2016;26Sep;5;she doesn't have that;Ad Hominem;Ad Hominem;TRUMP;26 9 2016;T950;41_2016.ann;88043 88064
2016;26Sep;6;She doesn't have the look.;Ad Hominem;Ad Hominem;TRUMP;26 9 2016;T952;41_2016.ann;88548 88573
2016;26Sep;6;She doesn't have the stamina.;Ad Hominem;Ad Hominem;TRUMP;26 9 2016;T951;41_2016.ann;88575 88603
2016;26Sep;6;she doesn't have the stamina.;Ad Hominem;Ad Hominem;TRUMP;26 9 2016;T951;41_2016.ann;88575 88603
2016;26Sep;6;I don't believe she does have the stamina.;Ad Hominem;Ad Hominem;TRUMP;26 9 2016;T959;41_2016.ann;88646 88687
2016;26Sep;6;bad, bad experience;Appeal to Emotion;Loaded Language;TRUMP;26 9 2016;T975;41_2016.ann;89882 89906
2016;26Sep;6;pigs, slobs and dogs;Appeal to Emotion;Loaded Language;CLINTON;26 9 2016;T984;41_2016.ann;90469 90524
2016;26Sep;6;tremendous;Appeal to Emotion;Loaded Language;TRUMP;26 9 2016;T313;42_2016.ann;4758 4946
2016;26Sep;6;I don't believe that Hillary has the stamina.;Ad Hominem;Ad Hominem;TRUMP;26 9 2016;T963;41_2016.ann;89305 89349
2016;26Sep;7;I want to make America great again.;Slogans;Slogan;TRUMP;26 9 2016;T1008;41_2016.ann;93881 93915
2016;09Oct;1;What we all saw and heard on Friday was Donald talking about women, what he thinks about women, what he does to women.;Ad Hominem;Ad Hominem;CLINTON;9 10 2016;T350;42_2016.ann;9150 9267
2016;09Oct;1;We have seen him insult women.;Ad Hominem;Ad Hominem;CLINTON;9 10 2016;T352;42_2016.ann;9412 9490
2016;09Oct;1;We’ve seen him rate women on their appearance, ranking them from one to ten.;Ad Hominem;Ad Hominem;CLINTON;9 10 2016;T353;42_2016.ann;9492 9567
2016;09Oct;1;We’ve seen him embarrass women on TV and on Twitter.;Ad Hominem;Ad Hominem;CLINTON;9 10 2016;T354;42_2016.ann;9569 9621
2016;09Oct;1;We saw him after the first debate spend nearly a week denigrating a former Miss Universe in the harshest, most personal terms.So;Ad Hominem;Ad Hominem;CLINTON;9 10 2016;T355;42_2016.ann;9622 9747
2016;09Oct;1;We saw him after the first debate spend nearly a week denigrating a former Miss Universe in the harshest, most personal terms.So;Ad Hominem;Ad Hominem;CLINTON;9 10 2016;T355;42_2016.ann;9622 9747
2016;09Oct;1;But it’s not only women, and it’s not only this video that raises questions about his fitness to be our president, because he has also targeted immigrants, African-Americans, Latinos, people with disabilities, POWs, Muslims, and so many others.So;Ad Hominem;Ad Hominem;CLINTON;9 10 2016;T359;42_2016.ann;9901 10029
2016;09Oct;1;But it’s not only women, and it’s not only this video that raises questions about his fitness to be our president, because he has also targeted immigrants, African-Americans, Latinos, people with disabilities, POWs, Muslims, and so many others.So;Ad Hominem;Ad Hominem;CLINTON;9 10 2016;T359;42_2016.ann;9901 10029
2016;09Oct;1;But it’s not only women, and it’s not only this video that raises questions about his fitness to be our president, because he has also targeted immigrants, African-Americans, Latinos, people with disabilities, POWs, Muslims, and so many others.So;Ad Hominem;Ad Hominem;CLINTON;9 10 2016;T359;42_2016.ann;9901 10029
2016;09Oct;1;So you can say any way you want to say it, but Bill Clinton was abusive to women.Hillary Clinton attacked those same women and attacked them viciously.;Ad Hominem;Ad Hominem;TRUMP;9 10 2016;T381;42_2016.ann;12998 13078
2016;09Oct;1;So you can say any way you want to say it, but Bill Clinton was abusive to women.Hillary Clinton attacked those same women and attacked them viciously.;Ad Hominem;Ad Hominem;TRUMP;9 10 2016;T381;42_2016.ann;12998 13078
2016;09Oct;1;Donald insulted and attacked them for weeks over their religion.He;Ad Hominem;Ad Hominem;CLINTON;9 10 2016;T389;42_2016.ann;6721 6785
2016;09Oct;1;Donald insulted and attacked them for weeks over their religion.He;Ad Hominem;Ad Hominem;CLINTON;9 10 2016;T389;42_2016.ann;6721 6785
2016;09Oct;1;she’s lying again;Ad Hominem;Ad Hominem;TRUMP;9 10 2016;T414;42_2016.ann;21119 21136
2016;09Oct;1;Mine are words, and his was action. His was what he’s done to women. There’s never been anybody in the history of politics in this nation that’s been so abusive to women.;Ad Hominem;Tu quoque;TRUMP;9 10 2016;T380;42_2016.ann;12895 12995
2016;09Oct;1;Mine are words, and his was action. His was what he’s done to women. There’s never been anybody in the history of politics in this nation that’s been so abusive to women.;Ad Hominem;Tu quoque;TRUMP;9 10 2016;T380;42_2016.ann;12895 12995
2016;09Oct;1;Mine are words, and his was action. His was what he’s done to women. There’s never been anybody in the history of politics in this nation that’s been so abusive to women.;Ad Hominem;Tu quoque;TRUMP;9 10 2016;T380;42_2016.ann;12895 12995
2016;09Oct;1;Well, you owe the president an apology, because as you know very well, your campaign, Sidney Blumenthal—he’s another real winner that you have—and he’s the one that got this started, along with your campaign manager, and they were on television just two weeks ago, she was, saying exactly that. So you really owe him an apology.;Ad Hominem;Tu quoque;TRUMP;9 10 2016;T42;42_2016.ann;7018 7090
2016;09Oct;1;Well, you owe the president an apology, because as you know very well, your campaign, Sidney Blumenthal—he’s another real winner that you have—and he’s the one that got this started, along with your campaign manager, and they were on television just two weeks ago, she was, saying exactly that. So you really owe him an apology.;Ad Hominem;Tu quoque;TRUMP;9 10 2016;T42;42_2016.ann;7018 7090
2016;09Oct;1;Well, you owe the president an apology, because as you know very well, your campaign, Sidney Blumenthal—he’s another real winner that you have—and he’s the one that got this started, along with your campaign manager, and they were on television just two weeks ago, she was, saying exactly that. So you really owe him an apology.;Ad Hominem;Tu quoque;TRUMP;9 10 2016;T42;42_2016.ann;7018 7090
2016;09Oct;1;Just today, policemen was shot, two killed. And this is happening on a weekly basis.;Appeal to Emotion;Appeal to fear;TRUMP;9 10 2016;T320;42_2016.ann;5269 5311
2016;09Oct;1;Just today, policemen was shot, two killed. And this is happening on a weekly basis.;Appeal to Emotion;Appeal to fear;TRUMP;9 10 2016;T320;42_2016.ann;5269 5311
2016;09Oct;1;we have a world where you have ISIS chopping off heads, where you have—and, frankly, drowning people in steel cages, where you have wars and horrible, horrible sights all over, where you have so many bad things happening, this is like medieval times.;Appeal to Emotion;Appeal to fear;TRUMP;9 10 2016;T327;42_2016.ann;6464 6718
2016;09Oct;1;We haven’t seen anything like this, the carnage all over the world.And they look and they see.;Appeal to Emotion;Appeal to fear;TRUMP;9 10 2016;T328;42_2016.ann;6720 6813
2016;09Oct;1;We’re going to defeat ISIS.;Appeal to Emotion;Appeal to fear;TRUMP;9 10 2016;T334;42_2016.ann;7091 7117
2016;09Oct;1;But if I win, I am going to instruct my attorney general to get a special prosecutor to look into your situation, because there has never been so many lies, so much deception.;Appeal to Authority;False Authority;TRUMP;9 10 2016;T396;42_2016.ann;17234 17407
2016;09Oct;1;religion.He never apologized to the distinguished federal judge who was born in Indiana, but Donald said he couldn’t be trusted to be a judge because his parents were, quote, “Mexican.”He never apologized to the reporter that he mimicked and mocked on national television and our children were watching. And he never apologized for the racist lie that President Obama was not born in the United States of America. He owes the president an apology, he owes our country an apology, and he needs to take responsibility for his actions and his words.;Appeal to Emotion;Appeal to pity;CLINTON;9 10 2016;T393;42_2016.ann;15432 15563
2016;09Oct;1;religion.He never apologized to the distinguished federal judge who was born in Indiana, but Donald said he couldn’t be trusted to be a judge because his parents were, quote, “Mexican.”He never apologized to the reporter that he mimicked and mocked on national television and our children were watching. And he never apologized for the racist lie that President Obama was not born in the United States of America. He owes the president an apology, he owes our country an apology, and he needs to take responsibility for his actions and his words.;Appeal to Emotion;Appeal to pity;CLINTON;9 10 2016;T393;42_2016.ann;15432 15563
2016;09Oct;1;religion.He never apologized to the distinguished federal judge who was born in Indiana, but Donald said he couldn’t be trusted to be a judge because his parents were, quote, “Mexican.”He never apologized to the reporter that he mimicked and mocked on national television and our children were watching. And he never apologized for the racist lie that President Obama was not born in the United States of America. He owes the president an apology, he owes our country an apology, and he needs to take responsibility for his actions and his words.;Appeal to Emotion;Appeal to pity;CLINTON;9 10 2016;T393;42_2016.ann;15432 15563
2016;09Oct;1;religion.He never apologized to the distinguished federal judge who was born in Indiana, but Donald said he couldn’t be trusted to be a judge because his parents were, quote, “Mexican.”He never apologized to the reporter that he mimicked and mocked on national television and our children were watching. And he never apologized for the racist lie that President Obama was not born in the United States of America. He owes the president an apology, he owes our country an apology, and he needs to take responsibility for his actions and his words.;Appeal to Emotion;Appeal to pity;CLINTON;9 10 2016;T393;42_2016.ann;15432 15563
2016;09Oct;1;religion.He never apologized to the distinguished federal judge who was born in Indiana, but Donald said he couldn’t be trusted to be a judge because his parents were, quote, “Mexican.”He never apologized to the reporter that he mimicked and mocked on national television and our children were watching. And he never apologized for the racist lie that President Obama was not born in the United States of America. He owes the president an apology, he owes our country an apology, and he needs to take responsibility for his actions and his words.;Appeal to Emotion;Appeal to pity;CLINTON;9 10 2016;T393;42_2016.ann;15432 15563
2016;09Oct;1;Last time at the first debate, we had millions of people fact checking, so I expect we’ll have millions more fact checking, because, you know, it is—it’s just awfully good that someone with the temperament of Donald Trump is not in charge of the law in our country.;Appeal to Emotion;Appeal to pity;CLINTON;9 10 2016;T406;42_2016.ann;18815 19048
2016;09Oct;1;else.If we set those goals and we go together to try to achieve them, there’s nothing in my opinion that America can’t do.;Appeal to Emotion;Flag waving;CLINTON;9 10 2016;T304;42_2016.ann;2637 3198
2016;09Oct;1;I want us to heal our country and bring it together because that’s, I think, the best way for us to get the future that our children and our grandchildren deserve.;Appeal to Emotion;Flag waving;CLINTON;9 10 2016;T307;42_2016.ann;3540 3702
2016;09Oct;1;We’re going to have a strong border. We’re going to bring back law and order.;Appeal to Emotion;Flag waving;TRUMP;9 10 2016;T319;42_2016.ann;5228 5267
2016;09Oct;1;We’re going to have a strong border. We’re going to bring back law and order.;Appeal to Emotion;Flag waving;TRUMP;9 10 2016;T319;42_2016.ann;5228 5267
2016;09Oct;1;I want to do things that haven’t been done, including fixing and making our inner cities better for the African-American citizens that are so great, and for the Latinos, Hispanics, and I look forward to doing it. It’s called make America great again.;Appeal to Emotion;Flag waving;TRUMP;9 10 2016;T325;42_2016.ann;5487 5698
2016;09Oct;1;I want to do things that haven’t been done, including fixing and making our inner cities better for the African-American citizens that are so great, and for the Latinos, Hispanics, and I look forward to doing it. It’s called make America great again.;Appeal to Emotion;Flag waving;TRUMP;9 10 2016;T325;42_2016.ann;5487 5698
2016;09Oct;1;And I will tell you that I’m going to make our country safe.;Appeal to Emotion;Flag waving;TRUMP;9 10 2016;T19;42_2016.ann;3484 3518
2016;09Oct;1;That’s why—to go back to your question—I want to send a message—we all should—to every boy and girl and, indeed, to the entire world that America already is great, but we are great because we are good, and we will respect one another, and we will work with one another, and we will celebrate our diversity.These;Appeal to Emotion;Flag waving;CLINTON;9 10 2016;T362;42_2016.ann;10289 10461
2016;09Oct;1;That’s why—to go back to your question—I want to send a message—we all should—to every boy and girl and, indeed, to the entire world that America already is great, but we are great because we are good, and we will respect one another, and we will work with one another, and we will celebrate our diversity.These;Appeal to Emotion;Flag waving;CLINTON;9 10 2016;T362;42_2016.ann;10289 10461
2016;09Oct;1;I’m going to help the African-Americans. I’m going to help the Latinos, Hispanics.;Appeal to Emotion;Flag waving;TRUMP;9 10 2016;T371;42_2016.ann;11289 11329
2016;09Oct;1;I’m going to help the African-Americans. I’m going to help the Latinos, Hispanics.;Appeal to Emotion;Flag waving;TRUMP;9 10 2016;T371;42_2016.ann;11289 11329
2016;09Oct;1;such foolish things;Appeal to Emotion;Loaded Language;TRUMP;9 10 2016;T4;42_2016.ann;1165 1231
2016;09Oct;1;some horrible things;Appeal to Emotion;Loaded Language;TRUMP;9 10 2016;T311;42_2016.ann;1545 1777
2016;09Oct;1;a terrorist state,;Appeal to Emotion;Loaded Language;TRUMP;9 10 2016;T312;42_2016.ann;1778 2051
2016;09Oct;1;the number one terror state;Appeal to Emotion;Loaded Language;TRUMP;9 10 2016;T312;42_2016.ann;1778 2051
2016;09Oct;1;such tremendous potential;Appeal to Emotion;Loaded Language;TRUMP;9 10 2016;T313;42_2016.ann;4758 4946
2016;09Oct;1;horrible sights all over;Appeal to Emotion;Loaded Language;TRUMP;9 10 2016;T327;42_2016.ann;6464 6718
2016;09Oct;1;this is like medieval times;Appeal to Emotion;Loaded Language;TRUMP;9 10 2016;T327;42_2016.ann;6464 6718
2016;09Oct;1;horrible sights all over;Appeal to Emotion;Loaded Language;TRUMP;9 10 2016;T327;42_2016.ann;6464 6718
2016;09Oct;1;this is like medieval times;Appeal to Emotion;Loaded Language;TRUMP;9 10 2016;T327;42_2016.ann;6464 6718
2016;09Oct;1;I will knock the hell out of ISIS.;Appeal to Emotion;Loaded Language;TRUMP;9 10 2016;T333;42_2016.ann;7056 7089
2016;09Oct;1;tremendous respect;Appeal to Emotion;Loaded Language;TRUMP;9 10 2016;T340;42_2016.ann;3306 3341
2016;09Oct;1;tremendous respect;Appeal to Emotion;Loaded Language;TRUMP;9 10 2016;T340;42_2016.ann;3306 3341
2016;09Oct;1;It’s just words, folks. It’s just words.;Appeal to Emotion;Loaded Language;TRUMP;9 10 2016;T364;42_2016.ann;4595 4617
2016;09Oct;1;It’s just words, folks. It’s just words.;Appeal to Emotion;Loaded Language;TRUMP;9 10 2016;T364;42_2016.ann;4595 4617
2016;09Oct;1;a disaster education-wise, job-wise, safety-wise, in every way possible;Appeal to Emotion;Loaded Language;TRUMP;9 10 2016;T367;42_2016.ann;11074 11246
2016;09Oct;1;a terrible job;Appeal to Emotion;Loaded Language;TRUMP;9 10 2016;T368;42_2016.ann;11367 11418
2016;09Oct;1;When they go low, you go high;Appeal to Emotion;Loaded Language;CLINTON;9 10 2016;T385;42_2016.ann;6457 6584
2016;09Oct;1;the distinguished federal judge;Appeal to Emotion;Loaded Language;CLINTON;9 10 2016;T390;42_2016.ann;15027 15203
2016;09Oct;1;the distinguished federal judge;Appeal to Emotion;Loaded Language;CLINTON;9 10 2016;T390;42_2016.ann;15027 15203
2016;09Oct;1;you acid washed;Appeal to Emotion;Loaded Language;TRUMP;9 10 2016;T394;42_2016.ann;16847 17132
2016;09Oct;1;you acid wash them or bleach them;Appeal to Emotion;Loaded Language;TRUMP;9 10 2016;T400;42_2016.ann;17650 17968
2016;09Oct;1;And it’s a disgrace. And honestly, you ought to be ashamed of yourself.;Appeal to Emotion;Loaded Language;TRUMP;9 10 2016;T402;42_2016.ann;18108 18153
2016;09Oct;1;And it’s a disgrace. And honestly, you ought to be ashamed of yourself.;Appeal to Emotion;Loaded Language;TRUMP;9 10 2016;T402;42_2016.ann;18108 18153
2016;09Oct;1;just awfully good;Appeal to Emotion;Loaded Language;CLINTON;9 10 2016;T406;42_2016.ann;18815 19048
2016;09Oct;1;just awfully good;Appeal to Emotion;Loaded Language;CLINTON;9 10 2016;T406;42_2016.ann;18815 19048
2016;09Oct;1;Because you’d be in jail.;Appeal to Emotion;Loaded Language;TRUMP;9 10 2016;T407;42_2016.ann;7844 7868
2016;09Oct;1;But for you to say that there was nothing wrong with you deleting 39,000 e-mails, again, you should be ashamed of yourself.;Appeal to Emotion;Loaded Language;TRUMP;9 10 2016;T419;42_2016.ann;21933 22055
2016;09Oct;1;“Stronger Together,”;Slogans;Slogan;CLINTON;9 10 2016;T304;42_2016.ann;2637 3198
2016;09Oct;1;make America great again;Slogans;Slogan;TRUMP;9 10 2016;T434;43_2016.ann;41837 41969
2016;09Oct;1;make America great again;Slogans;Slogan;TRUMP;9 10 2016;T434;43_2016.ann;41837 41969
2016;09Oct;1;make America safe again;Slogans;Slogan;TRUMP;9 10 2016;T344;42_2016.ann;8248 8290
2016;09Oct;1;make America great again;Slogans;Slogan;TRUMP;9 10 2016;T434;43_2016.ann;41837 41969
2016;09Oct;1;make America safe again;Slogans;Slogan;TRUMP;9 10 2016;T344;42_2016.ann;8248 8290
2016;09Oct;1;make America wealthy again;Slogans;Slogan;TRUMP;9 10 2016;T345;42_2016.ann;8296 8337
2016;09Oct;2;Bernie Sanders said that Hillary Clinton has very bad judgment.;Ad Hominem;Ad Hominem;TRUMP;9 10 2016;T81;42_2016.ann;13744 13806
2016;09Oct;2;Obamacare is a disaster. You know it. We all know it.;Appeal to Emotion;Loaded Language;TRUMP;9 10 2016;T65;42_2016.ann;12273 12296
2016;09Oct;2;Obamacare is a disaster. You know it. We all know it.;Appeal to Emotion;Loaded Language;TRUMP;9 10 2016;T65;42_2016.ann;12273 12296
2016;09Oct;2;Obamacare is a disaster. You know it. We all know it.;Appeal to Emotion;Loaded Language;TRUMP;9 10 2016;T65;42_2016.ann;12273 12296
2016;09Oct;2;It’s catastrophic;Appeal to Emotion;Loaded Language;TRUMP;9 10 2016;T476;42_2016.ann;4232 4357
2016;09Oct;2;Obamacare is a total disaster.;Appeal to Emotion;Loaded Language;TRUMP;9 10 2016;T479;42_2016.ann;4435 4464
2016;09Oct;2;It is a disastrous plan, and it has to be repealed and replaced.;Appeal to Emotion;Loaded Language;TRUMP;9 10 2016;T69;42_2016.ann;12509 12543
2016;09Oct;2;It is a disastrous plan, and it has to be repealed and replaced.;Appeal to Emotion;Loaded Language;TRUMP;9 10 2016;T69;42_2016.ann;12509 12543
2016;09Oct;3;when Bernie Sanders said she had bad judgment, she has really bad judgment;Ad Hominem;Ad Hominem;TRUMP;9 10 2016;T538;42_2016.ann;8654 8921
2016;09Oct;3;And indeed, you can look at the propaganda on a lot of the terrorist sites, and what Donald Trump says about Muslims is used to recruit fighters, because they want to create a war between us.And;Ad Hominem;Circumstantial Ad Hominem;CLINTON;9 10 2016;T528;42_2016.ann;7211 7390
2016;09Oct;3;She’s got bad judgment, and honestly, so bad that she should never be president of the United States.;Ad Hominem;Circumstantial Ad Hominem;TRUMP;9 10 2016;T545;42_2016.ann;9354 9454
2016;09Oct;3;many criminal illegal aliens;Ad Hominem;Name-Calling, Labeling;TRUMP;9 10 2016;T532;42_2016.ann;19271 19356
2016;09Oct;3;they’re murderers, drug lords, drug problems;Ad Hominem;Name-Calling, Labeling;TRUMP;9 10 2016;T534;42_2016.ann;19446 19505
2016;09Oct;3;They’re murderers and some very bad people.And;Ad Hominem;Name-Calling, Labeling;TRUMP;9 10 2016;T538;42_2016.ann;8654 8921
2016;09Oct;3;many people saw the bombs all over the apartment of the two people that killed 14 and wounded many, many people. Horribly wounded. They’ll never be the same.;Appeal to Emotion;Appeal to pity;TRUMP;9 10 2016;T94;42_2016.ann;16299 16324
2016;09Oct;3;many people saw the bombs all over the apartment of the two people that killed 14 and wounded many, many people. Horribly wounded. They’ll never be the same.;Appeal to Emotion;Appeal to pity;TRUMP;9 10 2016;T94;42_2016.ann;16299 16324
2016;09Oct;3;many people saw the bombs all over the apartment of the two people that killed 14 and wounded many, many people. Horribly wounded. They’ll never be the same.;Appeal to Emotion;Appeal to pity;TRUMP;9 10 2016;T94;42_2016.ann;16299 16324
2016;09Oct;3;And we have to be sure that Muslims come in and report when they see something going on. When they see hatred going on, they have to report it.As;Appeal to Emotion;Flag waving;TRUMP;9 10 2016;T96;42_2016.ann;15994 16077
2016;09Oct;3;And we have to be sure that Muslims come in and report when they see something going on. When they see hatred going on, they have to report it.As;Appeal to Emotion;Flag waving;TRUMP;9 10 2016;T96;42_2016.ann;15994 16077
2016;09Oct;3;Look at that horrible—these are radical Islamic terrorists.And;Appeal to Emotion;Flag waving;TRUMP;9 10 2016;T489;42_2016.ann;1328 1386
2016;09Oct;3;Ali.My vision of America is an America where everyone has a place, if you’re willing to work hard, you do your part, you contribute to the community. That’s what America is. That’s what we want America to be for our children and our grandchildren.It;Appeal to Emotion;Flag waving;CLINTON;9 10 2016;T104;42_2016.ann;16803 16947
2016;09Oct;3;Ali.My vision of America is an America where everyone has a place, if you’re willing to work hard, you do your part, you contribute to the community. That’s what America is. That’s what we want America to be for our children and our grandchildren.It;Appeal to Emotion;Flag waving;CLINTON;9 10 2016;T104;42_2016.ann;16803 16947
2016;09Oct;3;Ali.My vision of America is an America where everyone has a place, if you’re willing to work hard, you do your part, you contribute to the community. That’s what America is. That’s what we want America to be for our children and our grandchildren.It;Appeal to Emotion;Flag waving;CLINTON;9 10 2016;T104;42_2016.ann;16803 16947
2016;09Oct;3;Ali.My vision of America is an America where everyone has a place, if you’re willing to work hard, you do your part, you contribute to the community. That’s what America is. That’s what we want America to be for our children and our grandchildren.It;Appeal to Emotion;Flag waving;CLINTON;9 10 2016;T104;42_2016.ann;16803 16947
2016;09Oct;3;We need American Muslims to be part of our eyes and ears on our front lines.;Appeal to Emotion;Flag waving;CLINTON;9 10 2016;T499;42_2016.ann;2752 2827
2016;09Oct;3;violent jihadist terrorists.We;Appeal to Emotion;Flag waving;CLINTON;9 10 2016;T504;42_2016.ann;3321 3420
2016;09Oct;3;Horribly wounded.;Appeal to Emotion;Loaded Language;TRUMP;9 10 2016;T99;42_2016.ann;16281 16297
2016;09Oct;3;Horribly wounded.;Appeal to Emotion;Loaded Language;TRUMP;9 10 2016;T99;42_2016.ann;16281 16297
2016;09Oct;3;radical Islamic terrorists;Appeal to Emotion;Loaded Language;TRUMP;9 10 2016;T489;42_2016.ann;1328 1386
2016;09Oct;3;radical Islamic terrorists;Appeal to Emotion;Loaded Language;TRUMP;9 10 2016;T489;42_2016.ann;1328 1386
2016;09Oct;3;radical Islamic terrorism.;Appeal to Emotion;Loaded Language;TRUMP;9 10 2016;T491;42_2016.ann;1453 1502
2016;09Oct;3;dark things said about Muslims;Appeal to Emotion;Loaded Language;CLINTON;9 10 2016;T101;42_2016.ann;16550 16632
2016;09Oct;3;the kind of demagogic rhetoric;Appeal to Emotion;Loaded Language;CLINTON;9 10 2016;T498;42_2016.ann;2624 2750
2016;09Oct;3;extreme vetting;Appeal to Emotion;Loaded Language;TRUMP;9 10 2016;T510;42_2016.ann;4350 4462
2016;09Oct;3;the great Trojan horse of all time.We;Appeal to Emotion;Loaded Language;TRUMP;9 10 2016;T110;42_2016.ann;18056 18110
2016;09Oct;3;the great Trojan horse of all time.We;Appeal to Emotion;Loaded Language;TRUMP;9 10 2016;T110;42_2016.ann;18056 18110
2016;09Oct;3;this catastrophic war;Appeal to Emotion;Loaded Language;CLINTON;9 10 2016;T517;42_2016.ann;6375 6479
2016;09Oct;3;great distress;Appeal to Emotion;Loaded Language;CLINTON;9 10 2016;T524;42_2016.ann;6916 7003
2016;09Oct;3;a horrible thing;Appeal to Emotion;Loaded Language;TRUMP;9 10 2016;T547;42_2016.ann;9319 9352
2016;09Oct;4;Look, now she’s blaming—she got caught in a total lie.;Ad Hominem;Ad Hominem;TRUMP;9 10 2016;T131;42_2016.ann;21129 21158
2016;09Oct;4;And she lied.;Ad Hominem;Ad Hominem;TRUMP;9 10 2016;T130;42_2016.ann;21303 21311
2016;09Oct;4;And the reason they blame Russia because they think they’re trying to tarnish me with Russia.;Appeal to Emotion;Appeal to fear;TRUMP;9 10 2016;T566;42_2016.ann;3531 3619
2016;09Oct;4;a great display of presidential leadership.But;Appeal to Emotion;Loaded Language;CLINTON;9 10 2016;T550;42_2016.ann;1241 1309
2016;09Oct;5;he lives in an alternative reality;Ad Hominem;Ad Hominem;CLINTON;9 10 2016;T139;42_2016.ann;22333 22367
2016;09Oct;5;She never changed. And she never will change. She never will change.We;Ad Hominem;Circumstantial Ad Hominem;TRUMP;9 10 2016;T592;42_2016.ann;1279 1300
2016;09Oct;5;She never changed. And she never will change. She never will change.We;Ad Hominem;Circumstantial Ad Hominem;TRUMP;9 10 2016;T592;42_2016.ann;1279 1300
2016;09Oct;5;She never changed. And she never will change. She never will change.We;Ad Hominem;Circumstantial Ad Hominem;TRUMP;9 10 2016;T592;42_2016.ann;1279 1300
2016;09Oct;5;She never changed. And she never will change. She never will change.We;Ad Hominem;Circumstantial Ad Hominem;TRUMP;9 10 2016;T592;42_2016.ann;1279 1300
2016;09Oct;5;Well, why didn’t she change it? Why didn’t you change it when you were a senator? The reason you didn’t is that all your friends take the same advantage that I do. And I do.;Ad Hominem;Tu quoque;TRUMP;9 10 2016;T586;42_2016.ann;748 829
2016;09Oct;5;Well, why didn’t she change it? Why didn’t you change it when you were a senator? The reason you didn’t is that all your friends take the same advantage that I do. And I do.;Ad Hominem;Tu quoque;TRUMP;9 10 2016;T586;42_2016.ann;748 829
2016;09Oct;5;Well, why didn’t she change it? Why didn’t you change it when you were a senator? The reason you didn’t is that all your friends take the same advantage that I do. And I do.;Ad Hominem;Tu quoque;TRUMP;9 10 2016;T586;42_2016.ann;748 829
2016;09Oct;5;Well, why didn’t she change it? Why didn’t you change it when you were a senator? The reason you didn’t is that all your friends take the same advantage that I do. And I do.;Ad Hominem;Tu quoque;TRUMP;9 10 2016;T586;42_2016.ann;748 829
2016;09Oct;5;After 9/11, I went to work with Republican mayor, governor and president to rebuild New York and to get health care for our first responders who were suffering because they had run toward danger and gotten sickened by it.;Appeal to Emotion;Appeal to fear;CLINTON;9 10 2016;T646;42_2016.ann;9121 9341
2016;09Oct;5;And it is sort of amusing to hear somebody who hasn’t paid federal income taxes in maybe 20 years talking about what he’s going to do.But;Appeal to Emotion;Appeal to pity;CLINTON;9 10 2016;T140;42_2016.ann;22373 22502
2016;09Oct;5;And I think it’s been unfortunate, but it’s happened, that since the Great Recession, the gains have all gone to the top.;Appeal to Emotion;Appeal to pity;CLINTON;9 10 2016;T624;42_2016.ann;4451 4567
2016;09Oct;5;And what that’s going to do is a disaster for the country.;Appeal to Emotion;Flag waving;TRUMP;9 10 2016;T601;42_2016.ann;1959 2007
2016;09Oct;5;million.We have to make up for lost times, because I want to invest in you. I want to invest in hard-working families.;Appeal to Emotion;Flag waving;CLINTON;9 10 2016;T623;42_2016.ann;4404 4445
2016;09Oct;5;million.We have to make up for lost times, because I want to invest in you. I want to invest in hard-working families.;Appeal to Emotion;Flag waving;CLINTON;9 10 2016;T623;42_2016.ann;4404 4445
2016;09Oct;5;a national catastrophe;Appeal to Emotion;Loaded Language;TRUMP;9 10 2016;T606;42_2016.ann;2193 2258
2016;09Oct;5;a wonderful charge;Appeal to Emotion;Loaded Language;TRUMP;9 10 2016;T152;42_2016.ann;24022 24049
2016;09Oct;5;Because she has been a disaster as a senator. A disaster.;Appeal to Emotion;Loaded Language;TRUMP;9 10 2016;T176;42_2016.ann;26289 26325
2016;09Oct;5;so.Eight million kids every year have health insurance, because when I was first lady I worked with Democrats and Republicans to create the Children’s Health Insurance Program.;False Cause;False Cause;CLINTON;9 10 2016;T644;42_2016.ann;8821 8994
2016;09Oct;5;Hundreds of thousands of kids now have a chance to be adopted because I worked to change our adoption and foster care system.;False Cause;False Cause;CLINTON;9 10 2016;T645;42_2016.ann;8995 9119
2016;09Oct;6;And every day that goes by, we see the results of the regime by Assad in partnership with the Iranians on the ground, the Russians in the air, bombarding places, in particular Aleppo, where there are hundreds of thousands of people, probably about 250,000 still left.;Appeal to Emotion;Appeal to fear;CLINTON;9 10 2016;T178;42_2016.ann;26703 26965
2016;09Oct;6;We are old. We’re tired. We’re exhausted in terms of nuclear.;Appeal to Emotion;Appeal to fear;TRUMP;9 10 2016;T678;42_2016.ann;3607 3642
2016;09Oct;6;We are old. We’re tired. We’re exhausted in terms of nuclear.;Appeal to Emotion;Appeal to fear;TRUMP;9 10 2016;T678;42_2016.ann;3607 3642
2016;09Oct;6;We are old. We’re tired. We’re exhausted in terms of nuclear.;Appeal to Emotion;Appeal to fear;TRUMP;9 10 2016;T678;42_2016.ann;3607 3642
2016;09Oct;6;And we have—look, I have 200 generals and admirals who endorsed me. I have 21 Congressional Medal of Honor recipients who endorsed me. We talk about it all the time.;Appeal to Authority;False Authority;TRUMP;9 10 2016;T212;42_2016.ann;29805 29870
2016;09Oct;6;And we have—look, I have 200 generals and admirals who endorsed me. I have 21 Congressional Medal of Honor recipients who endorsed me. We talk about it all the time.;Appeal to Authority;False Authority;TRUMP;9 10 2016;T212;42_2016.ann;29805 29870
2016;09Oct;6;And we have—look, I have 200 generals and admirals who endorsed me. I have 21 Congressional Medal of Honor recipients who endorsed me. We talk about it all the time.;Appeal to Authority;False Authority;TRUMP;9 10 2016;T212;42_2016.ann;29805 29870
2016;09Oct;6;Why can’t they do it quietly? Why can’t they do the attack, make it a sneak attack, and after the attack is made, inform the American public that we’ve knocked out the leaders, we’ve had a tremendous success?;Appeal to Emotion;Appeal to pity;TRUMP;9 10 2016;T202;42_2016.ann;29148 29325
2016;09Oct;6;Why can’t they do it quietly? Why can’t they do the attack, make it a sneak attack, and after the attack is made, inform the American public that we’ve knocked out the leaders, we’ve had a tremendous success?;Appeal to Emotion;Appeal to pity;TRUMP;9 10 2016;T202;42_2016.ann;29148 29325
2016;09Oct;6;I think Aleppo is a disaster, humanitarian-wise.;Appeal to Emotion;Flag waving;TRUMP;9 10 2016;T194;42_2016.ann;28564 28611
2016;09Oct;6;It was a disaster.;Appeal to Emotion;Loaded Language;TRUMP;9 10 2016;T689;42_2016.ann;4143 4160
2016;09Oct;6;the stupidity of our foreign policy;Appeal to Emotion;Loaded Language;TRUMP;9 10 2016;T196;42_2016.ann;28792 28874
2016;09Oct;6;How stupid is our country?;Appeal to Emotion;Loaded Language;TRUMP;9 10 2016;T703;42_2016.ann;29464 29490
2016;09Oct;6;General George Patton, General Douglas MacArthur are spinning in their grave at the stupidity of what we’re doing in the Middle East.;Appeal to Emotion;Loaded Language;TRUMP;9 10 2016;T705;42_2016.ann;8459 8591
2016;09Oct;6;a very serious mistake;Appeal to Emotion;Loaded Language;CLINTON;9 10 2016;T217;42_2016.ann;30905 30949
2016;09Oct;7;And she lied. But she’s lied about a lot of things.I;Ad Hominem;Ad Hominem;TRUMP;9 10 2016;T722;42_2016.ann;1058 1090
2016;09Oct;7;And she lied. But she’s lied about a lot of things.I;Ad Hominem;Ad Hominem;TRUMP;9 10 2016;T722;42_2016.ann;1058 1090
2016;09Oct;7;And she lied. But she’s lied about a lot of things.I;Ad Hominem;Ad Hominem;TRUMP;9 10 2016;T722;42_2016.ann;1058 1090
2016;09Oct;7;And she lied. But she’s lied about a lot of things.I;Ad Hominem;Ad Hominem;TRUMP;9 10 2016;T722;42_2016.ann;1058 1090
2016;09Oct;7;And she lied. But she’s lied about a lot of things.I;Ad Hominem;Ad Hominem;TRUMP;9 10 2016;T722;42_2016.ann;1058 1090
2016;09Oct;7;We have a divided nation, because people like her—and believe me, she has tremendous hate in her heart.;Ad Hominem;Ad Hominem;TRUMP;9 10 2016;T770;42_2016.ann;6404 6480
2016;09Oct;7;We have a divided nation, because people like her—and believe me, she has tremendous hate in her heart.;Ad Hominem;Ad Hominem;TRUMP;9 10 2016;T770;42_2016.ann;6404 6480
2016;09Oct;7;She’s got tremendous—she’s got tremendous hatred.;Ad Hominem;Ad Hominem;TRUMP;9 10 2016;T260;42_2016.ann;34995 35022
2016;09Oct;7;It was just take a look at the person that she built up to be this wonderful Girl Scout who was no Girl Scout.;Ad Hominem;Ad Hominem;TRUMP;9 10 2016;T267;42_2016.ann;35607 35716
2016;09Oct;7;And the only one she talked to was Sidney Blumenthal, who’s her friend and not a good guy, by the way.;Ad Hominem;Ad Hominem;TRUMP;9 10 2016;T269;42_2016.ann;36479 36576
2016;09Oct;7;It’s with him and with the hateful and divisive campaign that he has run, and the inciting of violence at his rallies, and the very brutal kinds of comments about not just women, but all Americans, all kinds of Americans.And what he has said about African-Americans and Latinos, about Muslims, about POWs, about immigrants, about people with disabilities, he’s never apologized for.;Appeal to Emotion;Flag waving;CLINTON;9 10 2016;T257;42_2016.ann;34164 34384
2016;09Oct;7;It’s with him and with the hateful and divisive campaign that he has run, and the inciting of violence at his rallies, and the very brutal kinds of comments about not just women, but all Americans, all kinds of Americans.And what he has said about African-Americans and Latinos, about Muslims, about POWs, about immigrants, about people with disabilities, he’s never apologized for.;Appeal to Emotion;Flag waving;CLINTON;9 10 2016;T257;42_2016.ann;34164 34384
2016;09Oct;7;Absolutely. I mean, she calls our people deplorable, a large group, and irredeemable.;Appeal to Emotion;Loaded Language;TRUMP;9 10 2016;T241;42_2016.ann;32270 32334
2016;09Oct;7;Absolutely. I mean, she calls our people deplorable, a large group, and irredeemable.;Appeal to Emotion;Loaded Language;TRUMP;9 10 2016;T241;42_2016.ann;32270 32334
2016;09Oct;7;the greatest disaster trade deal;Appeal to Emotion;Loaded Language;TRUMP;9 10 2016;T713;42_2016.ann;519 628
2016;09Oct;7;It is a disaster.;Appeal to Emotion;Loaded Language;TRUMP;9 10 2016;;41_2016.txt;69296 69312
2016;09Oct;7;The education is a disaster. Jobs are essentially nonexistent.I;Appeal to Emotion;Loaded Language;TRUMP;9 10 2016;T729;42_2016.ann;1605 1637
2016;09Oct;7;The education is a disaster. Jobs are essentially nonexistent.I;Appeal to Emotion;Loaded Language;TRUMP;9 10 2016;T729;42_2016.ann;1605 1637
2016;09Oct;7;the hateful and divisive campaign;Appeal to Emotion;Loaded Language;CLINTON;9 10 2016;T257;42_2016.ann;34164 34384
2016;09Oct;7;the inciting of violence;Appeal to Emotion;Loaded Language;CLINTON;9 10 2016;T257;42_2016.ann;34164 34384
2016;09Oct;7;the very brutal kinds of comments;Appeal to Emotion;Loaded Language;CLINTON;9 10 2016;T257;42_2016.ann;34164 34384
2016;09Oct;7;the hateful and divisive campaign;Appeal to Emotion;Loaded Language;CLINTON;9 10 2016;T257;42_2016.ann;34164 34384
2016;09Oct;7;the inciting of violence;Appeal to Emotion;Loaded Language;CLINTON;9 10 2016;T257;42_2016.ann;34164 34384
2016;09Oct;7;the very brutal kinds of comments;Appeal to Emotion;Loaded Language;CLINTON;9 10 2016;T257;42_2016.ann;34164 34384
2016;09Oct;7;It is—our country has the slowest growth and jobs are a disaster.;Appeal to Emotion;Loaded Language;TRUMP;9 10 2016;T778;42_2016.ann;37893 37951
2016;09Oct;7;But it’s in part because those of us who have had the great privilege of seeing this job up close and know how difficult it is, and it’s not just because I watched my husband take a $300 billion deficit and turn it into a $200 billion surplus, and 23 million new jobs were created, and incomes went up for everybody. Everybody. African-American incomes went up 33 percent.And it’s not just because I worked with George W.;False Cause;False Cause;CLINTON;9 10 2016;T279;42_2016.ann;37043 37226
2016;09Oct;7;But it’s in part because those of us who have had the great privilege of seeing this job up close and know how difficult it is, and it’s not just because I watched my husband take a $300 billion deficit and turn it into a $200 billion surplus, and 23 million new jobs were created, and incomes went up for everybody. Everybody. African-American incomes went up 33 percent.And it’s not just because I worked with George W.;False Cause;False Cause;CLINTON;9 10 2016;T279;42_2016.ann;37043 37226
2016;09Oct;7;But it’s in part because those of us who have had the great privilege of seeing this job up close and know how difficult it is, and it’s not just because I watched my husband take a $300 billion deficit and turn it into a $200 billion surplus, and 23 million new jobs were created, and incomes went up for everybody. Everybody. African-American incomes went up 33 percent.And it’s not just because I worked with George W.;False Cause;False Cause;CLINTON;9 10 2016;T279;42_2016.ann;37043 37226
2016;09Oct;7;But it’s in part because those of us who have had the great privilege of seeing this job up close and know how difficult it is, and it’s not just because I watched my husband take a $300 billion deficit and turn it into a $200 billion surplus, and 23 million new jobs were created, and incomes went up for everybody. Everybody. African-American incomes went up 33 percent.And it’s not just because I worked with George W.;False Cause;False Cause;CLINTON;9 10 2016;T279;42_2016.ann;37043 37226
2016;09Oct;8;so.I ask Hillary, why doesn’t—she made $250 million by being in office. She used the power of her office to make a lot of money. Why isn’t she funding, not for $100 million, but why don’t you put $10 million or $20 million or $25 million or $30 million into your own campaign?;Appeal to Authority;Without Evidence;TRUMP;9 10 2016;T798;42_2016.ann;3890 4015
2016;09Oct;8;so.I ask Hillary, why doesn’t—she made $250 million by being in office. She used the power of her office to make a lot of money. Why isn’t she funding, not for $100 million, but why don’t you put $10 million or $20 million or $25 million or $30 million into your own campaign?;Appeal to Authority;Without Evidence;TRUMP;9 10 2016;T798;42_2016.ann;3890 4015
2016;09Oct;8;a terrible mistake;Appeal to Emotion;Loaded Language;CLINTON;9 10 2016;T786;42_2016.ann;1712 1780
2016;09Oct;9;It’s a disgrace.;Appeal to Emotion;Loaded Language;TRUMP;9 10 2016;T401;42_2016.ann;18087 18102
2016;09Oct;9;It’s an absolute disgrace.;Appeal to Emotion;Loaded Language;TRUMP;9 10 2016;T832;42_2016.ann;40351 40376
2016;19Oct;1;I feel strongly that the Supreme Court needs to stand on the side of the American people, not on the side of the powerful corporations and the wealthy.;Appeal to Authority;Popular Opinion;CLINTON;19 10 2016;;full_debates_19_10_2016;2142 2293
2016;19Oct;1;I feel strongly that the Supreme Court needs to stand on the side of the American people, not on the side of the powerful corporations and the wealthy.;Appeal to Authority;Popular Opinion;CLINTON;19 10 2016;;full_debates_19_10_2016;2142 2293
2016;19Oct;1;I feel strongly that the Supreme Court needs to stand on the side of the American people, not on the side of the powerful corporations and the wealthy.;Appeal to Authority;Popular Opinion;CLINTON;19 10 2016;;full_debates_19_10_2016;2142 2293
2016;19Oct;1;And I feel strongly that the Supreme Court needs to stand on the side of the American people, not on the side of the powerful corporations and the wealthy.;Appeal to Authority;Popular Opinion;CLINTON;19 10 2016;;full_debates_19_10_2016;2138 2293
2016;19Oct;1;And I feel strongly that the Supreme Court needs to stand on the side of the American people, not on the side of the powerful corporations and the wealthy.;Appeal to Authority;Popular Opinion;CLINTON;19 10 2016;;full_debates_19_10_2016;2138 2293
2016;19Oct;1;And I feel strongly that the Supreme Court needs to stand on the side of the American people, not on the side of the powerful corporations and the wealthy.;Appeal to Authority;Popular Opinion;CLINTON;19 10 2016;;full_debates_19_10_2016;2138 2293
2016;19Oct;1;Our country is so, so—it's just so imperative that we have the right justices.;Appeal to Emotion;Loaded Language;WALLACE;19 10 2016;;full_debates_19_10_2016;3931 4009
2016;19Oct;1;some very, very inappropriate statements;Appeal to Emotion;Loaded Language;TRUMP;19 10 2016;;full_debates_19_10_2016;4066 4106
2016;19Oct;1;many, many millions of people;Appeal to Emotion;Loaded Language;TRUMP;19 10 2016;;41_2016.txt;8813 8842
2016;19Oct;1;But I feel that it's absolutely important that we uphold, because of the fact that it is under such trauma.;Appeal to Emotion;Loaded Language;TRUMP;19 10 2016;T238;42_2016.ann;32250 32260
2016;19Oct;1;And I believe that's very, very important.;Appeal to Emotion;Loaded Language;TRUMP;19 10 2016;;full_debates_19_10_2016;5160 5202
2016;19Oct;1;such trauma;Appeal to Emotion;Loaded Language;TRUMP;19 10 2016;;41_2016.txt;1538 1549
2016;19Oct;1;a tremendous number;Appeal to Emotion;Loaded Language;TRUMP;19 10 2016;;41_2016.txt;20492 20511
2016;19Oct;1;such trauma;Appeal to Emotion;Loaded Language;TRUMP;19 10 2016;;41_2016.txt;1538 1549
2016;19Oct;1;very, very important;Appeal to Emotion;Loaded Language;TRUMP;19 10 2016;;41_2016.txt;69010 69030
2016;19Oct;2;And, you know, look, I understand that Donald's been strongly supported by the NRA .  The gun lobby's on his side .  They're running millions of dollars of ads against me .;Ad Hominem;Circumstantial Ad Hominem;WALLACE;19 10 2016;T20;43_2016.ann;3496 3549
2016;19Oct;2;And people that believe in the Second Amendment and believe in it very strongly were very upset with what she had to say .;Appeal to Authority;Popular Opinion;TRUMP;19 10 2016;T14;43_2016.ann;2969 3085
2016;19Oct;2;And people that believe in the Second Amendment and believe in it very strongly were very upset with what she had to say .;Appeal to Authority;Popular Opinion;TRUMP;19 10 2016;T14;43_2016.ann;2969 3085
2016;19Oct;2;And people that believe in the Second Amendment and believe in it very strongly were very upset with what she had to say .;Appeal to Authority;Popular Opinion;CLINTON;19 10 2016;T14;43_2016.ann;2969 3085
2016;19Oct;2;But I also believe that there can be and must be reasonable regulation .;Appeal to Emotion;Loaded Language;CLINTON;19 10 2016;;full_debates_19_10_2016;6300 6372
2016;19Oct;2;But I also believe that there can be and must be reasonable regulation .;Appeal to Emotion;Loaded Language;CLINTON;19 10 2016;;full_debates_19_10_2016;6300 6372
2016;19Oct;2;Well, the D . C .  vs .  Heller decision was very strongly—and she was extremely angry about it .;Appeal to Emotion;Loaded Language;TRUMP;19 10 2016;T479;43_2016.ann;2752 2784
2016;19Oct;2;Well, the D . C .  vs .  Heller decision was very strongly—and she was extremely angry about it .;Appeal to Emotion;Loaded Language;TRUMP;19 10 2016;T479;43_2016.ann;2752 2784
2016;19Oct;2;Well, the D . C .  vs .  Heller decision was very strongly—and she was extremely angry about it .;Appeal to Emotion;Loaded Language;TRUMP;19 10 2016;T479;43_2016.ann;2752 2784
2016;19Oct;2;I mean, she was very, very angry when upheld .;Appeal to Emotion;Loaded Language;TRUMP;19 10 2016;T12;43_2016.ann;2805 2841
2016;19Oct;2;But Hillary was extremely upset, extremely angry .;Appeal to Emotion;Loaded Language;TRUMP;19 10 2016;T13;43_2016.ann;2919 2963
2016;19Oct;2;But Hillary was extremely upset, extremely angry .;Appeal to Emotion;Loaded Language;TRUMP;19 10 2016;T13;43_2016.ann;2919 2963
2016;19Oct;2;We are going to appoint justices that will feel very strongly about the Second Amendment, that will not do damage to the Second Amendment .;Appeal to Emotion;Loaded Language;TRUMP;19 10 2016;;full_debates_19_10_2016;9990 10129
2016;19Oct;3;I have met with women who toward the end of their pregnancy get the worst news one could get, that their health is in jeopardy if they continue to carry to term or that something terrible has happened or just been discovered about the pregnancy .;Appeal to Emotion;Appeal to pity;CLINTON;19 10 2016;;full_debates_19_10_2016;13206 13451
2016;19Oct;3;I have met with women who toward the end of their pregnancy get the worst news one could get, that their health is in jeopardy if they continue to carry to term or that something terrible has happened or just been discovered about the pregnancy .;Appeal to Emotion;Appeal to pity;CLINTON;19 10 2016;;full_debates_19_10_2016;13206 13451
2016;19Oct;3;I have met with women who toward the end of their pregnancy get the worst news one could get, that their health is in jeopardy if they continue to carry to term or that something terrible has happened or just been discovered about the pregnancy .;Appeal to Emotion;Appeal to pity;WALLACE;19 10 2016;;full_debates_19_10_2016;13206 13451
2016;19Oct;3;I will defend Planned Parenthood .  I will defend Roe v .  Wade, and I will defend women's rights to make their own health care decisions .;Appeal to Emotion;Flag waving;TRUMP;19 10 2016;;full_debates_19_10_2016;12119 12253
2016;19Oct;3;I will defend Planned Parenthood .  I will defend Roe v .  Wade, and I will defend women's rights to make their own health care decisions .;Appeal to Emotion;Flag waving;TRUMP;19 10 2016;;full_debates_19_10_2016;12119 12253
2016;19Oct;3;Well, I strongly support Roe v .  Wade, which guarantees a constitutional right to a woman to make the most intimate, most difficult, in many cases, decisions about her health care that one can imagine .;Appeal to Emotion;Loaded Language;TRUMP;19 10 2016;T32;43_2016.ann;5618 5779
2016;19Oct;3;Well, I strongly support Roe v .  Wade, which guarantees a constitutional right to a woman to make the most intimate, most difficult, in many cases, decisions about her health care that one can imagine .;Appeal to Emotion;Loaded Language;TRUMP;19 10 2016;T32;43_2016.ann;5618 5779
2016;19Oct;3;So many states are putting very stringent regulations on women that block them from exercising that choice to the extent that they are defunding Planned Parenthood, which, of course, provides all kinds of cancer screenings and other benefits for women in our country .;Appeal to Emotion;Loaded Language;TRUMP;19 10 2016;;full_debates_19_10_2016;11711 11978
2016;19Oct;3;So many states are putting very stringent regulations on women that block them from exercising that choice to the extent that they are defunding Planned Parenthood, which, of course, provides all kinds of cancer screenings and other benefits for women in our country .;Appeal to Emotion;Loaded Language;TRUMP;19 10 2016;;full_debates_19_10_2016;11711 11978
2016;19Oct;3;So many states are putting very stringent regulations on women that block them from exercising that choice to the extent that they are defunding Planned Parenthood, which, of course, provides all kinds of cancer screenings and other benefits for women in our country .;Appeal to Emotion;Loaded Language;TRUMP;19 10 2016;;full_debates_19_10_2016;11711 11978
2016;19Oct;3;And I could just not be more opposed to that kind of thinking .;Appeal to Emotion;Loaded Language;CLINTON;19 10 2016;T36;43_2016.ann;6106 6163
2016;19Oct;3;And I could just not be more opposed to that kind of thinking .;Appeal to Emotion;Loaded Language;CLINTON;19 10 2016;T36;43_2016.ann;6106 6163
2016;19Oct;3;The kinds of cases that fall at the end of pregnancy are often the most heartbreaking, painful decisions for families to make .;Appeal to Emotion;Loaded Language;CLINTON;19 10 2016;;full_debates_19_10_2016;13075 13202
2016;19Oct;3;The kinds of cases that fall at the end of pregnancy are often the most heartbreaking, painful decisions for families to make .;Appeal to Emotion;Loaded Language;CLINTON;19 10 2016;;full_debates_19_10_2016;13075 13202
2016;19Oct;3;The kinds of cases that fall at the end of pregnancy are often the most heartbreaking, painful decisions for families to make .;Appeal to Emotion;Loaded Language;CLINTON;19 10 2016;;full_debates_19_10_2016;13075 13202
2016;19Oct;3;Well, I think it's terrible .;Appeal to Emotion;Loaded Language;TRUMP;19 10 2016;T41;43_2016.ann;6829 6850
2016;19Oct;3;And that's not acceptable .;Appeal to Emotion;Loaded Language;CLINTON;19 10 2016;;full_debates_19_10_2016;14250 14277
2016;19Oct;3;And using that kind of scare rhetoric is just terribly unfortunate .;Appeal to Emotion;Loaded Language;CLINTON;19 10 2016;T48;43_2016.ann;7077 7139
2016;19Oct;3;If you go with what Hillary is saying, in the ninth month, you can take the baby and rip the baby out of the womb of the mother just prior to the birth of the baby .;Slippery Slope;Slippery Slope;TRUMP;19 10 2016;T42;43_2016.ann;6852 7015
2016;19Oct;3;If you go with what Hillary is saying, in the ninth month, you can take the baby and rip the baby out of the womb of the mother just prior to the birth of the baby .;Slippery Slope;Slippery Slope;TRUMP;19 10 2016;T42;43_2016.ann;6852 7015
2016;19Oct;3;If you go with what Hillary is saying, in the ninth month, you can take the baby and rip the baby out of the womb of the mother just prior to the birth of the baby .;Slippery Slope;Slippery Slope;TRUMP;19 10 2016;T42;43_2016.ann;6852 7015
2016;19Oct;3;If you go with what Hillary is saying, in the ninth month, you can take the baby and rip the baby out of the womb of the mother just prior to the birth of the baby .;Slippery Slope;Slippery Slope;TRUMP;19 10 2016;T42;43_2016.ann;6852 7015
2016;19Oct;4;The biggest complaint they have—it's with all of the problems going on in the world, many of the problems caused by Hillary Clinton and by Barack Obama .;Ad Hominem;Ad Hominem;CLINTON;19 10 2016;;full_debates_19_10_2016;17040 17193
2016;19Oct;4;The biggest complaint they have—it's with all of the problems going on in the world, many of the problems caused by Hillary Clinton and by Barack Obama .;Ad Hominem;Ad Hominem;CLINTON;19 10 2016;;full_debates_19_10_2016;17040 17193
2016;19Oct;4;"And Donald knows a lot about this .  He used undocumented labor to build the Trump Tower .  He underpaid undocumented workers, and when they complained, he basically said what a lot of employers do: ""You complain, I'll get you deported . """;Ad Hominem;Circumstantial Ad Hominem;TRUMP;19 10 2016;T71;43_2016.ann;10259 10402
2016;19Oct;4;Hillary Clinton wanted the wall .;Ad Hominem;Tu quoque;WALLACE;19 10 2016;;42_2016.txt;17824 17856
2016;19Oct;4;The border—as you know, the Border Patrol agents, 16,500-plus ICE last week, endorsed me .;Appeal to Authority;Without Evidence;CLINTON;19 10 2016;;full_debates_19_10_2016;16698 16787
2016;19Oct;4;The border—as you know, the Border Patrol agents, 16,500-plus ICE last week, endorsed me .;Appeal to Authority;Without Evidence;CLINTON;19 10 2016;;full_debates_19_10_2016;16698 16787
2016;19Oct;4;to sign immigration reform, and George W .  Bush supported it, as well .;Appeal to Authority;Without Evidence;TRUMP;19 10 2016;T82;43_2016.ann;"11173 11209;11284 11352"
2016;19Oct;4;This has come from the highest levels of the Russian government, clearly, from Putin himself, in an effort, as 17 of our intelligence agencies have confirmed, to influence our election .;Appeal to Authority;Without Evidence;CLINTON;19 10 2016;;full_debates_19_10_2016;24938 25124
2016;19Oct;4;In the audience tonight, we have four mothers of—I mean, these are unbelievable people that I've gotten to know over a period of years whose children have been killed, brutally killed by people that came into the country illegally .;Appeal to Emotion;Appeal to pity;CLINTON;19 10 2016;;full_debates_19_10_2016;16214 16445
2016;19Oct;4;In the audience tonight, we have four mothers of—I mean, these are unbelievable people that I've gotten to know over a period of years whose children have been killed, brutally killed by people that came into the country illegally .;Appeal to Emotion;Appeal to pity;CLINTON;19 10 2016;;full_debates_19_10_2016;16214 16445
2016;19Oct;4;In the audience tonight, we have four mothers of—I mean, these are unbelievable people that I've gotten to know over a period of years whose children have been killed, brutally killed by people that came into the country illegally .;Appeal to Emotion;Appeal to pity;TRUMP;19 10 2016;;full_debates_19_10_2016;16214 16445
2016;19Oct;4;Well, as he was talking, I was thinking about a young girl I met here in Las Vegas, Carla, who is very worried that her parents might be deported, because she was born in this country but they were not .;Appeal to Emotion;Appeal to pity;CLINTON;19 10 2016;T55;43_2016.ann;8653 8773
2016;19Oct;4;Well, as he was talking, I was thinking about a young girl I met here in Las Vegas, Carla, who is very worried that her parents might be deported, because she was born in this country but they were not .;Appeal to Emotion;Appeal to pity;CLINTON;19 10 2016;T55;43_2016.ann;8653 8773
2016;19Oct;4;Well, as he was talking, I was thinking about a young girl I met here in Las Vegas, Carla, who is very worried that her parents might be deported, because she was born in this country but they were not .;Appeal to Emotion;Appeal to pity;CLINTON;19 10 2016;T55;43_2016.ann;8653 8773
2016;19Oct;4;Well, first of all, she wants to give amnesty, which is a disaster and very unfair to all of the people that are waiting on line for many, many years .;Appeal to Emotion;Loaded Language;CLINTON;19 10 2016;T53;43_2016.ann;8339 8468
2016;19Oct;4;Well, first of all, she wants to give amnesty, which is a disaster and very unfair to all of the people that are waiting on line for many, many years .;Appeal to Emotion;Loaded Language;CLINTON;19 10 2016;T53;43_2016.ann;8339 8468
2016;19Oct;4;Well, first of all, she wants to give amnesty, which is a disaster and very unfair to all of the people that are waiting on line for many, many years .;Appeal to Emotion;Loaded Language;CLINTON;19 10 2016;T53;43_2016.ann;8339 8468
2016;19Oct;4;Drugs are pouring in through the border .;Appeal to Emotion;Loaded Language;CLINTON;19 10 2016;;full_debates_19_10_2016;16552 16593
2016;19Oct;4;It's just pouring and destroying their youth .  It's poisoning the blood of their youth and plenty of other people .;Appeal to Emotion;Loaded Language;CLINTON;19 10 2016;;full_debates_19_10_2016;17288 17401
2016;19Oct;4;It's just pouring and destroying their youth .  It's poisoning the blood of their youth and plenty of other people .;Appeal to Emotion;Loaded Language;TRUMP;19 10 2016;;full_debates_19_10_2016;17288 17401
2016;19Oct;4;some bad, bad people;Appeal to Emotion;Loaded Language;TRUMP;19 10 2016;;full_debates_19_10_2016;17846 17866
2016;19Oct;4;The NAFTA deal signed by her husband is one of the worst deals ever made of any kind, signed by anybody .  It's a disaster .;Appeal to Emotion;Loaded Language;TRUMP;19 10 2016;T63;43_2016.ann;"9543 9646;9648 9663"
2016;19Oct;4;The NAFTA deal signed by her husband is one of the worst deals ever made of any kind, signed by anybody .  It's a disaster .;Appeal to Emotion;Loaded Language;TRUMP;19 10 2016;T63;43_2016.ann;"9543 9646;9648 9663"
2016;19Oct;4;We've never had anything like this happen in any of our elections before .;Appeal to Emotion;Loaded Language;CLINTON;19 10 2016;T90;43_2016.ann;12497 12569
2016;19Oct;4;He said as recently as a few weeks ago in Phoenix that every undocumented person would be subject to deportation .  Now, here's what that means .  It means you would have to have a massive law enforcement presence, where law enforcement officers would be going school to school, home to home, business to business, rounding up people who are undocumented .  And we would then have to put them on trains, on buses to get them out of our country .;Slippery Slope;Slippery Slope;TRUMP;19 10 2016;;full_debates_19_10_2016;18844 19282
2016;19Oct;4;He said as recently as a few weeks ago in Phoenix that every undocumented person would be subject to deportation .  Now, here's what that means .  It means you would have to have a massive law enforcement presence, where law enforcement officers would be going school to school, home to home, business to business, rounding up people who are undocumented .  And we would then have to put them on trains, on buses to get them out of our country .;Slippery Slope;Slippery Slope;TRUMP;19 10 2016;;full_debates_19_10_2016;18844 19282
2016;19Oct;4;But Hillary Clinton wanted the wall .;Ad Hominem;Ad Hominem;WALLACE;19 10 2016;;full_debates_19_10_2016;20818 20855
2016;19Oct;5;a liar;Ad Hominem;Name-Calling, Labeling;CLINTON;19 10 2016;T142;43_2016.ann;16584 16640
2016;19Oct;5;And that's why 10 people who have had that awesome responsibility have come out and, in an unprecedented way, said they would not trust Donald Trump with the nuclear codes or to have his finger on the nuclear button .;Appeal to Authority;Without Evidence;CLINTON;19 10 2016;;full_debates_19_10_2016;30852 31068
2016;19Oct;5;and admirals, 21 endorsing me, 21 congressional Medal of Honor recipients .;Appeal to Authority;Without Evidence;TRUMP;19 10 2016;T138;43_2016.ann;"16235 16254;16292 16365"
2016;19Oct;6;disaster;Appeal to Emotion;Loaded Language;TRUMP;19 10 2016;T1046;41_2016.ann;69346 69544
2016;19Oct;7;Donald thinks belittling women makes him bigger .;Ad Hominem;Ad Hominem;TRUMP;19 10 2016;;full_debates_19_10_2016;51453 51502
2016;19Oct;7;Donald thinks belittling women makes him bigger .;Ad Hominem;Ad Hominem;TRUMP;19 10 2016;;full_debates_19_10_2016;51453 51502
2016;19Oct;7;I believe it was her campaign that did it .;Ad Hominem;Circumstantial Ad Hominem;TRUMP;19 10 2016;T242;43_2016.ann;24641 24682
2016;19Oct;7;It was lies;Appeal to Emotion;Loaded Language;CLINTON;19 10 2016;;41_2016.txt;34216 34227
2020;29Sep;1;he doesn’t know how to do that;Ad Hominem;Ad Hominem;;29 9 2020;;46_2020.txt;14318 14348
2020;29Sep;1;this man doesn’t know what he’s talking about.;Ad Hominem;Ad Hominem;;29 9 2020;T111;44_2020.ann;69898 69927
2020;29Sep;1;you’ve had 308,000 military people dying because you couldn’t provide them proper healthcare in the military;Ad Hominem;Appeal to hypocrisy;TRUMP;29 9 2020;T27;46_2020.ann;8093 8152
2020;29Sep;1;old buddy;Ad Hominem;Name-Calling, Labeling;;29 9 2020;;44_2020.txt;55896 55905
2020;29Sep;1;liar;Ad Hominem;Name-Calling, Labeling;;29 9 2020;T55;46_2020.ann;14090 14117
2020;29Sep;1;liar;Ad Hominem;Name-Calling, Labeling;TRUMP;29 9 2020;T55;46_2020.ann;14090 14117
2020;29Sep;1;The American people have a right to have a say in who the Supreme Court nominee is and that say occurs when they vote for United States Senators and when they vote for the President of United States.;Appeal to Emotion;Flag waving;;29 9 2020;;46_2020.txt;3781 3980
2020;29Sep;1;American people should speak. You should go out and vote. You’re voting now. Vote and let your Senators know how strongly you feel.;Appeal to Emotion;Flag waving;;29 9 2020;;46_2020.txt;18012 18143
2020;29Sep;1;very powerfully, very strongly;Appeal to Emotion;Loaded Language;TRUMP;29 9 2020;;46_2020.txt;5871 5901
2020;29Sep;2;You should get out of your bunker and get out of the sand trap in your golf course;Ad Hominem;Ad Hominem;BIDEN;29 9 2020;T97;46_2020.ann;21414 21447
2020;29Sep;2;You don’t have it in your blood;Ad Hominem;Ad Hominem;TRUMP;29 9 2020;;46_2020.txt;23692 23723
2020;29Sep;2;You graduated either the lowest or almost the lowest in your class.;Ad Hominem;Ad Hominem;TRUMP;29 9 2020;;46_2020.txt;29796 29863
2020;29Sep;2;There’s nothing smart about you;Ad Hominem;Ad Hominem;TRUMP;29 9 2020;;46_2020.txt;29987 30018
2020;29Sep;2;disaster;Ad Hominem;Name-Calling, Labeling;TRUMP;29 9 2020;T409;46_2020.ann;84003 84040
2020;29Sep;2;xenophobic;Appeal to Emotion;Name-Calling, Labeling;TRUMP;29 9 2020;T9;45_2020.ann;9005 9021
2020;29Sep;2;racist;Appeal to Emotion;Name-Calling, Labeling;TRUMP;29 9 2020;T280;46_2020.ann;58525 58636
2020;29Sep;2;xenophobic;Appeal to Emotion;Name-Calling, Labeling;TRUMP;29 9 2020;T9;45_2020.ann;9005 9021
2020;29Sep;2;auci said, “President Trump saved thousands of lives.” Many of your Democrat Governors said, “President Trump did a phenomenal job.”;Appeal to Authority;Appeal to Authority without evidence;TRUMP;29 9 2020;;46_2020.txt;22647 22779
2020;29Sep;2;How many of you got up this morning and had an empty chair at the kitchen table because someone died of COVID?;Appeal to Emotion;Appeal to fear;BIDEN;29 9 2020;;46_2020.txt;24251 24361
2020;29Sep;2;How many of you are in a situation where you lost your mom or dad and you couldn’t even speak to them, you had a nurse holding a phone up so you could in fact say goodbye?;Appeal to Emotion;Appeal to fear;;29 9 2020;;46_2020.txt;24362 24533
2020;29Sep;2;A lot of people died and a lot more are going to die unless he gets a lot smarter, a lot quicker;Appeal to Emotion;Appeal to fear;;29 9 2020;;46_2020.txt;29525 29621
2020;29Sep;2;people that would not be necessarily on my side said that, “President Trump did a phenomenal job.”;Appeal to Authority;Popular Opinion;TRUMP;29 9 2020;;46_2020.txt;22912 23010
2020;29Sep;3;irresponsible;Ad Hominem;Name-Calling, Labeling;BIDEN;29 9 2020;T169;46_2020.ann;36571 36715
2020;29Sep;4;clown;Ad Hominem;Name-Calling, Labeling;BIDEN;29 9 2020;;44_2020.txt;2689 2694
2020;29Sep;4;He will destroy this country;Appeal to Emotion;Appeal to fear;;29 9 2020;;46_2020.txt;38238 38266
2020;29Sep;4;you folks at home, you folks living in Scranton and Claymont and all the small towns and working class towns in America, how well are you doing;Appeal to Authority;Popular Opinion;BIDEN;29 9 2020;T121;46_2020.ann;24232 24249
2020;29Sep;4;people of Ohio are very proud of me.;Appeal to Authority;Popular Opinion;TRUMP;29 9 2020;;46_2020.txt;42790 42826
2020;29Sep;4;It’s about your family, the American people;Appeal to Emotion;Flag waving;BIDEN;29 9 2020;T274;46_2020.ann;55155 55169
2020;29Sep;4;You, the American people. It’s about you. That’s what we’re talking about here.;Appeal to Emotion;Flag waving;BIDEN;29 9 2020;T275;46_2020.ann;55171 55207
2020;29Sep;4;sad thing;Appeal to Emotion;Loaded Language;TRUMP;29 9 2020;T181;46_2020.ann;39268 39295
2020;29Sep;4;ghost town;Appeal to Emotion;Loaded Language;TRUMP;29 9 2020;;44_2020.txt;13096 13106
2020;29Sep;4;worst;Appeal to Emotion;Loaded Language;BIDEN;29 9 2020;T122;45_2020.ann;47199 47249
2020;29Sep;4;art of the deal;Appeal to Emotion;Loaded Language;BIDEN;29 9 2020;T248;46_2020.ann;51126 51160
2020;29Sep;4;art of the steal;Appeal to Emotion;Loaded Language;BIDEN;29 9 2020;;44_2020.txt;51492 51508
2020;29Sep;5;You can’t even say the word law enforcement.;Ad Hominem;Ad Hominem;TRUMP;29 9 2020;;46_2020.txt;60556 60600
2020;29Sep;5;He wouldn’t know a suburb unless you took a wrong turn.;Ad Hominem;Ad Hominem;BIDEN;29 9 2020;T338;46_2020.ann;68732 68786
2020;29Sep;5;racist;Ad Hominem;Name-Calling, Labeling;;29 9 2020;T280;46_2020.ann;58525 58636
2020;29Sep;5;Putin’s puppy;Ad Hominem;Name-Calling, Labeling;BIDEN;29 9 2020;T390;46_2020.ann;79811 79829
2020;29Sep;5;old slugs;Ad Hominem;Name-Calling, Labeling;TRUMP;29 9 2020;;44_2020.txt;1870 1879
2020;29Sep;5;The Bishop of that very church said that it was a disgrace.;Appeal to Authority;Appeal to Authority;BIDEN;29 9 2020;;46_2020.txt;58362 58421
2020;29Sep;5;we just got the support of 200–250 military leaders and generals, total support.;Appeal to Authority;Appeal to Authority without evidence;TRUMP;29 9 2020;;46_2020.txt;60205 60285
2020;29Sep;5;I was with the head of a major country, it’s a forest city;Appeal to Authority;Appeal to Authority without evidence;TRUMP;29 9 2020;;46_2020.txt;85388 85446
2020;29Sep;5;They’re dying in the suburbs;Appeal to Authority;Appeal to fear;BIDEN;29 9 2020;;46_2020.txt;69297 69325
2020;29Sep;5;Close your eyes, remember what those people look like coming out of the fields, carrying torches, their veins bulging, spewing–just spewing anti-Semitic bile and accompanied by the Ku Klux Klan.;Appeal to Emotion;Appeal to Emotion;BIDEN;29 9 2020;;46_2020.txt;57595 57789
2020;29Sep;5;And I’m proud of him. I’m proud of my son;Appeal to Emotion;Appeal to Emotion;;29 9 2020;T402;46_2020.ann;82217 82236
2020;29Sep;5;My son was in Iraq. He spent a year there. He got, he got the Bronze Star. He got the Conspicuous Service Medal. He was not a loser.;Appeal to Emotion;Appeal to pity;BIDEN;29 9 2020;;46_2020.txt;81116 81248
2020;29Sep;5;people left behind, there, were heroes.;Appeal to Emotion;Flag waving;;29 9 2020;;46_2020.txt;81274 81313
2020;29Sep;5;dog whistle;Appeal to Emotion;Loaded Language;BIDEN;29 9 2020;T280;46_2020.ann;58525 58636
2020;29Sep;5;racist hatred;Appeal to Emotion;Loaded Language;BIDEN;29 9 2020;T280;46_2020.ann;58525 58636
2020;29Sep;5;racist division;Appeal to Emotion;Loaded Language;BIDEN;29 9 2020;T280;46_2020.ann;58525 58636
2020;29Sep;5;good, decent, honorable men and women;Appeal to Emotion;Loaded Language;BIDEN;29 9 2020;T301;46_2020.ann;62084 62162
2020;29Sep;5;very bad ideas;Appeal to Emotion;Loaded Language;TRUMP;29 9 2020;;44_2020.txt;15117 15131
2020;29Sep;5;very sick ideas;Appeal to Emotion;Loaded Language;TRUMP;29 9 2020;;44_2020.txt;28002 28017
2020;29Sep;5;horrible place;Appeal to Emotion;Loaded Language;TRUMP;29 9 2020;;44_2020.txt;32055 32069
2020;29Sep;5;racist place;Appeal to Emotion;Loaded Language;TRUMP;29 9 2020;;44_2020.txt;71664 71676
2020;29Sep;5;tremendous;Appeal to Emotion;Loaded Language;TRUMP;29 9 2020;T47;45_2020.ann;23050 23109
2020;29Sep;5;hatred;Appeal to Emotion;Loaded Language;TRUMP;29 9 2020;T280;46_2020.ann;58525 58636
2020;29Sep;5;ridiculous;Appeal to Emotion;Loaded Language;;29 9 2020;T330;46_2020.ann;66626 66647
2020;29Sep;5;Absolutely ridiculous;Appeal to Emotion;Loaded Language;;29 9 2020;T330;46_2020.ann;66626 66647
2020;29Sep;5;Violent crime;Appeal to Emotion;Loaded Language;;29 9 2020;T332;46_2020.ann;67171 67266
2020;29Sep;5;Violent crime;Appeal to Emotion;Loaded Language;;29 9 2020;T332;46_2020.ann;67171 67266
2020;29Sep;5;dangerous radical group.;Appeal to Emotion;Loaded Language;;29 9 2020;;46_2020.txt;76553 76577
2020;29Sep;5;whole big con job;Appeal to Emotion;Loaded Language;TRUMP;29 9 2020;T378;46_2020.ann;77365 77487
2020;29Sep;5;weaker, sicker, poorer, more divided and more violent;Appeal to Emotion;Loaded Language;BIDEN;29 9 2020;;46_2020.txt;79466 79519
2020;29Sep;5;dishonorably discharged;Appeal to Emotion;Loaded Language;;29 9 2020;;46_2020.txt;81583 81606
2020;29Sep;5;dishonorably discharged;Appeal to Emotion;Loaded Language;;29 9 2020;;46_2020.txt;81583 81606
2020;29Sep;5;crystal clean;Appeal to Emotion;Loaded Language;TRUMP;29 9 2020;;44_2020.txt;17376 17389
2020;29Sep;5;beautiful clean;Appeal to Emotion;Loaded Language;TRUMP;29 9 2020;;44_2020.txt;68868 68883
2020;29Sep;5;much less expensive;Appeal to Emotion;Loaded Language;TRUMP;29 9 2020;;46_2020.txt;86285 86304
2020;29Sep;5;much safer;Appeal to Emotion;Loaded Language;TRUMP;29 9 2020;T435;46_2020.ann;92122 92163
2020;29Sep;5;absolutely wrong;Appeal to Emotion;Loaded Language;BIDEN;29 9 2020;;44_2020.txt;30984 31000
2020;29Sep;5;dumbest;Appeal to Emotion;Loaded Language;;29 9 2020;;44_2020.txt;4508 4515
2020;29Sep;5;most ridiculous;Appeal to Emotion;Loaded Language;TRUMP;29 9 2020;;44_2020.txt;56877 56892
2020;29Sep;5;much safer;Appeal to Emotion;Loaded Language;BIDEN;29 9 2020;T435;46_2020.ann;92122 92163
2020;29Sep;5;hard, hard, good jobs;Appeal to Emotion;Loaded Language;BIDEN;29 9 2020;T439;46_2020.ann;92528 92673
2020;29Sep;6;He has no idea what he’s talking about;Ad Hominem;Ad Hominem;BIDEN;29 9 2020;;46_2020.txt;108349 108387
2020;29Sep;6;disaster;Ad Hominem;Name-Calling, Labeling;TRUMP;29 9 2020;T409;46_2020.ann;84003 84040
2020;29Sep;6;disgrace;Ad Hominem;Name-Calling, Labeling;TRUMP;29 9 2020;;44_2020.txt;67348 67356
2020;29Sep;6;disaster;Ad Hominem;Name-Calling, Labeling;TRUMP;29 9 2020;T409;46_2020.ann;84003 84040
2020;29Sep;6;There’s fraud. They found ’em in creeks.;Appeal to Emotion;Appeal to fear;TRUMP;29 9 2020;;46_2020.txt;99297 99337
2020;29Sep;6;This is going to be a fraud like you’ve never seen.;Appeal to Emotion;Appeal to fear;TRUMP;29 9 2020;;46_2020.txt;99591 99642
2020;29Sep;6;It’s a rigged election.;Appeal to Emotion;Appeal to fear;;29 9 2020;;45_2020.txt;58365 58387
2020;29Sep;6;This is not going to end well;Appeal to Emotion;Appeal to fear;;29 9 2020;T564;46_2020.ann;102691 102721
2020;29Sep;6;This is not going to end well;Appeal to Emotion;Appeal to fear;;29 9 2020;T564;46_2020.ann;102691 102721
2020;29Sep;6;They came after me spying on my campaign. They started from the day I won, and even before I won.;Appeal to Emotion;Appeal to pity;TRUMP;29 9 2020;T473;46_2020.ann;98510 98564
2020;29Sep;6;solicited ballot;Appeal to Emotion;Loaded Language;TRUMP;29 9 2020;;45_2020.txt;78012 78028
2020;29Sep;6;fraud;Appeal to Emotion;Loaded Language;TRUMP;29 9 2020;T527;46_2020.ann;107942 108063
2020;29Sep;6;shame;Appeal to Emotion;Loaded Language;TRUMP;29 9 2020;;44_2020.txt;19991 19996
2020;29Sep;6;horrible thing;Appeal to Emotion;Loaded Language;TRUMP;29 9 2020;;44_2020.txt;23163 23177
2020;29Sep;6;very safe, very nice thing;Appeal to Emotion;Loaded Language;TRUMP;29 9 2020;T512;46_2020.ann;106070 106128
2020;29Sep;6;bad things;Appeal to Emotion;Loaded Language;TRUMP;29 9 2020;T515;46_2020.ann;106205 106238
2020;29Sep;6;Bad things;Appeal to Emotion;Loaded Language;TRUMP;29 9 2020;T515;46_2020.ann;106205 106238
2020;29Sep;6;fraudulent election;Appeal to Emotion;Loaded Language;TRUMP;29 9 2020;;44_2020.txt;73316 73335
2020;29Sep;6;fraudulent;Appeal to Emotion;Loaded Language;BIDEN;29 9 2020;T527;46_2020.ann;107942 108063
2020;29Sep;6;fraudulent process;Appeal to Emotion;Loaded Language;;29 9 2020;T527;46_2020.ann;107942 108063
2020;29Sep;6;honest ballot count;Appeal to Emotion;Loaded Language;;29 9 2020;T565;46_2020.ann;108831 108872
2020;29Sep;6;honest ballot count;Appeal to Emotion;Loaded Language;;29 9 2020;T565;46_2020.ann;108831 108872
2020;29Sep;6;Show up and vote;Slogans;Slogan;BIDEN;29 9 2020;;44_2020.txt;60220 60236
2020;7Oct;1;plagiarism, which is something Joe Biden knows a little bit about.;Ad Hominem;Ad Hominem;PENCE;7 10 2020;;44_2020.txt;7094 7160
2020;7Oct;1;the American people have witnessed what is the greatest failure of any presidential administration in the history of our country.;Appeal to Authority;Popular Opinion;HARRIS;7 10 2020;;44_2020.txt;2855 2984
2020;7Oct;1;I think the American people know that this is a president who has put the health of America first and the American people, I believe with my heart, can be proud of the sacrifices they have made.;Appeal to Authority;Popular Opinion;PENCE;7 10 2020;;44_2020.txt;7161 7355
2020;7Oct;1;when you say what the American people have done over these last eight months hasn’t worked, that’s a great disservice to the sacrifices the American people have made.;Appeal to Authority;Popular Opinion;;7 10 2020;T11;44_2020.ann;9187 9277
2020;7Oct;1;’m going to speak up on behalf of what the American people have done.;Appeal to Authority;Popular Opinion;;7 10 2020;;44_2020.txt;10562 10631
2020;7Oct;1;The American people who have had to sacrifice far too much because of the incompetence of this administration.;Appeal to Authority;Popular Opinion;HARRIS;7 10 2020;;44_2020.txt;13546 13656
2020;7Oct;1;We’re about freedom and respecting the freedom of the American people.;Appeal to Emotion;Appeal to Emotion;;7 10 2020;T15;44_2020.ann;12776 12845
2020;7Oct;1;American lives that have been lost, families that are grieving that loss.;Appeal to Emotion;Appeal to pity;HARRIS;7 10 2020;;44_2020.txt;7710 7783
2020;7Oct;1;You know there’s not a day gone by that I haven’t thought of every American family that’s lost a loved one. And I want all of you to know that you’ll always be in our hearts and in our prayers.;Appeal to Emotion;Appeal to pity;;7 10 2020;;44_2020.txt;8989 9182
2020;7Oct;1;So I want to ask the American people, how calm were you when you were panicked about where you’re going to get your next roll of toilet paper? How calm were you when your kids were sent home from school and you didn’t know when they could go back?;Appeal to Emotion;Flag waving;;7 10 2020;;44_2020.txt;8459 8706
2020;7Oct;1;How calm were you when your children couldn’t see your parents because you were afraid they could kill them?;Appeal to Emotion;Flag waving;;7 10 2020;;44_2020.txt;8760 8868
2020;7Oct;1;the American people, I believe, deserve credit for the sacrifices that they have made, putting the health of their family and their neighbors first, our doctors, our nurses, our first responders;Appeal to Emotion;Flag waving;;7 10 2020;T14;44_2020.ann;10311 10505
2020;7Oct;1;the American people and their ability to take that information and put it into practice.;Appeal to Emotion;Flag waving;PENCE;7 10 2020;;44_2020.txt;11351 11439
2020;7Oct;1;We told the American people what needed to be done and the American people made the sacrifices.;Appeal to Emotion;Flag waving;PENCE;7 10 2020;;44_2020.txt;11618 11713
2020;7Oct;1;President Trump and I trust the American people to make choices in the best interest of their health.;Appeal to Emotion;Flag waving;PENCE;7 10 2020;;44_2020.txt;12419 12520
2020;7Oct;1;xenophobic and hysterical;Appeal to Emotion;Loaded Language;PENCE;7 10 2020;;44_2020.txt;5909 5934
2020;7Oct;1;greatest;Appeal to Emotion;Loaded Language;PENCE;7 10 2020;T139;46_2020.ann;30196 30261
2020;7Oct;1;hundreds of thousands;Appeal to Emotion;Loaded Language;PENCE;7 10 2020;T9;44_2020.ann;6148 6208
2020;7Oct;1;awful lot;Appeal to Emotion;Loaded Language;PENCE;7 10 2020;;44_2020.txt;6841 6850
2020;7Oct;1;plagiarism;Appeal to Emotion;Loaded Language;PENCE;7 10 2020;;44_2020.txt;7094 7104
2020;7Oct;1;heartbreaking;Appeal to Emotion;Loaded Language;PENCE;7 10 2020;;44_2020.txt;11493 11506
2020;7Oct;2;I, you know, I thought about my mother, who came to the United States at the age of 19, gave birth to me at the age of 25 at Kaiser Hospital in Oakland, California. And the thought that I’d be sitting here right now I know would make her proud and she must be looking down on this. You know Joe and I were raised in a very similar way. We were raised with values that are about hard work, about the value and the dignity of public service and about the importance of fighting for the dignity of all people.;Appeal to Emotion;Appeal to Emotion;HARRIS;7 10 2020;;44_2020.txt;18344 18850
2020;7Oct;2;I was elected the first woman of color, and black woman;Appeal to Emotion;Appeal to Emotion;HARRIS;7 10 2020;;44_2020.txt;19107 19162
2020;7Oct;2;the second black woman;Appeal to Emotion;Appeal to Emotion;HARRIS;7 10 2020;;44_2020.txt;19615 19637
2020;7Oct;2;how moved we’ve all been by the outpouring of prayers and concern for the President.;Appeal to Emotion;Appeal to pity;PENCE;7 10 2020;;44_2020.txt;20768 20852
2020;7Oct;2;the American people, I’m gonna say again, can be proud of what we have done;Appeal to Emotion;Flag waving;;7 10 2020;;44_2020.txt;17504 17579
2020;7Oct;2;record time;Appeal to Emotion;Loaded Language;PENCE;7 10 2020;;44_2020.txt;15874 15885
2020;7Oct;2;in unheard of time;Appeal to Emotion;Loaded Language;PENCE;7 10 2020;;44_2020.txt;15887 15905
2020;7Oct;2;tens of millions;Appeal to Emotion;Loaded Language;PENCE;7 10 2020;T295;45_2020.ann;87175 87286
2020;7Oct;2;just unacceptable;Appeal to Emotion;Loaded Language;PENCE;7 10 2020;;44_2020.txt;16492 16509
2020;7Oct;2;most memorable;Appeal to Emotion;Loaded Language;HARRIS;7 10 2020;;44_2020.txt;18301 18315
2020;7Oct;2;exceptional;Appeal to Emotion;Loaded Language;PENCE;7 10 2020;;44_2020.txt;21075 21086
2020;7Oct;3;they’re coming for you.;Appeal to Emotion;Appeal to fear;HARRIS;7 10 2020;T57;44_2020.ann;32842 32864
2020;7Oct;3;they’re coming for you;Appeal to Emotion;Appeal to fear;HARRIS;7 10 2020;T57;44_2020.ann;32842 32864
2020;7Oct;3;they’re coming for you;Appeal to Emotion;Appeal to fear;;7 10 2020;T57;44_2020.ann;32842 32864
2020;7Oct;3;fundamental;Appeal to Emotion;Loaded Language;HARRIS;7 10 2020;;44_2020.txt;25730 25741
2020;7Oct;3;hardworking;Appeal to Emotion;Loaded Language;PENCE;7 10 2020;;44_2020.txt;28382 28393
2020;7Oct;3;complete disaster;Appeal to Emotion;Loaded Language;HARRIS;7 10 2020;;44_2020.txt;31779 31796
2020;7Oct;3;disaster;Appeal to Emotion;Loaded Language;PENCE;7 10 2020;T409;46_2020.ann;84003 84040
2020;7Oct;4;cheerleader;Ad Hominem;Name-Calling, Labeling;PENCE;7 10 2020;T75;44_2020.ann;43452 43542
2020;7Oct;4;catastrophe;Appeal to Emotion;Loaded Language;HARRIS;7 10 2020;;44_2020.txt;43158 43169
2020;7Oct;4;failure;Appeal to Emotion;Loaded Language;HARRIS;7 10 2020;;44_2020.txt;2911 2918
2020;7Oct;4;Communist;Appeal to Emotion;Loaded Language;PENCE;7 10 2020;T75;44_2020.ann;43452 43542
2020;7Oct;4;They’d impose the Green New Deal, which would crush American energy, would increase the energy cost of American families in their homes and literally would crush American jobs;Slippery Slope;Slippery Slope;PENCE;7 10 2020;;44_2020.txt;35751 35926
2020;7Oct;5;dictators;Ad Hominem;Name-Calling, Labeling;HARRIS;7 10 2020;;44_2020.txt;50401 50410
2020;7Oct;5;made America less safe;Appeal to Emotion;Appeal to fear;HARRIS;7 10 2020;;44_2020.txt;51398 51420
2020;7Oct;5;Breaks my heart to reflect on it;Appeal to Emotion;Appeal to pity;PENCE;7 10 2020;;44_2020.txt;53087 53119
2020;7Oct;5;with a heart that broke the heart of every American;Appeal to Emotion;Appeal to pity;PENCE;7 10 2020;;44_2020.txt;53480 53531
2020;7Oct;5;isolationism;Appeal to Emotion;Loaded Language;HARRIS;7 10 2020;;44_2020.txt;51359 51371
2020;7Oct;5;great;Appeal to Emotion;Loaded Language;HARRIS;7 10 2020;T383;46_2020.ann;78527 78660
2020;7Oct;5;awful;Appeal to Emotion;Loaded Language;HARRIS;7 10 2020;;44_2020.txt;6841 6846
2020;7Oct;5;great American hero;Appeal to Emotion;Loaded Language;HARRIS;7 10 2020;;44_2020.txt;55269 55288
2020;7Oct;6;But I think the American people know the answer.;Appeal to Authority;Popular Opinion;PENCE;7 10 2020;;44_2020.txt;68014 68062
2020;7Oct;6;brilliant woman;Appeal to Emotion;Loaded Language;PENCE;7 10 2020;;44_2020.txt;59178 59193
2020;7Oct;6;insulting;Appeal to Emotion;Loaded Language;PENCE;7 10 2020;;44_2020.txt;60737 60746
2020;7Oct;7;white supremacists;Ad Hominem;Name-Calling, Labeling;;7 10 2020;T117;44_2020.ann;73364 73493
2020;7Oct;7;rapists;Ad Hominem;Name-Calling, Labeling;HARRIS;7 10 2020;T262;45_2020.ann;81286 81390
2020;7Oct;7;criminals;Ad Hominem;Name-Calling, Labeling;HARRIS;7 10 2020;;44_2020.txt;73758 73767
2020;7Oct;7;neo-Nazis;Ad Hominem;Name-Calling, Labeling;HARRIS;7 10 2020;;44_2020.txt;73984 73993
2020;7Oct;7;anti semitic slurs;Ad Hominem;Name-Calling, Labeling;HARRIS;7 10 2020;;44_2020.txt;74042 74060
2020;7Oct;7;neo-Nazis;Ad Hominem;Name-Calling, Labeling;PENCE;7 10 2020;;44_2020.txt;73984 73993
2020;7Oct;7;white supremacists;Ad Hominem;Name-Calling, Labeling;PENCE;7 10 2020;T117;44_2020.ann;73364 73493
2020;7Oct;7;neo-Nazis;Ad Hominem;Name-Calling, Labeling;PENCE;7 10 2020;;44_2020.txt;73984 73993
2020;7Oct;7;our heart breaks for the loss of any innocent American life, and the family of Breonna Taylor has our sympathies.;Appeal to Emotion;Appeal to Emotion;PENCE;7 10 2020;;44_2020.txt;70713 70826
2020;7Oct;7;And people around our country, of every race, of every age, of every gender – perfect strangers to each other – marched shoulder to shoulder, arm and arm, fighting for us to finally achieve that ideal of equal justice under law.;Appeal to Emotion;Flag waving;HARRIS;7 10 2020;;44_2020.txt;69339 69567
2020;7Oct;7;America, you deserve better;Appeal to Emotion;Flag waving;HARRIS;7 10 2020;;44_2020.txt;74207 74234
2020;7Oct;7;unjustifiably and tragically and violently;Appeal to Emotion;Loaded Language;HARRIS;7 10 2020;;44_2020.txt;69091 69133
2020;7Oct;7;armed, uniformed;Appeal to Emotion;Loaded Language;HARRIS;7 10 2020;;44_2020.txt;69306 69322
2020;7Oct;7;great insult;Appeal to Emotion;Loaded Language;PENCE;7 10 2020;;44_2020.txt;71780 71792
2020;7Oct;8;when the debate is over, we come together as Americans;Appeal to Emotion;Appeal to Emotion;PENCE;7 10 2020;T125;44_2020.ann;84720 84749
2020;7Oct;8;we’re going to work every day to have a government as good as our people, the American people, each and every day;Appeal to Emotion;Appeal to Emotion;PENCE;7 10 2020;;44_2020.txt;84900 85013
2020;7Oct;8;you have to know Joe’s story to know that Joe has known pain, he has known suffering, and he has known love.;Appeal to Emotion;Appeal to pity;HARRIS;7 10 2020;;44_2020.txt;86238 86346
2020;7Oct;8;wonderful;Appeal to Emotion;Loaded Language;PENCE;7 10 2020;;44_2020.txt;83720 83729
2020;7Oct;8;freest;Appeal to Emotion;Loaded Language;PENCE;7 10 2020;T123;44_2020.ann;83952 84050
2020;7Oct;8;most prosperous;Appeal to Emotion;Loaded Language;PENCE;7 10 2020;T123;44_2020.ann;83952 84050
2020;7Oct;8;bright;Appeal to Emotion;Loaded Language;HARRIS;7 10 2020;;44_2020.txt;85445 85451
2020;22Oct;1;He has the ability to lock himself up.;Ad Hominem;Ad Hominem;TRUMP;22 10 2020;;45_2020.txt;10127 10165
2020;22Oct;1;he has this thing about living in a basement.;Ad Hominem;Ad Hominem;TRUMP;22 10 2020;;45_2020.txt;10231 10276
2020;22Oct;1;you’re the one that takes the money from Wall Street;Ad Hominem;Ad Hominem;TRUMP;22 10 2020;T46;45_2020.ann;22975 23031
2020;22Oct;1;xenophobic;Ad Hominem;Name-Calling, Labeling;TRUMP;22 10 2020;T9;45_2020.ann;9005 9021
2020;22Oct;1;he is xenophobic;Ad Hominem;Name-Calling, Labeling;BIDEN;22 10 2020;T9;45_2020.ann;9005 9021
2020;22Oct;1;xenophobic;Ad Hominem;Name-Calling, Labeling;TRUMP;22 10 2020;T9;45_2020.ann;9005 9021
2020;22Oct;1;racist;Ad Hominem;Name-Calling, Labeling;TRUMP;22 10 2020;T280;46_2020.ann;58525 58636
2020;22Oct;1;Democrat;Ad Hominem;Name-Calling, Labeling;TRUMP;22 10 2020;T78;45_2020.ann;33105 33188
2020;22Oct;1;the heads of many countries;Appeal to Authority;Appeal to Authority without evidence;TRUMP;22 10 2020;;45_2020.txt;3319 3346
2020;22Oct;1;we’ll have another 200,000 Americans dead by the time;Appeal to Emotion;Appeal to fear;BIDEN;22 10 2020;;45_2020.txt;4487 4540
2020;22Oct;1;We’re dying with it;Slippery Slope;Appeal to fear;BIDEN;22 10 2020;;45_2020.txt;11743 11762
2020;22Oct;1;not that many of you are going to die, so don’t worry about it.;Appeal to Emotion;Appeal to Emotion;BIDEN;22 10 2020;T33;45_2020.ann;18384 18404
2020;22Oct;1;They are the states in the Midwest, they are the states in the upper Midwest, that’s where the spike is occurring significantly, but they’re all Americans.;Appeal to Emotion;Appeal to Emotion;BIDEN;22 10 2020;T39;45_2020.ann;19540 19589
2020;22Oct;1;You folks home will have an empty chair at the kitchen table this morning. That man or wife going to bed tonight and reaching over to try to touch their, out of habit, where their wife or husband was, is gone.;Appeal to Emotion;Appeal to pity;BIDEN;22 10 2020;;45_2020.txt;11498 11707
2020;22Oct;1;People are losing their jobs, they’re committing suicide. There’s depression, alcohol, drugs at a level that nobody’s ever seen before. There’s abuse, tremendous abuse.;Appeal to Emotion;Appeal to pity;TRUMP;22 10 2020;;45_2020.txt;17092 17260
2020;22Oct;1;we have to protect our seniors, we have to protect our elderly, we have to protect, especially, our seniors with heart problems and diabetes problems, and we will protect them.;Appeal to Emotion;Appeal to pity;TRUMP;22 10 2020;;45_2020.txt;20519 20695
2020;22Oct;1;They’re all the United States.;Appeal to Emotion;Flag waving;BIDEN;22 10 2020;;45_2020.txt;19335 19365
2020;22Oct;1;They’re the red states.;Appeal to Emotion;Flag waving;BIDEN;22 10 2020;T36;45_2020.ann;19438 19460
2020;22Oct;1;horrible disease;Appeal to Emotion;Loaded Language;TRUMP;22 10 2020;;44_2020.txt;48344 48360
2020;22Oct;1;dark winter, a dark winter;Appeal to Emotion;Loaded Language;BIDEN;22 10 2020;;45_2020.txt;7554 7580
2020;22Oct;1;horrible;Appeal to Emotion;Loaded Language;TRUMP;22 10 2020;;44_2020.txt;17242 17250
2020;22Oct;1;ghost town;Appeal to Emotion;Loaded Language;TRUMP;22 10 2020;;44_2020.txt;13096 13106
2020;22Oct;1;ghost town;Appeal to Emotion;Loaded Language;TRUMP;22 10 2020;;44_2020.txt;13096 13106
2020;22Oct;1;my wonderful city;Appeal to Emotion;Loaded Language;TRUMP;22 10 2020;;44_2020.txt;83716 83733
2020;22Oct;1;dying.;Appeal to Emotion;Loaded Language;TRUMP;22 10 2020;;44_2020.txt;6912 6917
2020;22Oct;1;tremendous amounts;Appeal to Emotion;Loaded Language;TRUMP;22 10 2020;T47;45_2020.ann;23050 23109
2020;22Oct;1;we can’t close up our nation, or you’re not going to have a nation.;Slippery Slope;Slippery Slope;;22 10 2020;;45_2020.txt;11063 11130
2020;22Oct;1;I could call the heads of Wall Street, the heads of every company in America, I would blow away every record.;Slippery Slope;Slippery Slope;TRUMP;22 10 2020;;45_2020.txt;23260 23369
2020;22Oct;2;while he was selling pillows and sheets;Ad Hominem;Ad Hominem;TRUMP;22 10 2020;;45_2020.txt;27810 27849
2020;22Oct;2;100% dishonest;Ad Hominem;Ad Hominem;;22 10 2020;T89;45_2020.ann;35495 35516
2020;22Oct;2;buddy;Ad Hominem;Name-Calling, Labeling;BIDEN;22 10 2020;;44_2020.txt;33545 33550
2020;22Oct;2;buddy;Ad Hominem;Name-Calling, Labeling;BIDEN;22 10 2020;;44_2020.txt;33545 33550
2020;22Oct;2;Russian pawn;Ad Hominem;Name-Calling, Labeling;BIDEN;22 10 2020;T53;45_2020.ann;25733 25766
2020;22Oct;2;big man;Ad Hominem;Name-Calling, Labeling;TRUMP;22 10 2020;T67;45_2020.ann;31158 31206
2020;22Oct;2;big man;Ad Hominem;Name-Calling, Labeling;TRUMP;22 10 2020;T67;45_2020.ann;31158 31206
2020;22Oct;2;big man;Ad Hominem;Name-Calling, Labeling;TRUMP;22 10 2020;T67;45_2020.ann;31158 31206
2020;22Oct;2;big man;Ad Hominem;Name-Calling, Labeling;TRUMP;22 10 2020;T67;45_2020.ann;31158 31206
2020;22Oct;2;vacuum cleaner;Ad Hominem;Name-Calling, Labeling;TRUMP;22 10 2020;;44_2020.txt;35142 35156
2020;22Oct;2;thugs;Ad Hominem;Name-Calling, Labeling;BIDEN;22 10 2020;;44_2020.txt;574 579
2020;22Oct;2;thug;Appeal to Emotion;Name-Calling, Labeling;BIDEN;22 10 2020;;44_2020.txt;575 579
2020;22Oct;2;thug;Appeal to Emotion;Name-Calling, Labeling;BIDEN;22 10 2020;;44_2020.txt;575 579
2020;22Oct;2;18 angry Democrats, and FBI agents;Appeal to Authority;Appeal to Authority without evidence;TRUMP;22 10 2020;T78;45_2020.ann;33105 33188
2020;22Oct;2;Obama would be – I think, the first to say — it was the single biggest problem, he thought, that our country had.;Appeal to Authority;Appeal to false authority;TRUMP;22 10 2020;;45_2020.txt;46214 46327
2020;22Oct;2;I get treated worse than the Tea Party got treated;Appeal to Emotion;Appeal to pity;;22 10 2020;T70;45_2020.ann;31600 31650
2020;22Oct;2;A lot of people in there, deep down in the IRS, they treat me horribly;Appeal to Emotion;Appeal to pity;TRUMP;22 10 2020;T71;45_2020.ann;31652 31722
2020;22Oct;2;I get treated very badly by the IRS, very unfairly;Appeal to Emotion;Appeal to pity;TRUMP;22 10 2020;;45_2020.txt;31798 31848
2020;22Oct;2;I was put through a phony witch hunt for three years;Appeal to Emotion;Appeal to pity;;22 10 2020;;45_2020.txt;32899 32951
2020;22Oct;2;No president should ever have to go through what I went through;Appeal to Emotion;Appeal to pity;TRUMP;22 10 2020;;45_2020.txt;33018 33081
2020;22Oct;2;You’re sitting at the kitchen table this morning deciding, well, we can’t get new tires, they’re bald, because we have to wait another month or so. Or are we going to be able to pay the mortgage? Who’s going to tell her, she can’t go back to community college?;Appeal to Emotion;Appeal to pity;BIDEN;22 10 2020;;45_2020.txt;40670 40930
2020;22Oct;2;he left me a mess;Appeal to Emotion;Appeal to pity;;22 10 2020;;44_2020.txt;16512 16529
2020;22Oct;2;They left me a mess.;Appeal to Emotion;Appeal to pity;TRUMP;22 10 2020;T118;45_2020.ann;45885 45904
2020;22Oct;2;terrible;Appeal to Emotion;Loaded Language;;22 10 2020;T141;45_2020.ann;50993 51105
2020;22Oct;2;one, single, solitary thing was out of line;Appeal to Emotion;Loaded Language;BIDEN;22 10 2020;T85;45_2020.ann;34475 34522
2020;22Oct;4;you did a poor job;Ad Hominem;Ad Hominem;TRUMP;22 10 2020;T249;45_2020.ann;77372 77390
2020;22Oct;4;This guy has a dog whistle about as big as a fog horn;Ad Hominem;Ad Hominem;;22 10 2020;;45_2020.txt;81635 81688
2020;22Oct;4;you’re all talk and no action;Ad Hominem;Ad Hominem;;22 10 2020;;45_2020.txt;84214 84243
2020;22Oct;4;super predators;Ad Hominem;Name-Calling, Labeling;TRUMP;22 10 2020;;44_2020.txt;39516 39531
2020;22Oct;4;super predators;Ad Hominem;Name-Calling, Labeling;TRUMP;22 10 2020;;44_2020.txt;39516 39531
2020;22Oct;4;super predators;Ad Hominem;Name-Calling, Labeling;TRUMP;22 10 2020;;44_2020.txt;39516 39531
2020;22Oct;4;baby;Ad Hominem;Name-Calling, Labeling;TRUMP;22 10 2020;;44_2020.txt;18284 18288
2020;22Oct;4;laptop from hell;Ad Hominem;Name-Calling, Labeling;;22 10 2020;;44_2020.txt;84284 84300
2020;22Oct;4;I love some of those guys;Appeal to Emotion;Appeal to Emotion;TRUMP;22 10 2020;;45_2020.txt;74648 74673
2020;22Oct;4;very liberal people that cried in my office–they cried in the Oval Office.;Appeal to Emotion;Appeal to pity;TRUMP;22 10 2020;;45_2020.txt;74074 74148
2020;22Oct;4;innocent baby;Appeal to Emotion;Loaded Language;TRUMP;22 10 2020;;44_2020.txt;15336 15349
2020;22Oct;4;pure drug offense;Appeal to Emotion;Loaded Language;BIDEN;22 10 2020;T269;45_2020.ann;83267 83324
2020;22Oct;4;Our character is on the ballot;Slogans;Slogan;BIDEN;22 10 2020;;45_2020.txt;78031 78061
2020;22Oct;5;I’m not sure he knows what it represents or means;Ad Hominem;Ad Hominem;TRUMP;22 10 2020;;45_2020.txt;86598 86647
2020;22Oct;5;he’s flat lying;Ad Hominem;Ad Hominem;;22 10 2020;;44_2020.txt;3354 3369
2020;22Oct;5;That’s why so many people in my state were dying and getting cancer;Appeal to Emotion;Appeal to fear;BIDEN;22 10 2020;T351;45_2020.ann;96027 96094
2020;22Oct;5;Will you remember that Texas? Will you remember that Pennsylvania? Oklahoma? Ohio?;Appeal to Emotion;Flag waving;;22 10 2020;T349;45_2020.ann;95333 95346
2020;22Oct;5;little tiny, small;Appeal to Emotion;Loaded Language;TRUMP;22 10 2020;;45_2020.txt;90791 90809
2020;22Oct;5;beautiful;Appeal to Emotion;Loaded Language;TRUMP;22 10 2020;;44_2020.txt;68869 68878
2020;22Oct;6;He will kill it.;Appeal to Emotion;Appeal to fear;TRUMP;22 10 2020;;44_2020.txt;79482 79497
2020;22Oct;6;enormous;Appeal to Emotion;Loaded Language;BIDEN;22 10 2020;T372;45_2020.ann;99974 100050
2020;22Oct;6;enormous;Appeal to Emotion;Loaded Language;BIDEN;22 10 2020;T372;45_2020.ann;99974 100050
